elo_diff,avg_elo,material_diff_last,material_diff_avg,material_diff_var,ply_count,time_base,time_increment,outcome
24.0,1857.0,-3,-2.5,2.25,50,900.0,0.0,-1
-123.0,1744.5,3,0.0,1.8,27,900.0,7.0,1
-181.0,1761.5,-8,-4.4,9.84,52,900.0,0.0,-1
-72.0,1817.0,14,13.5,5.25,61,900.0,0.0,1
47.0,1701.5,6,7.6,2.04,87,1200.0,5.0,1
-92.0,1817.0,7,6.0,10.2,57,900.0,0.0,1
-170.0,1780.0,-10,-6.1,16.89,102,900.0,0.0,-1
112.0,1817.0,-7,-5.5,2.25,84,900.0,0.0,-1
-100.0,1817.0,-19,-16.6,13.440000000000001,130,900.0,0.0,-1
63.0,1829.5,3,2.5,0.25,70,900.0,0.0,-1
-732.0,1980.0,-14,-7.3,20.009999999999998,52,900.0,0.0,-1
85.0,1834.5,1,1.0,0.0,92,900.0,0.0,-1
67.0,1701.5,0,-0.3,0.8100000000000002,88,1200.0,5.0,-1
731.0,1979.5,7,5.8,6.959999999999999,75,900.0,0.0,1
-304.0,1707.0,-11,-4.3,13.41,77,900.0,0.0,-1
77.0,1828.5,0,4.1,4.090000000000001,126,900.0,0.0,0
300.0,1707.0,6,5.7,0.21000000000000002,145,900.0,0.0,1
401.0,2190.5,3,2.2,1.3599999999999999,57,900.0,0.0,1
-81.0,1828.5,-1,-1.0,0.0,69,900.0,0.0,0
-208.0,1843.0,-11,-11.4,0.24,116,1200.0,5.0,-1
-294.0,1707.0,-10,-10.2,9.16,54,900.0,0.0,-1
-399.0,2190.5,-3,0.3,1.4099999999999997,22,900.0,0.0,-1
260.0,1846.0,8,2.4,5.839999999999999,53,900.0,0.0,1
-74.0,1641.0,3,3.0,0.0,83,900.0,0.0,1
397.0,2190.5,-3,-0.9,2.49,28,900.0,0.0,1
288.0,1707.0,-1,-0.4,0.64,53,900.0,0.0,1
-19.0,1944.5,-3,-2.7,0.21000000000000002,104,2700.0,45.0,-1
-393.0,2190.5,-4,-1.5,3.05,60,900.0,0.0,-1
-17.0,1771.5,5,1.3,3.6100000000000003,62,900.0,0.0,-1
-270.0,1846.0,0,4.3,10.21,130,900.0,0.0,0
-165.0,1764.5,-3,-2.5,0.25,88,900.0,0.0,-1
-575.0,1862.5,-2,-1.3,13.809999999999999,38,900.0,0.0,-1
23.0,1777.5,-25,-30.4,19.44,130,900.0,0.0,-1
77.0,1648.5,14,7.5,14.65,143,900.0,0.0,1
264.0,1846.0,11,7.8,1.36,55,900.0,0.0,1
73.0,1724.5,20,11.1,11.89,35,900.0,0.0,1
256.0,1651.0,-3,1.5,2.25,52,900.0,0.0,-1
-59.0,1724.5,-6,-0.3,4.21,72,900.0,0.0,-1
-41.0,1777.5,5,5.2,0.96,37,900.0,0.0,1
-258.0,1846.0,-5,-0.8,2.7600000000000002,44,900.0,0.0,-1
188.0,1749.0,5,5.0,0.0,104,900.0,10.0,1
91.0,1746.5,11,10.2,5.76,103,900.0,0.0,1
252.0,1846.0,4,3.2,0.15999999999999998,34,900.0,0.0,1
-226.0,1494.0,-12,-3.6,8.64,44,900.0,0.0,-1
-4.0,1764.0,-2,-2.1,0.09,62,900.0,0.0,-1
389.0,2190.5,2,2.3,0.8099999999999999,34,900.0,0.0,1
-41.0,1673.5,-3,-0.3,0.8100000000000002,42,900.0,0.0,-1
428.0,1935.0,1,2.2,1.56,35,900.0,0.0,1
-385.0,2190.5,-11,-5.2,7.360000000000001,74,900.0,0.0,-1
-426.0,1935.0,-3,-2.5,0.85,32,900.0,0.0,-1
38.0,1668.0,14,12.8,10.16,101,900.0,2.0,1
3.0,1785.5,-3,1.2,4.5600000000000005,62,900.0,0.0,-1
-384.0,1916.0,0,-0.3,0.8100000000000002,48,900.0,0.0,-1
380.0,1916.0,14,4.3,13.209999999999999,55,900.0,0.0,1
381.0,2190.5,7,5.3,2.81,59,900.0,0.0,1
-16.0,1671.0,-2,-2.5,2.25,70,900.0,10.0,-1
-22.0,1744.0,-1,-0.1,0.09,24,900.0,0.0,-1
262.0,1515.0,0,-0.3,0.8100000000000002,13,900.0,2.0,1
100.0,1813.0,6,0.9,5.49,31,900.0,0.0,1
13.0,1785.5,-8,-6.0,2.8,44,900.0,0.0,-1
-75.0,1641.5,2,4.6,4.64,109,900.0,0.0,1
-10.0,1666.0,0,-0.8,2.7600000000000002,52,900.0,0.0,-1
-6.0,1666.0,1,-1.2,1.7600000000000002,39,900.0,0.0,1
61.0,1641.5,3,3.0,0.0,79,900.0,0.0,1
80.0,1709.0,6,3.0,5.6,71,900.0,0.0,1
311.0,2178.5,5,2.9,7.6899999999999995,121,900.0,0.0,1
-84.0,1709.0,13,7.3,14.01,89,900.0,0.0,0
-81.0,1641.5,7,6.7,1.41,89,900.0,0.0,1
72.0,1709.0,8,7.9,0.09,79,900.0,0.0,1
15.0,1763.5,1,1.0,0.0,92,900.0,0.0,-1
183.0,1686.5,-5,-3.1,0.49000000000000005,52,900.0,0.0,-1
-58.0,1709.0,4,4.0,0.0,84,900.0,0.0,-1
457.0,1613.5,3,2.8,0.15999999999999998,46,900.0,0.0,1
-155.0,1678.5,10,7.6,13.440000000000001,115,900.0,0.0,1
16.0,1579.0,8,8.2,1.56,59,900.0,0.0,1
60.0,1808.0,11,8.6,13.440000000000001,119,900.0,0.0,1
192.0,1622.0,6,-0.3,18.21,49,900.0,0.0,1
44.0,1709.0,11,11.6,0.24,65,900.0,0.0,1
-46.0,1808.0,0,0.0,0.0,78,900.0,0.0,-1
-401.0,2123.5,-14,-11.1,16.09,128,900.0,0.0,-1
-158.0,1611.0,-1,-0.6,0.8400000000000001,68,900.0,0.0,-1
86.0,1933.0,2,2.6,2.6400000000000006,81,900.0,0.0,1
64.0,1808.0,-4,-3.9,0.09,136,900.0,0.0,-1
-89.0,1791.5,-2,-1.1,1.89,34,900.0,0.0,-1
218.0,2215.0,0,-0.1,1.89,65,900.0,0.0,1
-8.0,1988.0,1,0.1,0.6900000000000001,108,900.0,0.0,-1
-271.0,1833.5,-3,-3.1,0.09,72,900.0,0.0,-1
31.0,1669.5,0,0.8,0.36,35,900.0,0.0,1
-42.0,1764.0,9,8.4,0.44000000000000006,129,900.0,0.0,1
-42.0,1629.0,2,1.4,0.24,102,900.0,0.0,1
38.0,1982.0,-2,-4.8,9.16,52,900.0,0.0,-1
110.0,1526.0,-7,-5.7,3.21,93,900.0,0.0,1
121.0,1841.5,-9,-9.0,0.0,174,900.0,0.0,-1
-448.0,1923.0,-4,-2.5,8.25,54,900.0,0.0,-1
353.0,1927.5,4,-1.2,3.1600000000000006,81,900.0,0.0,1
-33.0,1585.5,-14,-13.9,0.09,60,1200.0,0.0,-1
-98.0,1526.0,-6,-5.1,2.4899999999999998,53,900.0,0.0,-1
33.0,1585.5,19,15.0,16.0,123,1200.0,0.0,1
201.0,1562.5,0,0.0,0.0,97,900.0,0.0,1
-296.0,2410.0,-1,-1.0,0.0,80,2700.0,45.0,-1
86.0,1526.0,4,2.6,2.6400000000000006,47,900.0,0.0,1
-187.0,1866.5,-5,-3.7,3.41,57,900.0,0.0,1
-112.0,1716.0,-2,-0.8,0.76,58,900.0,0.0,-1
-12.0,1896.0,3,2.2,0.15999999999999998,105,900.0,15.0,1
-175.0,1605.5,-8,-7.0,0.6,76,900.0,0.0,-1
376.0,2191.0,2,-0.5,2.05,35,900.0,0.0,1
-372.0,2191.0,0,-0.9,7.290000000000001,36,900.0,0.0,-1
-4.0,1896.0,7,1.7,3.81,45,900.0,15.0,1
136.0,1846.0,1,1.3,0.8100000000000002,49,900.0,0.0,1
221.0,1632.5,6,2.4,6.840000000000001,65,900.0,0.0,1
20.0,1776.0,-14,-5.1,10.49,126,900.0,0.0,-1
112.0,1731.0,2,0.5,0.45,55,900.0,0.0,1
592.0,2001.0,-1,-0.4,0.24000000000000005,23,900.0,0.0,1
-136.0,1590.0,-3,-2.9,0.29,68,900.0,0.0,-1
-209.0,2125.5,0,-0.1,0.09,42,900.0,0.0,-1
-54.0,1709.0,-3,-2.1,0.09,54,900.0,0.0,-1
-38.0,1776.0,9,9.0,0.0,129,900.0,0.0,1
-113.0,1615.5,11,4.3,7.209999999999999,57,900.0,0.0,1
148.0,2084.0,-5,-1.0,16.0,134,900.0,0.0,-1
343.0,1648.5,-7,0.5,6.45,62,900.0,7.0,-1
33.0,1960.5,1,0.5,0.25,79,900.0,5.0,1
169.0,1829.5,-16,-15.1,0.09,92,900.0,0.0,-1
213.0,1722.5,0,-0.8,7.56,73,900.0,0.0,1
205.0,1665.5,10,1.8,7.56,47,900.0,0.0,1
-138.0,2084.0,-3,-1.6,4.639999999999999,62,900.0,0.0,-1
104.0,1504.0,-6,-2.2,2.16,38,900.0,0.0,-1
16.0,1682.0,-14,-6.7,6.01,132,900.0,0.0,-1
-12.0,1896.0,2,2.6,0.44000000000000006,101,900.0,15.0,1
-177.0,1743.5,-9,-4.7,4.21,60,900.0,0.0,-1
77.0,1865.5,0,0.0,0.0,140,900.0,0.0,0
160.0,2084.0,-9,-3.4,13.439999999999998,144,900.0,0.0,-1
201.0,1743.5,-9,-7.8,0.76,106,900.0,0.0,-1
-34.0,1682.0,4,4.0,0.0,109,900.0,0.0,1
-263.0,1586.5,-5,-5.0,0.0,142,900.0,0.0,-1
346.0,1652.0,6,6.3,0.21000000000000002,65,900.0,0.0,1
52.0,1682.0,-2,-0.9,0.89,50,900.0,0.0,-1
-150.0,2084.0,0,0.1,0.09,22,900.0,0.0,-1
140.0,2084.0,2,2.0,0.0,53,900.0,0.0,1
-193.0,1743.5,0,0.0,0.0,44,900.0,0.0,-1
-128.0,1662.0,-8,-8.6,0.24,98,900.0,0.0,-1
-130.0,2084.0,-1,-0.1,0.09,14,900.0,0.0,-1
175.0,1638.5,-2,-0.3,1.6099999999999999,32,900.0,0.0,-1
-159.0,1751.5,1,1.0,3.0,45,900.0,7.0,1
118.0,1662.0,8,4.6,6.840000000000001,47,900.0,0.0,1
-52.0,1430.0,-7,-7.0,0.0,42,900.0,0.0,0
-469.0,2699.5,-6,-6.0,0.0,212,900.0,10.0,-1
-126.0,1619.0,-10,-6.9,2.69,84,900.0,0.0,-1
-404.0,1660.0,-5,-2.3,0.8099999999999999,58,900.0,0.0,-1
-106.0,1662.0,-14,-12.5,5.25,168,900.0,0.0,-1
-58.0,1515.0,-8,-6.4,3.04,52,900.0,0.0,-1
-4.0,1896.0,2,-0.7,2.4099999999999997,45,900.0,15.0,1
-58.0,1759.0,-5,-5.0,0.0,122,900.0,0.0,-1
10.0,1569.0,8,3.5,18.65,87,900.0,0.0,1
257.0,1724.5,4,4.4,5.04,62,900.0,0.0,-1
405.0,2029.5,5,5.0,0.0,119,900.0,0.0,1
20.0,1896.0,-1,-0.1,0.09,32,900.0,15.0,-1
311.0,1406.5,-11,-5.5,16.45,43,900.0,10.0,-1
43.0,1759.5,13,2.2,16.160000000000004,33,900.0,0.0,1
-311.0,1406.5,-5,-2.1,11.290000000000001,50,900.0,10.0,-1
192.0,1558.0,4,1.2,0.9599999999999997,63,900.0,0.0,1
199.0,1943.5,2,0.8,2.7600000000000002,31,900.0,0.0,1
307.0,2178.5,3,4.6,6.840000000000001,61,900.0,0.0,1
-582.0,1677.0,0,-0.7,1.01,26,900.0,0.0,-1
-216.0,1558.0,9,0.8,7.56,31,900.0,0.0,1
-107.0,1655.5,-12,-8.1,1.89,80,900.0,0.0,-1
-190.0,1943.0,-7,-2.4,2.4399999999999995,46,900.0,0.0,-1
248.0,1569.0,1,1.0,0.0,100,900.0,0.0,0
-125.0,1796.5,8,8.0,0.0,121,900.0,0.0,1
-80.0,1691.0,-9,-0.9,7.290000000000001,32,900.0,0.0,-1
580.0,1677.0,7,1.9,11.489999999999998,12,900.0,0.0,1
-476.0,2563.0,-1,-3.4,1.44,96,900.0,0.0,-1
-303.0,2178.5,0,0.0,0.0,102,900.0,0.0,-1
-287.0,1575.5,10,10.0,0.0,199,900.0,0.0,1
364.0,2043.0,4,2.1,2.49,36,900.0,0.0,1
671.0,1739.5,26,25.4,1.44,81,1500.0,0.0,1
427.0,1646.5,3,0.6,1.44,23,900.0,0.0,1
55.0,1637.5,-1,-1.7,2.21,142,900.0,0.0,-1
-21.0,1731.5,2,-0.5,1.25,45,900.0,0.0,1
-41.0,1637.5,-4,-1.0,1.4,36,900.0,0.0,-1
-48.0,1689.0,0,2.0,6.4,55,900.0,0.0,-1
311.0,1809.5,11,9.5,7.05,54,900.0,0.0,1
-40.0,1654.0,6,4.4,0.43999999999999995,49,900.0,0.0,1
-5.0,1836.5,-2,-2.9,7.289999999999999,71,900.0,7.0,1
-41.0,1681.5,3,3.0,0.0,74,900.0,0.0,-1
-20.0,1546.0,-15,-14.5,0.25,72,900.0,0.0,-1
-286.0,1859.0,-16,-8.4,35.84,70,900.0,0.0,-1
226.0,1849.0,0,-0.3,0.20999999999999996,53,900.0,0.0,1
-63.0,1696.5,0,0.0,0.0,25,900.0,0.0,1
-261.0,1677.5,-2,-2.0,0.0,159,900.0,0.0,1
-62.0,1534.0,10,6.9,2.69,61,900.0,0.0,1
34.0,1641.0,1,1.0,0.0,77,900.0,0.0,1
-218.0,1849.0,-1,-0.3,0.20999999999999996,33,900.0,0.0,-1
-52.0,1641.0,3,1.3,11.209999999999997,51,900.0,0.0,1
82.0,1534.0,7,7.1,1.89,62,900.0,0.0,-1
38.0,1641.0,3,2.1,5.49,33,900.0,0.0,1
108.0,1695.0,-9,-6.3,17.009999999999998,84,1200.0,5.0,-1
82.0,1707.0,9,1.2,8.16,39,900.0,0.0,1
-284.0,1708.0,-16,-9.5,9.05,66,900.0,0.0,-1
-178.0,1468.0,-16,-15.8,4.16,77,1800.0,0.0,1
-32.0,1529.0,6,6.0,0.0,141,900.0,0.0,1
-102.0,1534.0,9,8.1,1.09,95,900.0,0.0,1
-4.0,1896.0,-6,-3.3,0.8099999999999999,76,900.0,15.0,-1
34.0,1674.0,-7,-2.5,2.25,84,900.0,0.0,-1
20.0,1896.0,-2,0.8,0.9599999999999997,62,900.0,15.0,-1
124.0,1534.0,-14,-9.9,11.89,62,900.0,0.0,-1
-79.0,1478.5,1,0.2,0.16000000000000003,134,900.0,0.0,-1
-112.0,1534.0,3,0.2,2.1599999999999997,40,900.0,0.0,-1
162.0,1466.0,-1,-5.1,7.890000000000001,41,1800.0,0.0,1
100.0,1534.0,6,6.2,2.7600000000000002,83,900.0,0.0,1
-36.0,1678.0,3,2.7,0.21000000000000002,91,900.0,0.0,1
206.0,1472.0,1,0.5,0.25,55,1800.0,0.0,-1
-195.0,1748.5,-3,-3.5,0.25,66,900.0,0.0,-1
-941.0,1604.5,-3,-1.9,0.29,34,1500.0,0.0,-1
143.0,1788.5,-1,0.2,0.36000000000000004,18,900.0,0.0,1
-725.0,1497.5,-2,-1.7,2.21,34,900.0,0.0,-1
148.0,1781.0,13,10.2,18.36,67,900.0,0.0,1
-18.0,1708.0,2,-6.1,7.290000000000001,87,900.0,0.0,1
-53.0,1550.5,-4,-0.3,7.8100000000000005,70,900.0,0.0,-1
-125.0,1996.5,-4,-4.0,0.0,64,900.0,0.0,-1
-34.0,1879.0,3,2.3,0.21000000000000002,54,900.0,0.0,-1
-7.0,1572.5,17,6.4,30.04,53,900.0,0.0,1
-123.0,1769.5,0,0.2,3.3600000000000003,52,900.0,0.0,-1
124.0,1501.0,11,5.1,7.290000000000001,45,900.0,0.0,1
-160.0,1793.0,13,13.0,0.0,141,900.0,0.0,1
-112.0,2087.0,-3,-2.5,2.05,91,900.0,0.0,-1
167.0,1636.5,0,0.4,0.8400000000000001,26,900.0,0.0,-1
149.0,1793.5,0,0.0,0.0,157,900.0,0.0,1
-224.0,1538.0,0,0.9,7.290000000000001,152,900.0,2.0,0
100.0,2087.0,3,0.6,5.64,89,900.0,0.0,1
65.0,1997.5,3,0.7,8.41,79,900.0,0.0,1
89.0,1886.5,4,2.6,6.239999999999999,77,1200.0,0.0,1
-51.0,1997.5,-6,-2.0,7.0,54,900.0,0.0,-1
-97.0,1533.5,-5,-2.8,0.76,70,900.0,0.0,-1
85.0,1533.5,14,6.0,7.8,53,900.0,0.0,1
119.0,1650.5,-29,-29.0,0.0,158,900.0,0.0,-1
83.0,1741.5,-6,-6.0,0.0,67,900.0,0.0,0
-73.0,1533.5,0,-0.3,0.8100000000000002,18,900.0,0.0,-1
59.0,1533.5,2,1.2,0.36,47,900.0,0.0,1
180.0,2231.0,7,2.2,11.16,63,900.0,0.0,1
-141.0,1650.5,15,15.0,0.0,123,900.0,0.0,1
41.0,1737.5,-7,-6.4,9.44,86,1200.0,5.0,-1
-184.0,1467.0,-2,-1.3,1.0100000000000002,42,1800.0,0.0,-1
174.0,1468.0,9,1.8,6.760000000000001,15,1800.0,0.0,1
-142.0,1571.0,12,4.1,8.49,73,900.0,0.0,1
-250.0,1667.0,-6,-6.0,0.0,97,900.0,0.0,1
91.0,1723.5,4,3.2,0.76,109,1200.0,0.0,1
163.0,1650.5,-12,-12.0,0.0,142,900.0,0.0,-1
513.0,2578.5,2,2.3,0.8099999999999999,92,900.0,0.0,1
244.0,1667.0,12,8.8,1.3599999999999999,47,900.0,0.0,1
19.0,1643.5,-4,-0.3,7.8100000000000005,46,900.0,0.0,-1
-3.0,1643.5,-12,-6.3,11.610000000000001,106,900.0,0.0,-1
339.0,2200.5,0,0.2,0.96,25,2700.0,45.0,1
19.0,1643.5,-6,-5.5,2.25,142,900.0,0.0,-1
-53.0,1865.5,6,2.7,5.01,61,900.0,5.0,1
-37.0,1643.5,1,1.0,0.0,123,900.0,0.0,1
-20.0,1543.0,8,7.0,0.2,113,900.0,0.0,1
23.0,1643.5,9,8.3,0.21000000000000002,171,900.0,0.0,1
-254.0,1709.0,-7,-7.0,0.0,54,900.0,5.0,-1
-7.0,1643.5,-6,-5.9,0.09,126,900.0,0.0,-1
-9.0,1643.5,11,10.1,0.09,109,900.0,0.0,1
-7.0,1643.5,5,4.7,0.21000000000000002,131,900.0,0.0,1
4.0,1543.0,-5,-5.0,0.0,87,900.0,0.0,1
25.0,1643.5,-5,-4.7,0.61,114,900.0,0.0,-1
-588.0,2027.0,-13,-6.7,9.809999999999999,50,900.0,0.0,-1
41.0,1620.5,10,5.7,22.410000000000004,98,900.0,0.0,1
-9.0,1643.5,-11,-5.3,14.01,116,900.0,0.0,-1
27.0,1643.5,2,2.0,0.0,86,900.0,0.0,-1
413.0,1769.5,4,3.4,2.24,79,900.0,10.0,1
-11.0,1643.5,-8,-7.3,0.21000000000000002,134,900.0,0.0,-1
-5.0,1643.5,11,7.3,8.61,133,900.0,0.0,1
23.0,1643.5,-7,-7.0,0.0,140,900.0,0.0,-1
240.0,1904.0,10,9.5,0.25,73,900.0,0.0,1
-25.0,1643.5,1,1.0,0.0,170,900.0,0.0,0
-324.0,2166.0,-3,-3.0,0.0,54,900.0,5.0,-1
-22.0,1543.0,16,12.2,14.559999999999999,111,900.0,0.0,1
9.0,1643.5,4,5.4,1.8399999999999999,59,900.0,0.0,1
146.0,2399.0,4,3.0,7.2,128,900.0,0.0,1
-27.0,1643.5,9,5.0,16.0,151,900.0,0.0,1
797.0,1601.5,3,2.4,0.8400000000000001,33,900.0,0.0,1
11.0,1643.5,8,-0.2,7.76,65,900.0,0.0,1
-229.0,1671.5,-11,-11.4,0.24,96,900.0,0.0,-1
5.0,1643.5,-10,-6.6,1.44,84,900.0,0.0,-1
-1402.0,2233.0,-9,-0.6,8.64,32,900.0,5.0,-1
320.0,2166.0,6,4.5,2.25,63,900.0,5.0,1
11.0,1643.5,-7,-7.0,0.0,128,900.0,0.0,-1
-234.0,1904.0,-12,-12.0,0.0,110,900.0,0.0,-1
43.0,1544.5,-17,-16.3,6.01,90,900.0,0.0,-1
228.0,1904.0,-2,-1.5,2.25,105,900.0,0.0,1
-193.0,1547.5,-17,-16.0,0.2,74,900.0,0.0,-1
131.0,1495.5,-10,-8.8,5.16,55,900.0,0.0,1
116.0,1608.0,-2,-1.1,0.09,20,900.0,0.0,-1
-108.0,1490.0,-3,0.0,1.8,20,900.0,0.0,-1
96.0,1490.0,6,3.8,2.16,43,900.0,0.0,1
-19.0,1750.5,-13,-12.6,0.43999999999999995,84,900.0,0.0,-1
258.0,1856.0,-9,-7.5,5.25,146,900.0,0.0,-1
229.0,1718.5,14,12.7,15.209999999999999,91,900.0,7.0,1
106.0,2082.0,13,3.6,10.840000000000002,61,900.0,0.0,1
-10.0,1641.0,3,1.8,1.7599999999999998,59,900.0,0.0,1
-56.0,1573.0,-17,-12.9,15.290000000000001,92,900.0,0.0,-1
-23.0,1622.5,-10,-9.3,0.21000000000000002,82,900.0,0.0,-1
-406.0,1931.0,-2,-1.8,2.16,48,900.0,0.0,-1
-56.0,1601.0,-19,-20.8,10.559999999999999,126,900.0,0.0,-1
76.0,1601.0,-6,-3.8,10.96,94,900.0,0.0,-1
-62.0,1601.0,-18,-11.8,8.36,90,900.0,0.0,-1
30.0,2007.0,-4,-1.3,8.010000000000002,53,900.0,0.0,1
48.0,1601.0,17,8.4,8.440000000000001,65,900.0,0.0,1
266.0,1864.0,13,5.9,13.89,67,900.0,0.0,1
-66.0,1601.0,10,1.7,17.810000000000002,55,900.0,0.0,1
190.0,1723.0,-1,-1.1,1.09,47,900.0,0.0,1
52.0,1601.0,3,2.1,0.69,37,900.0,0.0,1
76.0,1573.0,-7,-5.6,2.44,68,900.0,0.0,-1
-72.0,1601.0,10,4.4,13.440000000000001,121,900.0,0.0,1
-265.0,1710.5,-1,-1.5,0.25,110,900.0,0.0,-1
58.0,1601.0,9,8.0,1.2,79,900.0,0.0,1
41.0,1622.5,0,0.0,0.0,40,900.0,0.0,-1
-182.0,1723.0,-4,-5.3,9.010000000000002,74,900.0,0.0,-1
401.0,1932.5,8,4.3,9.010000000000002,61,900.0,0.0,1
-44.0,1601.0,-11,-10.3,0.21000000000000002,92,900.0,0.0,-1
62.0,1601.0,-7,-4.3,11.61,60,900.0,0.0,-1
-51.0,1822.5,-9,-9.0,0.0,172,900.0,0.0,-1
-82.0,1601.0,12,4.1,7.090000000000001,129,900.0,0.0,1
174.0,1723.0,7,2.8,9.360000000000001,63,900.0,0.0,1
102.0,1601.0,-12,-6.3,14.01,108,900.0,0.0,-1
-59.0,1622.5,1,0.5,0.25,61,900.0,0.0,1
-90.0,1601.0,-6,-2.3,1.61,104,900.0,0.0,-1
-269.0,1672.5,-10,-1.8,7.56,38,900.0,0.0,-1
263.0,1672.5,11,3.7,11.61,91,900.0,0.0,1
-206.0,1823.0,7,4.3,18.410000000000004,109,900.0,0.0,1
-350.0,1564.0,0,0.5,0.25,12,900.0,0.0,-1
-14.0,2007.0,1,4.8,12.959999999999999,58,900.0,0.0,-1
-257.0,1672.5,-2,-2.0,0.0,80,900.0,0.0,-1
-794.0,1600.0,-8,-3.2,3.96,74,900.0,0.0,-1
346.0,1564.0,8,7.5,2.25,65,900.0,0.0,1
251.0,1672.5,9,6.9,9.09,59,900.0,0.0,1
72.0,1823.0,3,2.0,1.0,74,900.0,0.0,-1
-24.0,1590.0,7,-1.6,8.44,75,1200.0,5.0,1
-17.0,1668.5,-3,-2.1,2.4899999999999998,66,900.0,0.0,-1
14.0,2007.0,1,1.0,0.0,105,900.0,0.0,0
-57.0,1822.5,-4,-4.0,0.0,80,900.0,0.0,-1
100.0,2278.0,1,1.0,0.0,124,900.0,0.0,0
151.0,1627.5,5,4.1,0.29,103,900.0,0.0,1
-141.0,2073.5,7,1.8,13.559999999999999,41,900.0,0.0,1
-189.0,1798.5,-1,-1.8,0.16,52,900.0,0.0,-1
35.0,1728.5,-27,-25.5,6.45,102,900.0,0.0,-1
-141.0,1627.5,-8,-1.3,17.81,78,900.0,0.0,-1
165.0,2073.5,-7,-2.4,12.84,52,900.0,0.0,-1
42.0,1822.0,20,20.8,0.16,143,900.0,0.0,1
440.0,2107.0,5,2.7,0.8099999999999999,43,900.0,0.0,1
98.0,1497.0,9,0.9,7.290000000000001,41,1200.0,5.0,1
32.0,1564.0,6,4.5,4.05,60,900.0,0.0,-1
-139.0,1772.5,-7,-3.7,7.409999999999999,60,900.0,0.0,-1
-11.0,1566.5,-10,-6.8,4.76,88,900.0,0.0,-1
-61.0,1490.5,-5,-5.0,0.0,100,1200.0,5.0,-1
-154.0,1777.0,-3,-1.9,1.09,69,900.0,0.0,1
-75.0,2128.5,-1,-1.1,0.09,92,900.0,0.0,0
456.0,1777.0,6,2.2,12.559999999999999,39,900.0,0.0,1
-62.0,1823.0,5,5.5,2.25,95,900.0,0.0,1
144.0,1777.0,-3,0.0,3.4,72,900.0,0.0,1
84.0,1824.0,-11,-11.9,9.690000000000001,128,900.0,0.0,-1
57.0,2126.5,1,0.2,0.7600000000000001,51,900.0,0.0,1
60.0,1843.0,-4,-4.1,0.09,75,900.0,0.0,1
43.0,1519.5,3,-2.0,3.0,59,600.0,12.0,-1
-46.0,1843.0,-8,-5.1,6.890000000000001,100,900.0,0.0,-1
-70.0,1823.0,0,-1.9,1.6900000000000002,60,900.0,0.0,-1
93.0,1824.5,-12,-10.5,6.45,92,900.0,0.0,-1
-139.0,2039.5,-1,-1.0,0.0,80,2700.0,45.0,-1
232.0,1680.0,12,9.5,5.05,57,900.0,0.0,1
32.0,1843.0,1,0.0,0.2,27,900.0,0.0,1
506.0,2581.0,5,3.8,2.16,66,900.0,0.0,1
-79.0,1823.5,-6,-4.4,11.440000000000001,82,900.0,0.0,-1
178.0,1734.0,5,0.5,2.25,61,900.0,0.0,1
283.0,1517.5,-12,-10.4,0.43999999999999995,118,900.0,0.0,-1
-115.0,1921.5,0,0.0,0.0,76,900.0,0.0,-1
2.0,1555.0,-4,-3.5,0.25,58,1800.0,0.0,-1
-277.0,1517.5,-9,-3.1,6.290000000000001,106,900.0,0.0,-1
-281.0,1695.5,9,0.9,7.290000000000001,159,900.0,0.0,1
15.0,1454.5,16,10.4,13.440000000000001,95,900.0,0.0,1
271.0,1517.5,15,6.6,8.04,53,900.0,0.0,1
-265.0,1517.5,-12,-11.4,0.8400000000000001,58,900.0,0.0,-1
-304.0,1710.0,-6,-5.2,7.56,58,900.0,0.0,-1
103.0,1825.5,-12,-11.2,5.76,132,900.0,0.0,-1
-19.0,1540.5,-1,-1.0,0.0,50,900.0,0.0,-1
164.0,2242.0,10,2.8,5.76,129,900.0,0.0,1
274.0,1696.0,-11,-11.0,0.0,113,900.0,0.0,1
-218.0,1435.0,-25,-24.8,15.76,74,1800.0,0.0,-1
-885.0,2501.5,0,1.7,8.01,77,900.0,30.0,0
-15.0,1703.5,4,-0.4,9.64,68,900.0,0.0,1
-55.0,1792.5,-1,-1.0,0.0,67,900.0,0.0,1
37.0,1540.5,-2,-1.8,0.16,50,900.0,0.0,-1
-35.0,1960.5,3,3.0,0.0,99,900.0,5.0,0
-55.0,1540.5,6,6.6,0.24,45,900.0,0.0,1
-302.0,1696.0,18,13.4,2.44,87,900.0,0.0,1
75.0,1540.5,-10,-9.7,1.8099999999999998,82,900.0,0.0,-1
-121.0,1419.5,-2,-2.7,4.61,31,1200.0,5.0,1
10.0,1992.0,2,1.4,0.44000000000000006,87,900.0,0.0,1
-169.0,1573.5,-2,-1.1,1.29,70,1200.0,5.0,-1
193.0,1678.5,-1,0.5,1.05,33,900.0,0.0,1
6.0,1992.0,-6,-3.3,11.61,58,900.0,0.0,-1
-473.0,1740.5,-1,-1.0,1.2,70,900.0,5.0,-1
71.0,1536.5,15,6.2,8.760000000000002,67,2700.0,45.0,1
37.0,1685.5,7,2.2,2.7600000000000002,53,900.0,0.0,1
-83.0,2036.5,-5,-5.0,0.0,62,900.0,0.0,-1
-21.0,1685.5,-3,-2.9,0.09,44,900.0,0.0,-1
5.0,1685.5,13,5.2,7.56,51,900.0,0.0,1
576.0,2035.0,19,13.9,15.690000000000001,85,900.0,0.0,1
-47.0,1652.5,-3,-3.0,0.0,102,900.0,0.0,-1
-343.0,1661.5,-3,-2.5,1.65,64,900.0,30.0,-1
-224.0,1880.0,-3,-2.5,2.25,64,900.0,0.0,-1
1440.0,2224.0,2,1.6,0.8400000000000001,61,900.0,5.0,1
-218.0,1729.0,0,-0.1,0.09,48,900.0,7.0,-1
86.0,1143.0,-6,0.8,26.160000000000004,56,900.0,0.0,-1
157.0,1566.5,8,-0.6,10.44,93,900.0,0.0,1
33.0,1652.5,0,-0.3,0.8100000000000002,42,900.0,0.0,1
49.0,1499.5,4,4.1,0.09,73,2700.0,45.0,1
-59.0,1524.5,1,0.1,7.290000000000001,77,1200.0,0.0,1
185.0,1741.5,9,1.6,6.840000000000001,55,900.0,0.0,1
128.0,2870.0,1,1.7,0.21000000000000002,138,900.0,1.0,1
-48.0,1834.0,13,4.3,23.41,145,900.0,0.0,1
246.0,1632.0,-2,-2.0,0.0,134,900.0,0.0,-1
-37.0,1678.5,2,2.5,2.25,77,900.0,0.0,1
154.0,1630.0,-4,-4.0,0.0,84,900.0,0.0,-1
23.0,1678.5,5,1.7,8.61,57,900.0,0.0,1
-192.0,1587.0,0,0.0,0.0,62,1200.0,0.0,0
-137.0,2871.5,2,2.0,0.0,88,900.0,1.0,0
-41.0,1678.5,2,0.9,1.29,47,900.0,0.0,1
98.0,1803.0,3,2.0,0.6,81,900.0,0.0,1
27.0,1678.5,3,3.0,0.0,97,900.0,0.0,1
-4.0,1659.0,-2,-0.1,0.49000000000000005,68,900.0,0.0,-1
121.0,2868.5,0,2.4,2.64,60,900.0,1.0,1
-705.0,1899.5,-15,-9.6,20.64,84,1980.0,33.0,-1
144.0,1630.0,14,6.9,23.490000000000002,41,900.0,0.0,1
-45.0,1678.5,7,2.5,2.25,65,900.0,0.0,1
451.0,1846.5,10,1.2,8.760000000000002,57,1500.0,0.0,1
-574.0,2035.0,-6,-4.5,1.65,54,900.0,0.0,-1
-206.0,1554.0,1,1.0,0.0,74,900.0,0.0,-1
-353.0,1569.5,-12,-12.0,0.0,148,900.0,0.0,-1
-102.0,2865.0,-2,-4.7,0.8099999999999999,123,900.0,1.0,-1
339.0,1662.5,1,1.1,0.09,79,900.0,7.0,1
-342.0,1824.0,-13,-10.5,3.25,72,900.0,0.0,-1
-120.0,1803.0,-2,-0.7,1.41,37,900.0,0.0,1
527.0,1963.5,5,1.7,3.2099999999999995,55,900.0,0.0,1
-79.0,1496.5,-3,-3.3,0.8099999999999999,44,900.0,0.0,-1
-288.0,1685.0,-8,-7.5,2.25,93,900.0,7.0,-1
108.0,1803.0,3,3.0,0.0,129,900.0,0.0,1
-37.0,1896.5,-2,-1.9,0.09,67,900.0,15.0,1
13.0,1993.5,-4,-0.3,3.6100000000000003,66,900.0,0.0,-1
275.0,1589.5,0,0.0,0.0,99,900.0,0.0,0
-387.0,1647.5,-6,-1.4,8.04,54,900.0,0.0,-1
-31.0,1993.5,9,1.5,6.45,91,900.0,0.0,1
21.0,1896.5,0,0.6,0.24000000000000005,85,900.0,15.0,1
154.0,1711.0,-7,-6.1,7.290000000000001,54,900.0,0.0,-1
80.0,1500.0,3,-0.6,1.6400000000000001,139,900.0,0.0,1
-144.0,1711.0,0,-0.6,0.24000000000000005,84,900.0,0.0,-1
-130.0,1780.0,8,-0.1,7.290000000000001,109,900.0,0.0,1
49.0,1993.5,-5,-3.4,5.440000000000001,94,900.0,0.0,-1
52.0,1801.0,6,5.5,1.05,77,900.0,0.0,1
16.0,2042.0,0,0.8,7.56,102,900.0,0.0,0
-35.0,1993.5,-5,-4.4,0.44000000000000006,88,900.0,0.0,-1
184.0,1782.0,1,1.1,0.09,52,900.0,0.0,-1
-5.0,1896.5,-5,-5.2,1.9600000000000002,52,900.0,15.0,-1
40.0,1650.0,-14,-5.6,8.639999999999999,98,900.0,0.0,-1
1208.0,2324.0,0,0.0,0.0,74,900.0,5.0,0
90.0,1523.0,-2,-0.4,2.64,76,900.0,0.0,-1
21.0,1896.5,0,-0.1,0.09,26,900.0,15.0,-1
-119.0,1780.5,-10,-1.4,8.44,70,900.0,0.0,-1
153.0,1955.5,6,2.5,7.85,57,900.0,0.0,1
-54.0,1801.0,-20,-13.8,11.36,142,900.0,0.0,0
53.0,1993.5,-2,-1.7,0.21000000000000002,84,900.0,0.0,-1
-50.0,1688.0,-1,-0.3,0.20999999999999996,82,900.0,0.0,-1
114.0,1777.0,0,-0.5,0.25,95,900.0,0.0,1
-39.0,1993.5,-2,0.7,0.8100000000000002,54,900.0,0.0,-1
-62.0,2098.0,-9,-0.6,8.64,36,900.0,0.0,-1
-18.0,1646.0,-6,-6.3,0.21000000000000002,116,900.0,0.0,-1
-37.0,1593.5,-11,-8.5,6.25,72,900.0,0.0,-1
25.0,1993.5,1,0.0,2.0,49,900.0,0.0,1
36.0,1646.0,-6,-4.2,7.56,46,900.0,0.0,-1
-23.0,1896.5,-1,-1.0,0.0,80,900.0,15.0,0
-193.0,1905.5,-10,-1.3,8.809999999999999,58,900.0,0.0,-1
137.0,1907.5,1,-0.2,0.96,19,900.0,0.0,1
-159.0,1907.5,-5,-2.5,4.45,87,900.0,0.0,1
22.0,1594.0,9,5.5,5.25,73,900.0,0.0,1
-20.0,1646.0,-4,-2.3,6.409999999999999,122,900.0,0.0,-1
55.0,1664.5,-6,-5.9,0.09,55,900.0,0.0,1
-40.0,1594.0,-4,-2.3,4.41,119,900.0,0.0,1
41.0,1896.5,1,1.5,2.25,40,900.0,15.0,-1
-349.0,1569.5,-2,-2.8,0.5599999999999999,36,900.0,0.0,-1
19.0,1657.5,-5,-4.7,5.21,124,900.0,0.0,-1
-27.0,1896.5,-4,-4.0,0.0,50,900.0,15.0,-1
345.0,1569.5,13,4.4,13.84,59,900.0,0.0,1
-281.0,1530.5,-1,-1.0,0.0,78,900.0,0.0,0
-3.0,1657.5,-3,-0.3,0.8100000000000002,94,900.0,0.0,-1
792.0,1599.0,20,16.3,3.81,55,900.0,0.0,1
-792.0,1599.0,-2,-0.6,0.43999999999999995,26,900.0,0.0,-1
647.0,2550.5,5,3.5,1.05,93,900.0,1.0,1
294.0,1850.0,0,0.3,0.8100000000000002,24,900.0,0.0,1
-10.0,1594.0,-7,-7.4,2.44,56,900.0,0.0,-1
-17.0,1653.5,-12,-9.5,3.05,62,900.0,0.0,-1
-288.0,1850.0,-2,-2.0,0.0,84,900.0,0.0,-1
36.0,1673.0,0,-0.9,6.090000000000001,112,900.0,0.0,0
713.0,2516.5,5,4.3,0.21000000000000002,51,900.0,1.0,1
-129.0,1948.5,-11,-5.4,4.4399999999999995,62,900.0,0.0,-1
198.0,1616.0,7,6.2,0.15999999999999998,65,900.0,0.0,1
-20.0,1673.0,0,0.9,0.09,60,900.0,0.0,-1
792.0,1599.0,2,0.7,1.01,35,900.0,0.0,1
-792.0,1599.0,-22,-19.9,7.290000000000001,52,900.0,0.0,-1
4.0,1673.0,0,-1.5,5.25,69,900.0,0.0,1
792.0,1599.0,25,19.2,13.559999999999999,67,900.0,0.0,1
95.0,1479.5,-7,-5.6,0.44000000000000006,68,900.0,0.0,-1
-16.0,1657.0,3,0.4,0.8400000000000001,17,900.0,0.0,1
30.0,1682.0,-3,-0.3,0.8100000000000002,64,900.0,0.0,-1
283.0,1849.5,1,1.3,1.0100000000000002,49,900.0,0.0,1
206.0,2184.0,9,7.2,1.56,69,1500.0,0.0,1
-200.0,1541.0,-5,-1.3,28.610000000000003,50,900.0,0.0,-1
-153.0,1559.5,-2,-2.0,0.0,214,900.0,0.0,-1
-308.0,1851.0,7,5.9,1.29,101,900.0,0.0,1
-94.0,1536.0,9,6.7,8.61,116,900.0,0.0,-1
304.0,1851.0,13,2.9,12.69,27,900.0,0.0,1
-10.0,1649.0,-12,-10.7,1.01,92,900.0,0.0,-1
11.0,1896.5,3,2.4,0.8400000000000001,35,900.0,15.0,1
789.0,1597.5,16,12.0,15.0,57,900.0,0.0,1
452.0,1933.0,8,3.6,6.040000000000001,63,900.0,0.0,1
-248.0,1793.0,-9,-0.9,7.290000000000001,30,900.0,0.0,-1
-789.0,1597.5,-11,-6.2,17.160000000000004,92,900.0,0.0,-1
87.0,1533.5,4,0.1,1.89,81,900.0,0.0,1
-16.0,1506.0,-10,-6.1,16.89,78,900.0,0.0,-1
527.0,1894.5,0,0.6,8.64,39,900.0,0.0,1
108.0,1533.0,-11,-8.3,0.8099999999999999,40,900.0,0.0,-1
-525.0,1894.5,-4,-3.5,2.25,60,900.0,0.0,-1
27.0,2036.5,0,1.0,4.0,47,900.0,0.0,0
290.0,1855.0,6,9.0,3.6,49,900.0,0.0,1
-244.0,1617.0,1,1.5,0.25,88,900.0,0.0,-1
-445.0,1933.5,-5,-5.0,0.0,48,900.0,0.0,-1
431.0,1887.5,6,2.8,3.3600000000000003,49,900.0,0.0,1
6.0,1649.0,-14,-8.4,13.440000000000001,120,900.0,0.0,-1
10.0,1649.0,-7,-2.3,3.81,48,900.0,0.0,-1
-29.0,1862.5,-4,3.5,13.25,62,900.0,0.0,-1
169.0,1639.5,5,4.2,0.36,39,900.0,0.0,1
-155.0,1641.5,-8,-2.2,16.96,52,900.0,0.0,-1
76.0,1600.0,6,3.5,6.25,99,900.0,0.0,1
-96.0,1600.0,2,1.8,0.36,63,900.0,0.0,1
84.0,1600.0,11,7.6,6.840000000000001,83,900.0,0.0,1
-72.0,1600.0,-7,-5.4,0.43999999999999995,82,900.0,0.0,-1
58.0,1600.0,4,4.0,0.0,77,900.0,0.0,1
-78.0,1600.0,15,8.5,14.65,101,900.0,0.0,1
82.0,1600.0,22,14.8,5.76,105,900.0,0.0,0
-102.0,1600.0,16,7.6,35.44,119,900.0,0.0,1
36.0,1694.0,1,0.5,0.25,59,900.0,0.0,1
90.0,1600.0,7,5.4,0.43999999999999995,103,900.0,0.0,1
-78.0,1600.0,-11,-7.2,6.36,70,900.0,0.0,-1
64.0,1600.0,16,14.0,5.8,101,900.0,0.0,1
-153.0,1969.5,-1,-0.2,2.7600000000000002,75,900.0,10.0,1
-68.0,1600.0,0,-0.8,0.16,107,900.0,0.0,0
88.0,1600.0,-9,-9.0,0.0,156,900.0,0.0,-1
-108.0,1600.0,4,3.7,0.8099999999999999,39,900.0,0.0,1
96.0,1600.0,16,9.2,19.96,69,900.0,0.0,1
-84.0,1600.0,-11,-5.4,13.440000000000001,122,900.0,0.0,-1
72.0,1600.0,4,2.6,1.24,59,900.0,0.0,1
-54.0,1694.0,8,5.7,13.61,55,900.0,0.0,1
-60.0,1566.0,8,6.5,5.25,141,900.0,0.0,1
300.0,1252.0,25,23.4,8.04,45,900.0,0.0,1
-294.0,1252.0,-26,-21.4,12.64,58,900.0,0.0,-1
-57.0,2349.5,2,2.0,0.0,192,900.0,0.0,0
80.0,1566.0,-10,-7.3,4.01,86,900.0,0.0,-1
137.0,1709.5,1,0.4,4.24,41,900.0,0.0,1
-145.0,1873.5,-6,-6.0,0.0,102,900.0,0.0,-1
-127.0,1709.5,1,0.4,1.44,76,900.0,0.0,-1
115.0,1939.5,6,7.2,12.160000000000002,73,900.0,0.0,1
-155.0,2073.5,-2,-0.6,0.43999999999999995,128,900.0,0.0,-1
-511.0,2577.5,-8,-4.5,10.65,57,900.0,0.0,-1
-178.0,1654.0,15,7.8,5.76,147,900.0,0.0,0
22.0,1998.0,-13,-4.1,21.89,76,900.0,0.0,-1
69.0,1841.5,3,3.0,0.0,67,900.0,0.0,1
-201.0,1752.5,-1,-0.6,0.8400000000000001,52,900.0,7.0,1
-6.0,1998.0,-10,-3.7,7.409999999999999,46,900.0,0.0,-1
-10.0,1998.0,3,1.6,3.04,67,900.0,0.0,1
187.0,1755.5,2,2.3,3.21,73,900.0,7.0,1
-108.0,1586.0,-13,-11.5,2.25,96,900.0,0.0,-1
-55.0,1841.5,-2,-2.6,0.8400000000000001,46,900.0,0.0,-1
161.0,2236.5,2,2.0,0.0,85,900.0,0.0,1
-161.0,1763.5,-4,-2.9,0.89,66,900.0,78.0,-1
54.0,1810.0,0,0.0,0.0,57,900.0,7.0,1
-32.0,1647.0,13,6.6,6.840000000000001,69,900.0,0.0,1
-39.0,1810.5,-4,-2.8,5.96,70,900.0,7.0,-1
46.0,1592.0,7,6.9,2.29,54,900.0,0.0,-1
-133.0,2079.5,-7,-3.8,8.56,55,900.0,0.0,-1
-125.0,1784.5,-2,-1.9,0.09,52,900.0,0.0,-1
390.0,2120.0,18,14.0,16.0,139,900.0,0.0,1
-52.0,1590.0,-6,-6.0,0.0,91,900.0,0.0,0
-42.0,1786.0,-14,-5.7,17.610000000000003,96,1200.0,5.0,-1
575.0,1857.5,3,-0.7,2.0100000000000002,55,900.0,0.0,1
377.0,2187.5,6,2.1,7.289999999999999,43,900.0,0.0,1
426.0,1778.0,10,8.9,2.49,59,900.0,0.0,1
-52.0,1598.0,-12,-11.4,0.44000000000000006,74,900.0,0.0,-1
-373.0,2187.5,-7,-4.3,0.8099999999999999,68,900.0,0.0,-1
160.0,2230.0,6,2.8,13.36,91,900.0,0.0,1
-30.0,1594.0,1,-0.5,1.05,50,900.0,0.0,-1
-113.0,1709.5,-13,-10.5,3.65,84,900.0,2.0,-1
-7.0,1818.5,-3,-3.0,1.2,112,900.0,7.0,-1
81.0,1718.5,6,1.7,15.41,105,1200.0,5.0,1
114.0,1562.0,0,-0.1,0.09,19,900.0,0.0,1
-120.0,1562.0,0,0.0,0.0,24,900.0,0.0,0
104.0,1873.0,5,5.0,0.0,155,1200.0,0.0,1
-492.0,1855.0,-6,-1.1,4.290000000000001,28,900.0,0.0,-1
409.0,2104.5,12,3.1,10.09,67,900.0,0.0,1
-55.0,1739.5,2,2.5,0.85,53,900.0,0.0,-1
-87.0,1470.5,16,12.0,16.0,75,1500.0,30.0,1
64.0,1648.0,7,6.5,0.25,105,900.0,0.0,1
-17.0,2113.5,9,1.8,5.76,57,1320.0,22.0,1
-45.0,2118.5,1,1.5,2.25,85,1320.0,22.0,1
279.0,1886.5,5,6.2,2.7600000000000002,92,900.0,0.0,-1
64.0,1470.0,4,4.0,0.0,49,1500.0,30.0,1
-44.0,1651.0,-4,-3.5,0.25,70,900.0,0.0,-1
30.0,1651.0,14,8.4,13.440000000000001,121,900.0,0.0,1
-117.0,2081.5,-2,-1.7,0.21000000000000002,60,900.0,0.0,-1
-48.0,1651.0,-1,-1.0,0.0,95,900.0,0.0,1
34.0,1651.0,1,0.2,0.36000000000000004,69,900.0,0.0,1
-361.0,2151.5,0,0.0,0.0,164,900.0,5.0,0
139.0,2081.5,-10,-3.4,14.84,68,900.0,0.0,-1
92.0,1873.0,16,13.3,4.01,75,1200.0,0.0,1
-102.0,1611.0,-2,-1.0,1.6,32,900.0,0.0,-1
133.0,2437.5,-5,-5.1,0.09,87,900.0,0.0,0
-788.0,1597.0,-20,-17.3,8.61,72,900.0,0.0,-1
248.0,1874.0,0,0.0,0.0,227,900.0,0.0,1
3.0,2002.5,11,3.0,11.0,53,900.0,0.0,1
-121.0,2436.5,-3,-2.5,0.25,112,900.0,0.0,-1
184.0,1907.0,-2,-1.4,2.24,64,900.0,0.0,-1
-35.0,1670.5,0,-0.3,0.8100000000000002,20,900.0,0.0,1
-37.0,1643.5,7,6.2,5.76,113,900.0,0.0,1
-49.0,1703.5,0,0.9,7.290000000000001,31,900.0,0.0,1
133.0,1615.5,0,-0.1,0.09,58,900.0,0.0,-1
-176.0,1907.0,-2,-2.0,0.0,78,900.0,0.0,-1
-69.0,1702.5,-2,-2.1,0.69,82,900.0,0.0,-1
-242.0,1874.0,-5,-5.8,0.15999999999999998,66,900.0,0.0,-1
88.0,1710.0,0,-0.5,2.05,33,900.0,0.0,1
-357.0,2151.5,-7,-6.9,0.09,100,900.0,5.0,-1
168.0,1907.0,-1,-1.5,0.25,65,900.0,0.0,1
-29.0,1673.5,1,0.8,0.16,12,900.0,0.0,1
137.0,2077.5,2,3.2,0.96,54,900.0,0.0,1
47.0,1673.5,0,0.1,0.09,36,900.0,0.0,-1
-127.0,2077.5,0,-0.9,7.290000000000001,65,900.0,0.0,-1
107.0,1693.5,-15,-14.1,1.89,142,900.0,0.0,-1
60.0,1905.0,-11,-6.9,8.690000000000001,84,900.0,0.0,-1
69.0,1508.5,4,3.4,0.44000000000000006,65,900.0,0.0,1
68.0,1642.0,11,7.8,7.76,93,900.0,0.0,1
-353.0,2151.5,-13,-7.4,13.440000000000001,102,900.0,5.0,-1
117.0,2077.5,2,0.5,2.25,57,900.0,0.0,1
352.0,1923.0,0,0.5,1.65,37,900.0,0.0,1
-41.0,1627.5,-2,0.5,8.45,39,900.0,0.0,1
1030.0,2318.0,0,0.1,0.09,14,900.0,5.0,1
-95.0,1693.5,-12,-11.0,0.2,52,900.0,0.0,-1
-266.0,1962.0,-5,0.3,3.41,74,900.0,0.0,-1
-192.0,1907.0,0,0.2,3.3600000000000003,71,900.0,0.0,1
-101.0,1145.5,5,5.0,0.0,107,900.0,0.0,1
-39.0,1635.5,14,3.8,15.559999999999999,79,900.0,0.0,1
-21.0,1735.5,-1,-0.6,0.24000000000000005,14,900.0,0.0,-1
-80.0,1695.0,3,-2.1,12.889999999999997,115,900.0,0.0,1
26.0,1635.0,12,8.6,6.840000000000001,55,1200.0,5.0,1
-349.0,2151.5,-3,1.8,14.76,22,900.0,5.0,-1
64.0,1696.0,12,12.0,0.0,137,900.0,0.0,1
-139.0,2077.5,6,2.7,6.81,83,900.0,0.0,1
260.0,1962.0,4,4.4,0.8400000000000001,57,900.0,0.0,1
-22.0,1738.0,21,20.2,5.76,153,900.0,0.0,1
-254.0,1962.0,-2,-1.4,0.8400000000000001,44,900.0,0.0,-1
-86.0,1615.0,0,1.7,1.4100000000000001,67,900.0,0.0,1
129.0,2077.5,-3,-0.9,1.8900000000000001,65,900.0,0.0,1
-118.0,1543.0,-8,-8.0,1.4,66,900.0,0.0,-1
-345.0,2151.5,-8,-7.5,0.25,50,900.0,5.0,-1
254.0,1861.0,2,2.0,5.0,105,900.0,0.0,1
146.0,1650.0,7,2.7,13.61,35,900.0,0.0,1
60.0,1637.0,-8,-2.9,3.69,54,900.0,0.0,-1
341.0,2151.5,6,5.7,0.21000000000000002,59,900.0,5.0,1
-135.0,1633.5,8,0.3,7.610000000000001,43,900.0,0.0,1
170.0,1655.0,12,6.6,17.04,59,900.0,0.0,1
421.0,1681.5,13,13.5,0.45,93,900.0,5.0,1
63.0,1531.5,4,2.2,2.16,49,900.0,0.0,1
-38.0,1785.0,-7,-8.0,0.4,88,1200.0,5.0,-1
123.0,1658.5,-16,-10.8,7.56,36,900.0,0.0,-1
-17.0,1717.5,-5,-5.0,0.0,92,900.0,0.0,-1
347.0,1778.5,9,7.7,1.01,75,900.0,0.0,1
-61.0,1525.5,-4,-4.0,0.0,98,600.0,12.0,-1
-29.0,1521.5,-2,-1.3,0.21000000000000002,54,1200.0,0.0,-1
26.0,1576.0,0,0.0,0.0,79,900.0,0.0,1
198.0,1582.0,-9,-0.5,8.45,58,600.0,12.0,-1
35.0,1717.5,-6,-4.6,5.04,78,900.0,0.0,-1
121.0,1716.5,-9,-8.3,0.21000000000000002,82,1200.0,5.0,-1
234.0,1694.0,-4,-4.0,0.0,84,900.0,0.0,-1
-522.0,2571.0,-7,-1.9,7.289999999999999,89,900.0,0.0,-1
-35.0,1507.5,0,0.1,0.09,20,600.0,12.0,-1
-214.0,1658.0,6,-2.2,7.56,57,900.0,0.0,1
202.0,1656.0,3,3.0,0.0,75,900.0,0.0,1
-119.0,2077.5,-3,-1.7,2.41,48,900.0,0.0,-1
-235.0,1950.5,-1,-0.8,0.16,94,2700.0,45.0,0
-51.0,1522.5,-4,4.2,7.56,104,600.0,12.0,-1
77.0,1655.5,9,6.4,0.8400000000000001,71,900.0,0.0,1
374.0,1588.0,0,0.2,0.96,27,1200.0,5.0,1
141.0,1715.5,-4,-5.4,2.84,62,1200.0,5.0,-1
-7.0,1531.5,6,4.1,2.69,51,900.0,0.0,1
-172.0,1622.0,4,1.3,0.8100000000000002,39,900.0,0.0,1
-56.0,1542.0,1,0.7,0.21000000000000002,94,900.0,0.0,-1
180.0,1622.0,0,0.0,0.0,59,900.0,0.0,0
-151.0,1681.5,0,-0.5,0.85,23,900.0,0.0,1
235.0,1924.5,8,2.8,8.559999999999999,81,900.0,10.0,1
-172.0,1622.0,-12,-8.3,4.01,72,900.0,0.0,-1
-28.0,1530.0,0,1.4,3.04,75,900.0,0.0,1
196.0,1622.0,0,-3.7,5.8100000000000005,66,900.0,0.0,-1
42.0,1542.0,-3,-2.1,1.29,45,900.0,0.0,1
0.0,1536.0,-2,-0.6,1.44,47,900.0,0.0,1
25.0,1697.5,-1,-1.8,0.16,64,900.0,0.0,-1
-227.0,1923.5,-3,-2.8,0.76,122,900.0,10.0,-1
35.0,2003.5,-9,-0.6,8.64,42,900.0,0.0,-1
-220.0,1622.0,9,8.2,5.76,95,900.0,0.0,1
-82.0,1724.0,0,1.2,2.36,57,900.0,0.0,1
-9.0,1697.5,-9,-0.9,7.290000000000001,88,900.0,0.0,-1
212.0,1622.0,10,7.6,5.84,75,900.0,0.0,1
-11.0,1549.5,8,7.7,0.8099999999999999,54,900.0,0.0,-1
12.0,1695.0,-3,-2.5,2.25,54,900.0,0.0,-1
-30.0,1695.0,6,5.5,0.25,89,900.0,0.0,1
168.0,1915.0,13,3.6,12.040000000000001,55,900.0,0.0,1
107.0,2077.5,1,1.1,0.09,73,900.0,0.0,1
-204.0,1622.0,-5,-3.8,0.36,76,900.0,0.0,-1
32.0,1880.0,6,6.0,0.0,99,900.0,0.0,1
-158.0,1915.0,-3,-1.4,4.44,50,900.0,0.0,-1
14.0,1695.0,0,-0.1,0.09,43,900.0,0.0,1
196.0,1622.0,-5,-1.2,11.959999999999997,43,900.0,0.0,1
2.0,1695.0,-2,-2.0,0.0,84,900.0,0.0,-1
101.0,1595.5,-2,-0.2,0.56,52,900.0,0.0,-1
95.0,1682.5,-9,-2.0,12.4,26,900.0,0.0,-1
66.0,1629.0,0,-0.1,0.09,122,900.0,0.0,-1
238.0,1491.0,-12,-6.4,13.440000000000001,154,900.0,0.0,-1
-18.0,1695.0,3,2.1,1.89,23,900.0,0.0,1
-213.0,1619.5,-6,-5.0,6.4,70,900.0,0.0,-1
-131.0,1615.5,-15,-12.9,3.69,65,900.0,0.0,-1
-232.0,1491.0,-11,-5.5,5.65,70,900.0,0.0,-1
-144.0,1758.0,-1,-1.0,0.6,22,900.0,0.0,-1
-39.0,1685.5,-2,-2.0,0.0,91,900.0,0.0,0
205.0,1619.5,-2,-2.5,2.25,79,900.0,0.0,1
176.0,1902.0,-1,-1.0,0.0,105,900.0,0.0,1
-2.0,2010.0,-15,-8.4,18.84,80,900.0,0.0,-1
-520.0,2571.0,-5,-4.5,1.05,115,900.0,0.0,-1
66.0,1556.0,9,9.1,1.29,59,900.0,0.0,1
57.0,1685.5,0,0.0,0.0,20,900.0,0.0,-1
-166.0,1792.0,10,7.6,9.84,57,900.0,0.0,1
-168.0,1902.0,-4,-3.9,0.09,82,900.0,0.0,-1
18.0,2010.0,0,0.0,0.0,108,900.0,0.0,-1
200.0,1898.0,-4,-2.4,7.24,88,900.0,0.0,-1
88.0,1623.0,-9,-1.3,8.81,52,900.0,0.0,-1
-42.0,1635.0,-14,-6.8,5.76,112,900.0,0.0,-1
257.0,1880.5,17,17.0,0.0,143,900.0,0.0,1
-233.0,1868.5,-8,-2.0,4.8,44,900.0,0.0,-1
158.0,1754.0,-2,1.0,5.0,74,900.0,0.0,-1
227.0,1868.5,3,2.4,2.6400000000000006,33,900.0,0.0,1
-645.0,2549.5,0,-1.7,7.8100000000000005,96,900.0,1.0,-1
-2.0,2010.0,2,0.6,1.0399999999999998,34,900.0,0.0,-1
-340.0,1927.0,-10,-2.2,7.56,30,900.0,0.0,-1
-46.0,1670.0,5,4.0,0.6,107,1200.0,0.0,1
336.0,1927.0,7,1.5,4.45,33,900.0,0.0,1
-29.0,1896.5,-2,-2.0,0.6,55,900.0,15.0,1
37.0,1843.5,8,3.2,2.7600000000000002,99,900.0,0.0,1
66.0,1436.0,-8,-8.0,0.0,126,900.0,0.0,-1
-215.0,2203.5,-4,0.5,2.25,102,900.0,0.0,-1
32.0,1670.0,13,8.0,3.0,105,1200.0,0.0,1
-105.0,2028.5,9,5.8,19.96,81,900.0,0.0,1
795.0,1697.5,4,0.4,9.84,27,900.0,0.0,1
16.0,2113.0,-9,-2.1,5.49,100,600.0,20.0,-1
-251.0,1880.5,-14,-14.0,0.0,134,900.0,0.0,-1
-436.0,1789.0,-10,-8.8,1.56,50,900.0,0.0,-1
-21.0,1843.5,-3,-2.0,2.0,78,900.0,0.0,-1
-58.0,1433.0,-3,-3.1,0.09,81,900.0,0.0,-1
-72.0,2024.0,-1,1.2,1.3599999999999999,104,900.0,0.0,1
13.0,1896.5,5,2.3,4.41,61,900.0,15.0,1
277.0,1880.5,-8,-4.8,8.16,76,900.0,0.0,-1
-42.0,1647.0,4,3.0,0.6,95,900.0,0.0,1
92.0,2024.0,-5,-2.3,0.8099999999999999,56,900.0,0.0,-1
39.0,1843.5,-14,-14.0,0.0,130,900.0,0.0,-1
-82.0,2023.0,-7,-4.2,0.96,88,900.0,0.0,-1
70.0,2023.0,6,4.6,8.440000000000001,63,900.0,0.0,1
257.0,1745.5,6,5.2,3.16,91,900.0,0.0,1
-283.0,1745.5,10,6.0,16.0,127,900.0,0.0,1
159.0,1688.5,9,8.2,5.76,87,900.0,0.0,1
-154.0,1906.0,-2,-1.9,0.09,90,900.0,0.0,-1
-67.0,1632.5,1,-0.2,2.1599999999999997,31,900.0,0.0,1
-74.0,1741.0,9,3.8,8.959999999999999,65,900.0,0.0,1
-12.0,1601.0,0,-0.5,0.25,99,900.0,0.0,1
94.0,1741.0,-9,-0.9,7.290000000000001,52,900.0,0.0,-1
3.0,1896.5,-7,-2.6,12.040000000000001,54,900.0,15.0,-1
30.0,1601.0,-11,-10.1,0.09,110,900.0,0.0,-1
37.0,1944.5,4,3.1,0.29,110,2700.0,45.0,-1
96.0,2105.0,-3,-2.3,0.21000000000000002,134,600.0,20.0,-1
-146.0,1664.0,-2,-2.9,7.289999999999999,84,900.0,0.0,-1
-31.0,1716.5,-4,-0.8,1.5600000000000003,46,900.0,0.0,-1
779.0,1592.5,6,1.0,7.6,89,900.0,0.0,1
-9.0,1603.5,-10,-4.5,5.65,66,900.0,0.0,-1
-394.0,2177.0,-4,-0.6,8.44,50,900.0,0.0,-1
-779.0,1592.5,2,1.0,2.8,26,900.0,0.0,-1
390.0,2177.0,0,-0.9,7.290000000000001,23,900.0,0.0,1
-18.0,1684.0,2,0.4,2.64,50,900.0,0.0,-1
36.0,1684.0,-1,-0.7,1.4099999999999997,74,900.0,0.0,-1
289.0,1858.5,3,3.0,0.0,53,900.0,0.0,1
-114.0,1546.0,-9,-6.6,9.040000000000001,64,900.0,0.0,-1
172.0,2221.0,20,12.7,50.010000000000005,119,900.0,0.0,1
-20.0,1684.0,-2,-2.6,1.44,36,900.0,0.0,-1
38.0,1684.0,-9,-0.6,8.64,36,900.0,0.0,-1
-317.0,1858.5,4,-0.6,2.4399999999999995,43,900.0,0.0,1
-56.0,1684.0,3,3.3,0.21000000000000002,61,900.0,0.0,1
-54.0,1771.0,-14,-14.0,0.0,160,900.0,0.0,-1
105.0,1145.5,20,10.6,12.64,107,900.0,0.0,0
42.0,1684.0,-1,-1.0,0.0,55,900.0,0.0,1
-199.0,2093.5,12,2.5,13.05,67,420.0,20.0,1
-28.0,1684.0,-2,-1.5,0.25,64,900.0,0.0,-1
154.0,2099.0,1,1.0,0.0,73,300.0,20.0,1
170.0,1490.0,10,1.9,7.890000000000001,19,900.0,0.0,1
-93.0,2106.5,0,-0.1,0.09,52,300.0,20.0,-1
74.0,1402.0,3,2.6,0.44000000000000006,51,1800.0,0.0,1
407.0,2102.5,8,0.5,17.25,45,900.0,0.0,1
102.0,1546.0,6,6.0,0.0,59,900.0,0.0,1
46.0,1684.0,-2,0.0,1.2,22,900.0,0.0,-1
22.0,1897.0,-4,-3.6,9.040000000000001,76,900.0,15.0,-1
-64.0,1684.0,4,1.2,7.960000000000001,63,900.0,0.0,1
-40.0,1897.0,5,2.5,6.25,59,900.0,15.0,1
141.0,1442.5,8,6.8,0.96,97,1800.0,0.0,1
-90.0,1546.0,1,1.0,0.0,88,900.0,0.0,-1
58.0,1897.0,-1,-2.9,1.6900000000000002,68,900.0,15.0,-1
110.0,1546.0,-8,-8.2,2.7600000000000002,68,900.0,0.0,-1
-78.0,1897.0,5,4.1,1.49,47,900.0,15.0,1
650.0,1900.0,-8,-3.4,6.04,32,900.0,1.0,-1
219.0,1698.5,-3,0.2,2.7600000000000002,92,900.0,0.0,-1
350.0,2050.0,-6,-2.3,6.609999999999999,26,900.0,1.0,-1
-211.0,1698.5,-12,-7.3,11.21,52,900.0,0.0,-1
203.0,1698.5,9,8.9,0.09,79,900.0,0.0,1
17.0,1391.5,13,6.0,7.8,49,1800.0,0.0,1
-313.0,1858.5,8,4.9,4.09,90,900.0,0.0,-1
-195.0,1698.5,-10,-9.3,0.21000000000000002,84,900.0,0.0,-1
350.0,2050.0,-5,-4.7,0.21000000000000002,46,900.0,1.0,-1
187.0,1698.5,7,7.0,0.0,97,900.0,0.0,1
-179.0,1698.5,-11,-5.3,14.01,116,900.0,0.0,-1
171.0,1698.5,11,4.4,9.84,47,900.0,0.0,1
-161.0,1698.5,-18,-9.3,10.809999999999999,46,900.0,0.0,-1
151.0,1698.5,-3,0.2,9.559999999999999,65,900.0,0.0,1
-141.0,1698.5,-10,-5.4,10.64,92,900.0,0.0,-1
-59.0,1842.5,13,8.0,12.8,105,900.0,0.0,1
24.0,1647.0,11,5.0,16.2,39,900.0,0.0,1
123.0,1568.5,10,2.8,9.96,47,900.0,0.0,1
20.0,1854.0,-5,-4.6,1.64,39,900.0,0.0,1
-74.0,1837.0,6,2.5,8.85,51,900.0,0.0,1
288.0,1521.0,13,4.9,7.290000000000001,71,1800.0,0.0,1
-403.0,2103.5,0,0.3,0.20999999999999996,64,900.0,0.0,-1
29.0,1868.5,-12,-6.7,4.41,54,900.0,0.0,-1
-507.0,2559.5,-2,-2.1,0.09,89,900.0,0.0,-1
-190.0,1784.0,1,1.4,0.8400000000000001,50,900.0,0.0,-1
-290.0,1241.0,-20,-20.0,0.0,104,900.0,0.0,-1
211.0,2200.5,4,3.2,1.36,63,900.0,0.0,1
-242.0,1522.0,11,3.8,5.76,125,900.0,0.0,1
-67.0,2266.5,-5,-5.0,0.0,158,900.0,0.0,-1
136.0,1570.0,1,3.3,1.41,75,900.0,0.0,1
-265.0,1361.5,-2,-1.3,0.21000000000000002,104,600.0,12.0,-1
279.0,2157.5,7,3.3,4.21,53,900.0,0.0,1
-269.0,1881.5,-23,-23.0,0.0,170,900.0,0.0,-1
152.0,2216.0,4,4.0,0.0,141,900.0,0.0,1
-64.0,1546.0,8,7.5,0.25,71,900.0,0.0,1
-543.0,2019.5,-11,-2.3,29.009999999999998,36,900.0,0.0,-1
-196.0,2193.0,-8,-1.4,5.039999999999999,70,900.0,0.0,-1
351.0,2113.5,2,3.2,1.7600000000000002,159,900.0,0.0,1
-207.0,1715.5,-6,-6.0,0.0,154,3600.0,30.0,-1
-10.0,2021.0,-4,-4.0,0.0,157,900.0,0.0,1
-412.0,2120.0,2,1.1,0.89,21,900.0,0.0,1
22.0,1877.0,-9,-4.5,11.85,30,900.0,0.0,-1
112.0,2078.0,3,2.8,5.76,52,900.0,0.0,1
-451.0,1720.5,-8,-7.2,2.3600000000000003,82,600.0,12.0,-1
-118.0,2078.0,3,0.9,2.6900000000000004,117,900.0,0.0,0
-238.0,1912.0,1,1.0,0.0,56,900.0,0.0,0
449.0,1720.5,13,11.7,4.01,91,600.0,12.0,1
288.0,1719.0,11,10.9,0.09,103,900.0,0.0,1
-447.0,1720.5,-18,-12.6,4.4399999999999995,62,600.0,12.0,-1
232.0,1912.0,12,12.0,0.0,43,900.0,0.0,1
124.0,2078.0,-1,-1.0,0.0,212,900.0,0.0,0
201.0,1659.5,-8,-3.5,2.25,68,900.0,0.0,-1
84.0,1546.0,-17,-13.8,19.96,126,900.0,0.0,-1
23.0,1648.5,-3,-1.3,6.01,124,900.0,0.0,0
-226.0,1912.0,-11,-9.2,1.16,68,900.0,0.0,-1
540.0,2560.0,4,2.9,1.6900000000000002,124,900.0,0.0,1
-41.0,1648.5,7,6.7,8.010000000000002,71,900.0,0.0,1
-113.0,1714.5,11,11.0,0.0,117,900.0,0.0,1
78.0,1874.0,13,13.4,2.04,97,1200.0,0.0,1
-150.0,1708.0,6,2.6,7.840000000000001,50,900.0,0.0,-1
64.0,1874.0,12,10.6,0.44000000000000006,55,1200.0,0.0,1
-188.0,1673.0,-5,-5.0,0.0,290,900.0,0.0,-1
538.0,2560.0,5,5.5,2.25,92,900.0,0.0,1
268.0,1661.0,5,4.1,5.290000000000001,91,900.0,0.0,1
-74.0,1606.0,3,2.7,0.21000000000000002,81,900.0,0.0,1
-112.0,2078.0,-1,0.3,2.0100000000000002,41,900.0,0.0,-1
100.0,2078.0,15,6.4,10.440000000000001,87,900.0,0.0,1
-126.0,1595.0,-5,-4.3,0.21000000000000002,108,900.0,0.0,-1
-42.0,1814.0,-5,-4.5,0.25,80,1200.0,5.0,-1
221.0,1867.5,-1,-1.3,0.21000000000000002,63,900.0,0.0,1
-122.0,2078.0,3,3.2,3.3600000000000003,53,900.0,0.0,1
109.0,1592.5,6,5.9,0.09,87,900.0,2.0,1
278.0,1721.0,8,7.9,0.09,105,900.0,0.0,1
110.0,2078.0,3,2.8,2.16,42,900.0,0.0,1
-98.0,2078.0,-3,-2.4,6.24,56,900.0,0.0,-1
-272.0,1721.0,-6,-4.5,1.65,46,900.0,0.0,-1
-216.0,1882.0,16,8.3,13.610000000000003,135,900.0,0.0,1
120.0,2078.0,-12,-7.6,11.24,48,900.0,0.0,-1
-60.0,1814.0,-7,-7.0,0.0,176,1200.0,5.0,1
289.0,1685.5,8,9.3,1.21,75,900.0,7.0,1
6.0,1762.0,-1,-2.2,0.96,34,900.0,0.0,-1
78.0,1614.0,-12,-6.4,13.440000000000001,164,900.0,0.0,-1
-108.0,2078.0,-4,-2.0,1.6,174,900.0,0.0,-1
-1.0,1765.5,-1,-0.9,0.09,84,900.0,0.0,-1
779.0,1592.5,13,11.3,0.61,71,900.0,0.0,1
-779.0,1592.5,-19,-10.8,7.5600000000000005,80,900.0,0.0,-1
82.0,1875.0,-10,-10.0,0.0,124,1200.0,0.0,-1
70.0,1516.0,0,-1.4,12.84,50,900.0,0.0,-1
73.0,1742.5,-6,-1.3,13.01,48,900.0,0.0,-1
-23.0,1746.5,-1,-0.9,1.8900000000000001,50,900.0,0.0,-1
571.0,1845.5,3,2.9,0.09,45,900.0,0.0,1
-93.0,1514.5,5,5.0,0.0,61,900.0,0.0,1
0.0,1614.0,4,3.2,0.36,83,900.0,0.0,1
-93.0,1742.5,8,7.0,0.2,55,900.0,0.0,1
100.0,1733.0,3,0.9,1.8900000000000001,21,900.0,0.0,1
61.0,1598.5,13,4.9,14.49,87,900.0,0.0,1
107.0,1739.5,-4,-4.1,0.09,66,900.0,0.0,-1
-64.0,1591.0,6,5.1,0.09,113,900.0,0.0,1
-95.0,1739.5,2,2.9,0.09,58,900.0,0.0,-1
67.0,1583.5,1,0.9,2.09,76,1200.0,5.0,1
-129.0,2077.5,4,3.9,0.09,141,900.0,0.0,1
10.0,1762.0,-10,-7.5,5.05,60,900.0,0.0,-1
83.0,1739.5,6,-2.6,10.44,57,900.0,0.0,1
437.0,1449.5,3,2.5,0.25,85,900.0,0.0,1
39.0,1807.5,6,3.0,3.0,81,900.0,0.0,1
135.0,2077.5,-1,-1.0,0.0,159,900.0,0.0,0
429.0,1774.5,12,2.3,12.809999999999999,43,900.0,0.0,1
-77.0,1588.5,5,1.6,1.44,99,900.0,0.0,1
90.0,1604.0,0,0.8,2.7600000000000002,57,1200.0,0.0,1
142.0,1626.0,16,11.3,13.41,87,900.0,0.0,1
329.0,1263.5,22,19.8,4.76,61,900.0,0.0,1
86.0,1755.0,-6,-5.5,2.25,64,900.0,0.0,-1
-288.0,1246.0,-14,-12.5,5.25,190,900.0,0.0,-1
302.0,1991.0,6,2.4,8.040000000000001,69,900.0,0.0,1
-67.0,1574.5,0,0.0,0.0,41,1800.0,0.0,1
-250.0,1683.0,-1,-0.8,0.36,56,900.0,0.0,-1
-161.0,1635.5,2,2.5,0.25,56,900.0,0.0,-1
277.0,1674.5,0,0.0,0.0,93,900.0,0.0,0
-138.0,1624.0,-18,-10.8,23.759999999999998,142,900.0,0.0,0
47.0,1812.5,-4,-3.1,0.09,106,900.0,0.0,-1
598.0,1855.0,2,1.5,0.65,45,900.0,0.0,1
-173.0,1578.5,11,10.0,0.2,89,900.0,0.0,1
181.0,1578.5,0,-0.1,0.09,105,900.0,0.0,0
319.0,1863.5,2,-1.7,1.61,89,900.0,0.0,1
-72.0,1546.0,1,-0.3,1.21,44,900.0,0.0,-1
-102.0,1732.0,-7,-5.5,5.25,100,900.0,0.0,-1
-122.0,2076.0,-3,-2.5,2.05,44,900.0,0.0,-1
-315.0,1863.5,-2,-1.7,0.21000000000000002,70,900.0,0.0,-1
-243.0,1543.5,-15,-12.9,7.6899999999999995,102,900.0,0.0,-1
-250.0,1911.0,-5,0.6,4.839999999999999,44,900.0,0.0,-1
-78.0,1601.0,-7,-0.6,5.040000000000001,46,900.0,0.0,-1
-298.0,1513.0,-3,-2.2,0.15999999999999998,29,900.0,0.0,-1
186.0,1885.0,1,0.9,0.09,85,900.0,0.0,1
-178.0,1629.0,-21,-17.0,16.0,122,900.0,0.0,-1
192.0,1562.0,1,1.1,0.09,97,900.0,0.0,1
525.0,1969.5,0,0.0,0.6,37,900.0,0.0,1
-183.0,1589.5,2,0.3,17.009999999999998,139,900.0,0.0,1
11.0,1684.5,2,1.9,1.29,34,900.0,0.0,1
170.0,1629.0,11,3.2,7.56,33,900.0,0.0,1
-216.0,1562.0,3,0.4,2.04,87,900.0,0.0,1
13.0,1688.5,-8,-6.5,1.85,39,900.0,0.0,-1
-160.0,1629.0,-5,-4.7,2.21,54,900.0,0.0,-1
167.0,1623.5,6,5.8,3.3600000000000003,55,900.0,0.0,1
150.0,1629.0,10,7.5,1.65,49,900.0,0.0,1
254.0,1567.0,-16,-9.5,14.65,176,900.0,0.0,-1
-6.0,1551.0,-18,-17.5,0.25,76,900.0,0.0,-1
14.0,1667.0,3,1.1,1.6900000000000002,103,900.0,0.0,1
-140.0,1629.0,-11,-11.0,0.0,144,900.0,0.0,-1
30.0,1687.0,-1,-1.0,0.0,84,900.0,0.0,-1
-32.0,1667.0,4,1.6,6.840000000000001,47,900.0,0.0,1
375.0,2132.5,4,2.6,2.04,43,900.0,10.0,1
-232.0,1591.0,9,2.7,8.61,47,900.0,0.0,1
-66.0,1898.0,0,0.0,0.0,74,900.0,15.0,-1
130.0,1629.0,13,13.0,0.0,183,900.0,0.0,1
50.0,1667.0,-4,2.0,4.8,64,900.0,0.0,-1
258.0,1591.0,-8,-7.3,6.81,54,900.0,0.0,-1
-252.0,1591.0,-2,-1.1,2.69,52,900.0,0.0,-1
-56.0,1793.0,-5,-4.5,0.25,88,900.0,0.0,-1
68.0,1876.0,-1,-0.4,0.6399999999999999,79,1200.0,0.0,1
246.0,1591.0,3,0.4,9.64,39,900.0,0.0,1
-20.0,1963.0,-9,-0.9,7.290000000000001,62,900.0,10.0,-1
-240.0,1591.0,-3,-0.3,0.8100000000000002,30,900.0,0.0,-1
234.0,1591.0,3,1.2,1.3599999999999999,37,900.0,0.0,1
-228.0,1591.0,-5,-1.6,1.44,44,900.0,0.0,-1
-171.0,1888.5,-6,-1.9,2.09,62,900.0,0.0,-1
272.0,1714.0,16,13.6,13.440000000000001,175,900.0,0.0,1
220.0,1591.0,6,3.8,1.7600000000000002,29,900.0,0.0,1
-212.0,1591.0,-4,-1.3,0.8100000000000002,60,900.0,0.0,-1
204.0,1591.0,-2,-2.0,0.0,59,900.0,0.0,1
-196.0,1591.0,-9,-1.0,7.2,18,900.0,0.0,-1
220.0,1591.0,-14,-8.5,5.05,70,900.0,0.0,-1
-36.0,1589.0,-9,-7.6,8.64,64,900.0,0.0,-1
-212.0,1591.0,-6,-0.3,5.01,22,900.0,0.0,-1
238.0,1591.0,-14,-6.8,5.76,90,900.0,0.0,-1
-264.0,1591.0,13,5.8,5.76,99,900.0,0.0,1
-309.0,1738.5,-12,-3.9,7.289999999999999,70,900.0,0.0,-1
7.0,1687.5,0,0.7,0.21000000000000002,38,900.0,0.0,-1
566.0,1593.0,6,2.5,7.65,31,900.0,0.0,1
-9.0,1684.5,-9,-8.1,0.09,144,900.0,0.0,-1
258.0,1591.0,5,1.4,2.44,19,900.0,0.0,1
42.0,1793.0,4,3.9,0.09,129,900.0,0.0,1
-252.0,1591.0,-1,0.2,0.96,20,900.0,0.0,-1
246.0,1591.0,-2,-1.3,0.21000000000000002,65,900.0,0.0,1
52.0,1898.0,-3,-3.5,2.25,47,900.0,15.0,1
-240.0,1591.0,-6,-1.5,2.25,70,900.0,0.0,-1
32.0,1633.0,-2,0.7,0.8100000000000002,64,900.0,0.0,-1
-7.0,1684.5,0,-1.0,0.2,57,900.0,0.0,1
234.0,1591.0,1,-0.6,8.84,23,900.0,0.0,1
-228.0,1591.0,-5,-0.2,2.76,92,900.0,0.0,-1
351.0,1732.5,0,0.6,0.8400000000000001,68,900.0,0.0,-1
-72.0,1898.0,6,5.7,2.41,69,900.0,15.0,1
220.0,1591.0,6,-2.1,7.289999999999999,37,900.0,0.0,1
-192.0,1683.0,9,9.0,0.0,157,900.0,0.0,1
-22.0,1686.0,7,7.0,0.0,63,900.0,0.0,1
-212.0,1591.0,-3,-1.8,0.76,52,900.0,0.0,-1
-114.0,1603.0,2,-0.2,3.3600000000000003,91,900.0,0.0,1
204.0,1591.0,0,0.3,0.8100000000000002,21,900.0,0.0,1
-196.0,1591.0,-1,-0.2,0.16000000000000003,16,900.0,0.0,-1
220.0,1591.0,2,2.5,2.25,40,900.0,0.0,-1
-246.0,1591.0,12,4.9,5.6899999999999995,109,900.0,0.0,1
40.0,1686.0,-1,-1.6,1.04,48,900.0,0.0,-1
169.0,1635.5,5,2.4,1.44,55,900.0,0.0,1
240.0,1591.0,5,-0.5,10.45,17,900.0,0.0,1
-266.0,1591.0,8,8.0,0.0,103,900.0,0.0,1
-26.0,1686.0,-12,-1.8,12.959999999999999,62,900.0,0.0,-1
-95.0,1804.5,1,1.0,0.0,110,900.0,0.0,0
260.0,1591.0,5,1.6,1.44,25,900.0,0.0,1
-254.0,1591.0,-7,-0.2,7.56,38,900.0,0.0,-1
280.0,1591.0,3,3.5,2.25,58,900.0,0.0,-1
586.0,1801.0,9,2.3,10.209999999999999,35,900.0,0.0,1
44.0,1686.0,-3,-3.2,3.3600000000000003,108,900.0,0.0,-1
-274.0,1591.0,6,5.2,0.15999999999999998,110,900.0,0.0,-1
268.0,1591.0,1,0.0,0.2,33,900.0,0.0,1
-262.0,1591.0,-2,0.7,0.8100000000000002,66,900.0,0.0,-1
272.0,1591.0,-2,-2.0,0.0,87,900.0,0.0,0
-266.0,1591.0,-1,-0.2,1.7600000000000002,40,900.0,0.0,-1
-30.0,1686.0,-7,-0.6,5.040000000000001,18,900.0,0.0,-1
58.0,1898.0,-2,-0.2,0.96,57,900.0,15.0,1
985.0,1833.5,10,7.6,1.44,43,900.0,0.0,1
260.0,1591.0,2,0.8,0.9599999999999997,29,900.0,0.0,1
-254.0,1591.0,-1,1.9,4.29,40,900.0,0.0,-1
248.0,1591.0,16,7.4,8.440000000000001,31,900.0,0.0,1
180.0,1909.0,6,3.3,8.61,65,900.0,0.0,1
-242.0,1591.0,-1,-0.1,0.09,10,900.0,0.0,-1
-204.0,1915.0,-2,-1.9,0.09,82,900.0,0.0,-1
-266.0,1590.0,-5,1.7,5.8100000000000005,42,900.0,0.0,-1
236.0,1591.0,1,0.4,1.44,29,900.0,0.0,1
-94.0,2036.0,-2,-4.0,3.0,98,900.0,0.0,-1
-230.0,1591.0,-2,-1.1,0.09,24,900.0,0.0,-1
224.0,1591.0,7,1.3,5.01,41,900.0,0.0,1
-216.0,1591.0,1,1.0,0.0,74,900.0,0.0,-1
566.0,1819.0,-10,-10.0,0.0,240,900.0,0.0,-1
-48.0,1788.0,0,-0.1,0.09,26,900.0,0.0,-1
-634.0,2008.0,-1,-0.5,0.25,28,900.0,0.0,-1
189.0,1918.5,5,1.3,6.21,27,900.0,0.0,1
208.0,1591.0,1,0.6,0.24000000000000005,25,900.0,0.0,1
-73.0,2023.5,1,1.0,0.0,147,900.0,0.0,0
78.0,1613.0,0,0.7,0.21000000000000002,64,900.0,0.0,-1
-216.0,1591.0,1,1.0,0.0,44,900.0,0.0,0
174.0,1558.0,3,3.0,0.0,116,900.0,0.0,-1
606.0,1790.0,1,0.1,0.09,31,900.0,0.0,1
116.0,2036.0,-2,-0.7,1.0100000000000002,52,900.0,0.0,-1
72.0,1741.0,9,9.0,0.0,135,900.0,0.0,1
-564.0,1819.0,-4,-4.1,0.69,90,900.0,0.0,-1
-104.0,2036.0,-5,-5.1,0.09,112,900.0,0.0,-1
109.0,2104.5,-4,-7.2,2.7600000000000002,95,900.0,0.0,-1
214.0,1594.0,-3,-3.0,0.0,109,900.0,0.0,1
562.0,1819.0,-1,-1.0,0.0,71,900.0,0.0,1
58.0,1493.0,2,-0.2,1.9600000000000002,24,900.0,0.0,1
-206.0,1594.0,-3,-0.3,0.8100000000000002,20,900.0,0.0,-1
232.0,1594.0,-14,-6.7,6.01,120,900.0,0.0,-1
-560.0,1819.0,-6,-2.1,1.89,68,900.0,0.0,-1
-258.0,1594.0,10,4.4,13.440000000000001,131,900.0,0.0,1
-78.0,1898.0,3,1.9,0.89,125,900.0,15.0,1
-297.0,1614.5,-1,-0.2,0.36000000000000004,54,900.0,0.0,-1
296.0,1253.0,24,24.0,0.0,95,900.0,0.0,1
284.0,1594.0,-15,-6.3,9.209999999999997,140,900.0,0.0,-1
82.0,1613.0,1,1.0,0.0,94,900.0,0.0,0
-109.0,2148.5,-3,-3.2,1.7600000000000002,84,900.0,0.0,-1
-278.0,1594.0,-1,-0.3,1.0100000000000002,26,900.0,0.0,-1
272.0,1594.0,4,0.9,8.290000000000001,49,900.0,0.0,1
-34.0,1694.0,-1,-1.3,0.21000000000000002,75,1200.0,10.0,1
-266.0,1594.0,-3,-0.8,2.16,20,900.0,0.0,-1
260.0,1594.0,-2,-4.4,3.2399999999999998,63,900.0,0.0,1
-44.0,1963.0,0,-2.2,7.56,123,900.0,0.0,0
64.0,1898.0,2,0.4,0.8400000000000001,61,900.0,15.0,1
-62.0,1850.0,0,0.0,0.0,65,900.0,0.0,-1
362.0,2108.0,4,7.5,20.65,69,900.0,0.0,1
68.0,2011.0,-9,-9.8,0.16,114,900.0,0.0,-1
-124.0,1842.0,8,4.2,1.7600000000000002,81,900.0,0.0,1
18.0,1694.0,5,4.3,6.21,91,1200.0,10.0,1
184.0,1644.0,-19,-10.3,29.01,78,900.0,0.0,-1
22.0,1966.0,2,1.6,0.24,113,900.0,0.0,1
226.0,1765.0,0,0.1,0.09,33,900.0,0.0,1
-208.0,1644.0,4,3.7,0.8099999999999999,39,900.0,0.0,1
200.0,1644.0,16,15.2,5.76,149,900.0,0.0,1
-304.0,1698.0,-5,-0.5,2.25,92,900.0,0.0,-1
771.0,1588.5,7,2.1,4.290000000000001,103,900.0,0.0,1
-97.0,1725.5,-4,-2.4,9.040000000000001,46,900.0,0.0,-1
-75.0,1800.5,0,0.1,0.09,53,900.0,0.0,1
-771.0,1588.5,-1,-0.1,0.09,16,900.0,0.0,-1
300.0,1698.0,17,10.9,9.69,87,900.0,0.0,1
-79.0,2006.5,2,2.0,0.0,93,900.0,0.0,1
43.0,1756.5,-5,-1.4,8.639999999999999,44,900.0,0.0,-1
79.0,1800.5,1,1.0,0.0,144,900.0,0.0,0
-61.0,1756.5,2,-1.2,3.3600000000000003,95,900.0,0.0,1
50.0,1898.0,-2,-2.5,2.25,61,900.0,15.0,1
47.0,1756.5,11,7.5,5.25,129,900.0,0.0,1
-174.0,1917.0,0,0.0,0.0,16,900.0,0.0,-1
-65.0,1756.5,1,0.6,2.24,89,900.0,0.0,1
103.0,1612.5,6,3.1,1.09,53,900.0,0.0,1
51.0,1756.5,-3,-3.2,2.56,55,900.0,0.0,1
771.0,1588.5,10,2.7,7.210000000000001,39,900.0,0.0,1
-55.0,1944.5,1,0.3,0.20999999999999996,89,2700.0,45.0,1
70.0,1718.0,0,0.5,1.65,23,900.0,0.0,1
-771.0,1588.5,-15,-8.3,7.210000000000001,76,900.0,0.0,-1
-183.0,1656.5,-11,-6.7,19.41,48,900.0,0.0,-1
522.0,2551.0,7,6.9,3.0900000000000003,68,900.0,0.0,1
-71.0,1709.5,0,0.3,0.8100000000000002,91,900.0,0.0,1
771.0,1588.5,14,8.4,12.440000000000001,65,900.0,0.0,1
-183.0,1996.5,-11,-9.1,7.890000000000001,64,900.0,0.0,-1
296.0,1255.0,25,21.0,13.8,37,900.0,0.0,1
60.0,1535.0,7,7.3,0.21000000000000002,41,900.0,0.0,1
19.0,1729.5,-4,-4.0,0.0,104,900.0,0.0,-1
-70.0,1898.0,17,6.4,18.04,63,900.0,15.0,1
49.0,1714.5,3,0.3,0.8100000000000002,43,900.0,0.0,1
-369.0,1691.5,-16,-16.0,0.0,92,900.0,0.0,-1
90.0,1898.0,-5,-4.7,0.21000000000000002,62,900.0,15.0,-1
14.0,1675.0,1,0.5,0.85,39,900.0,0.0,1
125.0,1616.5,-2,0.1,4.49,92,900.0,0.0,-1
20.0,1484.0,0,-0.8,2.7600000000000002,43,900.0,0.0,1
-442.0,1437.0,-5,-2.0,2.4,78,900.0,0.0,-1
88.0,1604.0,2,-0.7,2.6100000000000003,47,900.0,0.0,1
-101.0,1698.5,9,8.3,0.21000000000000002,95,900.0,0.0,1
132.0,1485.0,0,-3.8,3.96,187,900.0,0.0,0
152.0,1484.0,11,5.0,25.2,33,900.0,0.0,1
36.0,1657.0,15,5.9,9.69,79,900.0,0.0,1
-122.0,1485.0,1,0.7,2.61,34,900.0,0.0,-1
-771.0,1588.5,-5,-5.1,0.09,74,900.0,0.0,-1
771.0,1588.5,17,9.8,23.56,87,900.0,0.0,1
-301.0,1851.5,-3,-0.1,1.49,38,900.0,0.0,-1
-110.0,1898.0,2,3.1,1.6900000000000002,59,900.0,15.0,1
-79.0,1152.5,-11,-4.7,17.009999999999998,86,900.0,0.0,-1
73.0,1533.5,-7,-7.0,0.0,154,900.0,0.0,-1
98.0,1898.0,1,0.1,7.290000000000001,87,900.0,15.0,1
-120.0,1898.0,7,4.7,2.21,41,900.0,15.0,1
297.0,1851.5,1,0.2,5.5600000000000005,32,900.0,0.0,1
65.0,1528.5,-19,-12.2,5.5600000000000005,104,900.0,0.0,0
-62.0,1532.0,-11,-11.2,1.7599999999999998,88,900.0,0.0,-1
210.0,2209.0,6,0.6,11.04,45,900.0,0.0,1
-108.0,1898.0,0,-0.4,0.24000000000000005,74,900.0,15.0,-1
-27.0,1540.5,-9,-4.7,15.41,90,900.0,0.0,-1
-6.0,1738.0,-1,-1.0,0.0,28,900.0,0.0,-1
-291.0,1851.5,0,0.0,0.0,65,900.0,0.0,-1
355.0,2025.5,0,-0.1,0.09,55,900.0,1.0,-1
112.0,1898.0,2,1.9,0.09,65,900.0,15.0,0
17.0,1767.5,7,5.9,0.89,61,1200.0,5.0,1
-113.0,1616.5,-21,-15.9,11.690000000000001,56,900.0,0.0,-1
64.0,1702.0,1,0.6,0.44000000000000006,117,900.0,10.0,1
285.0,1851.5,9,4.4,2.44,45,900.0,0.0,1
639.0,2551.5,1,0.1,7.290000000000001,91,900.0,1.0,1
-279.0,1851.5,-2,-0.8,0.36,22,900.0,0.0,-1
17.0,1496.5,-6,-4.3,8.61,92,600.0,12.0,-1
273.0,1851.5,1,0.7,0.21000000000000002,33,900.0,0.0,1
-92.0,1524.0,10,9.2,4.76,141,900.0,0.0,1
-78.0,2079.0,18,14.0,16.0,121,900.0,0.0,1
-218.0,1621.0,-16,-5.3,17.609999999999996,92,900.0,0.0,-1
-267.0,1851.5,-2,-0.8,0.9599999999999997,36,900.0,0.0,-1
-417.0,1927.5,-3,-2.9,0.49000000000000005,42,900.0,0.0,-1
80.0,1749.0,-13,-13.0,0.0,122,900.0,0.0,-1
520.0,2551.0,2,3.5,1.05,88,900.0,0.0,1
-35.0,1823.5,-2,-2.0,0.0,156,900.0,0.0,-1
80.0,1663.0,4,0.5,10.05,65,900.0,0.0,1
500.0,2040.0,12,11.7,15.209999999999999,53,900.0,0.0,1
-420.0,2021.0,-10,-6.6,13.440000000000001,58,900.0,0.0,-1
359.0,2108.5,21,16.2,19.56,65,900.0,0.0,1
276.0,1844.0,0,-0.1,0.09,51,900.0,0.0,1
67.0,1152.5,25,25.0,0.0,97,900.0,0.0,1
142.0,2212.0,3,1.8,0.36,79,900.0,0.0,1
-616.0,1412.0,-5,-1.4,19.440000000000005,45,900.0,0.0,1
-304.0,1844.0,-2,-1.9,0.09,71,900.0,0.0,1
64.0,1532.0,-5,-5.0,0.0,71,900.0,0.0,0
-4.0,1923.0,1,1.0,0.0,171,2700.0,30.0,1
300.0,1844.0,2,1.5,2.25,70,900.0,0.0,1
176.0,1767.0,0,-0.1,0.09,31,900.0,5.0,-1
44.0,1676.0,9,8.4,2.2399999999999998,71,900.0,2.0,1
-544.0,2556.0,-8,-5.1,11.09,79,900.0,0.0,-1
53.0,1823.5,-16,-12.1,22.89,158,900.0,0.0,-1
-99.0,1693.5,6,2.4,8.639999999999999,45,900.0,2.0,1
-33.0,1753.5,-15,-7.8,5.76,112,900.0,0.0,-1
35.0,1753.5,-1,-1.0,0.0,99,900.0,0.0,0
87.0,1891.5,9,9.7,12.41,71,900.0,0.0,1
641.0,1928.5,10,5.3,8.610000000000001,54,1980.0,33.0,1
-19.0,1753.5,2,1.7,0.8099999999999999,48,900.0,0.0,-1
-39.0,1823.5,-8,-7.3,0.21000000000000002,58,900.0,0.0,-1
3.0,1753.5,10,2.8,17.36,67,900.0,0.0,1
-69.0,1888.5,-8,-8.0,0.0,120,900.0,0.0,-1
76.0,1882.0,-6,-5.4,0.24,86,1200.0,0.0,-1
96.0,1882.0,-19,-18.2,5.76,126,1200.0,0.0,-1
92.0,1700.0,7,2.2,4.5600000000000005,53,900.0,0.0,1
108.0,1683.0,0,0.1,0.09,37,900.0,0.0,1
-112.0,1700.0,8,8.0,0.0,101,900.0,0.0,1
-74.0,1521.0,-17,-13.2,21.96,114,900.0,0.0,-1
39.0,1763.5,9,5.8,1.36,43,1200.0,0.0,1
100.0,1700.0,11,7.1,9.69,81,900.0,0.0,1
57.0,1823.5,-8,-6.9,3.4899999999999998,102,900.0,0.0,-1
-24.0,1763.0,-8,-4.2,4.36,36,1200.0,0.0,-1
118.0,1882.0,-13,-13.0,0.0,128,1200.0,0.0,-1
-22.0,1626.0,-5,-5.0,0.0,140,900.0,2.0,-1
56.0,1749.0,0,0.0,0.0,133,1200.0,5.0,0
-162.0,1664.0,-16,-13.6,13.440000000000001,216,900.0,0.0,-1
6.0,1626.0,11,8.0,11.8,109,900.0,2.0,1
152.0,1664.0,11,9.7,6.8100000000000005,107,900.0,0.0,1
284.0,2139.0,2,0.7,1.01,39,900.0,0.0,1
-158.0,1664.0,-2,-2.0,0.0,133,900.0,0.0,0
-266.0,1369.0,-3,-0.6,1.44,51,600.0,12.0,-1
148.0,1664.0,16,13.6,13.440000000000001,71,900.0,0.0,1
-138.0,1664.0,-11,-10.8,2.1599999999999997,52,900.0,0.0,-1
64.0,1693.0,-4,-3.9,0.09,64,900.0,0.0,-1
-296.0,1825.0,0,6.5,10.65,150,900.0,0.0,0
545.0,2554.5,9,2.1,12.690000000000001,70,900.0,0.0,1
-40.0,1744.0,1,1.0,0.0,113,900.0,0.0,1
106.0,1882.0,9,5.0,6.0,83,1200.0,0.0,1
-85.0,1753.5,3,3.9,2.09,75,900.0,0.0,1
-286.0,1594.0,14,6.8,5.76,137,900.0,0.0,1
94.0,1521.0,-10,-5.1,10.690000000000001,84,900.0,0.0,-1
280.0,1594.0,2,0.1,0.49000000000000005,13,900.0,0.0,1
-124.0,1674.0,3,2.5,0.25,117,900.0,0.0,1
268.0,1594.0,0,0.0,0.0,11,900.0,0.0,1
-262.0,1594.0,-1,-0.2,0.16000000000000003,16,900.0,0.0,-1
256.0,1594.0,9,0.9,7.290000000000001,47,900.0,0.0,1
-250.0,1594.0,-2,-1.7,0.21000000000000002,56,900.0,0.0,-1
244.0,1594.0,0,-0.3,1.0099999999999998,35,900.0,0.0,1
73.0,1737.5,-3,-3.8,0.15999999999999998,48,900.0,0.0,-1
-238.0,1594.0,1,0.5,6.45,40,900.0,0.0,-1
232.0,1594.0,3,1.8,3.96,55,900.0,0.0,1
88.0,1727.0,4,0.0,2.0,75,1200.0,5.0,1
128.0,1882.0,-11,-8.8,5.5600000000000005,108,1200.0,0.0,-1
-242.0,1594.0,0,0.0,0.0,101,900.0,0.0,0
490.0,2036.0,10,9.7,0.8099999999999999,67,900.0,0.0,1
114.0,1674.0,8,6.5,2.25,87,900.0,0.0,1
236.0,1594.0,4,0.7,3.01,131,900.0,0.0,1
-246.0,1594.0,0,0.0,0.0,28,900.0,0.0,0
240.0,1594.0,7,2.4,2.4399999999999995,41,900.0,0.0,1
-234.0,1594.0,-4,1.0,3.0,76,900.0,0.0,-1
228.0,1594.0,10,2.3,9.010000000000002,23,900.0,0.0,1
-220.0,1594.0,-3,0.0,1.8,30,900.0,0.0,-1
230.0,1594.0,-5,-5.0,0.0,110,900.0,0.0,0
-224.0,1594.0,-2,-2.0,0.0,78,900.0,0.0,-1
-173.0,1592.5,-10,-2.8,5.76,126,600.0,12.0,-1
216.0,1594.0,5,0.5,2.25,83,900.0,0.0,1
-433.0,1427.5,10,11.0,4.0,81,900.0,2.0,1
-242.0,1594.0,1,-0.4,13.040000000000001,53,900.0,0.0,1
430.0,1428.0,3,3.0,0.0,67,900.0,2.0,1
95.0,1728.5,-6,-0.3,4.41,22,900.0,0.0,-1
236.0,1594.0,2,1.9,0.09,65,900.0,0.0,1
-427.0,1428.5,-5,-0.2,3.3600000000000003,56,900.0,2.0,-1
-230.0,1594.0,-9,-0.6,8.84,24,900.0,0.0,-1
89.0,1667.5,14,8.7,15.809999999999999,53,300.0,15.0,1
224.0,1594.0,6,1.6,2.24,65,900.0,0.0,1
-71.0,1810.5,-3,-0.3,0.8100000000000002,52,900.0,0.0,-1
-234.0,1594.0,-1,-1.0,0.0,50,900.0,0.0,0
-77.0,1667.5,-8,-8.0,0.0,134,300.0,15.0,-1
228.0,1594.0,8,2.9,3.09,67,900.0,0.0,1
-220.0,1594.0,-3,-2.1,0.09,78,900.0,0.0,-1
212.0,1594.0,2,-0.8,0.9599999999999997,75,900.0,0.0,1
-104.0,2078.0,-24,-12.0,21.6,44,900.0,0.0,-1
-238.0,1594.0,9,5.6,17.44,33,900.0,0.0,1
118.0,1882.0,2,1.5,0.25,87,1200.0,0.0,1
232.0,1594.0,0,2.1,1.8900000000000001,53,900.0,0.0,1
-226.0,1594.0,-1,-1.4,0.24,58,900.0,0.0,-1
218.0,1594.0,2,1.0,0.2,27,900.0,0.0,1
-228.0,1594.0,0,0.0,0.0,74,900.0,0.0,0
574.0,1800.0,6,3.3,0.8099999999999999,155,900.0,0.0,1
220.0,1594.0,4,3.0,2.0,31,900.0,0.0,1
-230.0,1594.0,1,1.0,0.0,78,900.0,0.0,0
-204.0,1693.0,-3,-3.0,0.0,79,900.0,0.0,0
9.0,1826.5,-9,-9.0,0.0,86,900.0,7.0,-1
256.0,1594.0,-13,-5.8,5.76,134,900.0,0.0,-1
-250.0,1594.0,-3,-0.6,1.44,14,900.0,0.0,-1
244.0,1594.0,9,1.2,7.56,39,900.0,0.0,1
-238.0,1594.0,-5,-2.2,0.96,34,900.0,0.0,-1
249.0,1718.5,20,17.1,16.089999999999996,69,900.0,0.0,1
-46.0,1801.0,-13,-12.9,0.09,120,1200.0,5.0,-1
15.0,1568.5,-8,-7.8,2.1599999999999997,72,900.0,0.0,-1
107.0,1653.5,19,18.3,0.21000000000000002,123,900.0,0.0,1
-42.0,1784.0,9,1.5,8.45,51,900.0,0.0,1
-129.0,1653.5,11,8.7,2.21,103,900.0,0.0,1
119.0,1653.5,10,9.3,0.21000000000000002,83,900.0,0.0,1
-3.0,1814.5,-7,-7.0,0.0,66,1200.0,0.0,-1
-141.0,1653.5,2,0.4,10.440000000000001,61,900.0,0.0,1
322.0,2173.0,-5,-5.0,0.0,110,900.0,0.0,-1
131.0,1653.5,9,8.1,0.09,131,900.0,0.0,1
17.0,1761.5,2,1.8,8.16,89,1200.0,5.0,1
-107.0,1875.5,-6,-1.9,4.89,84,900.0,0.0,-1
-318.0,2173.0,-4,-4.0,0.0,108,900.0,0.0,-1
129.0,1875.5,-9,-1.8,5.76,158,900.0,0.0,-1
-161.0,1633.5,-3,-1.7,2.41,46,900.0,0.0,-1
92.0,2078.0,-1,1.5,9.25,62,900.0,0.0,1
-112.0,1689.0,-10,-6.4,11.24,98,1200.0,5.0,-1
34.0,1787.0,19,7.8,28.159999999999997,141,900.0,0.0,1
128.0,2217.0,5,0.5,2.25,33,900.0,0.0,1
64.0,1714.0,0,0.0,0.0,27,900.0,0.0,1
-284.0,1698.0,-4,-4.5,10.65,76,900.0,0.0,-1
-96.0,2078.0,-1,-1.0,0.0,84,900.0,0.0,0
278.0,1698.0,8,7.5,0.25,147,900.0,0.0,1
-396.0,2173.0,-4,-3.0,2.4,46,900.0,0.0,-1
-18.0,1787.0,-4,-3.9,1.89,82,900.0,0.0,-1
392.0,2173.0,0,0.3,0.8100000000000002,32,900.0,0.0,1
118.0,2078.0,-4,-1.2,9.360000000000001,62,900.0,0.0,-1
-134.0,1610.0,3,-1.5,2.25,55,1200.0,0.0,1
-272.0,1698.0,-14,-10.4,3.44,76,900.0,0.0,-1
-13.0,1631.5,-5,-5.1,0.09,89,1200.0,5.0,1
-259.0,1739.5,-6,-5.8,2.1599999999999997,54,900.0,0.0,-1
266.0,1698.0,12,12.0,0.0,77,900.0,0.0,1
15.0,1779.5,-1,-1.4,0.8400000000000001,71,900.0,0.0,1
-140.0,2078.0,5,4.3,0.21000000000000002,131,900.0,0.0,1
233.0,1594.5,1,1.1,0.09,91,900.0,0.0,1
-227.0,1594.5,-2,-0.1,0.49000000000000005,28,900.0,0.0,-1
219.0,1594.5,6,-2.1,7.289999999999999,47,900.0,0.0,1
-388.0,2173.0,-1,-1.4,2.04,51,900.0,0.0,-1
-211.0,1594.5,-2,-2.0,0.0,58,900.0,0.0,-1
237.0,1594.5,-12,-4.8,5.76,126,900.0,0.0,-1
70.0,1584.0,-3,-2.5,1.05,35,900.0,0.0,1
-263.0,1594.5,9,8.7,0.21000000000000002,99,900.0,0.0,1
384.0,2173.0,4,2.9,3.4900000000000007,45,900.0,0.0,1
257.0,1594.5,4,2.8,1.16,47,900.0,0.0,1
-251.0,1594.5,1,1.1,0.09,100,900.0,0.0,-1
-322.0,1495.0,1,0.7,0.21000000000000002,47,900.0,2.0,1
-380.0,2173.0,-5,-3.7,3.81,43,900.0,0.0,-1
277.0,1594.5,-8,-8.0,0.0,102,900.0,0.0,-1
-98.0,1451.0,1,1.3,0.21000000000000002,46,600.0,12.0,-1
-271.0,1594.5,-2,-1.3,0.21000000000000002,64,900.0,0.0,-1
376.0,2173.0,4,1.0,1.2,79,900.0,0.0,1
265.0,1594.5,10,1.9,7.289999999999999,39,900.0,0.0,1
-259.0,1594.5,-2,-1.2,0.16,78,900.0,0.0,-1
253.0,1594.5,1,3.0,2.0,53,900.0,0.0,1
-247.0,1594.5,-11,-3.0,7.2,88,900.0,0.0,-1
-135.0,1774.5,6,5.3,6.81,103,900.0,0.0,1
257.0,1594.5,-1,-1.0,0.0,81,900.0,0.0,0
103.0,1780.5,0,2.6,2.04,170,900.0,0.0,0
-251.0,1594.5,-3,-2.2,0.76,48,900.0,0.0,-1
-372.0,2173.0,1,-0.2,2.16,37,900.0,0.0,-1
-239.0,1594.5,-3,-0.2,0.96,20,900.0,0.0,-1
233.0,1594.5,4,2.1,6.69,47,900.0,0.0,1
-227.0,1594.5,-2,-2.0,0.6,78,900.0,0.0,-1
-299.0,1845.5,-3,-0.8,7.959999999999999,71,900.0,0.0,-1
219.0,1594.5,-1,0.3,6.8100000000000005,59,900.0,0.0,1
-211.0,1594.5,-7,-2.2,4.16,58,900.0,0.0,-1
203.0,1594.5,1,1.2,1.3599999999999999,39,900.0,0.0,1
-25.0,1920.5,-1,-1.0,0.0,86,900.0,0.0,-1
-195.0,1594.5,-2,-0.1,0.49000000000000005,32,900.0,0.0,-1
187.0,1594.5,5,-0.1,4.29,37,900.0,0.0,1
25.0,1697.5,-21,-18.6,13.440000000000001,158,900.0,0.0,-1
-179.0,1594.5,-5,-0.2,5.16,54,900.0,0.0,-1
-368.0,2173.0,-7,-5.1,1.89,50,900.0,0.0,-1
171.0,1594.5,8,1.0,6.4,49,900.0,0.0,1
-161.0,1594.5,-5,-0.5,2.25,58,900.0,0.0,-1
151.0,1594.5,4,1.5,0.85,41,900.0,0.0,1
62.0,1538.0,4,3.5,1.45,67,900.0,0.0,1
-157.0,1594.5,1,1.0,0.0,69,900.0,0.0,0
-244.0,1513.0,-1,-1.4,1.04,30,900.0,5.0,-1
181.0,1594.5,-10,-4.4,13.440000000000001,138,900.0,0.0,-1
227.0,1611.5,17,15.9,7.090000000000001,121,900.0,0.0,1
-173.0,1594.5,-6,-3.2,12.760000000000002,46,900.0,0.0,-1
-115.0,1778.5,-5,-4.4,0.8400000000000001,88,900.0,0.0,-1
-439.0,1927.5,-10,-5.7,3.41,40,900.0,0.0,-1
163.0,1594.5,2,2.3,2.21,81,900.0,0.0,1
364.0,2173.0,2,0.5,4.25,49,900.0,0.0,1
-59.0,1746.5,-8,-1.9,8.09,60,900.0,0.0,-1
-571.0,1994.5,-3,-0.7,1.4099999999999997,28,900.0,0.0,-1
-153.0,1594.5,-8,-2.3,5.01,34,900.0,0.0,-1
161.0,2077.5,2,3.0,1.2,58,900.0,0.0,-1
-360.0,2173.0,-1,-0.4,1.04,23,900.0,0.0,-1
15.0,1669.5,-1,-1.8,0.36,75,900.0,0.0,1
356.0,2173.0,1,0.4,0.8400000000000001,31,900.0,0.0,1
-61.0,1511.5,0,0.0,0.0,10,1200.0,0.0,-1
177.0,1594.5,1,2.7,1.81,38,900.0,0.0,-1
-169.0,1594.5,-4,-0.7,1.4099999999999997,22,900.0,0.0,-1
177.0,1594.5,-1,-1.9,7.289999999999999,43,900.0,0.0,0
-169.0,1594.5,-4,-0.5,2.05,22,900.0,0.0,-1
-151.0,2077.5,-3,-3.0,0.0,73,900.0,0.0,-1
598.0,2062.0,1,1.1,0.49000000000000005,34,900.0,0.0,-1
4.0,1963.0,-1,-1.5,2.25,71,900.0,5.0,1
442.0,1931.0,5,3.9,1.09,82,900.0,0.0,1
92.0,1525.0,-8,-7.0,0.2,118,900.0,0.0,0
-41.0,1689.5,-9,-8.3,0.21000000000000002,74,900.0,0.0,-1
135.0,1904.5,-4,-4.0,0.0,69,900.0,0.0,1
-22.0,1963.0,8,8.0,0.0,103,900.0,5.0,1
431.0,1552.5,5,5.0,0.0,75,1200.0,5.0,1
53.0,1727.5,0,0.0,1.2,52,900.0,0.0,-1
113.0,1617.5,-2,1.7,1.61,76,900.0,0.0,-1
24.0,1963.0,0,-0.7,0.8099999999999999,67,900.0,5.0,0
25.0,1998.5,0,0.5,0.25,86,900.0,0.0,-1
-84.0,1789.0,-5,-2.9,1.89,72,900.0,0.0,-1
-43.0,1998.5,-1,-1.0,0.0,77,900.0,0.0,1
-23.0,1699.5,3,4.7,0.8099999999999999,49,900.0,0.0,-1
70.0,1790.0,12,10.8,0.96,59,900.0,0.0,1
425.0,1548.5,5,5.1,0.09,89,900.0,0.0,1
-137.0,1898.5,-4,-2.9,0.29,82,900.0,0.0,-1
-231.0,1592.5,-1,-1.2,1.9600000000000002,60,900.0,0.0,-1
353.0,2153.5,3,1.6,2.4399999999999995,71,900.0,5.0,1
359.0,1935.5,-1,-0.6,0.8400000000000001,41,900.0,0.0,1
-354.0,1935.0,-7,-4.4,3.2399999999999998,52,900.0,0.0,-1
-190.0,1596.0,13,8.7,7.81,67,900.0,0.0,1
145.0,1607.5,-2,-2.0,0.0,52,900.0,0.0,-1
-349.0,2153.5,-2,-1.2,0.16,88,900.0,5.0,-1
-775.0,1724.5,0,0.3,0.20999999999999996,10,900.0,0.0,-1
774.0,1725.0,7,6.5,0.25,41,900.0,0.0,1
116.0,1472.0,6,3.1,6.890000000000001,69,900.0,0.0,1
-1023.0,1849.5,-4,-3.7,0.21000000000000002,66,900.0,0.0,-1
-43.0,1729.5,-9,-0.6,8.64,40,900.0,0.0,-1
206.0,1886.0,-15,-10.9,15.290000000000001,144,900.0,0.0,-1
173.0,1604.5,-1,0.4,1.6400000000000001,44,900.0,0.0,-1
245.0,1565.5,7,6.3,0.21000000000000002,95,900.0,0.0,1
-23.0,1992.5,-5,0.6,4.839999999999999,50,900.0,0.0,-1
-352.0,2173.0,-2,-2.4,6.639999999999999,32,900.0,0.0,-1
7.0,1992.5,4,3.1,0.09,95,900.0,0.0,1
147.0,1829.5,1,0.1,7.290000000000001,81,900.0,0.0,1
-134.0,1898.0,9,7.5,1.05,41,900.0,15.0,1
-44.0,1695.0,2,1.2,2.7600000000000002,29,900.0,0.0,1
348.0,2173.0,1,0.8,0.9599999999999997,109,900.0,0.0,1
9.0,1992.5,-5,-3.8,0.76,86,900.0,0.0,-1
-27.0,1992.5,3,2.9,0.09,127,900.0,0.0,1
30.0,1695.0,-2,-2.1,3.29,45,900.0,0.0,1
-705.0,1395.5,-6,-1.3,3.21,36,900.0,10.0,-1
45.0,1992.5,-5,-3.6,0.44000000000000006,92,900.0,0.0,-1
-31.0,1992.5,-3,-0.5,2.85,56,900.0,0.0,-1
49.0,1992.5,-2,-1.2,0.36,96,900.0,0.0,-1
-35.0,1992.5,-1,-0.4,0.8400000000000001,18,900.0,0.0,-1
-344.0,2173.0,-7,-2.6,2.24,60,900.0,0.0,-1
53.0,1992.5,-3,-2.6,0.44000000000000006,106,900.0,0.0,-1
48.0,1695.0,-6,-1.2,3.96,14,900.0,0.0,-1
-66.0,1695.0,1,0.1,1.2900000000000003,35,900.0,0.0,1
-73.0,1992.5,5,3.4,1.44,61,900.0,0.0,1
-138.0,1893.0,-3,-0.9,0.6900000000000001,78,900.0,0.0,-1
59.0,1992.5,2,0.8,0.9599999999999997,105,900.0,0.0,1
-242.0,1712.0,-10,-6.4,1.44,120,900.0,0.0,-1
86.0,1695.0,-4,-4.0,0.0,142,900.0,0.0,-1
340.0,2173.0,5,2.3,0.8099999999999999,45,900.0,0.0,1
137.0,2160.5,4,2.5,1.85,65,900.0,0.0,1
-45.0,1992.5,-5,-4.7,0.8099999999999999,62,900.0,0.0,-1
-545.0,2553.5,-2,-1.4,0.24,95,900.0,0.0,-1
-109.0,2152.5,-10,-5.6,9.84,136,900.0,0.0,-1
31.0,1992.5,1,2.2,9.360000000000003,51,900.0,0.0,1
-74.0,1695.0,-9,-3.9,3.09,50,900.0,0.0,-1
236.0,1712.0,10,9.4,0.44000000000000006,113,900.0,0.0,1
-10.0,1967.0,-3,-2.9,0.09,90,900.0,5.0,-1
-15.0,1992.5,-1,-0.6,2.24,48,900.0,0.0,-1
124.0,1898.0,-1,-0.7,1.21,41,900.0,15.0,1
-10.0,1967.0,0,-0.9,7.290000000000001,249,900.0,5.0,0
187.0,1726.5,3,0.9,2.6900000000000004,39,900.0,0.0,1
33.0,1992.5,-3,-1.4,0.44000000000000006,98,900.0,0.0,-1
171.0,1876.5,-2,-1.5,0.25,116,900.0,0.0,-1
-112.0,1898.0,-12,-3.3,9.809999999999999,42,900.0,15.0,-1
-17.0,1992.5,-1,-0.3,1.01,62,900.0,0.0,-1
100.0,1898.0,0,-2.7,13.41,29,900.0,15.0,1
35.0,1992.5,-4,-4.0,0.0,106,900.0,0.0,-1
-53.0,1992.5,5,3.4,1.44,61,900.0,0.0,1
-262.0,1712.0,8,3.8,7.5600000000000005,105,900.0,0.0,1
60.0,1695.0,-1,-1.9,1.89,61,900.0,0.0,1
-80.0,1695.0,-2,2.0,4.0,49,900.0,0.0,1
-211.0,1594.5,-6,-6.8,0.76,57,900.0,0.0,1
-232.0,1684.0,26,23.1,9.09,129,900.0,0.0,1
237.0,1594.5,5,3.5,2.25,40,900.0,0.0,-1
-137.0,1904.5,2,1.7,0.21000000000000002,101,900.0,0.0,1
229.0,1611.5,-6,-6.0,0.0,154,900.0,0.0,-1
-336.0,2173.0,-12,-7.0,12.4,74,900.0,0.0,-1
-221.0,1611.5,-4,-0.6,1.44,18,900.0,0.0,-1
213.0,1611.5,0,0.0,0.0,29,900.0,0.0,1
-427.0,1774.5,-7,-2.5,2.25,74,900.0,0.0,-1
21.0,2233.5,-1,-1.0,0.0,90,900.0,0.0,-1
332.0,2173.0,1,1.3,0.8100000000000002,57,900.0,0.0,1
84.0,1750.0,-1,-1.0,0.0,20,900.0,0.0,-1
-104.0,1750.0,1,0.9,12.489999999999998,31,900.0,0.0,1
92.0,1750.0,8,4.4,14.440000000000001,99,900.0,0.0,1
28.0,1566.0,-3,-2.0,0.6,38,900.0,0.0,-1
276.0,1702.0,6,3.9,10.889999999999999,16,900.0,0.0,1
-80.0,1750.0,-11,-10.0,0.6,86,900.0,0.0,-1
66.0,1750.0,9,4.4,24.04,57,900.0,0.0,1
-328.0,2173.0,-7,-2.6,3.6400000000000006,74,900.0,0.0,-1
-52.0,1750.0,-8,-8.0,0.0,72,900.0,0.0,-1
72.0,1750.0,-3,-3.1,1.29,62,900.0,0.0,-1
-92.0,1750.0,0,0.3,0.8100000000000002,31,900.0,0.0,1
186.0,1917.0,3,-0.5,4.05,45,900.0,0.0,1
-100.0,1750.0,-13,-9.3,1.6099999999999999,80,900.0,0.0,-1
-203.0,1602.5,3,3.0,0.0,47,900.0,0.0,0
229.0,1602.5,-5,-5.0,0.0,172,900.0,0.0,-1
-233.0,1583.5,-5,-0.5,2.25,58,900.0,0.0,-1
324.0,2173.0,0,0.3,0.8100000000000002,29,900.0,0.0,1
-255.0,1602.5,7,7.8,0.15999999999999998,139,900.0,0.0,1
-320.0,2173.0,-4,-3.3,2.81,74,900.0,0.0,-1
227.0,1583.5,2,1.5,0.25,36,900.0,0.0,1
249.0,1602.5,13,4.2,11.560000000000002,37,900.0,0.0,1
-243.0,1602.5,-7,0.3,6.01,66,900.0,0.0,-1
-219.0,1583.5,-2,-0.9,1.29,72,900.0,0.0,-1
253.0,1602.5,-2,-2.0,0.0,61,900.0,0.0,0
618.0,1710.0,16,11.6,2.2399999999999998,57,900.0,0.0,1
-247.0,1602.5,-4,-3.3,0.21000000000000002,44,900.0,0.0,-1
316.0,2173.0,1,0.5,2.25,63,900.0,0.0,1
241.0,1602.5,7,-0.1,8.889999999999999,53,900.0,0.0,1
-111.0,1631.5,-10,-9.9,4.29,66,900.0,0.0,-1
66.0,1864.0,-6,-6.7,1.21,93,900.0,0.0,1
-235.0,1602.5,2,1.1,1.89,24,900.0,0.0,-1
229.0,1602.5,5,2.9,1.89,43,900.0,0.0,1
-221.0,1602.5,-4,-2.6,0.44000000000000006,84,900.0,0.0,-1
133.0,1631.5,0,0.1,0.09,90,900.0,0.0,-1
213.0,1602.5,-1,-1.9,0.09,93,900.0,0.0,1
-221.0,1602.5,0,0.0,0.0,38,900.0,0.0,0
213.0,1602.5,1,0.8,2.16,29,900.0,0.0,1
-205.0,1602.5,-2,-1.1,1.29,40,900.0,0.0,-1
-55.0,1739.5,-15,-9.4,13.440000000000001,142,900.0,0.0,-1
-102.0,1457.0,-6,-3.2,3.3600000000000003,122,900.0,0.0,-1
5.0,1961.5,3,-1.2,5.16,39,900.0,5.0,1
41.0,1739.5,19,8.3,16.61,85,900.0,0.0,1
-123.0,1631.5,-21,-18.9,4.09,96,900.0,0.0,-1
340.0,1547.0,1,-0.2,0.96,19,900.0,0.0,1
-336.0,1547.0,-5,-5.0,0.0,44,900.0,0.0,-1
332.0,1547.0,0,0.0,0.0,15,900.0,0.0,1
-328.0,1547.0,-9,-0.9,7.290000000000001,26,900.0,0.0,-1
324.0,1547.0,3,-1.5,2.25,123,900.0,0.0,1
-21.0,1961.5,12,7.7,13.809999999999999,127,900.0,5.0,1
32.0,1662.0,-13,-6.0,8.2,74,900.0,0.0,-1
289.0,1892.5,8,5.4,7.44,33,900.0,0.0,1
-320.0,1547.0,-7,-3.2,5.76,68,900.0,0.0,-1
316.0,1547.0,7,5.0,21.6,63,900.0,0.0,1
35.0,1578.5,-9,-6.9,3.0900000000000003,76,900.0,0.0,-1
-312.0,1547.0,-9,-0.9,7.290000000000001,26,900.0,0.0,-1
308.0,1547.0,8,0.1,7.890000000000001,47,900.0,0.0,1
-304.0,1547.0,-7,-7.1,0.89,80,900.0,0.0,-1
543.0,2553.5,6,3.0,6.0,106,900.0,0.0,1
39.0,1961.5,-8,-6.0,6.6,116,900.0,5.0,-1
-88.0,1898.0,1,0.4,0.24000000000000005,32,900.0,15.0,-1
300.0,1547.0,4,1.9,2.49,47,900.0,0.0,1
13.0,1647.5,-1,-0.7,0.8100000000000002,158,900.0,0.0,-1
-295.0,1546.5,-8,-0.7,6.01,46,900.0,0.0,-1
77.0,2065.5,-4,-4.0,0.0,162,900.0,0.0,-1
289.0,1546.5,5,1.4,9.440000000000001,57,900.0,0.0,1
-472.0,1931.0,5,-0.6,6.039999999999999,87,900.0,0.0,1
-283.0,1546.5,-8,-3.4,2.4399999999999995,52,900.0,0.0,-1
98.0,2866.0,2,2.0,0.0,122,900.0,1.0,1
-53.0,1578.5,3,3.2,0.15999999999999998,95,900.0,0.0,1
277.0,1546.5,2,0.3,1.0099999999999998,37,900.0,0.0,1
-305.0,1546.5,10,9.1,0.09,109,900.0,0.0,1
301.0,1546.5,6,5.2,5.76,107,900.0,0.0,1
76.0,1898.0,0,-0.5,0.25,29,900.0,15.0,1
42.0,1666.0,-8,-5.7,9.809999999999999,130,900.0,0.0,-1
-81.0,2065.5,0,0.0,0.0,97,900.0,0.0,0
-297.0,1546.5,-1,2.0,2.4,58,900.0,0.0,-1
157.0,1557.5,9,1.4,7.239999999999999,39,900.0,0.0,1
-137.0,2093.5,-1,-1.0,0.0,31,900.0,0.0,-1
325.0,1546.5,-10,-10.0,0.0,116,900.0,0.0,-1
116.0,1542.0,4,1.7,3.6099999999999994,35,900.0,0.0,1
-62.0,1898.0,-2,0.7,0.8100000000000002,60,900.0,15.0,-1
647.0,2546.5,11,5.4,13.440000000000001,79,900.0,1.0,1
-321.0,1546.5,-9,-0.9,7.290000000000001,14,900.0,0.0,-1
317.0,1546.5,11,4.0,6.4,45,900.0,0.0,1
-313.0,1546.5,-5,-1.6,3.04,52,900.0,0.0,-1
-106.0,2868.0,1,1.0,0.0,140,900.0,1.0,0
101.0,2065.5,0,0.1,0.09,78,900.0,0.0,-1
309.0,1546.5,7,1.2,4.5600000000000005,37,900.0,0.0,1
-28.0,1666.0,-9,-0.9,7.290000000000001,24,900.0,0.0,-1
48.0,1898.0,0,-1.9,0.49000000000000005,39,900.0,15.0,1
82.0,1521.0,-6,-5.7,0.21000000000000002,88,900.0,0.0,-1
-707.0,2515.5,-5,-3.4,2.44,80,900.0,1.0,-1
-34.0,1898.0,-1,-1.3,1.4099999999999997,48,900.0,15.0,-1
0.0,1644.0,-1,-0.4,0.8400000000000001,42,900.0,0.0,-1
52.0,1898.0,-12,-6.8,16.96,42,900.0,15.0,-1
414.0,1632.0,17,11.5,21.05,89,900.0,0.0,1
311.0,1858.5,14,6.7,6.01,81,900.0,0.0,1
-307.0,1858.5,-10,-9.3,0.21000000000000002,104,900.0,0.0,-1
-65.0,1821.5,-7,-4.7,7.010000000000001,72,900.0,3.0,-1
303.0,1858.5,14,6.7,6.01,81,900.0,0.0,1
263.0,1880.5,4,2.9,1.29,149,900.0,0.0,1
-299.0,1858.5,-5,-4.3,0.21000000000000002,84,900.0,0.0,-1
57.0,1498.5,-9,-7.7,7.209999999999999,144,900.0,0.0,-1
65.0,1821.5,-3,-0.3,0.8100000000000002,52,900.0,3.0,-1
5.0,1641.5,1,1.0,0.0,117,900.0,0.0,0
295.0,1858.5,14,6.7,6.01,81,900.0,0.0,1
-289.0,1858.5,-7,-6.3,0.21000000000000002,98,900.0,0.0,-1
-72.0,1898.0,10,2.8,5.76,111,900.0,15.0,1
-21.0,1641.5,2,2.1,0.09,113,900.0,0.0,1
-70.0,1649.0,-2,-0.7,6.8100000000000005,67,900.0,0.0,1
59.0,1975.5,3,4.0,7.4,61,900.0,0.0,1
-94.0,2079.0,12,12.0,0.0,187,900.0,0.0,1
85.0,2863.5,6,2.1,16.89,96,900.0,1.0,1
287.0,1841.5,5,-0.8,4.5600000000000005,53,900.0,0.0,1
-92.0,1898.0,6,2.9,7.489999999999999,69,900.0,15.0,1
-224.0,1905.0,0,0.0,0.0,67,900.0,0.0,1
6.0,1703.0,0,0.0,0.0,99,900.0,0.0,1
-92.0,2865.0,0,0.0,0.0,114,900.0,1.0,0
120.0,2077.0,1,1.9,0.09,60,900.0,0.0,-1
-24.0,1703.0,6,6.0,0.0,75,900.0,0.0,1
8.0,1703.0,13,7.3,23.21,127,900.0,0.0,1
67.0,2859.5,3,3.1,7.49,114,900.0,1.0,1
-113.0,1516.5,2,1.6,0.24,59,900.0,0.0,1
114.0,1898.0,-21,-11.5,40.65,62,900.0,15.0,-1
8.0,1703.0,-2,-1.0,0.6,56,900.0,0.0,-1
-106.0,2078.0,-1,0.0,3.0,56,900.0,0.0,-1
8.0,1703.0,0,-0.5,2.25,56,900.0,0.0,-1
8.0,1703.0,-12,-3.4,8.44,126,900.0,0.0,-1
-74.0,2861.0,0,0.0,0.0,40,900.0,1.0,0
-149.0,1636.5,19,6.2,28.160000000000004,107,900.0,0.0,1
-35.0,1674.5,-11,-6.5,2.25,92,900.0,0.0,-1
-35.0,2306.5,-6,-5.2,0.15999999999999998,53,900.0,0.0,-1
240.0,1685.0,5,4.5,0.25,27,900.0,0.0,1
142.0,1520.0,-9,-8.6,1.44,88,900.0,0.0,-1
-300.0,2137.0,-18,-5.4,42.24,114,900.0,0.0,-1
-130.0,1746.0,5,0.8,2.7600000000000002,21,900.0,0.0,1
152.0,1746.0,-2,-0.9,0.29000000000000004,26,900.0,0.0,-1
-142.0,1746.0,-15,-7.3,6.8100000000000005,120,900.0,0.0,-1
816.0,1611.0,7,7.7,0.21000000000000002,79,900.0,0.0,1
132.0,1746.0,10,5.6,6.04,119,900.0,0.0,1
-724.0,1886.0,0,-0.2,0.16000000000000003,45,1980.0,33.0,-1
-122.0,1746.0,-5,-3.8,8.36,68,900.0,0.0,-1
110.0,1746.0,9,7.4,3.6399999999999997,73,900.0,0.0,1
-132.0,1746.0,13,2.5,14.25,39,900.0,0.0,1
154.0,1746.0,2,-0.8,2.1599999999999997,134,900.0,0.0,-1
-115.0,1544.5,14,6.8,5.76,147,900.0,0.0,1
-230.0,1885.0,10,2.5,11.85,79,900.0,0.0,1
-816.0,1611.0,-3,-2.9,0.09,72,900.0,0.0,-1
224.0,1885.0,12,8.7,3.81,51,900.0,0.0,1
-216.0,1885.0,-12,-9.2,4.36,88,900.0,0.0,-1
208.0,1885.0,9,9.8,0.36,81,900.0,0.0,1
-200.0,1885.0,0,0.3,0.8100000000000002,42,900.0,0.0,-1
192.0,1885.0,11,11.0,0.0,125,900.0,0.0,1
133.0,1767.5,9,0.6,8.64,39,900.0,0.0,1
-184.0,1885.0,-8,-3.3,11.010000000000002,132,900.0,0.0,-1
-639.0,1535.5,-1,-0.4,0.8400000000000001,40,900.0,0.0,-1
-155.0,1767.5,6,5.7,0.21000000000000002,77,900.0,0.0,1
179.0,1767.5,-7,-5.1,6.49,54,900.0,0.0,-1
208.0,1885.0,1,1.1,0.09,52,900.0,0.0,-1
-200.0,1885.0,-10,-9.1,4.29,82,900.0,0.0,-1
102.0,1145.0,-16,-4.9,18.69,76,900.0,0.0,-1
192.0,1885.0,1,1.3,0.8100000000000002,30,900.0,0.0,1
177.0,2379.5,9,4.9,12.49,68,900.0,0.0,1
-305.0,2169.5,-1,-0.4,0.8400000000000001,20,900.0,0.0,-1
184.0,1885.0,-1,-1.0,0.0,65,900.0,0.0,1
-176.0,1885.0,-19,-15.4,13.040000000000001,156,900.0,0.0,-1
127.0,2093.5,3,2.5,0.85,55,900.0,0.0,1
-117.0,2093.5,-1,-0.1,4.29,56,900.0,0.0,-1
-79.0,1714.5,-10,-3.4,15.239999999999998,50,900.0,0.0,-1
-130.0,1684.0,-9,-4.2,2.7600000000000002,68,900.0,0.0,-1
-143.0,1525.5,-23,-18.5,22.25,96,900.0,0.0,-1
644.0,1776.0,4,1.6,3.2399999999999998,39,900.0,0.0,1
-283.0,1712.5,-15,-12.6,13.440000000000001,114,900.0,0.0,-1
22.0,1696.0,2,2.9,7.889999999999999,49,900.0,0.0,1
194.0,1555.0,11,10.7,0.21000000000000002,91,900.0,2.0,1
-489.0,2045.5,-3,-5.1,1.29,54,900.0,0.0,-1
311.0,1712.5,8,5.8,8.959999999999999,46,900.0,0.0,-1
-186.0,1555.0,-13,-12.8,0.16,78,900.0,2.0,-1
-307.0,1712.5,-4,-2.4,2.64,24,900.0,0.0,-1
-36.0,1666.0,-6,-3.7,4.41,81,900.0,0.0,1
-157.0,1529.5,11,7.6,21.44,35,900.0,0.0,1
22.0,1666.0,4,-0.4,3.4400000000000004,85,900.0,0.0,1
522.0,1713.0,1,0.4,0.24000000000000005,23,900.0,10.0,1
-167.0,2409.5,-7,-5.5,7.65,72,900.0,0.0,-1
-138.0,1814.0,-3,-3.3,0.21000000000000002,67,900.0,0.0,1
-48.0,2004.0,-6,-5.8,0.15999999999999998,104,900.0,0.0,-1
303.0,1712.5,16,12.3,1.6099999999999999,125,900.0,0.0,1
-299.0,1712.5,-18,-16.4,2.04,86,900.0,0.0,-1
-62.0,1723.0,49,41.8,5.76,161,900.0,0.0,1
-675.0,2022.5,-5,-5.0,3.0,58,900.0,0.0,-1
133.0,1759.5,7,2.1,4.090000000000001,43,900.0,0.0,1
-6.0,1666.0,-3,-3.5,2.25,54,900.0,0.0,-1
-115.0,1475.5,-13,-9.7,1.6099999999999999,58,900.0,0.0,-1
-10.0,1666.0,-1,-1.0,0.0,39,900.0,0.0,1
293.0,1712.5,12,5.7,17.009999999999998,45,900.0,0.0,1
-58.0,1657.0,4,0.3,1.61,139,900.0,0.0,0
331.0,2122.5,5,4.4,1.44,29,900.0,0.0,1
198.0,1621.0,-12,-3.2,8.760000000000002,96,900.0,0.0,-1
-261.0,1683.5,16,16.0,0.0,155,900.0,0.0,1
28.0,1666.0,-21,-12.3,41.61,52,900.0,0.0,-1
-46.0,1666.0,4,1.2,10.36,71,900.0,0.0,1
64.0,1666.0,-18,-14.5,6.25,58,900.0,0.0,-1
-292.0,1296.0,9,9.0,0.0,78,900.0,10.0,1
-382.0,2095.0,-14,-7.8,13.960000000000003,104,900.0,0.0,-1
35.0,1837.5,7,4.1,1.09,37,900.0,0.0,1
-241.0,1886.5,-6,-5.9,0.09,86,900.0,0.0,-1
-218.0,1627.0,-3,-2.0,0.2,112,900.0,0.0,0
97.0,1729.5,-12,-8.4,22.64,132,1200.0,5.0,-1
287.0,1683.5,-18,-18.0,0.0,116,900.0,0.0,-1
121.0,1754.5,4,4.2,0.15999999999999998,125,900.0,0.0,1
112.0,2090.0,10,8.5,5.25,57,900.0,0.0,1
-30.0,1670.0,3,1.6,1.44,30,900.0,2.0,-1
199.0,1621.5,1,0.1,0.6900000000000001,15,900.0,0.0,1
-118.0,2090.0,-7,-7.0,0.0,81,900.0,0.0,0
-191.0,1621.5,-3,-2.6,2.44,62,900.0,0.0,-1
-96.0,1761.0,-8,-6.1,0.49000000000000005,110,900.0,0.0,-1
173.0,2376.5,2,-0.1,9.69,72,900.0,0.0,1
37.0,2005.5,2,-0.4,1.44,63,900.0,0.0,1
-76.0,1580.0,6,6.0,12.8,27,900.0,0.0,1
62.0,1580.0,17,9.8,5.76,137,900.0,0.0,1
29.0,1504.5,4,3.9,0.49000000000000005,29,900.0,0.0,1
84.0,1827.0,-3,-2.1,1.89,36,900.0,0.0,-1
37.0,1509.5,5,6.2,0.96,38,600.0,12.0,-1
-53.0,2256.5,-4,-3.1,1.89,104,900.0,0.0,-1
-156.0,2409.0,0,1.0,7.2,78,900.0,0.0,-1
-21.0,1509.5,-13,-4.1,10.89,54,600.0,12.0,-1
156.0,1567.0,-9,-9.0,0.0,174,900.0,0.0,-1
-180.0,1567.0,12,6.4,13.440000000000001,131,900.0,0.0,1
145.0,2408.5,3,1.5,2.25,75,900.0,0.0,1
-321.0,1666.5,0,-1.8,8.16,87,900.0,0.0,1
-130.0,2218.0,-5,-1.6,12.239999999999998,86,900.0,0.0,-1
-162.0,1567.0,-5,-2.6,1.44,32,900.0,0.0,-1
152.0,1567.0,8,0.0,9.2,67,900.0,0.0,1
-119.0,1820.5,10,7.6,2.6399999999999997,129,900.0,0.0,1
203.0,1737.5,-1,-1.0,0.0,108,900.0,0.0,-1
816.0,1611.0,0,1.0,1.6,49,900.0,0.0,1
266.0,1642.0,7,6.9,0.09,67,1200.0,5.0,1
-142.0,1567.0,-1,-0.8,1.7599999999999998,94,900.0,0.0,-1
166.0,1567.0,-10,-6.0,7.2,50,900.0,0.0,-1
-156.0,1567.0,-2,-1.2,1.9600000000000002,28,900.0,0.0,-1
164.0,1567.0,3,-1.5,2.25,157,900.0,0.0,0
302.0,1639.0,-8,-3.0,5.0,64,1200.0,20.0,-1
260.0,1642.0,8,6.5,0.45,105,1200.0,5.0,1
-424.0,1614.0,-1,-1.8,0.16,66,900.0,0.0,-1
-188.0,1567.0,-5,-2.2,12.36,35,900.0,0.0,1
-148.0,2052.0,-4,-3.7,0.8099999999999999,118,900.0,0.0,-1
-589.0,2134.5,-8,-5.9,1.29,69,900.0,0.0,-1
-172.0,1567.0,0,-0.3,0.20999999999999996,62,900.0,0.0,-1
164.0,1567.0,8,2.7,3.41,57,900.0,0.0,1
-154.0,1567.0,-9,-4.5,2.25,50,900.0,0.0,-1
144.0,1567.0,4,1.5,1.65,39,900.0,0.0,1
-230.0,1409.0,8,8.0,0.0,83,900.0,0.0,1
16.0,1766.0,-15,-16.2,0.56,126,900.0,0.0,-1
147.0,2086.5,-10,-2.8,5.76,158,900.0,0.0,-1
-134.0,1567.0,-4,-3.8,2.7600000000000002,44,900.0,0.0,-1
124.0,1567.0,7,1.8,8.959999999999999,37,900.0,0.0,1
138.0,2052.0,6,6.0,0.0,121,900.0,0.0,1
-112.0,1567.0,-4,-2.1,0.49000000000000005,40,900.0,0.0,-1
288.0,1872.0,5,2.9,4.89,57,900.0,0.0,1
100.0,1567.0,0,0.0,0.0,111,900.0,0.0,1
9.0,1511.5,7,6.3,0.21000000000000002,95,600.0,12.0,1
-122.0,1567.0,14,8.4,13.440000000000001,119,900.0,0.0,1
-137.0,1766.5,0,0.0,0.0,133,900.0,0.0,-1
144.0,1567.0,-13,-5.8,5.76,134,900.0,0.0,-1
-46.0,1731.0,13,5.4,8.64,81,900.0,0.0,1
-134.0,1567.0,-8,-2.5,3.85,46,900.0,0.0,-1
124.0,1567.0,5,3.9,0.89,67,900.0,0.0,1
-137.0,2086.5,-4,-1.6,1.44,45,900.0,0.0,-1
-114.0,1567.0,-4,-0.7,2.0100000000000002,28,900.0,0.0,-1
31.0,1767.5,-8,-8.0,0.0,100,900.0,0.0,-1
102.0,1567.0,5,2.3,2.0100000000000002,37,900.0,0.0,1
-124.0,1567.0,4,3.4,0.24,113,900.0,0.0,1
102.0,1884.0,5,5.0,0.0,165,900.0,0.0,0
-128.0,2052.0,-5,-3.1,0.49000000000000005,118,900.0,0.0,-1
114.0,1567.0,4,1.6,1.44,25,900.0,0.0,1
-102.0,1567.0,-3,-0.6,1.44,12,900.0,0.0,-1
159.0,2086.5,-3,-2.5,0.25,96,900.0,0.0,-1
90.0,1567.0,4,-0.8,2.76,41,900.0,0.0,1
-110.0,1567.0,9,9.0,0.0,105,900.0,0.0,1
-90.0,1884.0,-10,-1.2,8.760000000000002,68,900.0,0.0,-1
81.0,1553.5,6,3.7,0.8099999999999999,83,600.0,12.0,1
132.0,1567.0,-1,-1.6,0.24,58,900.0,0.0,-1
-122.0,1567.0,-2,-2.3,0.8099999999999999,54,900.0,0.0,-1
-153.0,1773.5,4,1.8,7.5600000000000005,44,900.0,0.0,1
144.0,1567.0,-11,-9.6,0.44000000000000006,98,900.0,0.0,-1
-63.0,1674.5,-5,-5.0,0.0,59,900.0,0.0,1
-149.0,2086.5,-5,-4.5,2.25,36,900.0,0.0,-1
-168.0,1567.0,8,8.0,0.0,95,900.0,0.0,1
158.0,1567.0,3,1.0,1.8,43,900.0,0.0,1
80.0,1640.0,21,20.2,5.76,83,900.0,0.0,1
13.0,1691.5,2,2.5,2.25,73,900.0,0.0,1
-148.0,1567.0,-3,-1.1,0.49000000000000005,30,900.0,0.0,-1
-19.0,1514.5,1,1.0,0.6,37,600.0,12.0,1
138.0,1567.0,5,-0.5,10.45,37,900.0,0.0,1
3.0,1514.5,2,2.0,0.0,45,600.0,12.0,1
252.0,1987.0,1,0.2,0.16000000000000003,30,900.0,0.0,1
-137.0,1566.5,-1,-0.5,4.45,60,900.0,5.0,-1
-19.0,1514.5,9,7.5,2.25,115,600.0,12.0,1
-242.0,1989.0,-12,-4.2,10.559999999999999,70,900.0,0.0,-1
-180.0,1910.0,12,4.9,5.6899999999999995,109,900.0,0.0,1
-17.0,1646.5,0,1.0,1.4,137,900.0,2.0,0
3.0,1691.5,0,-0.8,5.5600000000000005,54,900.0,0.0,-1
-211.0,1501.5,-6,-4.2,12.959999999999999,27,900.0,0.0,1
13.0,1691.5,-2,-2.3,0.8099999999999999,40,900.0,0.0,-1
1144.0,2326.0,5,1.7,3.81,59,900.0,5.0,1
-31.0,1691.5,3,1.7,1.8099999999999998,47,900.0,0.0,1
-131.0,1771.5,21,18.6,13.440000000000001,123,900.0,0.0,1
15.0,1691.5,7,3.8,3.3600000000000003,53,900.0,0.0,1
129.0,1688.5,5,2.2,3.56,40,900.0,0.0,1
83.0,1832.5,9,6.2,2.16,60,900.0,0.0,1
-44.0,1492.0,0,0.8,0.16,81,600.0,12.0,1
1.0,1691.5,-3,-3.0,0.0,40,900.0,0.0,-1
-55.0,1645.5,-10,-8.3,2.41,42,900.0,0.0,-1
15.0,1691.5,-3,-3.1,0.09,84,900.0,0.0,-1
-283.0,1842.5,0,0.1,1.89,62,900.0,0.0,-1
124.0,1685.0,9,8.1,1.49,59,900.0,0.0,1
38.0,2220.0,-5,-5.1,0.09,116,900.0,0.0,-1
193.0,1598.5,1,1.0,0.0,36,900.0,0.0,1
-166.0,1802.0,2,1.7,0.21000000000000002,63,900.0,0.0,1
124.0,2083.0,4,1.9,3.69,37,900.0,0.0,1
179.0,1617.5,1,7.5,10.65,133,900.0,0.0,1
302.0,1831.0,3,2.1,12.09,29,900.0,0.0,1
-75.0,1592.5,-16,-13.0,22.4,60,900.0,0.0,-1
490.0,1931.0,-16,-13.6,13.440000000000001,162,900.0,0.0,-1
-298.0,1831.0,-5,-2.1,1.8900000000000001,70,900.0,0.0,-1
-171.0,1617.5,-7,-7.1,1.29,76,900.0,0.0,-1
195.0,1783.5,5,3.5,0.65,131,900.0,0.0,1
111.0,1568.5,3,1.8,2.16,63,900.0,0.0,1
15.0,1687.5,0,7.3,6.01,136,900.0,0.0,0
161.0,1617.5,-6,-3.9,1.8900000000000001,35,900.0,0.0,1
97.0,2281.5,1,0.0,0.6,145,900.0,0.0,1
-50.0,1996.0,5,2.8,6.5600000000000005,20,900.0,0.0,1
-463.0,1911.5,1,1.0,0.0,26,900.0,0.0,-1
52.0,1996.0,1,1.0,0.0,382,900.0,0.0,0
-124.0,1765.0,-6,-1.5,2.25,52,900.0,0.0,-1
106.0,2080.0,4,1.9,3.69,37,900.0,0.0,1
3.0,1630.5,-2,-1.4,1.44,76,900.0,0.0,-1
-248.0,1648.0,3,-0.5,5.25,49,900.0,0.0,1
38.0,1654.0,-1,-0.7,0.8100000000000002,96,900.0,5.0,-1
112.0,1765.0,5,0.1,3.4900000000000007,35,900.0,0.0,1
-38.0,1654.0,7,6.7,0.21000000000000002,89,900.0,5.0,1
-54.0,1996.0,5,4.7,0.8099999999999999,65,900.0,0.0,0
-4.0,1781.0,10,6.0,16.0,181,900.0,0.0,1
38.0,1654.0,3,0.3,2.6100000000000003,25,900.0,5.0,1
-38.0,1654.0,8,8.2,0.76,57,900.0,5.0,1
40.0,1996.0,5,5.0,0.0,189,900.0,0.0,1
-389.0,1684.5,0,0.0,0.0,10,900.0,0.0,-1
-539.0,2553.5,-16,-8.8,12.959999999999999,89,900.0,0.0,-1
-41.0,1961.5,-2,-2.0,0.0,187,900.0,5.0,0
724.0,1886.0,7,6.7,16.009999999999998,47,1980.0,33.0,1
-90.0,1145.0,-23,-22.1,1.09,82,900.0,0.0,-1
94.0,1145.0,-6,-6.0,0.0,91,900.0,0.0,0
244.0,1851.0,0,0.0,2.0,71,900.0,0.0,1
170.0,1911.0,9,9.0,0.0,88,900.0,0.0,1
97.0,1670.5,-2,-1.0,0.6,104,900.0,0.0,-1
-22.0,1522.0,-1,-0.8,0.36,69,900.0,0.0,1
228.0,1628.0,4,-0.1,4.090000000000001,177,900.0,0.0,1
376.0,1813.0,15,12.6,13.440000000000001,153,900.0,0.0,1
-128.0,1555.0,-23,-15.8,5.76,98,900.0,0.0,-1
-198.0,1909.0,0,-0.1,0.09,71,900.0,0.0,1
-141.0,1761.5,12,12.8,0.16,83,900.0,0.0,1
191.0,1535.5,-11,-1.1,30.089999999999996,98,900.0,0.0,-1
-183.0,1535.5,-1,-1.7,1.6099999999999999,66,900.0,0.0,-1
-116.0,1672.0,-1,-1.0,0.0,37,900.0,0.0,1
-57.0,1662.5,-9,-9.0,0.0,168,900.0,0.0,-1
-67.0,1742.5,0,0.0,0.0,72,900.0,0.0,-1
-286.0,1686.0,-9,-9.0,0.0,140,900.0,0.0,-1
77.0,1662.5,-15,-15.2,1.56,56,900.0,0.0,-1
32.0,1532.0,-3,-3.0,0.0,67,1200.0,5.0,1
-104.0,1899.0,-1,-0.9,9.690000000000001,144,900.0,15.0,-1
-91.0,1521.5,4,3.4,2.6399999999999997,61,900.0,0.0,1
-110.0,1818.0,5,-3.0,7.8,75,900.0,0.0,-1
104.0,1672.0,13,10.0,1.2,111,900.0,0.0,1
-91.0,1584.5,-2,-2.0,0.0,72,900.0,0.0,-1
280.0,1686.0,9,9.0,0.0,115,900.0,0.0,1
146.0,1516.0,-10,-9.1,2.0900000000000003,108,900.0,0.0,-1
-63.0,1662.5,-9,-6.1,6.890000000000001,140,900.0,0.0,-1
132.0,1818.0,-5,-5.1,0.09,60,900.0,0.0,-1
49.0,1662.5,11,11.0,0.0,101,900.0,0.0,1
-170.0,2373.0,-11,-7.3,9.01,79,900.0,0.0,-1
-31.0,1665.5,-3,-0.3,0.8100000000000002,48,900.0,0.0,-1
-274.0,1686.0,-11,-8.4,11.440000000000001,100,900.0,0.0,-1
-55.0,1672.5,-11,-8.5,6.25,170,900.0,0.0,-1
227.0,1655.5,3,3.0,0.2,73,1200.0,5.0,1
10.0,1647.0,-3,-3.0,0.0,115,900.0,0.0,-1
92.0,1899.0,0,-1.1,0.6900000000000001,29,900.0,15.0,1
41.0,1672.5,-1,-0.8,0.9599999999999997,47,900.0,0.0,1
-59.0,1672.5,6,4.8,0.76,59,900.0,0.0,1
45.0,1672.5,10,5.0,10.8,97,900.0,0.0,1
-281.0,1829.5,-9,-0.8,7.56,40,900.0,0.0,-1
124.0,1609.0,11,8.2,2.96,75,1200.0,10.0,1
-63.0,1672.5,8,5.4,1.44,71,900.0,0.0,1
58.0,1707.0,-3,-3.0,0.0,101,900.0,0.0,0
-80.0,1899.0,1,0.7,0.21000000000000002,58,900.0,15.0,-1
275.0,1829.5,0,0.0,0.0,29,900.0,0.0,1
-284.0,1243.0,-31,-30.9,0.09,88,900.0,0.0,-1
-115.0,2063.5,-3,-2.7,0.8099999999999999,51,900.0,0.0,1
-316.0,1724.0,0,0.5,8.25,28,900.0,0.0,-1
-269.0,1829.5,-5,-2.6,2.8399999999999994,56,900.0,0.0,-1
103.0,2063.5,3,-1.2,11.16,67,900.0,0.0,1
15.0,2007.5,5,4.9,0.09,54,900.0,0.0,-1
103.0,1489.5,7,2.4,3.84,25,900.0,0.0,1
297.0,1829.5,-11,-9.0,1.8,98,900.0,0.0,-1
21.0,1538.5,-8,-7.2,0.15999999999999998,57,1200.0,0.0,-1
-91.0,2063.5,-6,-5.8,5.5600000000000005,62,900.0,0.0,-1
79.0,2063.5,6,2.4,8.639999999999999,71,900.0,0.0,1
-79.0,1519.5,21,21.0,0.0,91,900.0,0.0,1
-10.0,2022.0,1,0.5,2.25,202,900.0,0.0,0
62.0,1663.0,-6,-0.7,4.61,50,900.0,0.0,-1
-33.0,2007.5,3,3.0,0.0,101,900.0,0.0,1
361.0,1844.5,12,7.7,9.809999999999999,39,900.0,0.0,1
73.0,1839.5,10,4.9,13.290000000000001,61,900.0,0.0,1
-357.0,1844.5,-10,-1.3,10.809999999999999,34,900.0,0.0,-1
-291.0,1829.5,-1,-0.3,0.20999999999999996,70,900.0,0.0,-1
353.0,1844.5,3,0.1,1.8900000000000001,17,900.0,0.0,1
-349.0,1844.5,-1,-2.9,1.6900000000000002,46,900.0,0.0,-1
10.0,1773.0,-4,-2.5,9.45,94,900.0,0.0,-1
-99.0,2063.5,3,1.8,1.7599999999999998,63,900.0,0.0,1
-92.0,1668.0,11,2.4,10.44,67,900.0,0.0,1
87.0,2063.5,3,1.7,3.6099999999999994,51,900.0,0.0,1
113.0,1668.5,-2,-2.0,0.0,94,900.0,0.0,-1
-107.0,2063.5,0,-4.6,3.6399999999999997,43,900.0,0.0,1
51.0,2007.5,0,2.2,2.76,86,900.0,0.0,-1
82.0,1715.0,-2,0.0,1.6,124,900.0,0.0,-1
95.0,2063.5,4,4.0,0.0,37,900.0,0.0,1
203.0,1717.5,11,7.3,17.81,77,900.0,0.0,1
66.0,1899.0,7,1.8,3.1600000000000006,95,900.0,15.0,1
-117.0,2063.5,-5,-2.1,4.09,49,900.0,0.0,1
141.0,1552.5,0,0.0,0.0,145,900.0,0.0,0
6.0,1773.0,-22,-19.6,13.440000000000001,122,900.0,0.0,-1
-195.0,1717.5,-9,-9.0,0.0,124,900.0,0.0,-1
363.0,2104.5,8,8.0,0.0,147,900.0,0.0,1
-629.0,2553.5,-1,-2.4,0.8400000000000001,112,900.0,1.0,-1
105.0,2063.5,1,0.8,0.16,77,900.0,0.0,1
187.0,1717.5,9,5.7,6.81,131,900.0,0.0,1
22.0,1661.0,3,2.9,0.09,95,900.0,0.0,1
-86.0,1899.0,6,3.4,4.640000000000001,51,900.0,15.0,1
-179.0,1717.5,-17,-9.0,7.2,122,900.0,0.0,-1
-127.0,2063.5,3,-1.3,4.8100000000000005,45,900.0,0.0,1
-37.0,2007.5,-13,-7.7,3.81,94,900.0,0.0,-1
-65.0,1800.5,-13,-4.9,7.290000000000001,92,900.0,0.0,-1
-94.0,1570.0,0,0.4,13.440000000000001,31,900.0,0.0,-1
10.0,1773.0,-5,-4.1,1.09,96,900.0,0.0,-1
171.0,1717.5,2,0.4,0.44000000000000006,29,900.0,0.0,1
-161.0,1717.5,-13,-9.4,1.44,88,900.0,0.0,-1
149.0,2063.5,3,3.9,0.09,84,900.0,0.0,-1
151.0,1717.5,10,4.3,4.41,57,900.0,0.0,1
106.0,1899.0,-6,-2.0,7.0,66,900.0,15.0,-1
691.0,2521.5,11,6.8,3.96,51,900.0,1.0,1
-141.0,1717.5,-7,-7.0,0.0,134,900.0,0.0,-1
-94.0,1899.0,1,1.0,5.0,42,900.0,15.0,-1
-161.0,1561.5,-6,-5.5,1.05,98,900.0,0.0,-1
195.0,1702.5,0,0.0,0.0,33,900.0,0.0,-1
23.0,2007.5,8,5.6,1.44,39,900.0,0.0,1
50.0,1802.0,2,2.0,0.0,85,900.0,0.0,0
-187.0,1702.5,-3,-2.9,0.09,76,900.0,0.0,-1
148.0,1566.0,0,0.1,0.09,37,900.0,0.0,1
-41.0,1661.5,9,8.4,0.24,71,900.0,0.0,1
116.0,1899.0,-4,-3.3,0.21000000000000002,108,900.0,15.0,-1
-31.0,1664.5,-17,-6.3,16.609999999999996,120,900.0,0.0,-1
-138.0,1899.0,6,3.0,1.2,65,900.0,15.0,1
33.0,1948.5,-2,-2.2,0.96,31,2700.0,45.0,1
1277.0,2259.5,9,0.9,7.890000000000001,29,900.0,5.0,1
397.0,2217.5,-1,-1.0,0.0,113,900.0,0.0,1
60.0,1662.0,-11,-3.8,5.76,72,900.0,0.0,-1
-12.0,1829.0,9,0.9,7.290000000000001,39,900.0,0.0,1
-226.0,1584.0,2,-1.9,1.89,79,900.0,0.0,1
-305.0,1482.5,-2,-2.0,0.0,62,900.0,5.0,-1
150.0,2096.0,7,2.5,10.05,20,900.0,0.0,1
126.0,1581.0,10,8.3,2.01,83,900.0,0.0,1
128.0,1899.0,1,-2.0,1.8,47,900.0,15.0,1
65.0,2262.5,-3,-3.0,0.0,153,900.0,0.0,-1
-140.0,2096.0,-2,-2.1,0.09,62,900.0,0.0,-1
-219.0,1744.5,-3,-3.0,0.0,117,900.0,5.0,-1
253.0,1567.5,0,-1.2,0.9599999999999997,47,900.0,0.0,1
-17.0,1948.5,0,-0.3,0.8100000000000002,42,2700.0,45.0,-1
83.0,2862.5,-2,-2.0,0.0,284,900.0,1.0,0
-71.0,2000.5,9,8.9,0.89,58,900.0,0.0,1
-172.0,1604.0,-10,-3.6,7.24,56,900.0,0.0,-1
-95.0,1146.5,-12,-12.0,0.0,208,900.0,0.0,0
19.0,2312.5,6,0.1,14.09,54,900.0,0.0,1
118.0,1899.0,1,1.1,0.09,87,900.0,15.0,1
59.0,1652.5,-10,-2.2,6.959999999999999,54,900.0,0.0,-1
91.0,2000.5,0,0.0,0.0,16,900.0,0.0,-1
-79.0,2000.5,-9,-3.4,13.439999999999998,64,900.0,0.0,-1
-197.0,1604.5,-1,-1.0,0.0,73,900.0,0.0,1
-106.0,1899.0,-1,1.3,0.8099999999999999,42,900.0,15.0,-1
-69.0,1684.5,-3,-0.9,1.8900000000000001,34,900.0,0.0,-1
578.0,1822.0,0,0.0,0.0,41,900.0,0.0,1
55.0,1684.5,11,1.7,10.21,51,900.0,0.0,1
-41.0,1684.5,-15,-7.8,5.76,116,900.0,0.0,-1
-426.0,1896.0,-11,-2.5,8.65,54,900.0,0.0,-1
-1321.0,2193.5,-4,-1.5,3.85,42,900.0,5.0,-1
-155.0,1705.5,-7,-0.4,6.239999999999999,60,900.0,0.0,-1
86.0,1677.0,3,1.1,0.49000000000000005,33,900.0,0.0,1
-73.0,1729.5,8,0.7,6.01,31,900.0,0.0,1
43.0,1621.5,-4,-4.5,1.65,52,900.0,0.0,-1
51.0,2854.5,2,2.0,0.0,76,900.0,1.0,1
160.0,1717.0,-1,0.0,0.2,56,900.0,0.0,-1
99.0,1698.5,-4,-4.0,0.0,63,900.0,0.0,1
-57.0,2856.5,0,0.1,0.09,158,900.0,1.0,0
-272.0,1584.0,-19,-18.9,0.09,74,900.0,0.0,-1
17.0,2845.5,2,2.0,0.0,132,900.0,1.0,1
338.0,2132.0,12,6.6,5.04,71,900.0,0.0,1
179.0,1702.5,8,6.5,1.05,85,900.0,0.0,1
-171.0,1702.5,-9,-5.7,11.010000000000002,110,900.0,0.0,-1
-152.0,2919.0,-3,-3.2,0.15999999999999998,95,900.0,5.0,-1
56.0,1134.0,29,18.8,54.56,57,900.0,0.0,1
-39.0,1132.5,-23,-20.6,13.440000000000001,158,900.0,0.0,-1
62.0,1135.0,-21,-12.2,8.76,82,900.0,0.0,-1
111.0,2905.5,2,2.0,0.0,116,900.0,5.0,1
-812.0,1609.0,-4,-3.7,0.8099999999999999,24,900.0,0.0,-1
-134.0,2914.0,0,0.0,0.0,60,900.0,5.0,0
103.0,1839.5,1,0.7,0.21000000000000002,153,900.0,0.0,1
74.0,2892.0,4,1.7,2.01,62,900.0,5.0,1
-93.0,1839.5,2,4.1,1.89,69,900.0,0.0,1
73.0,1790.5,0,0.5,2.25,49,900.0,0.0,1
-249.0,2932.5,2,0.7,0.41,67,360.0,14.0,1
146.0,1726.0,-2,-2.0,0.0,68,900.0,0.0,-1
-44.0,1133.0,-21,-19.4,6.04,94,900.0,0.0,-1
-59.0,1790.5,-4,-4.3,3.6100000000000003,64,900.0,0.0,-1
-170.0,1726.0,0,-4.3,2.21,89,900.0,0.0,1
25.0,1130.5,21,13.7,30.01,97,900.0,0.0,1
160.0,1726.0,9,8.6,0.43999999999999995,93,900.0,0.0,1
-115.0,1554.5,-1,-1.0,0.0,114,900.0,0.0,-1
81.0,1839.5,4,3.3,0.21000000000000002,105,900.0,0.0,1
-176.0,1714.0,-9,-0.2,8.760000000000002,70,900.0,0.0,-1
-4.0,1128.0,-21,-17.5,15.25,84,900.0,0.0,-1
28.0,1131.0,2,2.9,0.09,80,900.0,0.0,-1
162.0,1750.0,-5,-4.4,4.04,50,900.0,0.0,-1
83.0,1139.5,-7,-6.2,0.76,66,900.0,0.0,-1
337.0,1844.5,1,0.7,0.21000000000000002,47,900.0,0.0,1
146.0,1724.0,8,8.0,0.0,173,900.0,0.0,1
122.0,1146.0,-5,-5.0,0.0,140,900.0,0.0,0
-281.0,1819.5,-4,-3.9,0.09,67,900.0,0.0,-1
5.0,1507.5,12,6.5,10.45,79,900.0,0.0,1
-136.0,1724.0,-10,-1.9,7.289999999999999,82,900.0,0.0,-1
-69.0,1839.5,-3,-2.9,0.09,78,900.0,0.0,-1
158.0,1724.0,1,1.3,0.21000000000000002,48,900.0,0.0,-1
-182.0,1724.0,1,0.5,0.25,45,900.0,0.0,1
134.0,1751.0,6,5.8,0.76,57,900.0,0.0,1
89.0,1839.5,-9,-4.0,10.8,176,900.0,0.0,-1
-392.0,1414.0,0,0.9,0.09,18,900.0,0.0,-1
-94.0,1765.0,-8,-7.3,2.21,54,900.0,0.0,-1
-77.0,1839.5,-4,-3.3,7.810000000000002,58,900.0,0.0,-1
118.0,1748.0,4,3.5,0.25,61,900.0,0.0,1
63.0,1839.5,14,13.2,5.76,133,900.0,0.0,1
-39.0,2311.5,9,5.6,6.840000000000001,103,900.0,0.0,1
-124.0,1748.0,-4,-4.0,0.0,63,900.0,0.0,0
434.0,1437.0,0,1.0,7.2,13,900.0,2.0,1
134.0,1582.0,6,5.1,0.09,129,900.0,2.0,1
24.0,1612.0,-1,0.1,1.49,49,900.0,0.0,1
-177.0,1778.5,-1,-0.7,0.21000000000000002,26,900.0,0.0,-1
-336.0,2122.0,-4,-4.9,7.290000000000001,76,900.0,0.0,-1
169.0,1778.5,7,0.8,6.960000000000001,49,900.0,0.0,1
292.0,1827.0,-14,-3.6,16.04,102,900.0,0.0,-1
59.0,1788.5,-2,-0.1,1.49,34,900.0,0.0,-1
-104.0,1143.0,-29,-25.6,13.040000000000001,168,900.0,0.0,-1
84.0,1139.0,10,10.0,0.0,161,900.0,0.0,1
-13.0,1832.5,-8,-8.0,0.0,74,900.0,0.0,-1
-320.0,1827.0,-1,-1.9,0.09,29,900.0,0.0,1
-61.0,1134.5,-25,-25.0,0.0,90,900.0,0.0,-1
36.0,1129.0,-1,-0.1,1.8900000000000001,83,900.0,0.0,1
-7.0,1122.5,-21,-18.1,24.490000000000002,104,900.0,0.0,-1
316.0,1827.0,9,1.9,5.6899999999999995,121,900.0,0.0,1
-26.0,1115.0,10,6.8,2.16,101,900.0,0.0,1
-6.0,1123.0,-1,-0.7,2.21,63,900.0,0.0,1
44.0,1133.0,4,2.1,2.4899999999999998,24,900.0,0.0,-1
-9.0,1123.5,-16,-16.2,0.16,122,900.0,0.0,-1
52.0,1136.0,-6,-6.0,0.0,74,900.0,0.0,-1
-13.0,1124.5,-36,-34.1,1.69,50,900.0,0.0,-1
15.0,1125.5,3,2.1,0.09,167,900.0,0.0,0
149.0,1697.5,1,1.0,0.0,102,1200.0,5.0,0
-41.0,1582.5,-16,-15.9,0.09,96,900.0,0.0,-1
39.0,1107.5,-19,-17.2,3.96,46,900.0,0.0,-1
53.0,1101.5,-16,-14.3,6.21,128,900.0,0.0,-1
-74.0,1557.0,-11,-8.4,0.8400000000000001,76,600.0,12.0,-1
19.0,1129.5,-9,-9.6,0.24,124,900.0,0.0,-1
27.0,1582.5,14,8.6,10.440000000000001,67,900.0,0.0,1
-130.0,1174.0,1,1.5,0.25,71,900.0,0.0,1
106.0,1692.0,8,4.5,5.45,99,900.0,0.0,1
296.0,1244.0,-1,-1.9,1.89,68,900.0,0.0,-1
62.0,2260.0,2,2.0,0.0,73,900.0,0.0,0
-128.0,1692.0,9,2.5,12.65,27,900.0,0.0,1
118.0,1692.0,8,7.3,9.809999999999999,37,900.0,0.0,1
-138.0,2405.0,-7,-2.0,18.0,84,900.0,0.0,-1
-140.0,1692.0,4,4.0,0.0,77,900.0,0.0,1
33.0,1645.5,10,10.0,0.0,103,900.0,0.0,1
-17.0,1645.5,-1,-0.1,0.09,110,900.0,0.0,-1
35.0,1645.5,-10,-5.8,2.76,50,900.0,0.0,-1
238.0,2351.0,12,3.2,8.760000000000002,57,900.0,0.0,1
140.0,1764.0,-4,-3.6,0.8400000000000001,92,900.0,0.0,-1
-291.0,1714.5,-10,-4.6,4.4399999999999995,60,900.0,0.0,-1
12.0,2180.0,5,1.5,5.25,63,900.0,0.0,1
22.0,2183.0,2,1.9,0.09,59,900.0,0.0,1
-515.0,2549.5,-4,-3.7,0.61,77,900.0,0.0,-1
-57.0,1732.5,-10,-2.4,20.64,88,900.0,0.0,-1
92.0,2136.0,-7,-3.8,5.16,82,900.0,0.0,-1
-17.0,2005.5,-9,-1.8,5.76,122,900.0,0.0,-1
30.0,2314.0,6,0.0,16.2,61,900.0,0.0,1
148.0,1565.0,-5,-5.0,0.0,142,900.0,0.0,-1
-39.0,1638.5,19,13.4,13.440000000000001,175,900.0,2.0,1
-132.0,2118.0,0,0.1,1.89,107,900.0,0.0,0
-138.0,1565.0,-5,-2.6,8.84,40,900.0,0.0,-1
160.0,1565.0,-18,-8.2,15.76,68,900.0,0.0,-1
-150.0,1565.0,-4,-1.1,2.29,24,900.0,0.0,-1
174.0,1565.0,-1,-1.3,0.8100000000000002,42,900.0,0.0,-1
25.0,1638.5,15,14.4,4.640000000000001,141,900.0,2.0,1
-166.0,1565.0,0,0.0,0.6,24,900.0,0.0,-1
156.0,1565.0,2,-0.9,1.6900000000000002,33,900.0,0.0,1
-146.0,1565.0,-6,-1.8,6.16,38,900.0,0.0,-1
8.0,2006.0,5,4.1,1.29,56,900.0,0.0,-1
152.0,1565.0,-1,-1.0,0.0,211,900.0,0.0,0
-158.0,1565.0,1,1.0,0.0,48,900.0,0.0,0
129.0,2398.5,8,1.5,10.65,133,900.0,0.0,1
-51.0,2199.5,-1,-1.0,0.0,160,900.0,0.0,-1
-13.0,1754.5,2,1.1,0.09,117,900.0,0.0,1
148.0,1565.0,0,-0.3,0.8100000000000002,15,900.0,0.0,1
-138.0,1565.0,-10,-1.4,8.44,42,900.0,0.0,-1
13.0,2008.5,-7,-5.5,2.25,66,900.0,0.0,-1
160.0,1565.0,-10,-9.9,0.09,104,900.0,0.0,-1
-150.0,1565.0,4,3.9,0.09,96,900.0,0.0,-1
140.0,1565.0,2,1.1,0.09,29,900.0,0.0,1
152.0,1565.0,-9,-9.0,0.0,166,900.0,0.0,-1
307.0,1704.5,15,9.9,7.49,123,900.0,0.0,1
-176.0,1565.0,6,5.1,1.29,57,900.0,0.0,1
-230.0,2343.0,-14,-8.5,21.85,70,900.0,0.0,-1
200.0,1565.0,-11,-5.4,13.440000000000001,100,900.0,0.0,-1
-192.0,1565.0,-4,-1.8,1.1600000000000001,40,900.0,0.0,-1
216.0,1565.0,-9,-1.8,18.36,48,900.0,0.0,-1
-208.0,1565.0,-4,-1.0,1.2,18,900.0,0.0,-1
405.0,1606.5,3,2.7,0.8099999999999999,45,900.0,0.0,1
234.0,1565.0,-8,-8.0,0.0,48,900.0,0.0,-1
-127.0,1678.5,-1,-0.1,0.09,86,900.0,0.0,-1
-228.0,1565.0,-2,-1.2,0.7600000000000001,36,900.0,0.0,-1
-303.0,1704.5,2,0.5,8.25,20,900.0,0.0,-1
222.0,1565.0,2,0.4,1.24,27,900.0,0.0,1
-380.0,1702.0,4,4.0,0.0,152,900.0,5.0,-1
-232.0,1565.0,0,0.0,0.0,42,900.0,0.0,0
299.0,1704.5,12,9.2,8.56,101,900.0,0.0,1
226.0,1565.0,3,-1.2,2.16,65,900.0,0.0,1
-22.0,1853.0,-2,-1.6,1.64,53,900.0,0.0,1
-218.0,1565.0,-4,-1.3,8.01,32,900.0,0.0,-1
210.0,1565.0,-1,-0.8,0.16,123,900.0,0.0,1
-202.0,1565.0,-5,-2.0,3.6,32,900.0,0.0,-1
194.0,1565.0,3,1.4,0.44000000000000006,75,900.0,0.0,1
-293.0,1704.5,2,1.8,2.16,34,900.0,0.0,-1
-218.0,1565.0,0,1.2,1.16,47,900.0,0.0,1
210.0,1565.0,8,0.4,8.639999999999999,51,900.0,0.0,1
-202.0,1565.0,-5,-0.2,3.96,62,900.0,0.0,-1
-18.0,1595.0,9,4.1,16.89,119,900.0,0.0,1
-281.0,1704.5,0,-0.3,0.8099999999999999,44,900.0,0.0,-1
194.0,1565.0,3,0.6,1.44,19,900.0,0.0,1
-218.0,1565.0,12,5.7,17.009999999999998,67,900.0,0.0,1
210.0,1565.0,-2,-2.0,0.0,69,900.0,0.0,1
-202.0,1565.0,2,1.0,1.4,80,900.0,0.0,-1
810.0,1608.0,13,4.9,7.290000000000001,69,900.0,0.0,1
228.0,1565.0,-6,-6.0,0.0,110,900.0,0.0,-1
212.0,1565.0,4,2.5,2.45,53,900.0,0.0,1
-810.0,1608.0,-5,-2.8,1.3599999999999999,28,900.0,0.0,-1
-204.0,1565.0,-4,-0.4,2.84,44,900.0,0.0,-1
196.0,1565.0,5,0.5,2.25,71,900.0,0.0,1
-265.0,1700.5,0,2.1,10.89,98,900.0,0.0,-1
-220.0,1565.0,10,8.4,1.8399999999999999,95,900.0,0.0,1
-204.0,1498.0,0,-0.4,0.8400000000000001,71,900.0,0.0,-1
-2015.0,1799.5,-5,-4.8,0.15999999999999998,32,900.0,5.0,-1
212.0,1565.0,1,0.4,0.8400000000000001,33,900.0,0.0,1
-204.0,1565.0,-1,0.2,8.76,54,900.0,0.0,-1
196.0,1565.0,2,1.9,0.09,91,900.0,0.0,1
-336.0,1639.0,-5,-2.3,11.61,32,900.0,0.0,-1
-188.0,1565.0,1,1.2,0.7600000000000001,68,900.0,0.0,-1
-2.0,1658.0,-3,-2.3,2.41,38,900.0,0.0,-1
180.0,1565.0,0,0.0,0.0,11,900.0,0.0,1
-188.0,1565.0,6,6.0,0.0,149,900.0,0.0,0
-294.0,1246.0,-24,-18.4,13.440000000000001,108,900.0,0.0,-1
-100.0,1881.0,2,2.0,0.0,113,900.0,0.0,0
212.0,1565.0,-7,-6.7,0.21000000000000002,76,900.0,0.0,-1
-204.0,1565.0,1,0.6,0.8400000000000001,96,900.0,0.0,-1
288.0,1246.0,35,28.6,48.64,123,900.0,0.0,1
196.0,1565.0,3,-1.9,2.8900000000000006,79,900.0,0.0,1
-188.0,1565.0,-2,-1.0,0.2,100,900.0,0.0,-1
71.0,1654.5,-5,-3.4,0.44000000000000006,92,900.0,0.0,-1
26.0,1639.0,12,3.0,11.6,63,1200.0,5.0,1
180.0,1565.0,5,-0.5,10.45,37,900.0,0.0,1
-188.0,1565.0,-4,-4.0,0.0,56,900.0,0.0,0
180.0,1565.0,1,-0.2,7.56,37,900.0,0.0,1
-172.0,1565.0,-1,-0.6,0.8400000000000001,26,900.0,0.0,-1
-220.0,1745.0,4,0.5,4.05,45,900.0,5.0,1
0.0,2027.0,-3,-3.7,0.21000000000000002,112,900.0,10.0,-1
41.0,2012.5,-11,-7.7,8.01,59,900.0,0.0,1
196.0,1565.0,-4,-2.7,16.21,50,900.0,0.0,-1
180.0,1565.0,-3,-3.0,0.0,51,900.0,0.0,1
-188.0,1565.0,0,0.0,0.0,131,900.0,0.0,0
21.0,1654.5,-9,-1.1,7.890000000000001,32,900.0,0.0,-1
-59.0,2012.5,-5,-1.5,10.05,35,900.0,0.0,1
-18.0,1609.0,-1,-1.0,0.0,60,1800.0,0.0,-1
30.0,1622.0,13,4.9,11.49,57,900.0,0.0,1
196.0,1565.0,-3,-4.3,0.61,125,900.0,0.0,0
-220.0,1565.0,8,8.0,0.0,119,900.0,0.0,1
212.0,1565.0,4,2.9,2.09,49,900.0,0.0,1
113.0,1699.5,6,3.9,1.89,69,900.0,0.0,1
19.0,2028.5,0,0.0,0.0,52,900.0,10.0,-1
-204.0,1565.0,-3,0.0,1.8,16,900.0,0.0,-1
196.0,1565.0,4,1.4,13.64,23,900.0,0.0,1
5.0,1936.5,-11,-4.6,30.640000000000004,84,900.0,0.0,-1
-188.0,1565.0,-2,-1.6,0.44000000000000006,50,900.0,0.0,-1
288.0,1249.0,39,38.4,0.44000000000000006,71,900.0,0.0,1
0.0,1610.0,17,17.0,0.0,91,1800.0,0.0,1
180.0,1565.0,1,1.3,0.8100000000000002,31,900.0,0.0,1
-172.0,1565.0,-3,-2.7,2.6100000000000003,26,900.0,0.0,-1
-282.0,1249.0,-14,-13.1,7.290000000000001,66,900.0,0.0,-1
196.0,1565.0,9,8.0,4.0,58,900.0,0.0,-1
-220.0,1565.0,11,10.2,0.36,107,900.0,0.0,1
13.0,1937.5,8,3.9,5.49,78,900.0,0.0,-1
276.0,1249.0,11,9.5,5.25,37,900.0,0.0,1
212.0,1565.0,2,0.7,1.01,47,900.0,0.0,1
-6.0,1654.0,-10,-10.1,0.09,102,900.0,0.0,-1
-204.0,1565.0,-5,-0.5,2.25,50,900.0,0.0,-1
196.0,1565.0,-2,-1.1,7.289999999999999,67,900.0,0.0,1
-188.0,1565.0,-2,0.2,1.3599999999999999,22,900.0,0.0,-1
180.0,1565.0,3,2.3,3.81,49,900.0,0.0,1
-172.0,1565.0,0,0.1,0.09,24,900.0,0.0,-1
-19.0,1608.5,15,14.4,1.44,137,1800.0,0.0,1
162.0,1565.0,5,0.6,8.639999999999999,33,900.0,0.0,1
-170.0,1565.0,0,0.0,0.0,34,900.0,0.0,0
160.0,1565.0,3,0.3,1.41,21,900.0,0.0,1
109.0,1711.5,4,-0.5,12.05,77,1200.0,5.0,1
-70.0,1725.0,-6,-2.8,3.3600000000000003,62,900.0,0.0,-1
197.0,1606.5,-3,-2.1,0.09,106,600.0,12.0,-1
-184.0,1565.0,13,5.8,5.76,149,900.0,0.0,1
-10.0,1999.0,-7,-5.8,6.959999999999999,151,900.0,0.0,1
176.0,1565.0,4,3.7,2.41,45,900.0,0.0,1
361.0,1375.5,4,2.1,5.29,64,900.0,0.0,-1
-10.0,1654.0,-1,-0.5,0.65,23,900.0,2.0,1
-199.0,1602.5,-3,-4.2,0.76,79,900.0,0.0,1
-168.0,1565.0,-4,-1.3,0.8100000000000002,26,900.0,0.0,-1
-36.0,1632.0,-9,-8.3,3.41,78,900.0,0.0,-1
158.0,1565.0,2,2.0,0.0,55,900.0,0.0,1
130.0,1775.0,0,4.8,4.16,80,900.0,0.0,1
180.0,1761.0,-1,-0.9,0.09,132,900.0,0.0,-1
-68.0,1802.0,-10,-2.5,6.85,110,900.0,0.0,-1
-148.0,1565.0,-2,-1.2,2.16,36,900.0,0.0,-1
172.0,1565.0,-9,-9.0,0.0,116,900.0,0.0,-1
-378.0,1616.0,-12,-12.3,0.21000000000000002,70,900.0,0.0,-1
-55.0,1636.5,2,0.8,2.16,39,900.0,0.0,1
-162.0,1565.0,-9,-0.3,9.209999999999997,56,900.0,0.0,-1
152.0,1565.0,2,0.6,0.43999999999999995,127,900.0,0.0,1
173.0,1929.5,-6,-3.6,9.639999999999999,112,900.0,0.0,-1
117.0,1883.5,-9,-4.4,10.84,112,900.0,0.0,-1
145.0,1727.5,-6,-6.4,4.24,93,900.0,0.0,1
136.0,1629.0,0,-0.1,0.09,17,900.0,0.0,1
-204.0,1761.0,0,0.0,0.6,51,900.0,0.0,1
-142.0,1565.0,-1,1.4,1.44,30,900.0,0.0,-1
96.0,1622.0,10,10.0,0.0,95,900.0,0.0,1
132.0,1565.0,4,1.3,1.0100000000000002,39,900.0,0.0,1
-122.0,1565.0,-1,-0.1,0.09,12,900.0,0.0,-1
-126.0,1629.0,0,0.3,0.20999999999999996,46,900.0,0.0,-1
110.0,1565.0,10,2.1,8.290000000000001,29,900.0,0.0,1
-208.0,1731.0,-10,-9.9,0.09,50,900.0,0.0,-1
-98.0,1565.0,-1,-0.4,0.24000000000000005,20,900.0,0.0,-1
86.0,1565.0,-2,-1.8,0.16,99,900.0,0.0,1
-92.0,1700.0,9,6.8,4.16,61,900.0,0.0,1
-87.0,1704.5,2,2.2,0.96,66,900.0,0.0,-1
80.0,1700.0,7,-0.7,6.8100000000000005,27,900.0,0.0,1
-112.0,1568.0,7,7.9,7.290000000000001,43,900.0,0.0,1
19.0,2017.5,-1,-0.9,0.09,108,900.0,0.0,-1
-68.0,1700.0,-5,0.1,3.09,54,900.0,0.0,-1
217.0,1662.5,-5,-2.5,6.25,58,900.0,0.0,-1
-146.0,1841.0,2,2.4,0.24,63,900.0,0.0,1
100.0,1568.0,1,0.2,0.36000000000000004,43,900.0,0.0,1
496.0,1935.0,0,-0.3,0.8100000000000002,19,900.0,0.0,1
54.0,1700.0,7,-0.8,17.16,51,900.0,0.0,1
-19.0,2316.5,-3,-3.2,4.5600000000000005,79,900.0,0.0,-1
49.0,1676.5,-4,-1.9,1.89,68,900.0,0.0,-1
-88.0,1568.0,-1,-0.5,4.85,24,900.0,0.0,-1
-74.0,1700.0,4,3.7,0.21000000000000002,97,900.0,0.0,1
-494.0,1935.0,-2,0.4,1.44,42,900.0,0.0,-1
-3.0,2017.5,-1,-1.0,0.0,66,900.0,0.0,-1
101.0,1667.5,1,1.0,0.0,72,900.0,0.0,-1
69.0,1887.5,-5,-4.0,0.2,88,900.0,0.0,-1
-29.0,1657.5,1,-0.3,1.01,49,900.0,0.0,1
138.0,1908.0,4,4.0,0.0,73,900.0,5.0,1
130.0,1500.0,4,4.0,0.0,72,900.0,0.0,-1
-64.0,1919.0,7,5.4,11.440000000000001,109,900.0,0.0,1
19.0,1625.5,11,7.5,10.05,55,900.0,0.0,1
16.0,1949.0,-1,-1.0,0.0,105,2700.0,45.0,0
58.0,1991.0,0,0.0,0.0,111,900.0,0.0,0
-35.0,2007.5,6,3.0,17.6,95,900.0,0.0,1
-3.0,1625.5,-8,-3.6,2.24,54,900.0,0.0,-1
-1.0,1755.5,21,21.0,0.0,127,900.0,0.0,1
36.0,1496.0,11,11.5,2.25,101,900.0,0.0,1
19.0,1625.5,0,0.1,0.09,58,900.0,0.0,-1
-670.0,1677.0,-6,-2.5,6.45,24,900.0,0.0,-1
23.0,1653.5,-4,-4.8,2.1599999999999997,57,900.0,0.0,1
-84.0,1510.0,2,1.2,7.56,61,900.0,0.0,1
-104.0,1795.0,-2,-1.6,2.24,72,900.0,0.0,-1
-173.0,1490.5,0,-0.6,1.44,37,900.0,0.0,1
-44.0,1991.0,-4,-0.1,12.89,150,900.0,0.0,-1
48.0,1499.0,0,-0.5,2.25,53,900.0,0.0,1
17.0,1755.5,-5,-4.8,0.96,58,900.0,0.0,-1
-271.0,1249.5,-10,-7.3,0.8099999999999999,30,900.0,0.0,-1
-10.0,1629.0,-3,-2.1,7.289999999999999,54,900.0,0.0,-1
-161.0,1754.5,-5,-2.3,0.8099999999999999,50,900.0,0.0,-1
81.0,1577.5,10,6.1,10.89,59,900.0,0.0,1
-508.0,1927.0,-2,-2.0,0.0,66,900.0,0.0,-1
-3.0,1608.5,-9,-2.7,6.21,30,900.0,0.0,-1
76.0,1662.0,-8,-5.8,3.3600000000000003,66,900.0,0.0,-1
151.0,1754.5,3,0.6,1.44,79,900.0,0.0,1
-380.0,2115.0,-19,-15.3,21.009999999999998,96,900.0,0.0,-1
-36.0,1960.0,0,0.1,0.09,147,900.0,0.0,1
-427.0,1945.5,5,5.0,0.0,73,900.0,3.0,1
-27.0,1644.5,-1,-1.0,0.0,84,900.0,0.0,-1
-300.0,1831.0,-4,-1.0,1.8,44,900.0,0.0,-1
-112.0,2243.0,-8,-0.4,6.639999999999999,56,900.0,0.0,-1
424.0,1945.0,6,2.1,6.29,47,900.0,3.0,1
-193.0,1658.5,5,5.3,0.21000000000000002,95,900.0,0.0,1
-5.0,1620.5,-12,-11.3,0.21000000000000002,120,900.0,0.0,-1
295.0,1830.5,2,1.7,0.21000000000000002,97,900.0,0.0,1
-29.0,1480.5,19,8.9,23.09,69,900.0,0.0,1
16.0,1642.0,5,4.7,0.8099999999999999,63,900.0,0.0,1
-11.0,1620.5,16,5.9,14.09,95,900.0,0.0,1
47.0,1480.5,-10,-1.4,8.44,68,900.0,0.0,-1
-34.0,1642.0,1,0.4,0.43999999999999995,47,900.0,0.0,1
-128.0,1686.0,-7,-2.5,2.25,72,900.0,0.0,-1
52.0,1642.0,-5,-4.2,0.36,96,900.0,0.0,-1
73.0,1588.5,-15,-6.7,13.010000000000002,74,900.0,0.0,-1
-497.0,1944.5,-3,-2.9,0.09,136,600.0,15.0,-1
-38.0,1642.0,-16,-16.0,0.0,116,900.0,0.0,-1
-90.0,2045.0,-4,-2.4,1.24,86,600.0,15.0,-1
-55.0,1644.5,7,2.0,3.0,123,900.0,0.0,1
97.0,1802.5,-1,-0.5,2.25,92,900.0,0.0,-1
54.0,1643.0,-6,0.1,5.489999999999999,42,900.0,0.0,-1
38.0,1960.0,2,2.0,0.0,91,900.0,0.0,0
-262.0,1844.0,5,4.9,0.49000000000000005,59,600.0,15.0,1
-185.0,2145.5,0,0.2,0.16000000000000003,89,600.0,15.0,1
68.0,1710.0,1,-2.0,4.8,68,900.0,0.0,1
58.0,1716.0,-6,-3.4,2.04,96,600.0,15.0,-1
-9.0,1987.5,-3,-3.0,0.0,132,600.0,15.0,-1
-744.0,1876.0,-2,-1.4,1.44,56,1980.0,33.0,-1
838.0,1559.0,0,0.0,0.0,10,900.0,0.0,1
-1.0,1933.5,-2,-0.8,2.16,87,900.0,0.0,1
-33.0,1635.5,-9,-6.6,3.2399999999999998,86,900.0,0.0,-1
28.0,1452.0,-3,-2.9,0.09,84,900.0,0.0,-1
-66.0,1593.0,7,-0.9,7.090000000000001,83,900.0,0.0,1
-54.0,1710.0,-9,-1.0,7.2,34,900.0,0.0,-1
260.0,1697.0,23,22.2,5.76,121,900.0,0.0,1
-289.0,1830.5,-1,-1.4,10.44,108,900.0,0.0,-1
-60.0,1727.0,0,-0.2,0.16000000000000003,33,900.0,0.0,1
338.0,1841.0,15,7.9,13.49,65,900.0,0.0,1
-225.0,1684.5,-2,-2.0,0.0,40,900.0,0.0,-1
-334.0,1841.0,-12,-3.6,18.240000000000002,34,900.0,0.0,-1
-24.0,1485.0,-1,-0.1,0.09,64,900.0,0.0,-1
124.0,1575.0,0,3.0,8.4,44,900.0,0.0,-1
-114.0,1575.0,-1,-0.4,0.8400000000000001,34,900.0,0.0,-1
204.0,1733.0,0,0.9,0.09,138,900.0,0.0,0
-254.0,1697.0,-10,-10.8,5.76,98,900.0,0.0,-1
102.0,1575.0,-2,-0.2,1.56,37,900.0,0.0,1
-120.0,1786.0,-1,-1.0,0.0,113,900.0,0.0,1
-124.0,1575.0,13,5.8,5.76,141,900.0,0.0,1
283.0,1830.5,4,1.2,0.9599999999999997,33,900.0,0.0,1
231.0,1872.5,1,0.0,2.0,105,600.0,15.0,1
146.0,1575.0,-17,-11.3,14.010000000000002,134,900.0,0.0,-1
239.0,1388.5,7,6.2,2.76,91,900.0,10.0,1
80.0,1451.0,8,0.9,15.09,77,1500.0,0.0,1
248.0,1697.0,1,0.6,0.24000000000000005,63,900.0,0.0,1
11.0,2312.5,5,4.6,0.24,116,900.0,0.0,1
497.0,1937.5,4,3.4,3.8400000000000007,51,900.0,0.0,1
-399.0,1603.5,-5,-5.0,0.0,90,900.0,0.0,0
195.0,1389.5,1,0.6,0.8400000000000001,47,900.0,10.0,1
-358.0,1868.0,-5,-4.5,4.85,60,600.0,15.0,-1
108.0,1786.0,12,4.8,5.76,121,900.0,0.0,1
-72.0,1412.0,5,4.4,6.44,54,900.0,0.0,1
96.0,1900.0,0,-1.2,0.9599999999999997,37,900.0,15.0,1
283.0,2119.5,0,-0.1,0.6900000000000001,66,600.0,15.0,0
-118.0,1900.0,4,3.6,0.24,89,900.0,15.0,1
-16.0,1632.0,-3,-2.3,2.21,98,900.0,0.0,-1
122.0,1801.0,0,0.0,0.0,100,900.0,0.0,-1
-274.0,1697.0,10,6.0,16.0,155,900.0,0.0,1
92.0,1525.0,1,1.8,2.16,61,900.0,0.0,1
-224.0,1687.0,-1,1.4,2.64,20,900.0,0.0,-1
16.0,1716.0,0,-0.3,0.20999999999999996,13,900.0,0.0,1
269.0,1902.5,4,4.9,12.09,89,600.0,15.0,1
47.0,1870.5,2,1.2,0.76,77,900.0,0.0,1
256.0,2119.0,6,5.4,3.44,71,600.0,15.0,1
106.0,1900.0,-2,-2.0,0.0,51,900.0,15.0,1
-80.0,1525.0,1,-0.4,0.8400000000000001,48,900.0,0.0,-1
233.0,1679.5,9,5.0,16.0,263,900.0,0.0,1
-284.0,1259.0,-15,-12.5,6.25,90,900.0,0.0,-1
-19.0,1843.5,-1,-1.0,0.0,95,900.0,0.0,0
18.0,1486.0,-3,-0.9,1.8900000000000001,26,900.0,0.0,-1
95.0,1602.5,-4,-4.0,0.0,148,900.0,0.0,-1
-36.0,1486.0,6,5.0,0.6,65,900.0,0.0,1
8.0,1697.0,-9,-0.9,7.290000000000001,60,900.0,0.0,-1
-117.0,1602.5,8,7.5,2.25,83,900.0,0.0,1
-128.0,1900.0,3,3.0,0.0,107,900.0,15.0,1
12.0,1715.0,7,-1.1,7.289999999999999,85,900.0,0.0,1
-82.0,1944.0,-3,-1.8,0.36,98,900.0,0.0,-1
46.0,1653.0,1,-0.4,2.4399999999999995,51,900.0,0.0,1
-2.0,1667.0,-11,-6.5,2.25,64,900.0,0.0,-1
281.0,1841.5,3,2.1,1.89,33,900.0,0.0,1
150.0,1900.0,-7,-4.2,9.76,72,900.0,15.0,-1
-174.0,1900.0,6,3.6,3.2399999999999998,35,900.0,15.0,1
75.0,1665.5,5,1.0,3.6,45,900.0,0.0,1
166.0,1900.0,2,-0.7,0.8100000000000002,23,900.0,15.0,1
-156.0,1900.0,2,1.5,1.65,26,900.0,15.0,-1
459.0,1624.5,3,1.4,6.44,97,900.0,3.0,1
140.0,1527.0,-2,-1.4,0.24,102,900.0,0.0,-1
29.0,1666.5,-16,-8.9,20.490000000000002,50,900.0,0.0,-1
-90.0,1736.0,4,2.8,2.16,69,900.0,0.0,1
-47.0,1666.5,8,3.0,10.6,71,900.0,0.0,1
-277.0,1830.5,-2,-0.5,1.05,62,900.0,0.0,-1
0.0,1660.0,4,4.4,0.24,75,900.0,0.0,1
-35.0,1948.5,2,-0.4,1.44,49,2700.0,45.0,1
33.0,1642.5,8,7.0,3.0,61,900.0,0.0,1
-37.0,1555.5,3,-5.1,7.290000000000001,85,900.0,0.0,1
-133.0,1905.5,1,1.0,0.0,86,900.0,0.0,0
-134.0,2114.0,-2,1.4,9.84,60,900.0,0.0,-1
152.0,1562.0,9,0.9,7.290000000000001,47,900.0,0.0,1
55.0,1555.5,7,5.1,1.69,48,900.0,0.0,-1
77.0,1688.5,-3,-0.3,0.8100000000000002,32,900.0,0.0,-1
-869.0,2418.5,0,-1.2,7.56,30,900.0,5.0,-1
-190.0,1539.0,-9,-0.8,9.36,66,900.0,0.0,-1
150.0,1754.0,2,2.6,0.24,85,900.0,0.0,1
-122.0,1571.0,-4,-4.5,2.25,132,900.0,0.0,-1
-27.0,1654.5,6,0.4,4.4399999999999995,55,900.0,0.0,1
867.0,2418.5,1,1.9,7.489999999999999,45,900.0,5.0,1
205.0,1724.5,-4,-1.7,3.8099999999999996,30,900.0,0.0,-1
805.0,1605.5,18,7.3,18.809999999999995,65,900.0,0.0,1
-197.0,1724.5,-7,-4.9,1.89,128,900.0,0.0,-1
-826.0,1603.0,0,0.3,0.8100000000000002,30,900.0,0.0,0
189.0,1724.5,10,7.1,10.290000000000001,65,900.0,0.0,1
638.0,2547.0,5,3.4,2.04,65,900.0,1.0,1
-181.0,1724.5,-10,-9.2,5.76,152,900.0,0.0,-1
29.0,1654.5,1,1.0,0.0,101,900.0,0.0,0
-140.0,1754.0,-1,-0.3,0.20999999999999996,20,900.0,0.0,-1
173.0,1724.5,1,0.3,0.20999999999999996,45,900.0,0.0,1
-165.0,1724.5,-12,-10.8,0.36,104,900.0,0.0,-1
341.0,2142.5,0,0.0,0.0,111,900.0,0.0,0
162.0,1754.0,-15,-3.0,22.2,26,900.0,0.0,-1
-684.0,2523.0,-9,-5.4,10.440000000000001,74,900.0,1.0,-1
612.0,1720.0,25,24.2,5.76,129,5400.0,0.0,1
0.0,1839.0,4,0.7,1.4099999999999997,79,900.0,0.0,1
27.0,1452.5,-8,-2.8,6.36,92,900.0,0.0,-1
264.0,1252.0,25,23.4,8.04,45,900.0,0.0,1
826.0,1603.0,0,0.0,0.6,39,900.0,0.0,1
205.0,1716.5,1,1.7,0.41,21,900.0,0.0,-1
-68.0,1666.0,8,5.3,5.61,51,900.0,0.0,1
-612.0,1720.0,-22,-18.4,5.64,40,5400.0,0.0,-1
268.0,1511.0,-6,-6.0,0.0,150,900.0,0.0,-1
167.0,1526.5,17,12.4,2.44,83,900.0,0.0,1
-34.0,1827.0,9,7.5,8.25,53,900.0,0.0,1
16.0,1839.0,-3,-3.0,0.0,97,900.0,0.0,-1
-262.0,1511.0,-11,-5.7,14.61,90,900.0,0.0,-1
-254.0,1250.0,-16,-13.6,13.440000000000001,146,900.0,0.0,-1
44.0,1671.0,15,7.8,5.76,101,900.0,0.0,1
-41.0,1454.5,3,3.0,0.0,51,900.0,0.0,1
-406.0,2109.0,-11,-11.0,0.0,78,900.0,0.0,-1
-30.0,1671.0,-16,-8.3,6.8100000000000005,102,900.0,0.0,-1
-160.0,1571.0,-3,-3.5,2.25,64,900.0,0.0,-1
0.0,1839.0,1,1.7,0.21000000000000002,104,900.0,0.0,-1
40.0,1621.0,3,2.3,0.21000000000000002,100,900.0,0.0,-1
-53.0,1668.5,5,3.7,2.6100000000000003,37,900.0,0.0,1
73.0,1668.5,0,1.3,0.61,32,900.0,0.0,-1
358.0,1615.0,4,3.7,0.21000000000000002,95,900.0,0.0,1
51.0,1660.5,0,0.8,7.56,67,900.0,0.0,1
38.0,1865.0,0,0.0,0.0,119,900.0,0.0,1
-1757.0,1928.5,-9,-0.9,7.290000000000001,10,900.0,5.0,-1
10.0,2016.0,-2,-2.0,0.0,102,900.0,0.0,-1
-189.0,1518.5,8,7.5,0.25,209,900.0,0.0,1
101.0,1813.5,-12,-12.0,0.0,134,900.0,0.0,-1
150.0,1766.0,3,2.3,0.21000000000000002,41,900.0,0.0,1
-10.0,2016.0,0,-0.3,0.20999999999999996,176,900.0,0.0,0
297.0,1273.5,9,7.2,3.96,79,900.0,0.0,1
493.0,2559.5,10,4.1,20.29,72,900.0,0.0,1
-41.0,1852.5,4,2.2,2.56,53,900.0,0.0,1
39.0,1448.5,16,16.0,0.0,117,900.0,0.0,1
-174.0,1782.0,-2,-3.0,7.2,54,900.0,0.0,-1
-413.0,1636.5,-27,-20.1,11.49,44,900.0,0.0,-1
175.0,1934.5,-5,-4.2,0.5599999999999999,67,900.0,0.0,-1
517.0,2053.5,10,4.9,12.690000000000001,41,900.0,0.0,1
-79.0,1906.5,-3,-1.4,0.44000000000000006,116,900.0,0.0,0
223.0,1544.5,8,8.0,0.0,195,900.0,2.0,1
-277.0,1830.5,0,-0.8,5.76,108,900.0,0.0,-1
151.0,1567.5,-17,-7.7,18.410000000000004,134,900.0,0.0,-1
-492.0,2559.0,-6,-5.0,0.6,95,900.0,0.0,-1
-60.0,1634.0,2,1.6,0.24,81,900.0,0.0,1
-305.0,1830.5,14,14.0,0.0,163,900.0,0.0,1
616.0,2496.0,9,4.0,9.2,71,900.0,5.0,1
57.0,1803.5,5,2.9,5.890000000000001,31,1200.0,10.0,1
64.0,1906.0,3,3.5,2.45,91,900.0,0.0,1
-122.0,1709.0,-14,-8.4,13.440000000000001,188,900.0,0.0,-1
-389.0,1914.5,13,3.3,21.41,37,900.0,0.0,1
301.0,1830.5,3,2.4,1.44,37,900.0,0.0,1
-57.0,1796.5,-2,-1.0,0.6,92,900.0,0.0,-1
516.0,2054.0,10,8.6,3.04,29,900.0,0.0,1
-1666.0,1625.0,-17,-14.0,12.0,40,900.0,0.0,-1
-313.0,1830.5,1,0.9,0.09,65,900.0,0.0,0
-170.0,1575.0,9,3.4,13.439999999999998,125,900.0,0.0,1
233.0,1754.5,11,2.9,7.289999999999999,29,900.0,0.0,1
160.0,1575.0,3,2.1,1.09,45,900.0,0.0,1
161.0,1518.5,6,4.2,9.36,91,900.0,0.0,1
-150.0,1575.0,-3,-0.5,1.65,30,900.0,0.0,-1
-421.0,1659.5,-12,-4.2,7.56,58,900.0,0.0,-1
140.0,1575.0,0,-0.3,0.8100000000000002,75,900.0,0.0,1
121.0,2246.5,6,5.6,0.43999999999999995,57,900.0,0.0,1
-130.0,1575.0,-5,-2.8,6.959999999999999,42,900.0,0.0,-1
309.0,1830.5,8,3.0,3.0,37,900.0,0.0,1
120.0,1575.0,3,0.8,0.7600000000000001,29,900.0,0.0,1
-142.0,1575.0,8,7.3,0.21000000000000002,89,900.0,0.0,1
-48.0,1801.0,-2,2.2,2.36,46,1200.0,10.0,-1
77.0,1796.5,9,9.0,0.0,92,900.0,0.0,-1
166.0,1575.0,-4,-3.1,0.09,54,900.0,0.0,-1
68.0,1801.0,-3,-1.6,0.44000000000000006,72,1200.0,10.0,-1
-156.0,1575.0,-11,-1.9,10.29,34,900.0,0.0,-1
180.0,1575.0,-6,-2.9,6.69,68,900.0,0.0,-1
-172.0,1575.0,-1,-0.1,1.2900000000000003,22,900.0,0.0,-1
164.0,1575.0,1,0.2,2.16,59,900.0,0.0,1
495.0,2555.5,8,4.6,7.840000000000001,100,900.0,0.0,1
-154.0,1575.0,-4,-1.3,2.6100000000000003,44,900.0,0.0,-1
144.0,1575.0,10,0.7,10.21,55,900.0,0.0,1
-63.0,1796.5,-3,-3.0,0.0,56,900.0,0.0,-1
-134.0,1575.0,-1,-0.4,0.24000000000000005,22,900.0,0.0,-1
-192.0,1726.0,0,0.0,0.0,21,900.0,0.0,1
42.0,1668.0,-5,-3.8,2.76,116,900.0,2.0,-1
184.0,1726.0,-1,-1.0,0.0,73,900.0,0.0,1
49.0,1796.5,0,-0.3,0.8100000000000002,24,900.0,0.0,1
-123.0,1700.5,3,2.7,0.8099999999999999,62,900.0,0.0,-1
111.0,1700.5,5,4.5,0.25,53,900.0,0.0,1
-69.0,1796.5,1,1.2,1.5600000000000003,87,900.0,0.0,1
-99.0,1700.5,-8,-8.0,0.0,206,900.0,0.0,-1
-44.0,1668.0,-24,-19.9,17.09,98,900.0,2.0,0
121.0,1700.5,-1,-3.9,11.29,74,900.0,0.0,-1
62.0,1668.0,-7,-7.0,0.0,65,900.0,2.0,-1
-826.0,1603.0,0,0.3,0.8100000000000002,20,900.0,0.0,-1
826.0,1603.0,13,8.2,18.36,45,900.0,0.0,1
-64.0,1668.0,-29,-29.0,0.0,144,900.0,2.0,0
-110.0,2247.0,-6,-4.9,0.29,88,900.0,0.0,-1
-78.0,1786.0,-4,-0.6,2.2399999999999998,44,900.0,0.0,-1
130.0,1816.0,0,0.9,6.69,60,1200.0,0.0,-1
86.0,1733.0,-13,-7.1,15.690000000000001,100,1200.0,5.0,-1
-40.0,1836.0,3,-0.3,15.209999999999999,32,900.0,0.0,1
25.0,1579.5,22,20.1,4.89,57,900.0,0.0,1
347.0,1667.5,6,5.5,0.25,71,900.0,0.0,1
-51.0,1672.5,-15,-4.9,21.29,144,900.0,0.0,-1
-68.0,1607.0,-1,-0.1,1.4900000000000002,52,900.0,0.0,-1
16.0,2310.0,1,1.0,0.0,158,900.0,0.0,0
93.0,1803.5,11,4.3,7.81,75,900.0,0.0,1
72.0,1550.0,-2,-1.9,0.09,41,900.0,0.0,1
-58.0,1550.0,0,0.0,0.0,21,900.0,0.0,-1
-169.0,1729.5,-10,-1.9,7.289999999999999,76,900.0,0.0,-1
-272.0,1702.0,-15,-14.7,0.8099999999999999,100,900.0,0.0,-1
159.0,1729.5,12,6.4,13.440000000000001,149,900.0,0.0,1
32.0,1701.0,-2,0.3,0.8099999999999999,12,900.0,0.0,-1
-79.0,1730.5,-1,-0.3,0.20999999999999996,90,1200.0,5.0,-1
-49.0,1865.5,5,5.2,0.15999999999999998,85,900.0,0.0,1
-149.0,1729.5,-10,-9.7,12.809999999999999,74,900.0,0.0,-1
-373.0,2113.5,-14,-9.0,8.4,64,900.0,0.0,-1
139.0,1729.5,12,6.4,23.84,101,900.0,0.0,1
-129.0,1729.5,-12,-8.1,1.89,102,900.0,0.0,-1
119.0,1729.5,11,8.9,3.0900000000000003,75,900.0,0.0,1
53.0,1723.5,17,8.5,21.25,57,1200.0,0.0,1
-107.0,1729.5,4,1.1,10.49,56,900.0,0.0,-1
408.0,1780.0,1,3.5,0.85,32,900.0,0.0,1
196.0,1681.0,4,1.6,2.04,49,900.0,0.0,1
256.0,1681.0,-12,-12.0,0.0,140,900.0,0.0,-1
-826.0,1603.0,-16,-11.6,2.2399999999999998,66,900.0,0.0,-1
134.0,1588.0,-5,-4.4,0.8400000000000001,44,1800.0,0.0,-1
65.0,1730.5,1,0.1,0.09,69,1200.0,5.0,1
-48.0,1661.0,13,7.4,13.440000000000001,233,900.0,0.0,1
-724.0,1938.0,-5,-5.0,0.0,66,900.0,0.0,-1
-111.0,1795.5,0,0.0,0.0,53,900.0,0.0,1
826.0,1603.0,0,0.0,0.0,21,900.0,0.0,1
34.0,1661.0,5,5.0,0.0,161,900.0,0.0,1
-204.0,1703.0,-11,-11.9,0.6900000000000001,88,900.0,0.0,-1
-18.0,1661.0,-9,-8.5,0.25,92,900.0,0.0,-1
-77.0,1888.5,-8,-5.3,0.8099999999999999,92,900.0,0.0,-1
36.0,1661.0,-7,-0.8,17.160000000000004,120,900.0,0.0,-1
-38.0,1661.0,0,0.0,0.0,108,900.0,0.0,0
24.0,1661.0,8,3.3,3.21,117,900.0,0.0,1
-220.0,1868.0,0,0.1,0.09,28,900.0,0.0,-1
-142.0,1597.0,-11,-2.1,9.49,42,900.0,0.0,-1
132.0,1597.0,3,1.1,3.09,47,900.0,0.0,1
-122.0,1597.0,-3,-0.6,1.44,14,900.0,0.0,-1
110.0,1597.0,1,-0.9,10.49,87,900.0,0.0,1
179.0,1833.5,3,1.5,2.25,81,900.0,0.0,1
-98.0,1597.0,-2,-1.2,0.76,50,900.0,0.0,-1
493.0,2052.5,10,8.2,8.16,101,900.0,0.0,1
120.0,1597.0,6,4.2,2.96,62,900.0,0.0,-1
-252.0,1854.0,-2,2.2,12.36,42,900.0,0.0,-1
-142.0,1597.0,7,7.0,0.0,115,900.0,0.0,1
1224.0,1404.0,19,17.7,7.81,35,900.0,0.0,1
132.0,1597.0,2,0.5,1.05,21,900.0,0.0,1
-154.0,1597.0,9,3.4,13.439999999999998,83,900.0,0.0,1
144.0,1597.0,4,1.0,1.8,27,900.0,0.0,1
491.0,2052.5,8,12.0,4.0,83,900.0,0.0,1
-171.0,1833.5,-15,-2.9,21.490000000000002,34,900.0,0.0,-1
104.0,1806.0,3,0.1,4.29,61,1200.0,0.0,1
257.0,1848.5,0,-0.7,0.21000000000000002,29,900.0,0.0,1
-201.0,1785.5,-1,-1.0,0.0,170,900.0,0.0,-1
45.0,1724.5,3,2.9,0.09,67,900.0,0.0,1
-31.0,1724.5,-5,-1.6,8.24,42,900.0,0.0,-1
300.0,1735.0,9,5.9,6.890000000000001,93,900.0,0.0,1
-68.0,2001.0,3,3.0,0.0,129,900.0,10.0,1
256.0,1707.0,10,5.1,3.0900000000000003,55,900.0,0.0,1
49.0,1724.5,-16,-7.9,7.49,48,900.0,0.0,-1
-295.0,1735.5,-15,-10.3,18.61,76,900.0,0.0,-1
60.0,1849.0,11,10.7,0.21000000000000002,73,900.0,0.0,1
-1194.0,2206.0,-6,-1.7,9.01,46,900.0,5.0,-1
-119.0,1770.5,-2,0.3,1.41,50,900.0,0.0,-1
239.0,1760.5,2,0.9,7.890000000000001,65,900.0,0.0,1
-35.0,1724.5,-5,-5.1,0.09,56,900.0,0.0,-1
-168.0,1597.0,13,5.8,5.76,145,900.0,0.0,1
158.0,1597.0,3,1.3,1.6099999999999999,39,900.0,0.0,1
54.0,2001.0,11,7.6,13.040000000000001,131,900.0,10.0,1
-148.0,1597.0,-3,-2.0,2.8,50,900.0,0.0,-1
141.0,1770.5,-1,-1.5,2.25,88,900.0,0.0,-1
138.0,1597.0,-8,-6.0,6.0,29,900.0,0.0,1
218.0,1722.0,14,11.9,14.09,123,1200.0,10.0,1
-160.0,1597.0,10,7.1,4.29,67,900.0,0.0,1
-5.0,1868.5,-2,-1.9,0.09,110,900.0,0.0,-1
150.0,1597.0,0,-0.3,0.20999999999999996,55,900.0,0.0,1
-34.0,1699.0,6,1.1,4.290000000000001,71,900.0,0.0,1
-156.0,1597.0,0,0.0,0.0,106,900.0,0.0,0
-81.0,1788.5,-7,-5.3,3.81,28,900.0,0.0,-1
-131.0,1770.5,-7,-3.8,14.559999999999999,74,900.0,0.0,-1
180.0,1597.0,-12,-5.5,14.65,128,900.0,0.0,-1
-172.0,1597.0,-7,-5.0,8.4,46,900.0,0.0,-1
36.0,1733.0,-1,-1.4,0.8400000000000001,42,900.0,0.0,-1
162.0,1597.0,2,0.4,0.44000000000000006,49,900.0,0.0,1
-54.0,1733.0,3,3.5,2.05,53,900.0,0.0,1
-56.0,2001.0,-1,-1.0,0.0,134,900.0,10.0,0
388.0,2102.0,6,3.5,3.05,55,900.0,0.0,1
-108.0,1776.0,0,0.5,0.85,46,900.0,0.0,-1
-2.0,1713.0,4,3.5,2.25,81,900.0,0.0,1
-93.0,1560.5,-12,-7.0,5.8,68,600.0,12.0,-1
32.0,1823.0,-10,-1.1,14.49,124,900.0,0.0,-1
-285.0,1254.5,-1,-1.0,0.0,151,900.0,0.0,1
-67.0,1754.5,-1,-1.7,0.21000000000000002,113,900.0,0.0,0
34.0,1736.0,10,10.0,13.8,59,900.0,0.0,1
115.0,1776.5,5,3.3,6.21,83,900.0,0.0,1
69.0,1628.5,13,11.5,7.65,57,900.0,0.0,1
75.0,1557.5,9,8.7,0.21000000000000002,97,600.0,12.0,1
-54.0,2262.0,-8,-4.2,6.959999999999999,84,900.0,0.0,-1
42.0,2001.0,-1,-0.9,0.09,71,900.0,10.0,1
89.0,1787.5,-4,0.5,5.25,60,900.0,7.0,-1
-28.0,2001.0,-4,-2.8,1.7600000000000002,74,900.0,10.0,-1
-402.0,1782.0,-6,-4.8,0.96,52,900.0,0.0,-1
-71.0,1561.5,0,0.0,0.0,118,900.0,0.0,0
-18.0,1720.0,8,6.8,0.76,55,900.0,0.0,1
-140.0,1770.0,7,7.0,0.0,129,900.0,0.0,1
144.0,1887.0,-3,-0.3,0.8100000000000002,18,900.0,0.0,-1
-356.0,1700.0,-6,-3.3,0.8099999999999999,72,600.0,12.0,-1
-62.0,1488.0,1,1.9,0.09,48,900.0,0.0,-1
2.0,1720.0,-1,-0.9,0.09,25,900.0,0.0,1
352.0,1700.0,1,1.0,1.8,39,600.0,12.0,1
190.0,1777.0,6,5.2,3.16,91,900.0,0.0,1
45.0,1777.5,7,1.1,12.09,65,900.0,0.0,1
-214.0,1777.0,19,14.8,26.76,61,900.0,0.0,1
97.0,1760.5,-2,-1.4,0.24,89,900.0,0.0,1
-429.0,1560.5,-11,-11.0,0.0,72,900.0,0.0,-1
-174.0,1796.0,4,3.6,2.6399999999999997,68,900.0,0.0,1
-89.0,1569.5,-11,-9.4,0.43999999999999995,54,900.0,0.0,-1
-63.0,1791.5,-1,-1.0,0.0,138,900.0,0.0,-1
-89.0,1490.5,20,19.7,2.0100000000000002,75,900.0,0.0,1
166.0,1796.0,-1,-1.3,0.8100000000000002,27,900.0,0.0,1
-67.0,1759.5,-4,-0.7,1.4099999999999997,22,900.0,0.0,-1
-156.0,1796.0,-4,-2.7,7.409999999999999,82,900.0,0.0,-1
121.0,1632.5,2,3.9,1.6900000000000002,63,900.0,0.0,1
-110.0,1764.0,1,1.0,0.0,151,900.0,0.0,1
206.0,1777.0,6,5.2,3.16,91,900.0,0.0,1
49.0,1791.5,-7,-7.7,0.21000000000000002,119,900.0,0.0,1
285.0,1837.5,10,11.5,2.25,60,900.0,0.0,1
-352.0,1702.0,-8,-7.1,1.89,64,600.0,12.0,-1
-32.0,1964.0,-20,-14.3,14.010000000000002,112,900.0,10.0,-1
742.0,1164.0,7,4.2,8.959999999999999,31,900.0,0.0,1
-279.0,1837.5,-10,-3.4,7.639999999999999,44,900.0,0.0,-1
127.0,2084.5,4,0.6,3.6399999999999997,83,900.0,0.0,1
273.0,1837.5,3,4.7,2.81,65,900.0,0.0,1
877.0,2019.5,8,7.7,1.81,51,900.0,0.0,1
323.0,1982.5,9,9.0,0.0,149,1200.0,0.0,1
-49.0,1519.5,6,5.5,0.25,83,900.0,0.0,1
-267.0,1837.5,-6,-5.7,0.21000000000000002,48,900.0,0.0,-1
-877.0,2019.5,-2,-1.9,0.09,24,900.0,0.0,-1
127.0,1536.5,5,3.1,0.49000000000000005,21,900.0,0.0,1
-113.0,1535.5,-4,-1.6,2.64,32,900.0,0.0,-1
35.0,1519.5,6,-2.0,9.2,71,900.0,0.0,1
7.0,1490.5,1,-2.9,3.8899999999999997,76,900.0,0.0,1
-69.0,1481.5,5,3.5,1.65,25,900.0,0.0,1
104.0,1957.0,5,-1.3,6.21,75,900.0,0.0,1
16.0,1964.0,4,4.9,7.290000000000001,93,900.0,10.0,1
-25.0,1490.5,9,6.6,13.440000000000001,79,900.0,0.0,1
-231.0,1759.5,-6,-1.0,4.2,38,900.0,0.0,-1
159.0,2373.5,12,7.2,15.360000000000003,156,900.0,0.0,1
70.0,1468.0,14,9.1,12.690000000000001,137,900.0,0.0,1
76.0,1787.0,3,2.7,0.21000000000000002,77,900.0,0.0,1
194.0,1668.0,-2,-3.0,0.8,66,900.0,0.0,-1
-323.0,1837.5,-14,-8.4,13.440000000000001,122,900.0,0.0,-1
319.0,1837.5,15,7.7,6.01,87,900.0,0.0,1
-315.0,1837.5,-12,-8.8,14.559999999999999,118,900.0,0.0,-1
-124.0,1543.0,6,4.7,15.810000000000002,71,900.0,0.0,1
311.0,1837.5,6,6.2,0.15999999999999998,85,900.0,0.0,1
-307.0,1837.5,-9,-3.4,13.439999999999998,96,900.0,0.0,-1
-180.0,1603.0,3,2.0,0.2,129,900.0,0.0,0
-198.0,1606.0,-9,-0.9,8.09,46,900.0,0.0,-1
303.0,1837.5,6,5.6,0.44000000000000006,81,900.0,0.0,1
-299.0,1837.5,-9,-9.0,0.0,160,900.0,0.0,-1
507.0,2548.5,2,2.0,0.0,78,900.0,0.0,1
294.0,1838.0,14,6.7,6.01,81,900.0,0.0,1
-14.0,1734.0,-1,-0.9,0.09,90,900.0,0.0,-1
-32.0,1774.0,4,3.1,7.289999999999999,67,900.0,0.0,1
214.0,1598.0,-9,-0.8,7.56,54,900.0,0.0,-1
1.0,1978.5,0,1.7,0.61,136,900.0,0.0,0
176.0,1783.0,6,5.2,3.16,91,900.0,0.0,1
-168.0,1783.0,-8,-8.0,0.0,124,900.0,0.0,-1
-281.0,1964.5,-7,-7.3,10.609999999999998,80,900.0,0.0,-1
15.0,1978.5,-3,-0.8,1.3599999999999999,68,900.0,0.0,-1
112.0,1543.0,-13,-10.0,6.0,85,900.0,0.0,1
75.0,1683.5,0,0.0,0.0,103,900.0,0.0,1
308.0,1634.0,3,1.7,0.61,65,900.0,0.0,1
-398.0,1991.0,1,1.0,0.0,78,900.0,0.0,-1
56.0,1740.0,4,4.0,0.0,73,900.0,0.0,1
-148.0,2374.0,1,-0.4,8.44,99,900.0,0.0,-1
-15.0,1978.5,0,-0.5,2.25,50,900.0,0.0,0
-153.0,1889.5,0,0.0,0.0,18,900.0,0.0,-1
-86.0,1679.0,3,0.3,4.41,51,900.0,0.0,1
-1.0,1978.5,0,0.0,3.0,85,900.0,0.0,1
205.0,1820.5,0,-0.8,12.76,163,900.0,0.0,0
-28.0,1700.0,-10,-10.0,0.0,96,900.0,0.0,-1
26.0,1640.0,-5,-4.9,0.09,77,900.0,0.0,-1
291.0,1639.5,10,3.0,5.6,75,900.0,0.0,1
-254.0,1848.0,-17,-16.5,0.25,80,900.0,0.0,-1
-10.0,1493.0,-3,0.5,3.45,100,900.0,0.0,-1
26.0,1959.0,2,2.0,0.0,109,900.0,0.0,1
-36.0,1743.0,-2,-1.4,0.24,114,900.0,0.0,-1
48.0,1683.0,8,2.3,4.41,79,900.0,0.0,1
-114.0,1646.0,5,4.2,2.76,55,900.0,0.0,1
15.0,1681.5,-10,-1.9,7.289999999999999,40,900.0,0.0,-1
131.0,1904.5,-2,-2.1,0.09,75,900.0,0.0,1
-30.0,1685.0,-8,-5.2,0.96,86,900.0,0.0,-1
-136.0,1626.0,-9,-6.0,11.0,62,900.0,0.0,-1
126.0,1626.0,23,15.7,6.01,113,900.0,0.0,1
347.0,1663.5,3,0.4,1.8400000000000003,29,900.0,0.0,1
-224.0,1678.0,-16,-11.6,3.2399999999999998,90,900.0,0.0,-1
-67.0,1513.5,6,6.5,2.25,105,900.0,0.0,1
-93.0,1889.5,-5,-3.2,2.16,68,900.0,0.0,-1
58.0,1720.0,-2,-2.0,0.0,70,900.0,0.0,-1
133.0,1906.5,1,1.0,0.0,117,900.0,0.0,0
-148.0,1943.0,-8,-5.9,1.29,66,900.0,0.0,-1
71.0,1513.5,-8,-8.0,0.0,148,900.0,0.0,0
250.0,1678.0,-9,-9.0,0.0,132,900.0,0.0,-1
-210.0,1867.0,-18,-15.1,11.290000000000001,102,900.0,0.0,-1
167.0,2037.5,4,1.6,4.04,58,900.0,0.0,-1
-75.0,1796.5,-11,-3.1,7.090000000000001,80,900.0,0.0,-1
135.0,1616.5,4,4.1,0.09,61,900.0,0.0,1
-191.0,2037.5,-5,-2.0,9.6,33,900.0,0.0,1
256.0,1835.0,3,3.0,0.0,75,900.0,0.0,1
183.0,2037.5,3,0.6,1.44,43,900.0,0.0,1
-175.0,2037.5,-1,-0.1,0.09,60,900.0,0.0,-1
22.0,1991.0,11,10.2,5.76,97,900.0,0.0,1
-358.0,1659.0,0,0.1,0.09,34,900.0,0.0,-1
5.0,1797.5,-5,-1.6,13.639999999999997,92,900.0,0.0,-1
-154.0,1467.0,-11,-3.8,5.76,96,900.0,0.0,-1
167.0,2037.5,0,0.0,0.6,33,900.0,0.0,1
-153.0,1618.5,9,6.1,6.890000000000001,173,900.0,0.0,1
402.0,1682.0,7,3.4,13.239999999999998,63,900.0,0.0,1
-157.0,2037.5,-6,-2.6,8.24,106,900.0,0.0,-1
-137.0,2373.5,-9,-3.9,7.289999999999999,121,900.0,0.0,-1
-250.0,1835.0,-9,-8.1,0.09,90,900.0,0.0,-1
286.0,1688.0,19,13.5,31.65,49,900.0,0.0,1
161.0,1847.5,13,12.4,0.8400000000000001,75,900.0,0.0,1
203.0,1866.5,3,0.2,1.9600000000000002,27,900.0,0.0,1
-44.0,1720.0,-1,-0.2,0.36000000000000004,20,900.0,0.0,-1
-74.0,1668.0,0,-0.8,2.16,63,900.0,0.0,1
-30.0,1720.0,-8,-2.7,3.41,58,900.0,0.0,-1
184.0,1493.0,2,-1.8,6.36,51,900.0,0.0,1
-80.0,1601.0,-1,-0.7,0.21000000000000002,55,900.0,0.0,1
85.0,1931.5,1,0.5,0.25,65,900.0,0.0,1
150.0,1625.0,9,7.9,2.29,77,900.0,0.0,1
276.0,1835.0,-10,-7.4,3.6399999999999997,78,900.0,0.0,-1
-275.0,1690.5,-13,-9.3,1.6099999999999999,90,900.0,0.0,-1
20.0,1777.0,-2,0.1,1.8900000000000001,39,900.0,0.0,1
-73.0,1931.5,-1,-0.3,4.41,52,900.0,0.0,-1
-45.0,1670.5,-4,-3.4,0.44000000000000006,66,900.0,0.0,-1
57.0,1580.5,-12,-11.7,0.8099999999999999,92,1200.0,0.0,-1
29.0,1648.5,3,0.3,0.8100000000000002,33,900.0,0.0,1
-38.0,1575.0,3,2.4,2.24,71,900.0,0.0,1
22.0,2019.0,-1,-1.0,0.0,94,900.0,0.0,-1
-270.0,1835.0,-3,-2.1,2.69,70,900.0,0.0,-1
-89.0,1684.5,-1,-0.9,0.49000000000000005,50,900.0,0.0,-1
-106.0,1736.0,-3,-3.0,0.0,109,900.0,0.0,1
128.0,1736.0,4,4.6,0.8400000000000001,58,900.0,0.0,-1
-118.0,1736.0,-11,-7.1,12.690000000000001,50,900.0,0.0,-1
182.0,1772.0,6,5.2,3.16,91,900.0,0.0,1
121.0,1766.5,-1,-0.5,0.25,124,900.0,0.0,-1
-174.0,1772.0,-5,-4.9,0.09,84,900.0,0.0,-1
-98.0,1679.0,3,3.8,0.5599999999999999,87,900.0,0.0,1
-18.0,1985.0,-11,-6.0,3.0,56,900.0,0.0,-1
46.0,1814.0,-3,-2.7,0.21000000000000002,82,900.0,0.0,-1
36.0,1985.0,-1,-1.5,0.25,72,900.0,0.0,-1
86.0,1679.0,1,0.1,0.09,29,900.0,0.0,1
-95.0,1773.5,-9,-1.1,8.290000000000001,52,900.0,0.0,-1
-74.0,1679.0,-4,-1.4,3.04,38,900.0,0.0,-1
-261.0,1598.5,8,8.5,2.25,51,900.0,0.0,1
189.0,2210.5,8,1.9,6.889999999999999,43,900.0,0.0,1
31.0,1691.5,2,1.9,1.49,44,900.0,0.0,-1
-15.0,1691.5,-11,-10.6,0.43999999999999995,114,900.0,0.0,-1
-495.0,2553.5,-5,-5.0,0.0,90,900.0,0.0,-1
29.0,1647.5,6,3.0,9.6,54,900.0,0.0,-1
-13.0,1647.5,-9,-1.2,7.56,58,900.0,0.0,-1
-880.0,2412.0,-9,-7.3,9.010000000000002,64,900.0,0.0,-1
37.0,1948.5,0,-0.1,0.09,79,2700.0,45.0,0
-831.0,1605.5,-20,-19.7,0.8099999999999999,36,900.0,0.0,-1
31.0,1647.5,-16,-14.7,15.810000000000002,92,900.0,0.0,-1
4.0,2312.0,-2,-2.7,0.21000000000000002,139,900.0,0.0,-1
707.0,2447.5,4,2.6,3.04,36,900.0,5.0,1
831.0,1605.5,12,11.7,2.01,37,900.0,0.0,1
-831.0,1605.5,-24,-18.4,7.640000000000001,52,900.0,0.0,-1
880.0,2412.0,12,5.7,7.409999999999999,67,900.0,0.0,1
93.0,1768.5,-3,-3.1,2.0900000000000003,57,900.0,0.0,1
174.0,1897.0,-5,-5.5,2.25,50,900.0,15.0,-1
-133.0,2118.5,-3,-0.6,1.44,22,900.0,0.0,-1
147.0,1891.5,2,1.2,0.7600000000000001,45,900.0,0.0,1
-198.0,1897.0,6,3.1,2.29,65,900.0,15.0,1
222.0,1897.0,-2,-4.1,1.69,44,900.0,15.0,-1
343.0,1700.5,2,2.0,0.0,105,900.0,0.0,1
-248.0,1897.0,7,4.6,14.84,25,900.0,15.0,1
242.0,1897.0,0,-0.1,0.09,57,900.0,15.0,1
-91.0,2008.5,0,0.0,0.0,117,900.0,0.0,0
-876.0,1876.0,-13,-7.9,13.290000000000001,44,900.0,0.0,-1
-136.0,1611.0,-10,-3.7,12.809999999999999,38,900.0,0.0,-1
-28.0,1816.0,-4,-4.9,7.290000000000001,68,900.0,0.0,-1
234.0,1667.0,3,0.3,0.8100000000000002,27,900.0,0.0,1
-1302.0,2201.0,-2,-0.8,0.9599999999999997,30,900.0,5.0,-1
-665.0,1468.5,-2,0.2,1.3599999999999999,20,1200.0,5.0,-1
-43.0,1843.5,1,0.7,0.8100000000000002,90,900.0,0.0,-1
65.0,2274.5,8,4.3,1.61,163,900.0,0.0,1
-174.0,1020.0,-2,-0.3,0.61,22,900.0,0.0,-1
-1.0,1099.5,7,6.3,0.21000000000000002,75,900.0,0.0,1
-22.0,1689.0,-1,-1.0,0.0,117,900.0,0.0,0
29.0,1843.5,-6,-6.8,0.15999999999999998,81,900.0,0.0,1
636.0,1402.0,0,0.0,0.0,10,900.0,0.0,-1
-169.0,1890.5,1,0.4,0.8400000000000001,35,900.0,0.0,1
177.0,1890.5,0,-0.9,0.09,129,900.0,0.0,0
48.0,1663.0,-10,-4.4,13.440000000000001,130,900.0,0.0,-1
-492.0,2554.0,-5,-5.0,0.0,159,900.0,0.0,-1
-807.0,2651.5,-1,-2.3,1.21,102,1980.0,33.0,-1
105.0,1702.5,4,1.7,10.41,79,1200.0,5.0,1
-13.0,1843.5,-1,-0.9,0.09,92,900.0,0.0,-1
-3.0,1693.5,14,3.9,17.29,129,900.0,0.0,1
-185.0,1890.5,1,1.0,0.0,162,900.0,0.0,0
-42.0,1667.0,-7,-0.5,10.85,52,900.0,0.0,-1
-82.0,1708.0,-6,-2.0,4.0,60,900.0,10.0,-1
622.0,2553.0,5,2.6,0.8400000000000001,97,900.0,1.0,1
96.0,1883.0,0,0.0,0.0,88,900.0,0.0,0
-123.0,2374.5,-4,-2.1,3.09,95,900.0,0.0,-1
75.0,1644.5,5,2.6,13.439999999999998,111,900.0,0.0,1
-29.0,1628.5,-3,-3.0,0.0,110,900.0,0.0,-1
678.0,2524.0,8,5.4,3.84,55,900.0,1.0,1
-153.0,1748.5,-5,-4.5,1.05,60,900.0,10.0,-1
129.0,1540.5,-14,-8.4,13.440000000000001,142,900.0,0.0,-1
-135.0,1778.5,-1,-1.0,0.0,109,900.0,0.0,1
-382.0,2120.0,-8,-8.0,0.0,136,900.0,0.0,-1
831.0,1605.5,4,5.5,1.05,45,900.0,0.0,1
-831.0,1605.5,0,0.0,0.0,12,900.0,0.0,-1
-160.0,2053.0,-3,-3.0,0.0,72,900.0,0.0,-1
831.0,1605.5,8,3.4,2.4399999999999995,57,900.0,0.0,1
-483.0,1942.5,-2,-2.6,0.24,76,900.0,0.0,-1
-151.0,1540.5,14,6.8,8.360000000000001,75,900.0,0.0,1
141.0,1540.5,-3,-2.2,0.15999999999999998,44,900.0,0.0,1
-303.0,1829.5,-4,-3.8,5.76,91,900.0,0.0,-1
-65.0,1721.5,4,4.0,0.0,60,900.0,0.0,-1
89.0,2276.5,-3,-2.8,0.15999999999999998,69,900.0,0.0,-1
-51.0,1721.5,-3,-0.9,1.29,54,900.0,0.0,-1
331.0,1829.5,-12,-7.8,12.76,80,900.0,0.0,-1
37.0,1721.5,2,1.7,0.21000000000000002,67,900.0,0.0,1
55.0,1811.5,4,2.9,1.89,62,900.0,0.0,1
-21.0,1721.5,-10,-9.2,1.3599999999999999,68,900.0,0.0,-1
-33.0,1807.5,-4,-3.6,0.8400000000000001,64,900.0,0.0,-1
-9.0,1827.5,0,-0.3,0.61,23,1200.0,0.0,1
-242.0,1751.0,6,6.0,0.0,107,900.0,0.0,1
-327.0,1829.5,-2,-2.3,0.8099999999999999,35,900.0,0.0,-1
-140.0,1725.0,2,1.5,2.25,93,900.0,0.0,1
408.0,2642.0,9,8.7,0.21000000000000002,133,900.0,0.0,1
-969.0,1536.5,-13,-12.3,0.21000000000000002,38,900.0,0.0,-1
-399.0,2639.5,-19,-11.9,25.889999999999997,108,900.0,0.0,-1
108.0,1758.0,2,1.7,0.21000000000000002,101,1200.0,10.0,1
669.0,1797.5,-5,-4.3,0.21000000000000002,130,900.0,0.0,-1
-29.0,2315.5,4,3.1,2.4899999999999998,94,900.0,0.0,1
-9.0,1698.5,-8,-1.3,10.209999999999999,64,900.0,0.0,-1
163.0,1524.5,9,6.0,1.2,61,900.0,0.0,1
168.0,1724.0,-1,-1.8,0.36,59,900.0,2.0,1
152.0,1638.0,6,3.3,8.010000000000002,88,900.0,0.0,-1
-887.0,1886.5,-5,-4.3,1.41,72,900.0,0.0,-1
-236.0,1674.0,-10,-9.6,1.44,118,900.0,0.0,-1
8.0,1820.0,2,0.7,1.0100000000000002,49,1200.0,0.0,1
-738.0,1975.0,-6,-4.9,2.09,58,900.0,0.0,-1
40.0,1703.0,-10,-9.5,0.25,50,900.0,0.0,-1
112.0,1763.0,1,0.9,0.09,93,900.0,0.0,1
-26.0,1703.0,-19,-11.9,13.690000000000001,68,900.0,0.0,-1
-81.0,1772.5,-3,-2.0,0.2,36,900.0,0.0,-1
-144.0,1639.0,-4,-4.0,0.0,82,900.0,0.0,-1
-36.0,1665.0,-6,-3.6,4.04,94,900.0,2.0,-1
230.0,1674.0,23,22.5,0.25,103,900.0,0.0,1
94.0,1877.0,6,2.3,4.41,45,2700.0,45.0,1
-34.0,1824.0,2,0.3,3.81,55,1200.0,10.0,1
98.0,1752.0,1,0.5,0.25,101,1200.0,10.0,1
222.0,1674.0,20,18.5,5.25,139,900.0,0.0,1
5.0,1721.5,10,10.0,0.0,97,900.0,0.0,1
54.0,1701.0,-9,-7.0,7.0,86,900.0,0.0,-1
133.0,1901.5,3,3.0,0.0,161,900.0,0.0,1
-248.0,1674.0,9,3.4,13.439999999999998,159,900.0,0.0,1
-6.0,1796.0,0,0.1,0.09,45,1200.0,10.0,1
-94.0,1765.0,0,0.0,0.0,17,900.0,0.0,1
-283.0,1502.5,4,5.5,1.05,108,900.0,2.0,-1
-158.0,1634.0,-11,-7.5,5.25,126,900.0,0.0,-1
269.0,1676.5,13,10.4,8.639999999999999,96,900.0,0.0,-1
189.0,1614.5,5,2.1,1.29,49,900.0,0.0,1
-181.0,1614.5,-2,-1.4,1.44,26,900.0,0.0,-1
173.0,1614.5,0,0.3,0.8100000000000002,55,900.0,0.0,1
-5.0,1777.5,-8,-5.9,1.29,106,900.0,0.0,-1
-181.0,1614.5,0,0.0,0.0,24,900.0,0.0,0
173.0,1614.5,4,3.1,0.09,41,900.0,0.0,1
-165.0,1614.5,-3,-0.3,0.8100000000000002,34,900.0,0.0,-1
155.0,1614.5,3,-0.2,3.3600000000000003,65,900.0,0.0,1
-179.0,1614.5,5,5.8,0.15999999999999998,119,900.0,0.0,1
238.0,1703.0,-3,-2.2,2.16,31,900.0,0.0,1
171.0,1614.5,2,1.3,3.41,51,900.0,0.0,1
-66.0,1751.0,16,12.2,20.56,93,900.0,0.0,1
-161.0,1614.5,-4,-0.9,1.8900000000000001,26,900.0,0.0,-1
6.0,1817.0,0,0.0,0.0,72,900.0,0.0,-1
-42.0,1812.0,-5,-4.9,0.09,144,900.0,0.0,-1
58.0,1570.0,1,0.5,0.25,30,900.0,0.0,1
145.0,1760.5,1,1.0,0.0,79,900.0,0.0,1
-55.0,1774.5,6,6.0,0.0,137,900.0,0.0,1
125.0,1592.5,-6,-4.5,3.65,62,900.0,2.0,-1
-398.0,2129.0,-8,-4.9,4.29,64,900.0,0.0,-1
369.0,1562.5,20,12.7,13.01,95,1200.0,5.0,1
358.0,1652.0,-4,-5.9,0.89,57,900.0,0.0,1
-115.0,1592.5,-3,-3.1,0.69,38,900.0,2.0,-1
103.0,1592.5,2,-2.0,4.0,49,900.0,2.0,1
-246.0,1569.0,-2,-2.0,0.0,108,900.0,0.0,-1
-91.0,1592.5,-4,-3.6,0.8400000000000001,44,900.0,2.0,-1
79.0,1592.5,1,2.6,2.44,42,900.0,2.0,1
89.0,1643.5,0,-0.9,0.09,111,1200.0,0.0,-1
240.0,1569.0,5,1.3,3.01,29,900.0,0.0,1
53.0,1592.5,0,0.0,0.0,97,900.0,2.0,1
-234.0,1569.0,-9,-8.7,1.01,86,900.0,0.0,-1
37.0,1848.5,0,1.0,7.2,82,900.0,0.0,0
23.0,1793.5,-4,-0.7,1.6099999999999999,100,900.0,0.0,-1
-345.0,1572.5,-8,-4.5,5.25,54,1200.0,5.0,-1
508.0,1450.0,4,3.5,0.25,55,900.0,0.0,1
-39.0,1592.5,-6,-1.4,2.4399999999999995,14,900.0,2.0,-1
-89.0,1643.5,-14,-14.0,0.0,100,1200.0,0.0,-1
337.0,1531.5,-2,-2.0,0.0,72,900.0,0.0,-1
314.0,1585.0,4,4.1,0.09,51,1200.0,5.0,1
-333.0,1531.5,-4,-1.4,2.4400000000000004,48,900.0,0.0,-1
-68.0,1806.0,5,4.1,6.290000000000001,89,900.0,0.0,1
329.0,1531.5,9,1.2,7.56,25,900.0,0.0,1
-325.0,1531.5,-4,-0.1,3.09,84,900.0,0.0,-1
321.0,1531.5,14,4.1,12.690000000000001,57,900.0,0.0,1
-317.0,1531.5,-3,-3.0,0.0,64,900.0,0.0,-1
175.0,2240.5,3,2.8,0.15999999999999998,47,900.0,0.0,1
313.0,1531.5,8,1.6,5.040000000000001,45,900.0,0.0,1
54.0,1806.0,15,15.6,0.24,137,900.0,0.0,1
-308.0,1532.0,-4,-1.4,1.04,38,900.0,0.0,-1
303.0,1532.5,10,1.1,9.09,89,900.0,0.0,1
-297.0,1532.5,-1,-0.2,0.16000000000000003,112,900.0,0.0,-1
291.0,1532.5,9,0.9,7.290000000000001,25,900.0,0.0,1
-285.0,1532.5,-10,-8.3,5.8100000000000005,46,900.0,0.0,-1
279.0,1532.5,6,5.9,0.09,63,900.0,0.0,1
-40.0,1806.0,-6,-2.1,2.29,88,900.0,0.0,-1
-273.0,1532.5,-3,-1.1,3.69,32,900.0,0.0,-1
267.0,1532.5,3,0.8,2.9600000000000004,47,900.0,0.0,1
-260.0,1533.0,-1,2.0,10.0,42,900.0,0.0,-1
253.0,1533.5,1,0.5,2.25,49,900.0,0.0,1
-246.0,1534.0,-7,-2.5,2.25,52,900.0,0.0,-1
-67.0,1671.5,-2,0.7,3.4099999999999993,62,900.0,0.0,-1
-322.0,2173.0,0,0.8,2.16,190,900.0,0.0,0
40.0,1994.0,8,0.1,9.09,99,900.0,0.0,1
199.0,1722.5,3,2.0,7.2,99,900.0,0.0,1
-323.0,2137.5,0,-0.3,0.8100000000000002,16,900.0,0.0,-1
-8.0,1653.0,6,-0.4,4.640000000000001,125,900.0,0.0,1
26.0,1653.0,-8,-3.4,2.4399999999999995,74,900.0,0.0,-1
53.0,1671.5,2,1.7,1.0100000000000002,29,900.0,0.0,1
-132.0,1868.0,5,1.3,3.41,77,900.0,0.0,1
-28.0,1653.0,-12,-9.6,2.6399999999999997,94,900.0,0.0,0
46.0,1653.0,-6,-3.9,0.69,166,900.0,0.0,-1
-226.0,1722.0,-2,-1.5,0.45,49,900.0,0.0,1
1327.0,2136.5,9,4.5,2.25,43,900.0,5.0,1
-39.0,1671.5,5,2.6,1.44,64,900.0,0.0,-1
122.0,1868.0,1,1.0,0.0,63,900.0,0.0,1
-32.0,1653.0,-9,-8.2,0.76,106,900.0,0.0,-1
50.0,1653.0,-6,-2.6,7.039999999999999,84,900.0,0.0,-1
-299.0,1704.5,0,-0.1,2.09,45,1680.0,12.0,-1
-70.0,1653.0,0,-1.4,2.04,29,900.0,0.0,1
74.0,1653.0,-11,-6.7,4.21,92,900.0,0.0,0
-60.0,1653.0,-15,-7.8,5.76,108,900.0,0.0,-1
65.0,1901.5,2,-0.1,1.8900000000000001,49,1200.0,0.0,1
521.0,2072.5,16,5.7,17.21,39,900.0,0.0,1
46.0,1653.0,8,6.4,0.43999999999999995,135,900.0,0.0,1
-32.0,1653.0,-8,-5.9,7.290000000000001,96,900.0,0.0,-1
292.0,2179.0,2,1.7,0.21000000000000002,81,900.0,0.0,1
-32.0,1698.0,5,4.5,0.25,89,900.0,0.0,1
50.0,1653.0,-6,-6.6,2.2399999999999998,100,900.0,0.0,-1
-70.0,1653.0,8,6.0,16.2,111,900.0,0.0,1
37.0,1677.5,5,2.3,2.6100000000000003,45,900.0,0.0,1
-286.0,2179.0,2,1.4,0.24,44,900.0,0.0,-1
16.0,1698.0,0,-0.1,0.09,101,900.0,0.0,1
334.0,1824.0,-1,-0.6,0.8400000000000001,65,900.0,0.0,1
-330.0,1824.0,0,0.0,0.0,14,900.0,0.0,-1
116.0,1761.0,2,1.6,0.44000000000000006,53,900.0,0.0,1
43.0,1783.5,6,0.9,6.290000000000001,43,900.0,0.0,1
-34.0,1698.0,9,3.0,4.8,59,900.0,0.0,1
326.0,1824.0,-2,-2.1,0.09,37,900.0,0.0,1
-42.0,1693.0,8,7.1,0.09,95,900.0,0.0,1
-145.0,1707.5,-5,-1.3,3.21,44,900.0,0.0,-1
-54.0,1752.0,-1,-0.5,0.25,118,900.0,0.0,-1
-107.0,1661.5,7,6.2,0.76,65,900.0,0.0,1
28.0,1693.0,-1,-1.5,0.25,83,900.0,0.0,1
87.0,2020.5,-4,-1.0,10.2,62,900.0,0.0,-1
-179.0,1461.5,-19,-11.8,5.76,98,900.0,0.0,-1
95.0,1661.5,8,7.4,2.2399999999999998,77,900.0,0.0,1
-30.0,1693.0,4,4.0,0.0,39,900.0,0.0,0
55.0,1797.5,-8,-7.2,0.36,78,900.0,0.0,-1
93.0,1671.5,-1,-6.7,14.01,110,900.0,0.0,-1
-19.0,1668.5,-1,-0.4,0.24000000000000005,97,900.0,0.0,0
117.0,1782.5,-5,-5.0,0.0,114,900.0,0.0,-1
108.0,2124.0,0,0.0,0.0,55,900.0,0.0,1
-6.0,1562.0,1,1.3,0.8100000000000002,29,1200.0,0.0,-1
0.0,1964.0,0,-0.9,0.6900000000000001,92,900.0,10.0,-1
95.0,1771.5,4,0.8,1.5600000000000003,47,900.0,0.0,1
72.0,1720.0,4,2.1,2.69,31,900.0,0.0,1
521.0,1336.5,26,23.0,12.0,67,900.0,0.0,1
43.0,1671.5,0,0.0,0.0,64,900.0,0.0,-1
283.0,1743.5,-4,-0.9,1.8900000000000001,42,900.0,0.0,-1
-16.0,1964.0,4,2.7,7.210000000000001,77,900.0,10.0,1
255.0,1754.5,0,-0.3,0.8100000000000002,21,5400.0,0.0,1
-1.0,1666.5,3,0.3,0.8100000000000002,73,900.0,0.0,1
-159.0,1907.5,5,3.1,0.49000000000000005,105,900.0,0.0,1
-280.0,1227.0,-23,-23.6,1.44,116,900.0,0.0,-1
0.0,1536.0,-3,-3.0,0.0,101,1500.0,0.0,1
123.0,2282.5,-2,-1.2,0.16,125,900.0,0.0,-1
-645.0,1691.5,-17,-11.7,7.410000000000001,54,900.0,0.0,-1
178.0,1600.0,3,3.1,0.09,67,900.0,0.0,1
-43.0,1695.5,0,0.0,0.0,84,900.0,0.0,-1
381.0,1794.5,3,2.9,0.09,103,900.0,0.0,1
-170.0,1600.0,-11,-10.4,1.44,36,900.0,0.0,-1
-116.0,1781.0,-2,-4.0,11.2,41,900.0,0.0,1
-245.0,1722.5,-11,-3.4,20.04,50,900.0,0.0,-1
29.0,1695.5,6,3.2,0.96,71,900.0,0.0,1
-154.0,1921.0,0,-0.2,0.16000000000000003,84,900.0,0.0,-1
-47.0,1695.5,-2,-0.5,1.05,59,900.0,0.0,1
229.0,1585.5,0,-0.3,0.8100000000000002,57,900.0,0.0,1
67.0,1695.5,-5,-4.9,0.09,70,900.0,0.0,-1
-108.0,1554.0,-17,-11.0,5.4,60,900.0,0.0,-1
96.0,1554.0,14,10.8,4.16,53,900.0,0.0,1
9.0,1856.5,5,4.5,0.65,53,900.0,0.0,1
-39.0,1688.5,-1,-1.2,0.16,114,900.0,0.0,-1
-14.0,1983.0,-4,-2.9,0.29,68,900.0,0.0,-1
-297.0,1751.5,-12,-4.8,5.76,106,900.0,0.0,-1
119.0,1925.5,1,0.6,0.24000000000000005,79,900.0,0.0,1
219.0,1738.5,1,1.2,0.9599999999999997,41,900.0,0.0,1
-141.0,1765.5,-2,-2.0,0.6,68,1200.0,0.0,-1
80.0,1789.0,2,2.2,0.15999999999999998,85,900.0,0.0,1
-612.0,1720.0,29,26.4,3.04,77,5400.0,0.0,0
57.0,1688.5,-6,-3.6,7.4399999999999995,192,900.0,0.0,-1
-44.0,1778.0,7,4.7,3.6100000000000003,61,900.0,0.0,1
183.0,1440.5,7,7.0,0.0,69,900.0,0.0,1
109.0,1557.5,-6,-5.9,0.09,132,900.0,0.0,-1
127.0,1916.5,2,1.5,0.25,65,900.0,0.0,1
62.0,1778.0,2,2.0,0.0,150,900.0,0.0,-1
-147.0,2377.5,-10,-3.9,6.489999999999999,86,900.0,0.0,-1
-168.0,1757.0,7,3.9,6.49,75,900.0,0.0,1
-43.0,1688.5,-7,0.2,6.16,58,900.0,0.0,-1
-612.0,1720.0,-1,-0.9,0.09,26,5400.0,0.0,-1
29.0,1688.5,-2,-1.1,0.29,71,900.0,0.0,1
0.0,1964.0,9,3.2,4.76,65,900.0,10.0,1
158.0,1757.0,3,2.3,4.41,57,900.0,0.0,1
-13.0,1688.5,-8,-0.8,5.76,102,900.0,0.0,-1
337.0,1843.5,8,6.0,6.0,59,900.0,0.0,1
-333.0,1843.5,-8,-2.4,4.239999999999999,48,900.0,0.0,-1
-148.0,1757.0,0,-0.8,2.7600000000000002,58,900.0,0.0,-1
329.0,1843.5,3,2.1,1.09,37,900.0,0.0,1
-325.0,1843.5,-13,-11.7,1.21,48,900.0,0.0,-1
321.0,1843.5,4,3.7,0.21000000000000002,55,900.0,0.0,1
9.0,1685.5,-7,1.6,10.44,66,900.0,0.0,-1
-27.0,1685.5,1,0.8,0.7600000000000001,39,900.0,0.0,1
100.0,1668.0,13,4.1,22.89,43,900.0,0.0,1
239.0,1585.5,0,7.3,6.01,108,900.0,0.0,0
45.0,1685.5,-5,-0.2,2.76,50,900.0,0.0,-1
191.0,1914.5,-2,-1.2,0.7600000000000001,68,900.0,0.0,-1
57.0,1799.5,-4,-1.4,0.8400000000000001,72,900.0,0.0,-1
-139.0,1910.5,0,0.1,1.29,38,900.0,0.0,-1
-74.0,1661.0,-12,-10.7,1.01,76,900.0,0.0,-1
-73.0,1766.5,0,3.0,1.2,64,900.0,0.0,-1
46.0,1633.0,8,5.8,6.36,75,900.0,0.0,1
-163.0,1893.5,-6,-5.5,6.45,85,900.0,0.0,-1
-270.0,1839.0,0,0.1,0.09,18,900.0,0.0,-1
-254.0,1596.0,-11,-2.4,10.44,54,900.0,0.0,-1
298.0,1839.0,-5,-0.2,3.96,38,900.0,0.0,-1
135.0,1541.5,4,2.9,5.49,28,900.0,0.0,1
-354.0,2143.0,-12,-2.8,12.359999999999998,116,900.0,5.0,-1
-116.0,1522.0,4,2.7,2.0100000000000002,27,900.0,0.0,1
-43.0,1683.5,2,2.1,0.09,57,1200.0,10.0,1
108.0,1743.0,3,2.5,0.25,59,900.0,0.0,1
255.0,1753.5,-9,-9.1,0.09,95,900.0,0.0,0
229.0,1616.5,0,-0.3,0.8099999999999999,78,900.0,0.0,-1
-32.0,1633.0,-13,-6.6,20.240000000000002,84,900.0,0.0,-1
350.0,2143.0,13,7.2,9.360000000000001,51,900.0,5.0,1
-208.0,1610.0,-9,-0.9,7.290000000000001,28,900.0,0.0,-1
-230.0,1894.0,-4,0.6,2.4399999999999995,38,900.0,15.0,-1
-281.0,1753.5,3,0.5,7.05,41,900.0,0.0,1
170.0,1886.0,4,4.9,7.290000000000001,87,900.0,0.0,1
222.0,1894.0,0,-0.8,0.16,33,900.0,15.0,1
220.0,1722.0,2,5.6,13.040000000000001,138,900.0,0.0,-1
-214.0,1894.0,1,1.3,8.609999999999998,30,900.0,15.0,-1
-37.0,1698.5,4,0.7,2.61,53,900.0,0.0,1
-115.0,1712.5,-9,-4.3,8.01,76,1200.0,0.0,-1
-212.0,1722.0,-9,-6.1,3.69,166,900.0,0.0,-1
204.0,1722.0,9,6.9,4.49,99,900.0,0.0,1
23.0,1698.5,1,1.4,2.4399999999999995,53,900.0,0.0,1
-196.0,1722.0,-8,-7.4,2.2399999999999998,82,900.0,0.0,-1
95.0,1563.5,8,1.5,6.85,85,900.0,0.0,1
63.0,1932.5,7,5.8,0.76,67,900.0,0.0,1
103.0,1712.5,1,0.9,0.09,29,1200.0,0.0,1
70.0,2029.0,4,4.2,0.15999999999999998,79,900.0,0.0,1
-10.0,1642.0,-1,-0.5,0.85,43,1020.0,0.0,-1
-117.0,1563.5,10,6.7,23.41,23,900.0,0.0,1
253.0,1634.5,2,1.7,0.8100000000000002,51,900.0,0.0,1
136.0,2121.0,-15,-4.9,21.29,78,900.0,0.0,-1
91.0,1584.5,-5,-5.0,0.0,200,900.0,0.0,-1
300.0,1842.0,1,-0.2,0.96,23,900.0,0.0,1
-79.0,1584.5,-2,-1.0,0.2,42,900.0,0.0,-1
65.0,1584.5,20,18.6,3.84,79,900.0,0.0,1
-29.0,1688.5,-18,-17.2,5.76,112,900.0,0.0,-1
96.0,1586.0,20,17.6,13.440000000000001,105,900.0,0.0,1
-312.0,1842.0,-2,-2.0,0.0,141,900.0,0.0,0
190.0,2121.0,-2,0.5,2.45,57,900.0,0.0,1
-110.0,1493.0,14,10.1,17.490000000000002,109,900.0,0.0,1
-40.0,1676.0,-9,-2.7,11.61,96,900.0,0.0,-1
43.0,1645.5,11,9.1,1.49,81,900.0,0.0,1
-64.0,1509.0,-3,-3.9,7.289999999999999,88,900.0,0.0,-1
227.0,2332.5,8,6.0,7.0,65,900.0,0.0,1
31.0,1718.5,2,0.5,3.45,39,900.0,0.0,1
-15.0,1718.5,6,3.9,6.090000000000001,60,900.0,0.0,-1
-1.0,1718.5,2,-1.0,3.6,43,900.0,0.0,1
126.0,2121.0,-2,-1.0,1.6,47,900.0,0.0,1
154.0,1784.0,-11,-10.0,1.8,54,900.0,0.0,-1
-8.0,1634.0,-8,-6.8,5.96,84,900.0,0.0,-1
-116.0,2121.0,-5,-4.6,0.24,107,900.0,0.0,-1
91.0,1584.5,1,2.5,1.65,73,900.0,0.0,1
-144.0,1784.0,-4,-1.8,1.9600000000000002,58,900.0,0.0,-1
104.0,2121.0,1,0.9,4.49,91,900.0,0.0,1
2.0,1631.0,-13,-7.9,13.290000000000001,126,900.0,0.0,-1
134.0,1784.0,3,0.5,6.25,67,900.0,0.0,1
333.0,1829.5,5,0.9,5.49,44,900.0,0.0,1
-16.0,1630.0,7,6.5,0.25,93,900.0,0.0,1
59.0,2032.5,8,4.1,4.29,77,900.0,0.0,1
-206.0,1894.0,-4,-1.2,7.760000000000001,80,900.0,15.0,-1
129.0,2373.5,5,0.5,3.45,35,900.0,0.0,1
12.0,1719.0,-5,-4.5,0.25,90,900.0,0.0,-1
-154.0,1769.0,-2,-1.9,0.09,74,900.0,0.0,-1
198.0,1894.0,1,0.2,0.16000000000000003,57,900.0,15.0,1
-38.0,1715.0,3,-0.1,11.49,61,1200.0,0.0,1
144.0,1769.0,3,1.2,7.56,65,900.0,0.0,1
53.0,1649.5,-14,-5.8,9.36,70,900.0,0.0,-1
-73.0,1649.5,14,6.8,7.56,67,900.0,0.0,1
-236.0,1855.0,-2,-1.7,0.21000000000000002,106,900.0,0.0,-1
0.0,1630.0,3,4.3,2.6100000000000003,93,900.0,0.0,1
14.0,1840.0,1,0.4,0.24000000000000005,154,900.0,0.0,-1
643.0,2540.5,1,0.9,0.09,83,900.0,1.0,1
69.0,1677.5,2,0.9,8.29,53,900.0,0.0,1
229.0,1643.5,0,0.3,0.8100000000000002,77,600.0,12.0,1
-16.0,1630.0,7,7.5,2.25,107,900.0,0.0,1
66.0,1997.0,-4,-1.0,1.8,44,900.0,0.0,-1
107.0,1773.5,-9,-2.6,10.240000000000002,135,900.0,0.0,1
34.0,1630.0,-13,-7.4,13.440000000000001,94,900.0,0.0,-1
-190.0,1894.0,-2,-1.8,2.16,82,900.0,15.0,-1
214.0,1894.0,-5,-3.7,1.01,128,900.0,15.0,-1
-814.0,1597.0,-23,-15.2,20.96,62,900.0,0.0,-1
-176.0,1735.0,-1,-0.2,7.359999999999999,74,900.0,0.0,-1
-206.0,1894.0,3,0.5,1.65,22,900.0,15.0,-1
-132.0,1734.0,-6,-1.5,9.45,34,900.0,0.0,-1
331.0,1835.5,1,0.1,0.6900000000000001,59,900.0,0.0,1
326.0,1839.0,5,1.7,1.6099999999999999,27,900.0,0.0,1
134.0,1742.0,3,3.0,0.0,127,900.0,0.0,1
97.0,1685.5,-5,-4.9,0.09,74,900.0,0.0,-1
253.0,1742.5,6,5.2,3.16,91,900.0,0.0,1
-247.0,1742.5,-8,-7.2,0.36,188,900.0,0.0,-1
-87.0,1652.5,18,9.8,38.96,67,900.0,0.0,1
-45.0,1612.5,5,5.0,0.0,131,900.0,0.0,1
75.0,1652.5,7,-1.2,31.759999999999998,79,900.0,0.0,1
17.0,1818.5,2,1.5,0.25,63,1200.0,0.0,1
203.0,1506.5,9,9.0,0.0,83,900.0,2.0,1
100.0,1607.0,-10,-8.4,2.04,84,900.0,0.0,-1
245.0,1740.5,6,5.2,3.16,91,900.0,0.0,1
-255.0,1740.5,3,3.0,0.0,188,900.0,0.0,0
-812.0,1596.0,-19,-11.1,12.69,64,900.0,0.0,-1
164.0,1724.0,3,3.9,1.49,121,1200.0,10.0,1
-106.0,1672.0,5,2.0,6.0,38,900.0,0.0,-1
812.0,1596.0,9,1.2,7.56,19,900.0,0.0,1
96.0,1752.0,3,2.4,0.8400000000000001,41,900.0,0.0,1
-118.0,1752.0,-2,-1.4,0.64,89,900.0,0.0,1
-48.0,1588.0,-19,-13.4,13.440000000000001,222,900.0,0.0,-1
140.0,1752.0,-13,-12.8,0.76,64,900.0,0.0,-1
-130.0,1752.0,-1,1.3,0.8099999999999999,30,900.0,0.0,-1
-44.0,1799.0,0,0.4,2.24,78,900.0,0.0,-1
30.0,1799.0,9,5.3,14.41,185,900.0,0.0,1
-253.0,1834.5,-8,-1.7,22.81,132,900.0,0.0,-1
-48.0,1799.0,2,2.4,6.639999999999999,65,900.0,0.0,1
-74.0,1577.0,-3,-3.0,0.0,146,900.0,0.0,0
453.0,2571.5,1,0.7,0.21000000000000002,100,900.0,0.0,1
34.0,1799.0,3,3.0,0.0,95,900.0,0.0,1
60.0,1577.0,12,11.3,0.21000000000000002,91,900.0,0.0,1
-132.0,1602.0,0,-4.5,2.25,61,900.0,0.0,1
104.0,1658.0,9,9.0,0.0,125,900.0,2.0,0
73.0,1773.5,19,14.1,5.090000000000001,61,1200.0,10.0,1
140.0,1666.0,-1,-0.9,0.09,80,900.0,0.0,-1
-18.0,1799.0,-13,-7.4,13.440000000000001,100,900.0,0.0,-1
-108.0,1658.0,-15,-14.9,0.09,90,900.0,2.0,0
-130.0,1666.0,0,0.0,0.0,32,900.0,0.0,-1
120.0,1666.0,14,5.5,8.45,69,900.0,0.0,1
112.0,1658.0,24,24.0,0.0,149,900.0,2.0,0
-108.0,1666.0,2,3.4,0.44000000000000006,64,900.0,0.0,-1
-96.0,1688.0,-7,-7.4,0.8400000000000001,76,1200.0,5.0,-1
258.0,1668.0,10,10.0,0.0,139,900.0,0.0,1
-47.0,1777.5,-3,-0.9,0.6900000000000001,42,900.0,0.0,-1
-118.0,1658.0,-7,-4.1,6.890000000000001,116,900.0,2.0,0
198.0,1877.0,-18,-18.0,0.0,124,900.0,0.0,-1
-213.0,2238.5,-9,-4.0,11.2,138,900.0,0.0,-1
6.0,1804.0,-1,-1.6,8.040000000000001,80,900.0,0.0,-1
124.0,1658.0,21,18.2,3.3600000000000003,101,900.0,2.0,0
285.0,1624.5,-7,-1.3,5.01,58,900.0,0.0,-1
74.0,1693.0,11,11.9,0.09,80,1200.0,5.0,1
-65.0,1588.5,8,7.6,0.43999999999999995,115,900.0,0.0,1
-199.0,1888.5,4,3.5,2.25,59,900.0,0.0,1
85.0,1588.5,0,-0.6,0.24000000000000005,62,900.0,0.0,-1
-95.0,1998.5,0,0.0,0.2,33,900.0,0.0,1
-73.0,1588.5,0,-0.3,0.8100000000000002,48,900.0,0.0,-1
59.0,1588.5,7,0.2,5.56,35,900.0,0.0,1
392.0,1599.0,13,2.7,14.610000000000003,65,900.0,0.0,1
-61.0,1588.5,0,0.1,0.09,82,900.0,0.0,0
81.0,1588.5,-11,-6.0,10.8,138,900.0,0.0,-1
434.0,2127.0,9,4.8,2.76,81,900.0,0.0,1
-85.0,1588.5,2,2.0,0.0,118,900.0,0.0,0
174.0,1721.0,7,6.2,0.15999999999999998,91,900.0,0.0,1
105.0,1588.5,-7,-5.3,8.41,56,900.0,0.0,-1
-93.0,1588.5,-1,-1.0,0.0,70,900.0,0.0,-1
-166.0,1721.0,-2,-1.9,0.09,114,900.0,0.0,-1
81.0,1588.5,0,0.1,0.09,67,900.0,0.0,1
-80.0,1684.0,-13,-13.0,0.0,86,1200.0,5.0,-1
-451.0,2570.5,-4,-3.8,0.15999999999999998,79,900.0,0.0,-1
105.0,1745.5,0,-0.6,1.44,39,900.0,0.0,1
-93.0,1745.5,-2,-2.3,0.8099999999999999,40,900.0,0.0,-1
-109.0,1780.5,-2,-1.9,0.49000000000000005,42,900.0,7.0,-1
68.0,1684.0,8,6.3,0.61,115,1200.0,5.0,1
-114.0,1658.0,-9,-9.0,0.0,140,900.0,2.0,-1
193.0,1685.5,-1,-1.0,0.0,76,900.0,2.0,-1
-164.0,2259.0,-2,-2.0,0.0,180,900.0,0.0,-1
103.0,1531.5,9,1.8,5.76,101,900.0,2.0,1
144.0,2280.0,-4,-1.3,8.010000000000002,95,900.0,0.0,-1
45.0,1821.5,3,2.0,0.6,77,900.0,0.0,1
441.0,2573.5,4,0.3,5.61,66,900.0,0.0,1
-78.0,1584.0,-2,-0.3,1.0099999999999998,42,900.0,0.0,-1
64.0,1584.0,5,5.0,0.0,97,900.0,0.0,1
-68.0,1584.0,0,0.0,0.0,28,900.0,0.0,0
54.0,1584.0,15,10.0,3.0,107,900.0,0.0,1
-66.0,1759.0,-5,5.9,26.29,98,900.0,0.0,-1
117.0,1612.5,-2,-2.0,0.0,65,900.0,0.0,0
354.0,2130.0,0,0.0,0.0,39,900.0,0.0,1
556.0,2074.0,2,4.6,1.8399999999999999,53,900.0,0.0,1
-189.0,1460.5,0,0.0,1.8,32,1200.0,0.0,-1
148.0,1476.0,8,0.2,7.159999999999999,39,1200.0,0.0,1
-15.0,1762.5,1,1.3,0.8100000000000002,58,900.0,0.0,-1
-79.0,1581.5,6,0.7,12.41,39,900.0,0.0,1
-76.0,1800.0,-6,-2.0,4.0,54,900.0,0.0,-1
189.0,1572.5,5,2.8,3.7600000000000002,26,900.0,0.0,1
99.0,1581.5,-16,-5.9,17.29,94,900.0,0.0,-1
-22.0,1679.0,-14,-13.5,0.25,74,900.0,0.0,-1
-103.0,1581.5,-3,-3.0,0.0,78,900.0,0.0,0
91.0,1581.5,16,15.7,0.21000000000000002,121,900.0,0.0,1
-111.0,1581.5,10,10.9,7.290000000000001,79,900.0,0.0,1
99.0,1581.5,11,0.9,17.29,121,900.0,0.0,1
-121.0,1581.5,-1,-0.9,0.09,65,900.0,0.0,1
-120.0,1601.0,-7,-4.3,0.8099999999999999,42,900.0,0.0,-1
33.0,1762.5,2,-0.3,1.4099999999999997,42,900.0,0.0,-1
127.0,1581.5,23,14.2,10.959999999999999,147,900.0,0.0,0
-149.0,1581.5,5,5.0,0.0,179,900.0,0.0,1
139.0,1581.5,19,14.4,23.04,145,900.0,0.0,1
-115.0,1666.5,-2,-1.7,0.21000000000000002,108,900.0,0.0,-1
113.0,1867.5,10,8.3,1.8099999999999998,91,900.0,0.0,1
-161.0,1581.5,9,4.2,11.16,35,900.0,0.0,1
185.0,1581.5,-6,-5.4,0.24,94,900.0,0.0,-1
-169.0,1477.5,-9,-12.6,8.64,83,900.0,0.0,1
-135.0,1762.5,3,2.7,0.21000000000000002,80,900.0,0.0,-1
-177.0,1581.5,-12,-12.0,0.0,180,900.0,0.0,-1
-101.0,1867.5,-7,-8.6,1.8399999999999999,114,900.0,0.0,-1
169.0,1581.5,3,3.5,2.25,75,900.0,0.0,1
103.0,1666.5,0,-0.1,0.49000000000000005,55,900.0,0.0,1
-96.0,1924.0,-1,-0.5,2.25,107,1200.0,0.0,1
101.0,1835.5,14,13.8,0.36,111,900.0,0.0,1
150.0,2060.0,4,3.5,0.65,125,900.0,0.0,1
-118.0,1332.0,0,0.0,0.0,53,300.0,15.0,1
99.0,1524.5,-5,-4.5,0.25,130,900.0,2.0,0
199.0,1764.5,7,7.0,0.0,117,900.0,0.0,1
47.0,2031.5,9,4.7,12.61,83,900.0,0.0,1
116.0,1855.0,7,4.4,2.84,101,900.0,0.0,1
-48.0,1687.0,0,0.9,0.09,64,900.0,0.0,-1
144.0,1743.0,11,5.9,12.09,53,900.0,0.0,1
-83.0,1726.5,2,2.0,0.0,85,900.0,0.0,1
-134.0,1743.0,-9,-9.0,0.0,102,900.0,0.0,-1
-59.0,1833.5,0,0.1,0.09,48,900.0,0.0,-1
-33.0,2031.5,-13,-4.9,19.29,48,900.0,0.0,-1
124.0,1743.0,7,6.0,1.2,87,900.0,0.0,1
68.0,1687.0,-6,-5.5,0.85,58,900.0,0.0,-1
-112.0,1743.0,-14,-8.4,13.440000000000001,142,900.0,0.0,-1
173.0,1894.5,3,2.4,2.6399999999999997,63,900.0,0.0,1
17.0,2031.5,0,-0.7,2.61,75,900.0,0.0,1
-181.0,1894.5,0,0.0,0.0,160,900.0,0.0,0
134.0,1743.0,-10,-5.1,15.09,76,900.0,0.0,-1
117.0,2065.5,5,2.3,9.81,159,900.0,0.0,1
-124.0,1743.0,-17,-11.3,14.010000000000002,78,900.0,0.0,-1
-1493.0,2308.5,-15,-4.6,15.24,58,1200.0,0.0,-1
112.0,1743.0,11,4.4,9.84,47,900.0,0.0,1
-35.0,2031.5,6,6.8,3.16,97,900.0,0.0,1
-100.0,1743.0,-8,-5.2,11.76,48,900.0,0.0,-1
-99.0,2062.5,-2,-1.9,0.09,82,900.0,0.0,-1
-235.0,1650.5,-8,-7.5,0.25,76,600.0,12.0,-1
-62.0,1577.0,-14,-1.6,18.240000000000002,116,900.0,0.0,-1
80.0,2059.0,3,3.0,0.0,127,900.0,0.0,1
-51.0,2017.5,-9,-9.3,0.21000000000000002,66,1080.0,0.0,-1
-113.0,2065.5,2,1.1,0.49000000000000005,95,900.0,0.0,1
-255.0,1594.5,-5,-2.8,0.76,78,900.0,0.0,-1
-118.0,2113.0,-6,-1.9,7.289999999999999,15,900.0,0.0,-1
106.0,2113.0,5,3.1,5.290000000000001,72,900.0,0.0,1
-78.0,1488.0,-14,-10.4,19.44,78,600.0,12.0,-1
249.0,1594.5,5,1.2,3.96,51,900.0,0.0,1
48.0,1577.0,11,7.4,8.040000000000001,69,900.0,0.0,1
-128.0,2113.0,7,4.1,6.890000000000001,109,900.0,0.0,1
1.0,1649.5,-9,-0.9,7.290000000000001,24,900.0,0.0,-1
-68.0,1577.0,2,2.3,0.61,55,900.0,0.0,1
-286.0,1839.0,-6,-6.0,0.0,144,900.0,0.0,-1
453.0,1876.5,5,3.4,2.44,57,900.0,0.0,1
-439.0,2572.5,-3,-2.9,1.6900000000000002,83,900.0,0.0,-1
280.0,1839.0,6,5.3,0.21000000000000002,89,900.0,0.0,1
-274.0,1839.0,-11,-5.4,13.64,130,900.0,0.0,-1
118.0,2113.0,2,1.9,0.09,41,900.0,0.0,1
-93.0,1506.5,-1,-1.0,0.0,127,900.0,0.0,1
268.0,1839.0,14,8.4,13.440000000000001,97,900.0,0.0,1
-106.0,2113.0,0,0.0,0.0,44,900.0,0.0,-1
-278.0,1839.0,8,8.0,0.0,179,900.0,0.0,0
94.0,2113.0,-1,-1.6,1.24,43,900.0,0.0,1
272.0,1839.0,14,6.7,6.01,81,900.0,0.0,1
-266.0,1839.0,-10,-9.2,1.3599999999999999,102,900.0,0.0,-1
-102.0,1568.0,2,0.1,7.49,71,600.0,12.0,1
1.0,1866.5,3,3.0,0.0,116,900.0,5.0,0
81.0,1506.5,5,1.6,6.04,51,900.0,0.0,1
30.0,1659.0,-7,-1.8,3.1600000000000006,94,900.0,0.0,-1
-49.0,1490.5,8,7.5,0.25,89,900.0,0.0,1
-58.0,1583.0,-7,-0.7,6.209999999999999,60,900.0,0.0,-1
-116.0,2113.0,13,7.7,22.21,85,900.0,0.0,1
39.0,1853.5,-11,-5.0,11.4,101,30000.0,12.0,-1
52.0,1752.0,8,6.4,8.04,95,900.0,0.0,1
35.0,1490.5,13,8.3,14.809999999999999,112,900.0,0.0,1
-192.0,1606.0,0,0.3,0.8100000000000002,58,900.0,0.0,-1
4.0,1966.0,2,2.0,0.0,82,900.0,5.0,0
182.0,1730.0,-8,-8.5,2.25,104,900.0,0.0,-1
-27.0,2034.5,-2,-2.0,0.0,108,900.0,0.0,-1
302.0,1240.0,25,23.4,8.04,45,900.0,0.0,1
-298.0,1240.0,-24,-20.1,4.6899999999999995,86,900.0,0.0,-1
292.0,1240.0,25,23.4,8.04,45,900.0,0.0,1
-13.0,1858.5,2,2.7,0.21000000000000002,116,30000.0,12.0,-1
-435.0,1630.5,-2,-2.0,0.0,84,900.0,0.0,-1
207.0,1602.5,-2,-2.0,0.0,164,900.0,0.0,0
59.0,1798.5,-4,-0.4,4.64,94,900.0,0.0,-1
-199.0,1602.5,-5,-2.8,2.76,72,900.0,0.0,-1
-261.0,1436.5,14,14.0,0.0,161,900.0,0.0,1
191.0,1602.5,0,0.0,0.0,29,900.0,0.0,1
-183.0,1602.5,-6,-3.5,5.25,78,900.0,0.0,-1
-11.0,1723.5,-2,0.3,9.01,53,900.0,0.0,1
175.0,1602.5,3,0.9,3.0900000000000007,61,900.0,0.0,1
31.0,1726.5,-15,-14.1,0.09,62,900.0,3.0,-1
-167.0,1602.5,-1,0.1,1.49,26,900.0,0.0,-1
191.0,1602.5,0,-0.3,0.8100000000000002,20,900.0,0.0,-1
-183.0,1602.5,-4,-0.3,1.61,102,900.0,0.0,-1
-241.0,1677.5,-22,-14.2,46.56,86,900.0,0.0,-1
-5.0,1723.5,8,3.5,2.25,93,900.0,0.0,1
286.0,1240.0,32,30.8,0.76,87,900.0,0.0,1
175.0,1602.5,3,-1.5,2.25,65,900.0,0.0,1
-280.0,1240.0,-26,-23.2,7.959999999999999,114,900.0,0.0,-1
228.0,1684.0,18,12.9,3.29,67,900.0,0.0,1
-167.0,1602.5,-6,-2.9,13.89,66,900.0,0.0,-1
45.0,1851.5,-3,-4.0,0.8,134,30000.0,12.0,-1
157.0,1602.5,7,3.1,5.49,47,900.0,0.0,1
-147.0,1602.5,-3,-0.4,0.8400000000000001,64,900.0,0.0,-1
5.0,1723.5,1,0.7,0.21000000000000002,123,900.0,0.0,0
171.0,1602.5,0,-0.3,0.8100000000000002,20,900.0,0.0,-1
-161.0,1602.5,-4,-0.3,2.6100000000000003,20,900.0,0.0,-1
151.0,1602.5,8,0.5,7.25,51,900.0,0.0,1
-40.0,1715.0,-2,-0.2,2.16,46,900.0,3.0,-1
-141.0,1602.5,-4,-0.5,15.25,102,900.0,0.0,-1
233.0,1676.5,3,3.0,0.0,89,900.0,0.0,1
-227.0,1606.5,13,10.9,1.89,78,300.0,15.0,-1
131.0,1602.5,6,1.5,2.25,91,900.0,0.0,1
-42.0,1667.0,-1,0.0,0.4,91,900.0,0.0,-1
-121.0,1602.5,0,0.6,1.44,42,900.0,0.0,-1
-214.0,1893.0,7,5.7,13.809999999999999,67,900.0,0.0,1
-171.0,1631.5,-2,-2.0,0.0,140,900.0,0.0,-1
232.0,1894.0,-4,-2.8,0.36,104,900.0,15.0,-1
-258.0,1894.0,9,8.0,6.4,29,900.0,15.0,1
206.0,1893.0,0,0.2,1.9600000000000002,29,900.0,0.0,1
217.0,1561.5,-1,-0.2,0.16000000000000003,23,900.0,0.0,1
-341.0,1625.5,-19,-15.0,16.0,146,900.0,0.0,-1
161.0,1631.5,0,0.3,0.8100000000000002,27,900.0,0.0,1
287.0,1643.5,4,4.0,0.0,51,900.0,0.0,1
125.0,1719.5,8,8.5,2.25,64,900.0,0.0,-1
126.0,1785.0,5,4.7,0.21000000000000002,75,900.0,0.0,1
194.0,1585.0,-10,-8.1,11.49,60,900.0,0.0,-1
-95.0,1749.5,5,4.0,0.6,69,900.0,0.0,1
-81.0,1983.5,14,8.3,29.01,81,900.0,0.0,1
171.0,1882.5,5,5.0,0.0,185,900.0,0.0,1
-186.0,1585.0,-15,-9.7,10.61,80,900.0,0.0,-1
435.0,1802.5,12,8.9,6.49,47,900.0,0.0,1
337.0,1625.5,14,12.5,2.25,75,900.0,0.0,1
284.0,1814.0,-2,-0.8,0.9599999999999997,50,900.0,0.0,-1
-123.0,1523.5,-10,-7.6,13.440000000000001,114,1200.0,0.0,-1
178.0,1585.0,7,6.5,0.25,47,900.0,0.0,1
-201.0,1689.5,-3,-3.7,0.8099999999999999,50,900.0,0.0,-1
-186.0,1605.0,-14,-6.7,11.010000000000002,122,900.0,0.0,-1
-170.0,1585.0,-10,-10.0,0.0,108,900.0,0.0,-1
79.0,1658.5,0,0.0,0.0,75,900.0,0.0,1
-140.0,1773.0,-7,-2.8,2.76,34,900.0,0.0,-1
-467.0,1428.5,-20,-15.8,12.959999999999999,40,900.0,0.0,-1
210.0,1609.0,6,4.9,2.49,75,1200.0,5.0,1
-179.0,1862.5,1,0.8,2.76,82,900.0,0.0,-1
-362.0,1853.0,7,6.5,0.25,113,900.0,0.0,1
-321.0,1732.5,-25,-23.8,3.3600000000000003,164,900.0,0.0,-1
-220.0,1760.0,-11,-3.6,6.24,62,900.0,0.0,-1
-118.0,1720.0,18,17.2,5.76,165,900.0,0.0,1
94.0,1617.0,10,6.4,3.2399999999999998,67,900.0,0.0,1
-176.0,1586.0,4,-0.9,12.090000000000002,71,900.0,0.0,1
32.0,2041.0,-2,-2.5,2.25,86,900.0,0.0,-1
-148.0,1611.0,4,0.8,3.3600000000000003,59,900.0,0.0,1
252.0,1894.0,1,0.1,0.29000000000000004,37,900.0,15.0,1
138.0,1611.0,6,1.8,2.7600000000000002,43,900.0,0.0,1
-82.0,1617.0,-10,-9.3,0.21000000000000002,42,900.0,0.0,-1
-128.0,1611.0,-6,-1.5,4.05,30,900.0,0.0,-1
240.0,1894.0,8,1.0,6.4,25,900.0,15.0,1
150.0,1611.0,5,4.6,0.24,50,900.0,0.0,-1
-266.0,1894.0,2,1.3,1.01,73,900.0,15.0,1
106.0,1720.0,1,1.1,0.09,85,900.0,0.0,1
102.0,1617.0,-21,-13.4,34.440000000000005,42,900.0,0.0,-1
-99.0,1147.5,-29,-28.0,0.2,100,900.0,0.0,0
-94.0,1720.0,2,-0.1,1.8900000000000001,54,900.0,0.0,-1
-122.0,1596.0,-7,-8.4,8.64,92,1200.0,10.0,-1
280.0,1990.0,10,6.1,4.49,99,900.0,0.0,1
81.0,1719.5,6,3.7,5.41,55,900.0,0.0,1
349.0,1848.5,5,4.9,0.09,51,900.0,0.0,1
28.0,1567.0,-4,-3.0,0.2,62,900.0,0.0,-1
812.0,1603.0,11,6.3,14.210000000000003,53,900.0,0.0,1
-66.0,1694.0,-1,-1.0,0.0,160,900.0,0.0,0
260.0,1894.0,8,-0.8,15.760000000000002,37,900.0,15.0,1
-187.0,1563.5,-3,-1.6,8.44,66,900.0,0.0,-1
-17.0,1743.5,-3,0.5,2.05,44,900.0,0.0,-1
-254.0,1894.0,-3,-1.2,7.56,16,900.0,15.0,-1
0.0,1743.0,4,2.0,12.0,35,900.0,0.0,1
-95.0,1796.5,-1,-1.0,0.0,114,900.0,0.0,-1
83.0,1796.5,0,-0.9,1.2900000000000003,29,900.0,0.0,1
217.0,1910.5,16,9.7,22.21,127,900.0,0.0,1
176.0,1778.0,6,5.2,3.16,91,900.0,0.0,1
-168.0,1778.0,-9,-9.0,0.0,150,900.0,0.0,-1
87.0,1743.5,5,4.5,0.25,171,900.0,0.0,1
157.0,1595.5,1,0.9,0.09,51,900.0,0.0,1
-210.0,1749.0,1,-3.0,4.0,72,900.0,3.0,-1
-209.0,1910.5,-1,-0.9,0.09,24,900.0,0.0,-1
201.0,1910.5,6,5.1,0.09,69,900.0,0.0,1
-107.0,1743.5,9,0.8,7.56,87,900.0,0.0,1
129.0,1743.5,0,0.0,0.0,12,900.0,0.0,-1
-119.0,1743.5,-12,-9.7,9.010000000000002,42,900.0,0.0,-1
141.0,1743.5,0,0.0,0.0,100,900.0,0.0,-1
-193.0,1910.5,-3,-3.0,0.0,96,900.0,0.0,-1
42.0,1656.0,-7,-7.0,0.0,136,900.0,0.0,-1
201.0,1910.5,-3,-3.0,0.0,67,900.0,0.0,0
-193.0,1910.5,-13,-9.5,2.65,66,900.0,0.0,-1
-102.0,2114.0,-10,-2.7,16.81,49,900.0,0.0,-1
-77.0,1641.5,-1,-0.7,0.8099999999999999,29,900.0,0.0,1
56.0,1638.0,6,3.3,10.610000000000001,55,900.0,0.0,1
196.0,1721.0,2,1.6,0.24,87,1800.0,3.0,1
-42.0,1638.0,-4,-3.9,4.69,62,900.0,0.0,-1
-76.0,2035.0,1,0.3,0.8099999999999999,68,900.0,0.0,1
49.0,1674.5,-18,-8.3,19.009999999999998,74,900.0,0.0,-1
-207.0,1905.5,13,8.3,18.61,207,900.0,0.0,1
622.0,1338.0,4,-5.3,11.010000000000002,53,900.0,0.0,1
323.0,1650.5,5,4.9,0.09,85,3600.0,1.0,1
80.0,2119.0,-2,-1.3,1.4099999999999997,63,900.0,0.0,1
610.0,1340.0,7,2.1,3.4900000000000007,21,900.0,0.0,1
604.0,1341.0,9,6.7,5.61,31,900.0,0.0,1
-66.0,2119.0,-7,-1.5,5.65,56,900.0,0.0,-1
598.0,1342.0,3,3.0,1.8,25,900.0,0.0,1
592.0,1343.0,7,5.5,3.65,47,900.0,0.0,1
199.0,1905.5,18,8.4,23.04,159,900.0,0.0,1
52.0,2119.0,-1,-1.2,2.96,29,900.0,0.0,1
-653.0,2534.5,-12,-9.8,4.5600000000000005,90,900.0,1.0,-1
108.0,2049.0,-5,-3.7,1.21,71,900.0,0.0,-1
-137.0,1732.5,-4,-3.4,0.64,73,900.0,0.0,1
127.0,1732.5,-2,-2.3,0.21000000000000002,86,900.0,0.0,1
-83.0,1564.5,-5,-5.0,0.0,124,600.0,12.0,-1
-962.0,2311.0,0,0.0,0.0,19,900.0,5.0,-1
962.0,2311.0,0,0.6,8.64,35,900.0,5.0,1
-118.0,1733.0,-12,-7.7,3.0100000000000002,42,900.0,0.0,-1
-819.0,1599.5,-5,-4.7,0.8099999999999999,66,900.0,0.0,-1
71.0,1564.5,9,5.3,19.81,85,600.0,12.0,1
28.0,1612.0,-1,-1.6,0.24,64,900.0,0.0,1
-123.0,1927.5,0,0.3,0.8100000000000002,19,900.0,0.0,-1
311.0,1831.5,4,2.3,3.6100000000000003,73,900.0,0.0,1
-47.0,1668.5,-3,-2.1,0.09,30,900.0,0.0,-1
67.0,1668.5,-12,-12.0,0.0,76,900.0,0.0,-1
125.0,1567.5,11,7.1,1.89,207,900.0,0.0,1
-50.0,1612.0,8,2.7,12.809999999999999,71,900.0,0.0,1
-147.0,1567.5,10,3.3,10.209999999999999,75,900.0,0.0,1
309.0,1830.5,12,5.0,11.8,59,900.0,0.0,1
137.0,1567.5,9,6.6,3.84,87,900.0,0.0,1
-127.0,1567.5,-10,-10.6,0.24,80,900.0,0.0,-1
117.0,1567.5,13,13.0,0.0,129,900.0,0.0,1
69.0,1690.5,2,1.7,0.8100000000000002,43,900.0,0.0,1
-104.0,1734.0,-4,-0.6,2.04,78,900.0,0.0,-1
-105.0,1567.5,-11,-10.9,0.09,76,900.0,0.0,-1
127.0,1567.5,-10,-9.1,7.290000000000001,168,900.0,0.0,-1
-133.0,1567.5,-4,-4.0,0.0,187,900.0,0.0,0
123.0,1567.5,13,13.5,2.25,77,900.0,0.0,1
-177.0,1769.5,-10,-9.1,8.290000000000001,78,900.0,0.0,-1
493.0,1704.5,8,7.7,0.21000000000000002,79,900.0,0.0,1
221.0,1743.5,6,5.2,3.16,91,900.0,0.0,1
-164.0,1709.0,-5,-3.4,1.24,70,900.0,0.0,-1
104.0,1516.0,9,8.3,0.21000000000000002,141,900.0,2.0,1
-81.0,1679.5,-17,-8.5,28.05,76,900.0,0.0,-1
-207.0,1715.5,-8,-3.5,2.25,142,3600.0,30.0,-1
-209.0,1572.5,-2,-1.1,1.89,48,900.0,0.0,-1
-79.0,1685.5,6,4.5,7.65,45,900.0,0.0,1
64.0,2330.0,-4,-3.4,0.24,95,900.0,0.0,-1
69.0,1679.5,12,6.4,13.440000000000001,107,900.0,0.0,1
31.0,1104.5,0,0.0,0.0,10,900.0,0.0,-1
141.0,1731.5,0,2.7,0.8099999999999999,70,900.0,10.0,-1
-73.0,1679.5,0,-0.6,2.24,131,900.0,0.0,0
59.0,1679.5,6,5.9,0.09,105,900.0,0.0,1
-88.0,1518.0,-18,-9.7,18.41,148,900.0,2.0,-1
-136.0,1912.0,0,-0.8,0.16,72,900.0,0.0,-1
73.0,1767.5,5,4.6,0.8400000000000001,97,1200.0,10.0,1
38.0,1676.0,8,8.0,0.0,113,900.0,0.0,1
-24.0,1676.0,-16,-8.8,5.76,90,900.0,0.0,-1
127.0,1745.5,11,7.2,4.36,105,900.0,0.0,1
42.0,1676.0,-8,-0.4,7.239999999999999,32,900.0,0.0,-1
24.0,1680.0,2,1.5,0.25,87,900.0,10.0,1
9.0,1805.5,-9,-6.3,17.009999999999998,38,900.0,0.0,-1
387.0,1784.5,14,4.5,14.65,41,900.0,0.0,1
176.0,1578.0,-10,-9.9,0.09,96,900.0,0.0,-1
-217.0,1561.5,3,3.5,2.25,82,900.0,0.0,0
-64.0,1691.0,14,6.8,5.76,115,900.0,10.0,1
159.0,1646.5,15,15.0,0.0,81,900.0,2.0,1
-183.0,1646.5,4,2.6,8.639999999999999,61,900.0,2.0,1
175.0,1646.5,8,7.9,0.09,61,900.0,2.0,1
11.0,1664.5,-1,-1.1,0.09,93,900.0,10.0,0
219.0,1609.5,7,8.9,7.49,83,1200.0,5.0,1
-141.0,1734.5,-3,-2.2,0.76,56,900.0,10.0,-1
15.0,1788.5,8,3.5,2.25,129,900.0,0.0,1
60.0,1771.0,3,2.6,2.24,77,900.0,0.0,1
1.0,1788.5,-8,-1.5,15.65,86,900.0,0.0,-1
-128.0,1725.0,-6,-6.0,0.0,61,1200.0,0.0,0
5.0,1671.5,5,3.0,8.0,47,900.0,10.0,1
-156.0,1603.0,7,6.7,0.21000000000000002,117,900.0,0.0,1
-121.0,1902.5,-3,-1.6,1.44,40,900.0,10.0,-1
162.0,1603.0,-2,-2.0,0.0,113,900.0,0.0,0
-152.0,1603.0,-3,-0.2,0.96,22,900.0,0.0,-1
142.0,1603.0,0,0.0,0.0,97,900.0,0.0,1
-166.0,1603.0,6,5.1,0.09,121,900.0,0.0,1
156.0,1603.0,2,1.7,1.41,57,900.0,0.0,1
-180.0,1603.0,0,-1.8,2.16,63,900.0,0.0,1
172.0,1603.0,4,4.1,0.09,57,900.0,0.0,1
-237.0,1732.5,-5,-4.2,7.56,62,900.0,0.0,-1
-144.0,1730.0,0,-0.1,0.09,31,900.0,10.0,1
-61.0,1740.5,3,0.6,1.44,41,1200.0,5.0,1
-162.0,1603.0,1,1.0,0.0,82,900.0,0.0,-1
186.0,1603.0,-4,-3.7,0.21000000000000002,56,900.0,0.0,-1
-178.0,1603.0,-3,-0.3,0.8100000000000002,18,900.0,0.0,-1
170.0,1603.0,-4,-3.0,0.8,59,900.0,0.0,1
36.0,1730.0,0,0.4,0.8400000000000001,79,900.0,0.0,1
-160.0,1603.0,2,2.0,0.0,82,900.0,0.0,-1
150.0,1603.0,7,-1.1,7.289999999999999,65,900.0,0.0,1
-140.0,1603.0,-8,-3.0,6.0,48,900.0,0.0,-1
28.0,2124.0,11,8.6,5.04,86,900.0,0.0,1
164.0,1603.0,0,-0.1,0.09,80,900.0,0.0,-1
-41.0,1586.5,-16,-11.9,18.69,112,900.0,0.0,-1
-20.0,1730.0,-3,-3.6,6.24,48,900.0,0.0,-1
-172.0,1603.0,0,0.0,0.0,32,900.0,0.0,0
137.0,1731.5,1,0.1,0.09,39,900.0,10.0,1
164.0,1603.0,5,2.0,1.8,31,900.0,0.0,1
-154.0,1603.0,-7,-1.5,3.85,46,900.0,0.0,-1
-8.0,1980.0,-5,-4.9,0.09,142,900.0,5.0,-1
-12.0,2124.0,-3,-2.6,2.24,126,900.0,0.0,-1
144.0,1603.0,6,2.9,1.49,51,900.0,0.0,1
-98.0,1568.0,14,12.9,7.090000000000001,123,600.0,12.0,1
59.0,1586.5,-5,-4.8,2.3600000000000003,50,900.0,0.0,-1
-134.0,1603.0,-1,1.1,1.09,46,900.0,0.0,-1
-185.0,1816.5,-2,-0.5,5.25,60,900.0,0.0,-1
124.0,1603.0,3,2.1,0.09,27,900.0,0.0,1
-146.0,1603.0,6,6.0,0.0,131,900.0,0.0,1
-79.0,1586.5,8,3.4,2.4399999999999995,25,900.0,0.0,1
136.0,1603.0,1,0.1,1.8900000000000001,23,900.0,0.0,1
-142.0,1603.0,0,0.1,0.09,64,900.0,0.0,0
177.0,1816.5,0,0.4,0.8400000000000001,37,900.0,0.0,1
166.0,1603.0,-9,-9.0,0.0,100,900.0,0.0,-1
26.0,1980.0,10,3.5,12.65,66,900.0,5.0,-1
-156.0,1603.0,-1,-1.2,0.16,78,900.0,0.0,-1
-22.0,1500.0,-2,-2.0,0.0,94,600.0,12.0,-1
12.0,2124.0,-3,-2.1,0.09,118,900.0,0.0,0
180.0,1603.0,-12,-6.4,13.440000000000001,118,900.0,0.0,-1
-10.0,1556.0,-1,-2.0,2.0,77,900.0,2.0,1
-172.0,1603.0,-2,-0.1,0.49000000000000005,34,900.0,0.0,-1
164.0,1603.0,1,0.1,0.09,75,900.0,0.0,1
73.0,2001.5,0,0.9,7.290000000000001,150,900.0,5.0,0
-154.0,1603.0,-2,-0.4,0.8400000000000001,42,900.0,0.0,-1
-134.0,1603.0,-6,-1.8,8.760000000000002,40,900.0,0.0,-1
-146.0,1625.0,-7,-7.1,7.890000000000001,66,900.0,0.0,-1
-6.0,1556.0,1,1.5,0.25,47,900.0,2.0,1
130.0,2048.0,4,3.8,0.5599999999999999,87,900.0,0.0,1
-59.0,2001.5,-10,-6.5,5.25,132,900.0,5.0,-1
-27.0,1531.5,-10,-9.7,0.8099999999999999,50,600.0,12.0,-1
-48.0,1713.0,2,1.5,0.25,67,900.0,0.0,1
-284.0,1525.0,-4,-1.8,6.36,78,900.0,0.0,-1
66.0,1713.0,-3,0.6,3.8400000000000007,38,900.0,0.0,-1
430.0,2188.0,2,2.0,0.0,109,900.0,5.0,1
86.0,1559.0,20,12.6,27.04,95,600.0,12.0,0
41.0,1654.5,-5,-5.0,0.0,78,900.0,0.0,0
-59.0,1573.5,3,2.0,0.2,83,900.0,0.0,0
101.0,1600.5,8,1.5,10.85,55,900.0,0.0,1
-182.0,1759.0,10,2.8,5.76,175,900.0,0.0,1
-754.0,2675.0,-9,-2.7,17.009999999999998,42,900.0,0.0,-1
-89.0,1600.5,-12,-3.9,7.289999999999999,56,900.0,0.0,-1
-171.0,1764.5,-9,-5.6,2.04,74,900.0,0.0,-1
50.0,1635.0,9,0.3,9.809999999999999,51,900.0,0.0,1
142.0,1550.0,12,12.0,0.0,85,900.0,0.0,1
182.0,1755.0,6,5.2,3.16,91,900.0,0.0,1
-1079.0,2512.5,-4,-2.8,2.7600000000000002,56,900.0,5.0,-1
-222.0,1735.0,-6,-3.8,2.56,54,900.0,0.0,-1
205.0,1895.5,-1,-1.5,1.65,69,900.0,0.0,1
-303.0,1829.5,-3,-3.0,0.0,82,900.0,0.0,-1
161.0,1593.5,3,2.1,0.49000000000000005,75,900.0,0.0,1
244.0,1771.0,1,0.3,1.0100000000000002,31,900.0,0.0,1
-157.0,1642.5,-4,-3.1,0.09,86,900.0,2.0,-1
299.0,1829.5,0,-0.6,0.8400000000000001,21,900.0,0.0,1
-4.0,1983.0,-3,-2.4,2.24,62,900.0,5.0,-1
18.0,1651.0,2,2.1,0.09,79,900.0,0.0,1
-174.0,1885.0,-17,-11.4,13.440000000000001,104,900.0,0.0,-1
-12.0,1983.0,-1,-1.0,0.0,87,900.0,5.0,1
-80.0,1876.0,3,1.1,2.29,55,900.0,0.0,1
-157.0,1883.5,6,5.4,5.24,41,900.0,0.0,1
241.0,1728.5,-2,-2.0,0.0,76,900.0,0.0,-1
-333.0,1639.5,-4,-3.4,0.8400000000000001,40,900.0,0.0,-1
-70.0,1635.0,2,-0.3,4.21,51,900.0,0.0,1
201.0,1695.5,9,0.1,9.49,57,900.0,0.0,1
6.0,1967.0,-4,-1.3,2.21,68,900.0,0.0,-1
62.0,1495.0,-19,-11.7,11.610000000000001,88,900.0,0.0,-1
-4.0,1983.0,4,3.5,0.25,71,900.0,5.0,1
-6.0,1967.0,1,1.0,0.0,110,900.0,0.0,0
-48.0,1495.0,-6,-4.4,9.040000000000001,46,900.0,0.0,-1
276.0,1596.0,0,-0.1,0.09,50,900.0,0.0,-1
-12.0,1983.0,8,5.5,3.05,69,900.0,5.0,1
168.0,1591.0,-4,-3.0,0.2,62,900.0,0.0,-1
150.0,1600.0,5,4.3,5.61,56,900.0,0.0,-1
59.0,1628.5,-2,-0.1,1.49,36,900.0,0.0,-1
206.0,1589.0,-3,-0.3,0.8100000000000002,24,900.0,0.0,-1
-218.0,1787.0,-5,-4.5,0.25,136,900.0,0.0,-1
174.0,1600.0,4,4.5,0.25,64,900.0,0.0,-1
-233.0,1668.5,-12,-11.0,1.2,70,900.0,0.0,-1
-230.0,1678.0,-12,-8.9,4.29,118,900.0,0.0,-1
21.0,1737.5,2,-1.7,5.61,62,900.0,0.0,-1
224.0,1678.0,11,10.5,0.25,73,900.0,0.0,1
-581.0,1386.5,-26,-25.0,0.6,52,900.0,0.0,-1
-164.0,1714.0,-9,-2.0,5.6,156,1800.0,3.0,-1
248.0,1894.0,5,1.3,2.6100000000000003,61,900.0,15.0,1
-36.0,1667.0,-5,-4.7,4.21,62,900.0,0.0,-1
-646.0,1397.0,8,1.5,7.05,75,900.0,0.0,1
-250.0,1678.0,-2,-3.0,0.2,49,900.0,0.0,1
467.0,2083.5,11,7.5,5.25,51,900.0,0.0,1
-336.0,1842.0,5,5.0,2.0,93,900.0,0.0,1
64.0,1709.0,5,2.7,0.8099999999999999,93,900.0,0.0,1
-124.0,1620.0,-13,-13.0,0.0,96,900.0,0.0,-1
-464.0,2084.0,1,0.4,0.64,48,900.0,0.0,-1
-50.0,1709.0,-1,-1.4,0.24,116,900.0,0.0,-1
-242.0,1894.0,-7,-0.8,8.16,34,900.0,15.0,-1
-190.0,1578.0,9,9.1,0.09,36,900.0,0.0,-1
149.0,1763.5,-4,-4.3,0.21000000000000002,69,900.0,0.0,1
802.0,2649.0,8,7.6,7.44,67,1980.0,33.0,1
50.0,1387.0,-14,-9.9,12.690000000000001,97,900.0,0.0,-1
182.0,1578.0,19,18.0,2.8,73,900.0,0.0,1
223.0,1566.5,8,3.4,2.4399999999999995,73,900.0,0.0,1
54.0,1872.0,-2,-1.4,0.64,77,900.0,0.0,1
-110.0,1614.0,-7,-4.2,4.76,40,900.0,0.0,-1
-342.0,2143.0,-4,0.9,4.69,80,900.0,5.0,-1
-215.0,1566.5,-16,-15.0,6.0,88,900.0,0.0,-1
207.0,1566.5,-3,-3.0,0.0,109,900.0,0.0,1
188.0,1747.0,4,4.3,0.8099999999999999,59,900.0,0.0,1
-199.0,1566.5,-6,-2.8,5.16,102,900.0,0.0,-1
338.0,2143.0,1,1.0,0.0,55,900.0,5.0,1
-33.0,1668.5,-13,-8.4,2.44,78,1200.0,0.0,-1
135.0,1768.5,0,0.9,2.09,79,900.0,0.0,1
277.0,1599.5,0,0.3,0.20999999999999996,40,900.0,0.0,1
-55.0,1784.5,0,-2.1,1.89,55,900.0,0.0,1
-63.0,1806.5,1,1.0,0.0,104,900.0,0.0,-1
128.0,1905.0,-6,-4.8,4.76,81,900.0,0.0,1
0.0,1661.0,-10,-3.2,6.76,58,900.0,0.0,-1
-222.0,1757.0,9,8.9,0.09,139,900.0,0.0,1
-118.0,1905.0,3,3.6,0.8400000000000001,68,900.0,0.0,-1
-351.0,2150.5,7,7.1,0.09,67,900.0,5.0,1
236.0,1894.0,1,-1.3,0.8099999999999999,77,900.0,15.0,1
35.0,1641.5,2,2.0,0.0,199,900.0,0.0,1
-172.0,1587.0,-3,-3.7,2.41,71,900.0,0.0,1
-19.0,1641.5,-3,-3.0,0.0,84,900.0,0.0,-1
-342.0,1683.0,-3,-3.0,0.0,56,900.0,3.0,-1
162.0,1587.0,8,8.0,0.0,83,900.0,0.0,1
32.0,1674.0,11,7.7,1.41,101,900.0,0.0,1
-16.0,1674.0,-10,-8.7,4.01,124,900.0,0.0,-1
-293.0,1829.5,-4,-3.7,0.21000000000000002,78,900.0,0.0,-1
-161.0,1546.5,-4,-1.0,1.8,48,900.0,0.0,-1
-186.0,1587.0,-3,-2.6,0.24,73,900.0,0.0,1
-230.0,1894.0,-1,-1.0,0.0,90,900.0,15.0,-1
229.0,1583.5,4,3.1,1.8900000000000001,47,900.0,0.0,1
224.0,1894.0,8,0.7,6.01,37,900.0,15.0,1
22.0,1497.0,-6,-1.4,10.44,73,900.0,0.0,-1
-250.0,1894.0,3,2.5,0.25,121,900.0,15.0,1
59.0,1697.5,3,3.6,0.24,63,900.0,0.0,1
130.0,2043.0,14,10.5,7.45,109,900.0,0.0,1
-298.0,1817.0,-7,-6.2,0.76,104,900.0,0.0,-1
292.0,1817.0,6,5.6,0.44000000000000006,81,900.0,0.0,1
-286.0,1817.0,-16,-4.4,36.440000000000005,64,900.0,0.0,-1
280.0,1817.0,6,5.6,0.44000000000000006,81,900.0,0.0,1
6.0,1738.0,3,1.4,7.239999999999999,43,900.0,0.0,1
-274.0,1817.0,-8,-7.5,0.25,126,900.0,0.0,-1
268.0,1817.0,14,6.7,6.01,81,900.0,0.0,1
-296.0,1817.0,8,7.3,0.41,87,900.0,0.0,1
-120.0,2043.0,-11,-5.7,13.209999999999999,60,900.0,0.0,-1
244.0,1894.0,-2,-2.0,0.0,73,900.0,15.0,1
-238.0,1894.0,-5,-2.6,2.04,42,900.0,15.0,-1
819.0,1599.5,11,2.4,8.44,61,900.0,0.0,1
232.0,1894.0,0,0.0,0.0,19,600.0,10.0,1
305.0,1228.5,30,27.5,3.05,73,900.0,0.0,1
-301.0,1228.5,-25,-21.0,16.0,110,900.0,0.0,-1
297.0,1228.5,25,23.4,8.04,45,900.0,0.0,1
-291.0,1228.5,-28,-10.3,64.21000000000001,38,900.0,0.0,-1
-55.0,1650.5,11,5.4,13.440000000000001,145,900.0,0.0,1
-169.0,1894.5,-9,-9.0,0.0,164,900.0,0.0,-1
61.0,1945.5,1,0.8,0.9599999999999997,80,2700.0,45.0,-1
22.0,1680.0,-2,-1.0,0.2,116,900.0,0.0,-1
192.0,1746.0,2,1.1,1.29,31,900.0,0.0,1
-24.0,1680.0,0,-0.1,0.09,117,900.0,0.0,0
-226.0,1894.0,-1,-0.1,1.8900000000000001,60,600.0,10.0,-1
218.0,1894.0,0,-0.3,0.8100000000000002,49,600.0,10.0,1
11.0,1636.5,-1,0.2,2.96,71,900.0,0.0,1
-210.0,1894.0,-7,0.3,6.01,82,600.0,10.0,-1
202.0,1894.0,3,-0.6,8.639999999999999,45,600.0,10.0,1
-114.0,2041.0,1,1.1,0.09,60,900.0,0.0,-1
-17.0,1552.5,-5,-4.9,0.49000000000000005,30,900.0,0.0,-1
102.0,2041.0,-6,-6.7,0.21000000000000002,47,900.0,0.0,1
2.0,1835.0,-3,-2.0,0.2,62,900.0,0.0,-1
-24.0,1809.0,12,7.1,30.490000000000002,97,900.0,0.0,1
-325.0,1816.5,2,1.1,0.09,73,900.0,0.0,1
321.0,1816.5,14,6.7,6.01,81,900.0,0.0,1
-317.0,1816.5,-8,-6.9,0.89,110,900.0,0.0,-1
2.0,1812.0,9,2.7,17.009999999999998,79,900.0,0.0,1
313.0,1816.5,14,6.7,6.01,81,900.0,0.0,1
-309.0,1816.5,-13,-8.1,7.890000000000001,116,900.0,0.0,-1
652.0,2534.0,12,3.9,7.289999999999999,73,900.0,1.0,1
305.0,1816.5,14,6.7,6.01,81,900.0,0.0,1
-301.0,1816.5,-6,-6.0,0.0,148,900.0,0.0,-1
104.0,1574.0,2,2.5,2.25,61,600.0,12.0,1
297.0,1816.5,10,5.1,11.690000000000001,67,900.0,0.0,1
116.0,1743.0,11,8.3,17.01,89,900.0,0.0,1
15.0,1506.5,-1,-0.9,0.09,16,600.0,12.0,1
73.0,1612.5,-9,-9.0,0.0,134,900.0,0.0,-1
-99.0,1740.5,-11,-7.9,1.49,66,900.0,0.0,-1
304.0,1836.0,9,3.2,5.76,59,900.0,0.0,1
115.0,1786.5,-1,-0.2,0.76,80,900.0,0.0,-1
-300.0,1836.0,-1,-1.0,0.0,58,900.0,0.0,-1
522.0,1776.0,9,6.2,4.16,65,600.0,12.0,1
33.0,1908.5,-1,-1.0,0.0,165,1200.0,0.0,0
-37.0,1611.5,-2,-1.1,0.09,56,900.0,0.0,-1
196.0,1589.0,5,4.5,2.25,49,900.0,0.0,1
-42.0,1680.0,10,2.6,14.84,95,900.0,0.0,1
194.0,1743.0,6,1.4,2.4399999999999995,29,900.0,0.0,1
74.0,1598.0,-6,-4.5,1.65,44,900.0,2.0,-1
-188.0,1589.0,-16,-6.6,13.440000000000001,60,900.0,0.0,-1
-36.0,1684.0,-10,-5.1,7.890000000000001,74,900.0,0.0,-1
38.0,1636.0,-1,-1.0,0.0,32,900.0,0.0,-1
22.0,1684.0,0,0.1,0.09,69,900.0,0.0,1
-6.0,1684.0,-16,-7.3,13.01,94,900.0,0.0,-1
-114.0,1623.0,-5,-5.0,0.0,188,900.0,2.0,-1
24.0,1684.0,-8,-0.3,6.8100000000000005,50,900.0,0.0,-1
-42.0,1684.0,4,4.8,0.15999999999999998,57,900.0,0.0,1
60.0,1684.0,3,3.7,0.21000000000000002,60,900.0,0.0,-1
-46.0,1684.0,-5,-5.1,0.09,62,900.0,0.0,-1
136.0,1623.0,-2,-2.0,0.2,76,900.0,2.0,-1
115.0,1620.5,20,16.0,16.0,123,900.0,0.0,1
-49.0,1782.5,12,5.3,7.209999999999999,77,900.0,0.0,1
232.0,1624.0,12,2.5,12.45,23,1080.0,2.0,1
-115.0,1628.5,-82,-76.4,13.440000000000001,206,900.0,0.0,-1
51.0,1782.5,-26,-23.6,13.440000000000001,132,900.0,0.0,0
26.0,1681.0,12,6.4,13.440000000000001,93,900.0,0.0,1
121.0,1628.5,-3,0.7,1.61,154,900.0,0.0,0
-377.0,1461.5,10,10.6,0.24,73,300.0,15.0,1
-53.0,1782.5,1,0.6,0.24000000000000005,40,900.0,0.0,0
39.0,1782.5,-4,-4.0,0.0,37,900.0,0.0,1
-109.0,1628.5,-15,-14.3,0.21000000000000002,44,900.0,0.0,-1
103.0,1620.5,7,8.0,3.2,83,900.0,0.0,1
-238.0,1691.0,-18,-15.6,13.440000000000001,96,900.0,0.0,-1
-70.0,1530.0,12,12.0,0.0,117,900.0,2.0,1
223.0,1916.5,10,10.0,0.0,151,900.0,0.0,1
19.0,1808.5,-9,-6.0,14.4,40,900.0,0.0,-1
1.0,1680.5,2,-0.8,1.3599999999999999,45,900.0,0.0,1
-215.0,1916.5,-8,-6.5,5.25,80,900.0,0.0,-1
-186.0,1587.0,16,5.9,17.29,135,900.0,0.0,1
178.0,1587.0,4,3.7,0.21000000000000002,67,900.0,0.0,1
174.0,1615.0,14,7.3,19.21,109,1200.0,5.0,1
207.0,1916.5,12,6.8,3.16,65,900.0,0.0,1
-199.0,1916.5,-2,-2.0,0.0,186,900.0,0.0,-1
207.0,1916.5,0,0.0,0.0,122,900.0,0.0,0
-508.0,1725.0,6,6.5,0.25,73,900.0,0.0,1
-53.0,1770.5,-3,-0.2,2.56,56,1200.0,0.0,-1
-348.0,1658.0,14,9.3,4.61,81,900.0,0.0,1
4.0,1977.0,0,0.6,7.239999999999999,110,900.0,5.0,0
147.0,1502.5,-11,-10.4,1.44,64,900.0,2.0,-1
-20.0,1977.0,10,1.9,7.289999999999999,65,900.0,5.0,1
-9.0,1739.5,5,5.0,0.0,56,1200.0,0.0,0
184.0,1580.0,10,9.1,0.09,129,900.0,0.0,1
81.0,1750.5,8,0.2,7.56,51,1200.0,10.0,1
-7.0,1739.5,-2,-0.7,0.61,43,1200.0,0.0,1
355.0,2146.5,1,2.1,2.49,68,900.0,10.0,1
-176.0,1580.0,-14,-13.7,0.8099999999999999,84,900.0,0.0,-1
109.0,1515.5,0,0.0,0.0,13,900.0,2.0,1
200.0,1580.0,-5,-5.0,0.0,68,900.0,0.0,-1
-192.0,1580.0,6,2.8,3.7600000000000002,70,900.0,0.0,-1
-70.0,1639.0,1,1.4,0.44000000000000006,90,900.0,0.0,-1
-9.0,1739.5,1,-0.5,2.45,45,900.0,0.0,1
184.0,1580.0,2,-1.0,1.2,83,900.0,0.0,1
24.0,2111.0,5,0.7,2.4099999999999997,71,900.0,0.0,1
-176.0,1580.0,-6,-4.8,1.16,54,900.0,0.0,-1
168.0,1580.0,21,20.5,2.25,99,900.0,0.0,1
-351.0,2146.5,-1,-1.5,0.25,94,900.0,10.0,-1
-158.0,1580.0,-9,-9.0,0.0,134,900.0,0.0,-1
119.0,1722.5,-9,-8.7,0.21000000000000002,120,900.0,0.0,-1
-8.0,2111.0,-1,-0.3,0.41,59,900.0,0.0,-1
-7.0,1739.5,2,2.0,0.6,41,900.0,0.0,1
120.0,1625.0,-2,-3.0,9.0,66,900.0,0.0,-1
-8.0,2111.0,3,2.3,0.21000000000000002,61,900.0,0.0,1
347.0,2146.5,5,5.2,10.960000000000003,62,900.0,10.0,1
-294.0,1836.0,0,-1.3,2.21,60,900.0,0.0,-1
-9.0,1739.5,3,1.9,1.89,63,900.0,0.0,1
-343.0,2146.5,-2,-2.0,0.0,80,900.0,10.0,-1
167.0,1760.5,-7,-5.7,4.01,114,900.0,0.0,-1
27.0,1739.5,-8,0.2,7.56,62,900.0,0.0,-1
33.0,1593.5,15,7.7,6.01,49,900.0,2.0,1
138.0,2049.0,0,0.0,0.0,80,900.0,0.0,0
-209.0,1466.5,-2,-1.6,2.8400000000000003,39,900.0,0.0,1
-328.0,1843.0,-3,-2.7,0.8099999999999999,32,900.0,0.0,-1
339.0,2146.5,10,3.9,18.089999999999996,83,900.0,5.0,1
-11.0,1739.5,-5,-0.2,3.96,38,900.0,0.0,-1
-128.0,2049.0,4,1.4,7.839999999999999,62,900.0,0.0,-1
-82.0,1813.0,-1,-2.3,1.01,43,900.0,0.0,1
-31.0,1711.5,1,1.7,0.21000000000000002,66,900.0,0.0,-1
118.0,2049.0,11,6.6,2.2399999999999998,119,900.0,0.0,1
-254.0,1716.0,-3,-2.2,2.1599999999999997,86,900.0,0.0,-1
15.0,1711.5,7,4.3,0.8099999999999999,63,900.0,0.0,1
132.0,1730.0,7,7.0,0.0,115,900.0,0.0,1
1.0,1711.5,-1,-1.0,0.2,22,900.0,0.0,-1
-122.0,1730.0,-19,-8.3,16.61,68,900.0,0.0,-1
18.0,1728.0,-4,-4.4,4.04,91,900.0,0.0,1
-266.0,1707.0,1,0.7,0.21000000000000002,50,900.0,0.0,-1
-523.0,1915.5,2,-2.6,2.4399999999999995,67,900.0,0.0,1
78.0,1683.0,-2,-1.7,0.8100000000000002,56,900.0,0.0,-1
19.0,1575.5,-11,-10.9,0.09,60,900.0,2.0,-1
-64.0,1683.0,-12,-1.7,13.410000000000002,56,900.0,0.0,-1
-91.0,1720.5,-13,-9.2,6.36,66,900.0,0.0,-1
84.0,1683.0,-2,-3.8,1.56,54,900.0,0.0,-1
-80.0,1420.0,-1,-1.1,0.09,115,2400.0,0.0,-1
-28.0,1720.0,-1,-0.7,0.21000000000000002,46,5400.0,0.0,-1
-24.0,1722.0,6,5.0,0.6,139,900.0,0.0,1
-300.0,1838.0,-7,-6.5,2.25,76,900.0,0.0,-1
-5.0,1821.5,6,5.9,11.49,73,900.0,0.0,1
328.0,1838.0,-5,-5.0,0.0,72,900.0,0.0,-1
-28.0,1720.0,13,2.4,33.84,41,5400.0,0.0,1
-35.0,1676.5,9,5.6,15.24,101,900.0,0.0,1
42.0,1738.0,0,-0.3,9.809999999999999,39,900.0,0.0,1
-118.0,1584.0,3,3.0,0.0,61,900.0,0.0,1
53.0,1676.5,-11,-5.4,9.040000000000001,62,900.0,0.0,-1
124.0,1574.0,1,1.0,0.0,87,900.0,0.0,1
-74.0,1642.0,-3,-3.0,0.0,112,900.0,0.0,-1
-35.0,1725.5,7,4.4,5.84,89,900.0,0.0,1
57.0,1492.5,-6,-4.5,1.05,114,900.0,0.0,-1
41.0,1975.5,-3,-3.6,6.24,78,900.0,0.0,-1
19.0,1725.5,1,1.1,0.09,41,900.0,0.0,1
117.0,1718.5,0,0.0,0.0,39,900.0,0.0,1
-3.0,1725.5,-3,-3.5,2.25,140,900.0,0.0,-1
-43.0,1975.5,1,0.1,7.290000000000001,60,900.0,0.0,0
394.0,2009.0,-5,-3.0,6.0,69,900.0,0.0,1
29.0,1998.5,8,4.4,5.64,57,1080.0,0.0,1
61.0,1975.5,-4,-1.4,0.8400000000000001,42,900.0,0.0,-1
-390.0,2009.0,5,1.5,4.05,30,900.0,0.0,-1
185.0,1910.5,9,2.8,6.16,125,900.0,0.0,1
-177.0,1910.5,-5,-5.5,2.25,92,900.0,0.0,-1
-47.0,1998.5,0,1.9,1.6900000000000002,81,1080.0,0.0,1
169.0,1910.5,-1,-1.0,0.0,129,900.0,0.0,1
-234.0,1571.0,7,6.4,0.44000000000000006,87,900.0,0.0,1
228.0,1571.0,6,5.9,0.09,145,900.0,0.0,1
33.0,1998.5,3,3.3,0.21000000000000002,57,1080.0,0.0,1
-111.0,1612.5,-3,-2.9,0.09,84,900.0,0.0,-1
-51.0,1501.5,-4,-4.0,0.0,86,900.0,0.0,-1
203.0,1790.5,6,7.7,0.8099999999999999,159,900.0,0.0,1
-51.0,1998.5,1,0.9,0.09,91,1080.0,0.0,1
195.0,1768.5,-3,0.4,6.840000000000001,62,900.0,0.0,-1
99.0,1612.5,4,1.3,0.8100000000000002,123,900.0,0.0,1
-11.0,1691.5,11,8.3,8.41,105,900.0,0.0,1
-13.0,1725.5,1,0.4,1.44,37,900.0,0.0,1
-5.0,1691.5,7,4.9,11.49,37,900.0,0.0,1
-11.0,1691.5,14,8.4,13.440000000000001,125,900.0,0.0,1
37.0,1998.5,3,3.4,0.24,79,1080.0,0.0,1
52.0,1699.0,1,0.7,0.21000000000000002,91,900.0,0.0,1
-219.0,1768.5,9,4.2,25.16,85,900.0,0.0,1
20.0,2008.0,-3,-2.3,0.21000000000000002,100,900.0,0.0,-1
-109.0,1779.5,-5,-2.1,3.69,80,900.0,0.0,-1
-121.0,1612.5,1,1.3,0.8100000000000002,23,900.0,0.0,1
-4.0,1693.0,-2,1.1,7.69,28,900.0,0.0,-1
-3.0,1666.5,-1,-1.1,0.09,43,900.0,0.0,1
-4.0,2008.0,-10,-5.5,2.25,124,900.0,0.0,-1
-23.0,1998.5,-6,-6.1,4.090000000000001,58,1080.0,0.0,-1
-5.0,1691.5,15,14.7,0.8099999999999999,85,900.0,0.0,1
245.0,1768.5,1,0.6,0.24000000000000005,84,900.0,0.0,-1
-12.0,2008.0,9,0.9,14.49,185,900.0,0.0,1
-12.0,1693.0,0,0.9,0.6900000000000001,24,900.0,0.0,1
-32.0,1691.0,-2,-1.3,3.01,40,900.0,0.0,-1
214.0,1587.0,8,4.8,1.36,77,900.0,0.0,1
39.0,1855.5,-7,-1.8,3.1600000000000006,46,900.0,0.0,-1
-194.0,1894.0,-1,-0.1,0.09,38,900.0,15.0,-1
-223.0,1587.5,0,0.0,0.0,70,900.0,0.0,0
-25.0,1855.5,1,1.8,6.36,26,900.0,0.0,-1
-89.0,1606.5,-10,-9.7,0.21000000000000002,140,1200.0,10.0,-1
-128.0,2055.0,2,2.1,0.09,53,900.0,0.0,1
215.0,1587.5,3,2.1,1.89,23,900.0,0.0,1
186.0,1894.0,8,0.7,6.01,25,900.0,15.0,1
161.0,1928.5,-1,-0.1,4.890000000000001,67,900.0,0.0,1
-178.0,1894.0,8,2.4,9.44,38,900.0,15.0,-1
30.0,2113.0,1,1.0,1.8,140,900.0,0.0,-1
93.0,1606.5,1,-0.2,2.16,132,1200.0,10.0,0
-105.0,1636.5,-24,-19.9,20.29,66,900.0,0.0,-1
-80.0,1845.0,0,0.4,0.8400000000000001,16,900.0,0.0,-1
-388.0,1813.0,-1,-1.2,0.36,92,900.0,0.0,-1
-273.0,1222.5,-18,-10.4,34.040000000000006,124,900.0,0.0,-1
250.0,1712.0,9,7.0,10.8,149,900.0,0.0,1
21.0,1691.5,-5,-4.9,1.49,80,900.0,0.0,-1
-68.0,1520.0,-3,-3.0,0.0,118,900.0,0.0,-1
430.0,2146.0,12,9.1,7.49,75,900.0,0.0,1
88.0,1520.0,-11,-4.4,22.240000000000002,74,900.0,0.0,-1
301.0,1739.5,8,6.2,4.96,67,900.0,0.0,1
-76.0,1520.0,-8,-3.4,3.439999999999999,68,900.0,0.0,-1
-126.0,1657.0,-3,-3.3,0.8099999999999999,34,900.0,0.0,-1
-313.0,1832.5,-6,-4.5,5.25,84,900.0,0.0,-1
-17.0,1708.5,-5,-3.3,0.61,76,900.0,0.0,-1
83.0,1641.5,10,9.9,0.09,71,900.0,0.0,1
35.0,1708.5,-4,-3.5,0.25,70,900.0,0.0,-1
106.0,1541.0,4,3.4,0.24,67,900.0,0.0,1
350.0,2121.0,3,0.3,0.8100000000000002,77,900.0,0.0,1
-805.0,1592.5,0,0.9,0.09,58,900.0,0.0,-1
96.0,2166.0,-7,-2.3,13.01,66,900.0,0.0,-1
-186.0,1894.0,2,2.0,0.0,138,900.0,15.0,0
-12.0,1580.0,4,4.9,0.09,56,900.0,0.0,-1
178.0,1894.0,1,0.1,0.09,21,900.0,15.0,1
4.0,2108.0,-2,-1.7,0.8100000000000002,45,900.0,0.0,1
805.0,1592.5,15,11.6,14.84,59,900.0,0.0,1
-86.0,1537.0,10,8.4,1.24,70,900.0,0.0,-1
1.0,1682.5,3,-0.3,3.41,38,900.0,0.0,-1
-202.0,1894.0,5,2.9,1.89,97,900.0,15.0,1
106.0,1537.0,-10,-10.0,0.0,64,900.0,0.0,-1
129.0,1705.5,5,-1.7,7.210000000000001,79,900.0,0.0,1
-50.0,1651.0,-5,-2.2,0.96,54,900.0,0.0,-1
153.0,1907.5,3,3.0,0.0,31,900.0,0.0,1
-143.0,1907.5,-5,-0.5,2.25,92,900.0,0.0,-1
228.0,1894.0,-12,-3.6,8.64,96,900.0,15.0,-1
-235.0,1780.5,8,7.5,0.25,97,900.0,0.0,1
-80.0,1491.0,9,8.1,1.89,71,900.0,0.0,1
-337.0,1824.5,-1,-0.9,0.09,62,900.0,0.0,-1
149.0,1907.5,9,9.0,0.0,305,900.0,0.0,0
-220.0,1894.0,-1,-0.4,0.8400000000000001,48,900.0,15.0,-1
66.0,1491.0,-3,-4.7,1.41,42,900.0,0.0,1
-197.0,2045.5,11,-0.8,26.76,81,900.0,0.0,1
-428.0,2146.0,-10,-8.4,11.440000000000001,70,900.0,0.0,-1
63.0,1485.5,6,5.6,5.84,31,900.0,0.0,1
189.0,2045.5,0,0.0,0.0,21,900.0,0.0,1
-181.0,2045.5,-5,-3.5,5.25,84,900.0,0.0,-1
173.0,2045.5,4,1.5,7.65,47,900.0,0.0,1
-155.0,1907.5,1,1.0,0.0,174,900.0,0.0,0
-165.0,2045.5,-4,-0.9,1.2900000000000003,44,900.0,0.0,-1
155.0,2045.5,3,0.3,0.8100000000000002,45,900.0,0.0,1
803.0,1591.5,16,12.6,9.040000000000001,79,900.0,0.0,1
-128.0,1537.0,16,11.2,15.36,116,900.0,0.0,1
-145.0,2045.5,-1,-0.8,1.7599999999999998,50,900.0,0.0,-1
212.0,1894.0,2,-0.9,7.489999999999999,49,600.0,10.0,1
187.0,1583.5,9,2.4,8.04,39,900.0,0.0,1
145.0,1907.5,2,1.9,0.09,51,900.0,0.0,1
118.0,1537.0,2,0.8,0.9599999999999997,43,900.0,0.0,1
12.0,2108.0,-4,-3.3,0.21000000000000002,110,900.0,0.0,-1
50.0,2328.0,1,0.1,7.290000000000001,195,900.0,0.0,1
-204.0,1894.0,-3,0.5,2.65,40,600.0,10.0,-1
196.0,1894.0,2,-1.5,6.05,47,900.0,15.0,1
99.0,1141.5,22,21.7,0.8099999999999999,101,900.0,0.0,1
68.0,1636.0,5,2.5,3.05,73,900.0,0.0,1
71.0,1503.5,-20,-15.5,2.25,72,900.0,0.0,-1
4.0,2108.0,-3,-2.8,0.15999999999999998,41,900.0,0.0,-1
-188.0,1894.0,-1,1.8,0.9599999999999997,48,900.0,15.0,-1
64.0,1654.0,-11,-5.4,13.440000000000001,104,900.0,0.0,-1
120.0,2045.0,8,7.0,0.6,85,900.0,0.0,1
0.0,1694.0,12,3.5,15.05,161,900.0,0.0,1
645.0,2536.5,11,4.8,25.36,63,900.0,1.0,1
-151.0,1682.5,-17,-11.7,12.809999999999999,112,900.0,0.0,-1
16.0,1694.0,-6,-6.0,0.0,128,900.0,0.0,-1
-803.0,1591.5,-11,-4.1,13.09,32,900.0,0.0,-1
803.0,1591.5,15,14.6,5.4399999999999995,101,900.0,0.0,1
-68.0,1662.0,-4,-4.0,3.0,132,900.0,0.0,-1
744.0,2675.0,3,2.5,2.25,73,900.0,0.0,1
-185.0,1595.5,6,6.0,0.0,73,600.0,12.0,1
-803.0,1591.5,-5,-2.8,2.7600000000000002,36,900.0,0.0,-1
54.0,1662.0,2,1.5,0.25,187,900.0,0.0,1
1544.0,2275.0,1,3.0,6.4,45,600.0,12.0,1
-40.0,1662.0,-7,-5.9,0.89,72,900.0,0.0,-1
58.0,1662.0,-10,-10.0,0.0,154,900.0,0.0,-1
277.0,1960.5,4,2.4,10.040000000000001,59,900.0,0.0,1
57.0,1634.5,1,0.9,0.09,45,900.0,0.0,1
277.0,1748.5,9,6.6,13.440000000000001,147,900.0,0.0,1
-196.0,1894.0,1,1.0,0.0,122,900.0,15.0,0
-200.0,2253.0,-7,-4.9,1.89,136,900.0,0.0,-1
188.0,1894.0,2,1.5,1.25,39,900.0,15.0,1
-180.0,1894.0,-1,-1.3,7.410000000000001,46,900.0,15.0,-1
-10.0,2005.0,5,5.0,0.0,189,900.0,0.0,1
-141.0,1669.5,5,4.1,0.09,115,900.0,0.0,1
10.0,2005.0,0,0.0,0.0,51,900.0,0.0,0
6.0,2005.0,0,-0.1,0.09,48,900.0,0.0,-1
-6.0,2005.0,5,1.0,4.0,43,900.0,0.0,0
-153.0,1533.5,14,11.5,6.25,143,900.0,0.0,1
-12.0,1501.0,1,1.0,0.0,25,600.0,12.0,1
54.0,1592.0,-15,-8.9,6.489999999999999,60,900.0,0.0,-1
298.0,1736.0,21,21.0,0.0,125,900.0,2.0,1
-292.0,1736.0,-20,-17.5,13.05,92,900.0,2.0,-1
498.0,1441.0,6,2.1,10.89,31,900.0,0.0,1
107.0,1678.5,9,4.0,3.0,75,900.0,0.0,1
129.0,2283.5,5,1.6,1.44,79,900.0,0.0,1
90.0,1668.0,3,-1.4,6.040000000000001,169,900.0,0.0,0
-801.0,1872.5,-14,-6.8,5.76,134,1980.0,33.0,-1
9.0,1577.5,7,1.4,6.039999999999999,53,900.0,2.0,1
1.0,1698.5,14,4.6,19.04,61,900.0,0.0,1
15.0,1698.5,-11,-5.3,14.01,68,900.0,0.0,-1
1.0,1698.5,-1,-1.9,7.289999999999999,52,900.0,0.0,-1
15.0,1698.5,-7,-4.5,8.25,84,900.0,0.0,-1
-33.0,1698.5,-1,-0.1,7.290000000000001,57,900.0,0.0,1
-27.0,1577.5,7,2.2,2.7600000000000002,55,900.0,2.0,1
17.0,1698.5,1,1.4,0.24,71,900.0,0.0,1
-184.0,1591.0,-10,-10.0,0.0,103,900.0,0.0,-1
-1.0,1698.5,-6,-5.1,0.09,58,900.0,0.0,-1
17.0,1698.5,-11,-6.9,9.690000000000001,54,900.0,0.0,-1
69.0,2026.5,-3,-3.0,0.0,68,900.0,0.0,-1
-113.0,1745.5,1,1.0,0.0,115,900.0,0.0,1
112.0,1545.0,-5,-5.0,0.0,194,900.0,2.0,-1
-129.0,1732.5,-7,-5.7,9.610000000000001,68,1200.0,10.0,-1
297.0,1872.5,4,-3.7,8.21,69,900.0,0.0,-1
97.0,1628.5,15,14.9,0.09,111,900.0,0.0,1
119.0,1732.5,4,3.6,0.8400000000000001,53,1200.0,10.0,1
-1.0,1698.5,-2,5.0,5.8,52,900.0,0.0,-1
117.0,1635.5,21,17.4,13.040000000000001,163,900.0,0.0,1
-236.0,2227.0,-3,-3.0,0.0,140,900.0,0.0,-1
129.0,1844.5,-11,-6.0,10.8,158,900.0,0.0,-1
192.0,2249.0,0,-1.0,1.8,43,900.0,0.0,1
-26.0,1690.0,9,8.7,0.8099999999999999,119,900.0,0.0,1
48.0,1820.0,9,8.8,11.76,66,900.0,0.0,-1
25.0,1682.5,2,0.1,6.6899999999999995,65,1200.0,5.0,1
411.0,2138.5,14,14.0,0.0,79,900.0,0.0,1
44.0,1690.0,-12,-5.6,17.44,78,900.0,0.0,-1
-30.0,1690.0,-8,-1.3,7.210000000000001,76,900.0,0.0,-1
-46.0,1788.0,2,1.5,0.85,60,900.0,0.0,-1
200.0,1917.0,8,6.2,8.959999999999999,115,900.0,0.0,1
129.0,1670.5,7,7.8,1.56,73,900.0,2.0,1
202.0,1600.0,7,7.0,0.0,55,900.0,0.0,1
-85.0,2065.5,-5,-4.1,2.69,56,900.0,0.0,-1
96.0,1871.0,7,6.6,0.8400000000000001,61,1200.0,0.0,1
-232.0,1920.0,7,4.4,0.8400000000000001,113,900.0,0.0,1
-112.0,1639.0,-14,-14.0,0.0,158,900.0,0.0,-1
118.0,1639.0,5,5.0,0.0,110,900.0,0.0,0
-9.0,1826.5,2,1.4,0.24,91,900.0,7.0,1
-106.0,1639.0,-7,-6.2,0.36,74,900.0,0.0,-1
-51.0,1787.5,12,11.5,0.25,63,900.0,0.0,1
94.0,1639.0,2,1.0,1.4,29,900.0,0.0,1
-82.0,1639.0,-14,-14.0,0.0,102,900.0,0.0,-1
76.0,1875.0,-1,1.6,3.44,77,1200.0,0.0,1
61.0,1673.5,-10,-2.8,5.76,106,1200.0,5.0,-1
-131.0,2281.5,3,3.0,0.0,234,900.0,0.0,0
200.0,1761.0,1,0.8,2.16,71,900.0,0.0,-1
-273.0,1638.5,-3,-2.0,0.6,58,1200.0,20.0,-1
8.0,1801.0,3,1.3,1.01,57,900.0,0.0,1
-41.0,1731.5,-8,-3.5,2.25,66,1200.0,5.0,-1
8.0,1801.0,-2,-2.5,2.25,58,900.0,0.0,-1
-26.0,1801.0,7,7.0,0.0,159,900.0,0.0,1
120.0,1971.0,4,0.1,12.690000000000001,63,900.0,0.0,1
70.0,1639.0,18,18.0,0.0,99,900.0,0.0,1
160.0,1524.0,3,5.4,1.44,73,1200.0,0.0,1
-33.0,1700.5,-9,-7.8,3.96,48,900.0,0.0,-1
-56.0,1639.0,-21,-18.8,4.96,64,900.0,0.0,-1
42.0,1639.0,18,14.9,13.09,69,900.0,0.0,1
-28.0,1639.0,-7,-6.2,3.16,94,900.0,0.0,-1
-30.0,1667.0,-11,-5.0,33.0,94,900.0,0.0,-1
143.0,1640.5,1,0.6,0.44000000000000006,59,900.0,0.0,1
48.0,1667.0,-4,-2.3,7.210000000000001,52,900.0,0.0,-1
-68.0,1667.0,2,1.0,0.6,41,900.0,0.0,1
72.0,1667.0,3,3.0,0.0,138,900.0,0.0,0
108.0,2045.0,2,2.5,2.25,63,900.0,0.0,1
434.0,2129.0,7,5.8,0.36,131,900.0,0.0,1
-92.0,1667.0,2,1.1,0.09,29,900.0,0.0,1
30.0,1627.0,-13,-13.0,0.0,122,900.0,0.0,-1
94.0,1659.0,18,18.0,0.0,147,900.0,2.0,1
110.0,1618.0,4,4.0,0.0,59,900.0,0.0,1
59.0,1704.5,6,6.0,0.0,104,900.0,0.0,-1
-4.0,1798.0,0,1.1,3.0900000000000007,126,900.0,0.0,-1
-153.0,1827.5,-1,-0.1,7.290000000000001,82,900.0,0.0,-1
-14.0,1627.0,0,-0.3,0.8100000000000002,32,900.0,0.0,-1
-2.0,1627.0,12,8.2,4.36,99,900.0,0.0,1
-114.0,1672.0,-14,-11.6,13.440000000000001,88,1200.0,5.0,-1
18.0,1627.0,-10,-8.5,1.05,144,900.0,0.0,-1
389.0,1902.5,7,3.3,1.61,61,900.0,0.0,1
-34.0,1788.0,1,1.0,0.0,153,900.0,0.0,1
166.0,2065.0,-9,-4.1,16.89,148,900.0,0.0,-1
-385.0,1902.5,-2,-2.0,0.0,86,900.0,0.0,-1
-36.0,1627.0,11,9.6,0.44000000000000006,135,900.0,0.0,1
-260.0,1577.0,-18,-17.7,0.21000000000000002,52,1200.0,0.0,-1
601.0,1793.5,2,2.3,0.8099999999999999,31,900.0,0.0,1
52.0,1642.0,23,20.0,9.8,91,900.0,0.0,1
-56.0,2004.0,-3,-1.4,0.8400000000000001,110,900.0,5.0,0
102.0,1672.0,9,8.2,2.1599999999999997,95,1200.0,5.0,1
-38.0,1642.0,-10,-4.7,10.81,38,900.0,0.0,-1
24.0,1642.0,4,2.8,0.96,57,900.0,0.0,1
411.0,2139.5,17,9.3,8.81,107,900.0,0.0,1
219.0,1918.5,3,2.5,0.25,91,900.0,0.0,1
1.0,1637.5,-16,-15.3,0.21000000000000002,96,900.0,0.0,-1
-224.0,1762.0,7,2.5,2.25,69,900.0,0.0,1
584.0,1720.0,0,-2.3,8.41,59,5400.0,0.0,1
741.0,2673.5,6,4.0,3.0,79,900.0,0.0,1
278.0,1951.0,12,4.0,8.4,145,900.0,0.0,1
4.0,1970.0,-8,-0.7,6.01,74,900.0,5.0,-1
-243.0,1903.5,0,0.5,6.45,66,900.0,0.0,-1
216.0,1762.0,3,3.0,1.8,66,900.0,0.0,1
551.0,1939.5,7,6.9,0.09,45,900.0,0.0,1
-265.0,2048.5,-1,-1.0,0.0,216,3600.0,30.0,-1
-39.0,1822.5,0,-0.3,0.8100000000000002,23,900.0,0.0,1
-208.0,1762.0,1,0.2,2.7600000000000002,56,900.0,0.0,-1
-261.0,1590.5,0,-0.1,0.09,22,900.0,0.0,-1
413.0,1696.5,18,17.1,1.2899999999999998,67,900.0,0.0,1
96.0,1509.0,2,2.7,0.21000000000000002,67,900.0,0.0,1
-22.0,1974.0,1,1.6,0.24,81,2700.0,45.0,1
261.0,1478.5,21,16.9,2.0900000000000003,89,900.0,2.0,1
164.0,1550.0,3,1.1,0.49000000000000005,35,900.0,0.0,1
205.0,1566.5,10,1.2,8.760000000000002,37,900.0,0.0,1
-116.0,1929.0,-5,-2.9,3.8899999999999997,88,900.0,0.0,-1
-30.0,1664.0,-1,-0.3,2.21,55,900.0,0.0,1
-304.0,1749.0,-5,-1.4,5.64,66,900.0,0.0,-1
142.0,1692.0,-3,-1.1,0.49000000000000005,50,900.0,0.0,-1
-96.0,2045.0,-4,-4.8,0.15999999999999998,112,900.0,0.0,-1
-356.0,1829.0,-1,-0.2,2.16,68,900.0,0.0,-1
-108.0,1683.0,-12,-5.4,14.84,98,900.0,0.0,-1
140.0,1826.0,0,0.3,0.8099999999999999,69,900.0,0.0,1
8.0,1730.0,-7,-4.3,0.8099999999999999,64,900.0,0.0,-1
144.0,1948.0,0,0.6,6.839999999999999,33,900.0,0.0,1
-104.0,1430.0,-5,-4.0,3.4,28,600.0,12.0,-1
-49.0,1685.5,-10,-4.4,13.440000000000001,108,900.0,0.0,-1
215.0,1575.5,0,0.0,0.0,81,900.0,0.0,1
198.0,1604.0,-3,-3.1,0.09,90,900.0,0.0,-1
4.0,1744.0,-1,3.1,2.09,156,900.0,0.0,-1
-26.0,1730.0,3,1.2,2.1599999999999997,27,900.0,0.0,1
-206.0,1575.0,-1,-0.8,0.16,88,900.0,0.0,-1
44.0,1730.0,-2,-1.0,2.0,88,900.0,0.0,-1
197.0,1574.5,1,0.4,0.8400000000000001,39,900.0,0.0,1
-167.0,1588.5,-3,0.2,7.5600000000000005,61,900.0,30.0,1
82.0,1692.0,0,0.6,0.8400000000000001,31,900.0,0.0,-1
48.0,1506.0,-12,-6.0,19.0,50,1200.0,0.0,-1
33.0,1779.5,4,4.1,0.09,111,900.0,0.0,1
-114.0,1567.0,-2,-2.0,0.0,114,900.0,0.0,-1
-62.0,1730.0,4,0.3,2.0100000000000002,35,900.0,0.0,1
-212.0,1937.0,-5,-5.0,0.0,126,900.0,0.0,-1
27.0,1725.5,-3,0.9,1.89,48,900.0,0.0,-1
-69.0,1658.5,-13,-12.3,0.21000000000000002,104,2700.0,0.0,-1
-161.0,1567.5,-10,-9.3,0.21000000000000002,88,1200.0,10.0,-1
-21.0,1742.5,-1,-1.6,0.8400000000000001,88,900.0,0.0,-1
-103.0,1681.5,-7,-6.5,0.25,92,900.0,0.0,-1
143.0,1544.5,10,2.2,7.56,55,900.0,0.0,1
-129.0,1748.5,1,1.4,0.44000000000000006,64,900.0,0.0,-1
185.0,1900.5,-5,-3.6,0.64,69,600.0,10.0,1
216.0,1875.0,2,2.0,0.0,81,900.0,0.0,1
-148.0,1553.0,7,3.9,30.490000000000002,69,900.0,0.0,1
27.0,1732.5,1,0.7,3.6100000000000003,104,900.0,0.0,1
179.0,1719.5,4,3.7,0.21000000000000002,87,900.0,0.0,1
-501.0,1741.5,-11,-9.2,3.96,58,900.0,0.0,-1
-1.0,1737.5,-5,-4.3,11.010000000000002,48,900.0,0.0,-1
-27.0,1486.5,22,19.3,17.01,75,600.0,12.0,1
-168.0,1896.0,2,2.3,0.8099999999999999,62,900.0,15.0,-1
245.0,1517.5,-6,-6.0,0.0,172,900.0,0.0,-1
-203.0,1719.5,6,1.1,4.090000000000001,65,900.0,0.0,1
302.0,2163.0,7,-0.5,16.05,39,900.0,0.0,1
30.0,1732.0,7,1.7,11.41,36,900.0,0.0,-1
-303.0,1712.5,-3,-3.0,5.4,64,900.0,0.0,-1
158.0,1896.0,5,0.6,2.24,55,900.0,15.0,1
-2.0,1738.0,-4,-2.4,2.44,76,900.0,0.0,-1
-298.0,2163.0,-3,-2.7,0.21000000000000002,102,900.0,0.0,-1
195.0,1719.5,15,15.2,1.9600000000000002,77,900.0,0.0,1
23.0,1965.5,-2,-2.0,0.0,74,900.0,10.0,-1
-141.0,1575.5,2,2.0,0.0,44,900.0,0.0,-1
179.0,1889.5,6,6.0,0.0,127,900.0,0.0,1
-52.0,1569.0,7,0.4,6.839999999999999,63,900.0,0.0,1
-140.0,1912.0,-4,-4.0,0.0,78,1080.0,0.0,-1
89.0,1577.5,-9,-6.8,6.36,66,900.0,0.0,-1
48.0,1716.0,0,0.8,0.16,118,900.0,0.0,0
163.0,1575.5,-14,-10.0,16.0,158,900.0,0.0,-1
-120.0,1565.0,-5,-5.0,0.0,165,900.0,0.0,0
-432.0,1439.0,3,3.9,3.09,63,900.0,0.0,1
-66.0,1716.0,1,-0.2,0.96,25,900.0,0.0,1
52.0,1716.0,0,-2.1,0.69,79,900.0,0.0,1
-39.0,2008.5,1,1.7,1.21,56,1080.0,0.0,-1
252.0,1767.0,21,18.6,13.440000000000001,145,900.0,0.0,1
107.0,1565.5,10,5.1,2.89,61,900.0,0.0,1
-38.0,1716.0,-1,-0.3,0.61,36,900.0,0.0,-1
80.0,1609.0,7,5.2,2.16,41,900.0,0.0,1
24.0,1716.0,10,8.9,4.6899999999999995,47,900.0,0.0,1
-807.0,2706.5,-10,-3.9,18.089999999999996,98,1500.0,4.0,-1
-129.0,1954.5,2,2.2,0.15999999999999998,89,900.0,0.0,1
133.0,1547.5,2,-3.3,3.41,103,900.0,0.0,1
47.0,2001.5,-3,-3.1,0.09,92,900.0,0.0,0
-182.0,1896.0,3,2.9,0.09,129,900.0,15.0,1
-26.0,1645.0,15,4.3,16.009999999999998,103,900.0,0.0,1
44.0,1645.0,-11,-4.7,17.009999999999998,58,900.0,0.0,-1
19.0,2006.5,5,4.9,1.29,67,1080.0,0.0,1
123.0,1576.5,5,5.5,2.25,81,900.0,0.0,1
-62.0,1645.0,-3,-3.5,0.25,57,900.0,0.0,1
119.0,1954.5,2,1.9,0.09,77,900.0,0.0,1
48.0,1645.0,20,13.3,15.809999999999999,109,900.0,0.0,1
-34.0,1645.0,-19,-15.0,16.0,136,900.0,0.0,-1
-412.0,1688.0,0,0.2,1.9600000000000002,28,900.0,0.0,-1
78.0,1659.0,11,11.0,0.0,81,900.0,0.0,1
36.0,1645.0,11,7.3,1.61,157,900.0,0.0,0
-176.0,1986.0,2,2.0,0.0,96,900.0,0.0,-1
-257.0,1761.5,3,5.1,1.29,110,900.0,0.0,-1
-22.0,1645.0,5,1.3,4.610000000000001,58,900.0,0.0,-1
174.0,1896.0,-2,-2.3,0.8099999999999999,45,900.0,15.0,1
-64.0,1659.0,-2,-1.4,0.44000000000000006,30,900.0,0.0,-1
-204.0,1605.0,0,-0.5,0.25,29,900.0,0.0,1
225.0,1556.5,-13,-7.0,6.0,106,900.0,0.0,-1
-83.0,1730.5,3,3.0,0.0,105,900.0,0.0,0
12.0,2012.0,-4,-2.9,2.4899999999999998,88,900.0,0.0,-1
-18.0,1667.0,-1,-1.3,0.41,66,900.0,0.0,-1
-166.0,1896.0,0,-0.3,0.8100000000000002,32,900.0,15.0,-1
-217.0,1556.5,-10,-7.6,1.44,86,900.0,0.0,-1
4.0,2012.0,0,0.2,3.3600000000000003,54,900.0,0.0,-1
-22.0,2012.0,2,2.6,2.24,95,900.0,0.0,1
287.0,1743.5,5,3.7,10.41,23,900.0,0.0,1
71.0,1730.5,5,4.5,2.25,55,900.0,0.0,1
6.0,2012.0,2,-0.8,1.3599999999999999,55,900.0,0.0,1
56.0,1693.0,7,7.0,0.0,79,900.0,0.0,1
230.0,2227.0,4,1.4,3.04,49,900.0,0.0,1
10.0,2012.0,-5,-4.5,2.25,254,900.0,0.0,-1
148.0,1915.0,1,0.2,5.76,76,900.0,0.0,-1
-10.0,2012.0,-1,-0.6,0.24000000000000005,97,900.0,0.0,0
10.0,1845.0,-11,-5.8,11.760000000000002,120,900.0,0.0,-1
28.0,2012.0,-3,-3.0,2.0,84,900.0,0.0,-1
738.0,2672.0,6,1.7,5.41,57,900.0,0.0,1
-179.0,1571.5,7,7.0,0.0,99,900.0,0.0,0
-12.0,2012.0,0,0.5,1.65,58,900.0,0.0,-1
-41.0,1965.5,4,4.2,4.5600000000000005,83,900.0,10.0,1
105.0,1779.5,3,2.4,1.44,43,900.0,0.0,1
-93.0,1779.5,-9,-1.0,7.2,26,900.0,0.0,-1
156.0,1896.0,0,-0.7,0.21000000000000002,37,900.0,15.0,1
58.0,1790.0,3,3.0,0.0,63,900.0,0.0,1
-510.0,1856.0,-3,-1.6,1.64,28,900.0,0.0,-1
-235.0,1886.5,8,6.8,3.16,95,900.0,0.0,1
-50.0,1649.0,2,4.6,7.840000000000001,61,900.0,0.0,1
-278.0,1624.0,1,1.2,6.959999999999999,78,900.0,0.0,-1
95.0,1786.5,3,1.7,7.410000000000001,51,900.0,0.0,1
792.0,1586.0,5,4.2,2.76,63,900.0,0.0,1
-313.0,1830.5,-5,-5.0,0.0,92,900.0,0.0,-1
-282.0,1630.0,-8,-3.1,12.490000000000002,116,900.0,0.0,-1
807.0,2706.5,-3,-1.3,3.2099999999999995,75,960.0,1.0,1
143.0,1920.5,7,6.0,7.2,71,1080.0,0.0,1
-792.0,1586.0,-22,-11.4,24.44,80,900.0,0.0,-1
-26.0,1483.0,-4,-4.5,2.05,56,900.0,0.0,-1
60.0,1702.0,5,5.0,0.0,161,900.0,0.0,1
792.0,1586.0,3,4.5,2.25,89,900.0,0.0,1
146.0,1896.0,2,1.0,0.6,67,900.0,15.0,1
-90.0,1950.0,1,-0.4,0.43999999999999995,111,2700.0,45.0,1
-2.0,1503.0,13,8.5,2.25,111,900.0,0.0,1
-792.0,1586.0,-6,-3.2,1.3599999999999999,58,900.0,0.0,-1
187.0,1576.5,6,4.1,0.49000000000000005,61,900.0,0.0,1
406.0,2138.0,11,10.0,1.2,49,900.0,0.0,1
-20.0,1674.0,4,-0.1,2.09,73,900.0,0.0,1
122.0,2369.0,9,3.0,14.4,77,900.0,0.0,1
-136.0,1896.0,-2,-2.0,0.0,58,900.0,15.0,-1
-54.0,1702.0,4,1.3,0.8100000000000002,49,900.0,0.0,1
-77.0,2048.5,-1,-1.2,0.36,106,900.0,0.0,-1
126.0,1896.0,2,-1.0,2.0,53,900.0,15.0,1
-36.0,1723.0,5,1.4,4.4399999999999995,49,900.0,0.0,1
-378.0,2150.0,-11,-6.0,5.0,98,900.0,0.0,-1
98.0,1780.0,-9,-0.5,8.85,30,900.0,0.0,-1
-64.0,1647.0,13,7.4,13.440000000000001,181,900.0,0.0,1
-118.0,1897.0,-5,-3.2,7.56,82,900.0,15.0,-1
-410.0,1883.0,-8,-0.3,6.8100000000000005,116,900.0,0.0,-1
304.0,1509.0,-1,0.8,7.56,26,1980.0,33.0,-1
-293.0,1225.5,8,5.3,0.8099999999999999,125,900.0,0.0,1
84.0,1647.0,-15,-9.4,13.440000000000001,138,900.0,0.0,-1
-140.0,1897.0,2,2.1,4.69,67,900.0,15.0,1
-72.0,1647.0,-4,-3.9,0.09,102,900.0,0.0,-1
-666.0,2540.0,0,-0.9,0.09,209,900.0,1.0,0
36.0,1636.0,-1,-0.5,0.85,53,900.0,0.0,1
-8.0,1679.0,2,2.0,0.0,105,900.0,0.0,1
-20.0,1636.0,-6,-5.5,0.25,66,900.0,0.0,-1
-178.0,1993.0,-6,-3.0,9.2,42,900.0,0.0,-1
205.0,2011.5,6,4.3,5.01,29,900.0,0.0,1
260.0,1792.0,-8,-6.5,1.05,100,900.0,0.0,-1
4.0,1636.0,1,1.0,0.0,113,900.0,0.0,1
-241.0,1798.5,-7,-1.8,4.36,26,900.0,0.0,-1
110.0,1950.0,-6,-0.8,3.1600000000000006,46,2700.0,45.0,-1
-8.0,2099.0,-1,-0.6,2.24,40,900.0,0.0,-1
-105.0,2052.5,3,1.7,2.01,38,900.0,0.0,1
-40.0,2468.0,-19,-17.5,2.25,182,900.0,0.0,-1
-75.0,1962.5,-8,-8.6,6.24,80,900.0,0.0,-1
93.0,2052.5,12,4.0,39.0,95,900.0,0.0,1
-183.0,1757.5,8,7.2,0.15999999999999998,82,900.0,0.0,1
62.0,2469.0,-1,1.4,6.839999999999999,108,900.0,0.0,-1
179.0,1755.5,6,5.2,3.16,91,900.0,0.0,1
267.0,1745.5,0,0.9,0.29000000000000004,79,900.0,2.0,1
-261.0,1745.5,-2,-1.4,2.24,74,900.0,2.0,-1
255.0,1745.5,9,9.0,0.0,137,900.0,2.0,1
-249.0,1745.5,-4,-2.1,0.49000000000000005,64,900.0,2.0,-1
-73.0,1973.5,6,1.6,2.24,77,900.0,0.0,1
119.0,1135.5,21,20.6,0.44000000000000006,123,900.0,0.0,0
-35.0,1674.5,14,6.2,9.16,61,900.0,0.0,1
230.0,2221.0,5,2.9,1.89,105,900.0,0.0,1
-460.0,1426.0,-4,-2.6,2.6399999999999997,38,900.0,0.0,-1
-112.0,1718.0,-8,-7.0,0.6,78,900.0,0.0,-1
-108.0,1136.0,-23,-22.0,2.4,126,900.0,0.0,-1
-335.0,1541.5,-7,-3.1,3.09,50,1200.0,5.0,-1
67.0,1674.5,-6,-4.0,6.0,70,900.0,0.0,-1
134.0,1718.0,-4,-1.3,0.8100000000000002,148,900.0,0.0,-1
-124.0,1718.0,-11,-6.2,7.56,36,900.0,0.0,-1
112.0,1718.0,11,8.0,1.8,61,900.0,0.0,1
-100.0,1718.0,-11,-10.0,0.6,114,900.0,0.0,-1
88.0,1718.0,13,6.5,11.25,49,900.0,0.0,1
-108.0,1718.0,2,2.4,0.24,71,900.0,0.0,1
96.0,1718.0,11,4.4,9.84,47,900.0,0.0,1
331.0,1541.5,13,3.8,12.959999999999999,45,1200.0,5.0,1
96.0,1718.0,11,4.4,9.84,47,900.0,0.0,1
248.0,1760.0,0,-0.3,0.8100000000000002,57,900.0,0.0,1
82.0,1956.0,-5,-4.1,1.89,60,900.0,0.0,-1
43.0,1679.5,-7,-5.2,7.56,66,900.0,0.0,-1
104.0,2389.0,-1,-1.0,0.0,243,900.0,0.0,0
59.0,1686.5,-5,-3.6,0.44000000000000006,102,1200.0,5.0,-1
366.0,2152.0,7,1.7,3.81,37,900.0,0.0,1
-10.0,1637.0,5,5.1,0.09,62,900.0,2.0,-1
-140.0,1717.0,-2,-1.0,1.2,88,1200.0,10.0,-1
-50.0,1689.0,-1,3.1,2.09,76,900.0,0.0,-1
-397.0,2134.5,-10,-7.8,16.56,78,900.0,0.0,-1
130.0,1717.0,9,8.3,0.8099999999999999,80,1200.0,10.0,1
-233.0,1741.5,3,1.8,0.56,30,900.0,0.0,1
129.0,2369.5,-2,-2.0,0.0,94,900.0,0.0,0
192.0,1758.0,6,5.2,3.16,91,900.0,0.0,1
-69.0,1679.5,6,0.6,5.040000000000001,45,900.0,0.0,1
-184.0,1758.0,-10,-7.2,5.96,100,900.0,0.0,-1
197.0,1747.5,1,0.7,1.4099999999999997,21,900.0,0.0,1
53.0,1683.5,-8,-0.7,6.01,44,900.0,0.0,-1
196.0,1884.0,7,-0.3,7.409999999999999,49,900.0,5.0,1
-73.0,1683.5,6,3.0,4.2,69,900.0,0.0,1
-63.0,1602.5,9,7.6,2.44,67,900.0,0.0,1
-68.0,1818.0,2,2.0,0.0,150,1200.0,10.0,0
-116.0,2368.0,-1,0.1,2.89,74,900.0,0.0,-1
-15.0,1488.5,-2,-2.0,10.2,60,600.0,12.0,-1
-76.0,1840.0,-14,-5.9,7.49,52,900.0,0.0,-1
393.0,2134.5,15,14.2,5.76,103,900.0,0.0,1
-125.0,1703.5,-10,-9.0,0.6,100,900.0,0.0,-1
177.0,1920.5,2,2.0,0.0,123,900.0,0.0,1
-9.0,1637.5,2,2.0,0.0,95,900.0,0.0,1
-8.0,1638.0,-4,-4.0,0.0,103,900.0,0.0,0
-277.0,1339.5,0,0.6,0.24000000000000005,26,600.0,12.0,-1
47.0,1882.5,8,7.9,0.09,133,1200.0,0.0,1
-122.0,1567.0,-13,-4.9,7.290000000000001,90,900.0,0.0,-1
110.0,1567.0,24,23.2,5.76,127,900.0,0.0,1
55.0,1797.5,-8,-6.3,4.41,109,900.0,0.0,1
4.0,1642.0,3,1.8,2.76,29,900.0,2.0,1
-132.0,1567.0,10,4.4,13.440000000000001,103,900.0,0.0,1
122.0,1567.0,5,4.5,0.25,81,900.0,0.0,1
792.0,1586.0,6,7.0,3.6,57,900.0,0.0,1
332.0,1866.0,-3,-2.0,0.8,108,900.0,0.0,-1
-39.0,2320.5,2,1.4,0.24,152,900.0,0.0,1
318.0,1871.0,5,-0.9,7.890000000000001,31,900.0,0.0,1
-110.0,1567.0,-6,-6.0,0.0,92,900.0,0.0,-1
402.0,1804.0,6,1.0,5.0,79,900.0,0.0,1
98.0,1567.0,4,3.3,0.21000000000000002,67,900.0,0.0,1
-86.0,1567.0,-10,-7.2,8.559999999999999,110,900.0,0.0,-1
-792.0,1586.0,-19,-11.5,31.65,60,900.0,0.0,-1
106.0,1567.0,-12,-6.4,13.440000000000001,174,900.0,0.0,-1
792.0,1586.0,-2,-0.5,1.05,27,900.0,0.0,1
-94.0,1567.0,-16,-9.6,23.04,106,900.0,0.0,-1
-792.0,1586.0,-17,-6.3,17.009999999999998,108,900.0,0.0,-1
82.0,1567.0,-5,-1.4,11.84,67,900.0,0.0,1
-70.0,1567.0,-1,-0.2,0.16000000000000003,56,900.0,0.0,-1
56.0,1567.0,15,14.8,0.36,121,900.0,0.0,1
-76.0,1567.0,14,6.9,14.690000000000001,67,900.0,0.0,1
146.0,1636.0,6,5.3,0.21000000000000002,103,900.0,0.0,1
-79.0,1829.5,1,0.1,0.09,107,900.0,0.0,1
57.0,2320.5,-2,-2.0,0.0,106,900.0,0.0,-1
-11.0,1602.5,6,-0.4,15.040000000000001,47,900.0,0.0,1
-85.0,1934.5,-9,-0.9,7.290000000000001,56,2700.0,45.0,0
-9.0,1550.5,-3,-3.0,0.0,78,900.0,0.0,-1
-501.0,1854.5,-7,-5.8,3.96,62,900.0,0.0,-1
792.0,1586.0,8,4.4,5.64,49,900.0,0.0,1
41.0,1527.5,-1,-1.0,0.0,83,900.0,0.0,1
67.0,1829.5,7,2.1,11.490000000000002,61,900.0,0.0,1
-792.0,1586.0,-1,-0.7,0.8100000000000002,22,900.0,0.0,-1
409.0,2143.5,13,5.4,12.84,99,900.0,0.0,1
135.0,1561.5,23,19.1,4.89,53,900.0,0.0,1
-213.0,1486.5,-6,-6.0,0.0,50,900.0,0.0,-1
205.0,1486.5,8,1.8,6.5600000000000005,33,900.0,0.0,1
46.0,1578.0,4,3.9,0.09,75,900.0,0.0,1
-72.0,1889.0,8,-0.2,7.56,121,900.0,0.0,1
-157.0,1561.5,8,7.4,0.44000000000000006,87,900.0,0.0,1
45.0,1766.5,2,2.0,0.0,141,900.0,0.0,1
792.0,1586.0,3,0.3,0.8100000000000002,37,900.0,0.0,1
6.0,1720.0,9,1.7,6.01,25,900.0,0.0,1
-106.0,1598.0,-10,-8.1,1.69,101,900.0,0.0,1
10.0,1720.0,-3,-1.9,5.890000000000001,72,900.0,0.0,-1
-16.0,1681.0,-1,-1.0,0.0,52,900.0,0.0,-1
147.0,1561.5,9,7.3,3.21,45,900.0,0.0,1
39.0,1879.5,9,8.6,0.43999999999999995,75,1200.0,0.0,1
134.0,2276.0,9,3.8,12.36,75,900.0,0.0,1
6.0,1720.0,-2,-1.0,0.6,32,900.0,0.0,-1
-40.0,2003.0,1,0.3,2.01,35,1080.0,0.0,1
10.0,1720.0,-9,-0.9,7.290000000000001,34,900.0,0.0,-1
26.0,2003.0,2,2.0,0.0,105,1080.0,0.0,1
-28.0,1720.0,1,0.5,0.25,17,900.0,0.0,1
46.0,1720.0,-2,-1.5,2.05,54,900.0,0.0,-1
63.0,1844.5,-3,-0.9,4.29,68,1200.0,0.0,-1
-64.0,1720.0,0,1.5,1.05,25,900.0,0.0,1
50.0,1720.0,0,0.7,6.01,81,900.0,0.0,1
-70.0,1720.0,2,0.9,3.8899999999999997,52,900.0,0.0,1
-92.0,1703.0,2,1.5,2.25,78,900.0,0.0,-1
-10.0,2003.0,-1,-0.5,2.25,54,1080.0,0.0,-1
-53.0,1842.5,0,0.4,0.8400000000000001,70,900.0,0.0,-1
65.0,1600.5,7,-1.5,11.85,109,900.0,2.0,1
25.0,1879.5,6,5.5,2.25,109,1200.0,0.0,1
10.0,2003.0,0,-1.2,1.7599999999999998,213,1080.0,0.0,0
80.0,1703.0,6,6.2,0.96,31,900.0,0.0,1
44.0,1714.0,7,-0.8,7.159999999999999,59,900.0,0.0,1
-56.0,1886.0,12,7.5,2.25,107,900.0,0.0,1
95.0,1850.5,-2,-1.5,0.25,70,900.0,0.0,-1
-326.0,2147.0,-12,-4.3,31.21,106,900.0,5.0,-1
-429.0,1417.5,-1,-0.5,0.85,16,900.0,2.0,-1
138.0,1531.0,-15,-9.4,13.440000000000001,138,900.0,0.0,-1
-30.0,1714.0,-1,-1.4,2.4399999999999995,80,900.0,0.0,-1
232.0,2224.0,14,11.5,8.25,101,900.0,0.0,1
-160.0,1531.0,-2,-2.0,0.0,67,900.0,0.0,1
14.0,1714.0,2,1.5,0.85,57,900.0,0.0,1
18.0,1875.0,7,3.6,6.840000000000001,57,1200.0,0.0,1
-139.0,1858.5,9,1.2,7.56,15,900.0,0.0,1
157.0,1702.5,0,0.3,0.20999999999999996,58,900.0,0.0,-1
9.0,1490.5,14,7.1,16.29,59,600.0,12.0,1
-34.0,1890.0,2,1.5,0.25,56,900.0,0.0,-1
-49.0,2023.5,-9,-2.7,10.809999999999999,35,2700.0,45.0,1
603.0,1906.5,5,3.5,1.45,49,900.0,0.0,1
-322.0,2147.0,-4,-3.8,2.1599999999999997,118,900.0,5.0,-1
-36.0,1575.0,2,2.8,0.15999999999999998,69,1200.0,0.0,-1
-5.0,1878.5,8,3.2,3.3600000000000003,63,1200.0,0.0,1
-133.0,1541.5,5,5.0,0.0,91,600.0,12.0,1
85.0,1672.5,6,1.0,3.0,55,900.0,0.0,1
71.0,2024.5,1,0.9,0.09,32,2700.0,45.0,-1
-21.0,1878.5,1,1.0,0.0,75,1200.0,0.0,1
78.0,1693.0,-1,-0.3,0.20999999999999996,57,900.0,0.0,-1
-90.0,1656.0,-7,-6.5,0.25,70,900.0,0.0,-1
-42.0,1620.0,25,21.8,14.559999999999999,115,900.0,2.0,1
-98.0,1693.0,2,0.4,0.44000000000000006,51,900.0,0.0,1
73.0,1761.5,-6,-5.7,0.21000000000000002,116,900.0,0.0,-1
-113.0,1622.5,2,-0.4,0.8400000000000001,55,900.0,0.0,1
294.0,2158.0,3,2.9,0.09,71,900.0,0.0,1
-19.0,1724.5,-6,-6.6,8.24,84,900.0,0.0,-1
-59.0,1761.5,-7,-7.0,0.0,124,900.0,0.0,-1
-146.0,1623.0,-15,-11.1,15.290000000000001,94,900.0,0.0,-1
72.0,1584.0,-10,-7.3,13.41,36,900.0,0.0,-1
-288.0,2158.0,-3,-0.3,2.6100000000000003,34,900.0,0.0,-1
-5.0,1878.5,0,0.0,0.0,128,1200.0,0.0,-1
37.0,1724.5,-3,-2.5,2.25,64,900.0,0.0,-1
-7.0,2103.5,2,2.8,5.76,103,900.0,0.0,1
105.0,1748.5,-11,-2.8,7.959999999999999,54,900.0,0.0,-1
17.0,1732.5,-2,-0.5,1.05,22,900.0,0.0,-1
-179.0,1585.5,-11,-4.5,25.05,80,900.0,0.0,-1
-1.0,1732.5,-7,-5.0,10.6,54,900.0,0.0,-1
-95.0,1512.5,3,-2.6,5.839999999999999,51,600.0,12.0,1
-55.0,1724.5,0,0.1,0.09,67,900.0,0.0,1
-11.0,1991.5,0,0.0,0.0,114,900.0,5.0,0
-216.0,1761.0,0,-0.4,0.8400000000000001,26,900.0,0.0,-1
77.0,1688.5,4,3.1,0.09,81,900.0,0.0,1
111.0,1557.5,2,1.1,0.09,73,2700.0,0.0,1
-127.0,1800.5,-4,-4.1,0.09,114,900.0,0.0,-1
-59.0,1724.5,9,9.0,0.0,145,900.0,0.0,1
185.0,1578.5,6,5.0,4.0,105,900.0,0.0,1
-70.0,1682.0,-17,-11.4,13.440000000000001,98,900.0,2.0,-1
38.0,1971.0,2,1.7,0.21000000000000002,103,900.0,0.0,1
45.0,1724.5,-8,-2.0,10.8,15,900.0,0.0,1
-261.0,1619.5,-1,1.0,15.8,93,900.0,0.0,1
570.0,1922.0,1,1.3,0.8100000000000002,41,900.0,0.0,1
83.0,1512.5,6,5.6,0.8400000000000001,57,600.0,12.0,1
5.0,1663.5,3,0.4,0.8400000000000001,29,900.0,0.0,1
261.0,1744.5,4,1.3,0.8100000000000002,87,900.0,0.0,1
-71.0,1512.5,-6,-3.7,9.210000000000003,66,600.0,12.0,-1
-139.0,1923.5,-12,-9.4,6.040000000000001,76,1080.0,0.0,-1
38.0,1640.0,-6,-6.4,0.24,68,900.0,0.0,-1
-176.0,1400.0,5,8.5,6.05,81,600.0,12.0,1
-93.0,1738.5,1,0.4,0.8400000000000001,21,900.0,0.0,1
-12.0,1694.0,4,0.8,3.1600000000000006,59,900.0,0.0,1
-36.0,1657.0,-2,-0.9,1.29,29,1200.0,10.0,1
30.0,1694.0,-14,-5.4,8.440000000000001,84,900.0,0.0,-1
-80.0,1518.0,-1,-0.4,1.44,21,600.0,12.0,1
100.0,1518.0,-14,-8.3,11.010000000000002,42,600.0,12.0,-1
-66.0,1526.0,-1,0.1,1.89,66,900.0,0.0,-1
-14.0,1694.0,-11,-6.9,2.0900000000000003,70,900.0,0.0,-1
112.0,1136.0,36,34.8,0.36,87,900.0,0.0,0
132.0,1898.0,-1,-1.4,0.8400000000000001,65,900.0,15.0,1
-100.0,1136.0,-32,-25.2,76.36,70,900.0,0.0,-1
127.0,1561.5,6,1.5,2.25,93,900.0,0.0,1
0.0,2022.0,3,1.8,2.76,63,900.0,0.0,-1
32.0,1803.0,-1,-2.0,1.2,59,900.0,0.0,1
-160.0,1536.0,-3,-3.0,0.0,94,900.0,0.0,-1
-133.0,1713.5,-12,-4.8,5.76,128,900.0,0.0,-1
158.0,1695.0,-4,-3.9,0.09,90,900.0,0.0,-1
170.0,1693.0,-5,-3.5,5.25,80,900.0,0.0,-1
-50.0,1976.0,8,8.0,0.0,98,900.0,0.0,0
-34.0,1803.0,0,-1.2,1.7599999999999998,193,900.0,0.0,0
-194.0,1693.0,3,-0.6,4.04,79,900.0,0.0,1
52.0,1964.0,5,5.0,0.0,59,2700.0,45.0,0
186.0,1693.0,7,7.0,0.0,115,900.0,0.0,1
-163.0,1584.5,-6,-0.3,4.41,20,900.0,0.0,-1
-178.0,1693.0,-2,-5.7,10.209999999999999,44,900.0,0.0,-1
170.0,1693.0,0,0.1,0.09,77,900.0,0.0,1
-123.0,1553.5,10,4.9,11.89,60,900.0,0.0,1
-160.0,1693.0,-15,-8.7,17.01,70,900.0,0.0,-1
52.0,1803.0,0,0.0,0.0,106,900.0,0.0,-1
184.0,1693.0,2,2.0,0.0,52,900.0,0.0,-1
123.0,1713.5,10,10.6,0.24,87,900.0,0.0,1
114.0,1554.0,4,0.3,2.6100000000000003,17,900.0,0.0,1
-176.0,1693.0,-11,-9.1,4.29,40,900.0,0.0,-1
168.0,1693.0,17,7.1,13.89,65,900.0,0.0,1
-102.0,1554.0,9,8.9,1.09,58,900.0,0.0,-1
232.0,1756.0,5,3.5,2.85,39,900.0,0.0,1
124.0,1554.0,-20,-14.4,13.440000000000001,114,900.0,0.0,-1
-38.0,1803.0,-1,-1.0,0.0,68,900.0,0.0,-1
-177.0,1532.5,0,-0.3,0.8100000000000002,59,900.0,0.0,1
52.0,1976.0,0,1.3,4.21,130,900.0,0.0,0
92.0,2055.0,10,2.8,5.76,111,900.0,0.0,1
-198.0,1769.0,-10,-5.1,13.09,46,900.0,0.0,-1
-113.0,1554.5,-2,-1.1,0.09,56,900.0,0.0,-1
-392.0,1640.0,-1,-1.3,0.21000000000000002,59,900.0,0.0,1
169.0,1969.5,6,5.9,0.29,74,900.0,10.0,1
-57.0,1950.5,0,0.9,0.6900000000000001,32,900.0,5.0,-1
-122.0,1898.0,0,0.8,0.16,60,900.0,15.0,-1
649.0,1395.5,-8,-5.3,0.8099999999999999,110,900.0,0.0,-1
-28.0,1706.0,1,0.4,0.24000000000000005,31,1200.0,0.0,1
110.0,1898.0,14,5.9,7.290000000000001,43,900.0,15.0,1
-54.0,1976.0,0,-1.6,1.24,112,900.0,0.0,0
428.0,1885.0,9,4.2,2.7600000000000002,39,900.0,0.0,1
158.0,1582.0,2,0.0,1.8,59,900.0,0.0,1
-112.0,2055.0,3,2.3,3.6100000000000003,106,900.0,0.0,1
-21.0,1903.5,0,0.0,0.0,72,900.0,0.0,-1
817.0,2700.5,3,1.6,6.24,59,960.0,1.0,1
14.0,1986.0,0,0.0,0.0,85,900.0,5.0,0
-177.0,2114.5,-5,-3.0,6.0,52,900.0,0.0,-1
-792.0,1586.0,-2,-2.8,0.15999999999999998,32,900.0,0.0,-1
-144.0,1555.0,11,7.6,18.84,45,900.0,0.0,1
792.0,1586.0,16,13.1,8.690000000000001,89,900.0,0.0,1
-65.0,1582.5,12,9.8,9.360000000000001,73,900.0,0.0,1
433.0,1403.5,6,1.8,3.16,37,900.0,0.0,1
56.0,1976.0,-1,0.2,7.159999999999999,51,900.0,0.0,0
23.0,1698.5,0,0.4,0.8400000000000001,44,900.0,0.0,-1
-144.0,1580.0,-5,-4.2,0.15999999999999998,100,900.0,0.0,-1
-42.0,1976.0,0,-0.1,0.09,104,900.0,0.0,-1
169.0,2114.5,3,3.6,6.24,51,900.0,0.0,1
2.0,1986.0,-3,-2.2,0.76,58,900.0,5.0,-1
168.0,1580.0,-9,-1.0,9.0,36,900.0,0.0,-1
-816.0,2700.0,-2,-2.2,0.5599999999999999,112,960.0,1.0,-1
51.0,1582.5,-9,-9.3,0.8099999999999999,79,900.0,0.0,1
-98.0,1898.0,0,0.4,0.8400000000000001,60,900.0,15.0,-1
-158.0,1580.0,-3,-2.9,1.49,72,900.0,0.0,-1
-140.0,1702.0,-10,-7.8,11.76,102,900.0,0.0,-1
-526.0,1935.0,0,-5.0,6.8,74,900.0,0.0,-1
127.0,1551.5,18,13.5,20.25,187,900.0,0.0,1
-37.0,1684.5,2,1.3,1.81,70,900.0,0.0,-1
29.0,2008.5,0,-0.5,0.25,89,900.0,5.0,1
815.0,2699.5,4,4.3,0.21000000000000002,67,960.0,1.0,1
-426.0,1401.0,-3,-2.8,0.15999999999999998,78,900.0,0.0,-1
-105.0,1129.5,-26,-25.3,0.21000000000000002,58,900.0,0.0,-1
-134.0,1560.0,-8,-2.3,8.209999999999999,71,900.0,0.0,-1
35.0,1969.5,2,1.2,0.16,104,900.0,5.0,1
524.0,1935.0,0,2.7,2.6100000000000003,61,900.0,0.0,1
-4.0,2105.0,5,4.3,0.21000000000000002,131,900.0,0.0,1
-400.0,2139.0,-18,-17.2,5.76,100,900.0,0.0,-1
-10.0,2010.0,-6,-2.3,13.01,74,900.0,0.0,-1
-129.0,1554.5,20,20.0,0.0,157,900.0,0.0,1
210.0,1922.0,-8,-6.3,7.01,86,900.0,0.0,-1
158.0,1577.0,4,2.6,1.24,71,900.0,0.0,1
-252.0,2981.0,-2,-2.0,0.0,249,1500.0,4.0,0
-25.0,1517.5,-10,-4.7,4.41,58,900.0,0.0,-1
119.0,1554.5,5,3.5,5.25,65,900.0,0.0,1
-30.0,1709.0,2,0.9,7.69,41,900.0,0.0,1
186.0,2246.0,13,4.9,7.290000000000001,71,900.0,0.0,1
-107.0,1554.5,3,0.4,2.24,52,900.0,0.0,-1
111.0,1554.5,-4,-4.0,0.0,90,900.0,0.0,0
130.0,1888.0,-1,-1.1,4.29,53,900.0,0.0,-1
99.0,1812.5,5,0.4,3.84,55,900.0,0.0,1
-128.0,1667.0,2,1.9,2.09,63,900.0,0.0,1
-94.0,1557.0,-7,-0.8,6.5600000000000005,94,900.0,0.0,-1
-165.0,1894.5,0,0.5,2.25,55,900.0,0.0,1
118.0,1667.0,3,3.7,0.61,99,900.0,0.0,1
-161.0,1557.5,11,7.8,14.560000000000002,39,900.0,0.0,1
-86.0,1898.0,1,0.7,1.0100000000000002,56,900.0,15.0,-1
-121.0,1812.5,8,6.0,5.0,59,900.0,0.0,1
-140.0,1667.0,16,9.3,15.01,67,900.0,0.0,1
5.0,1688.5,-8,-0.2,6.959999999999999,40,900.0,0.0,-1
74.0,1898.0,1,-0.9,2.29,35,900.0,15.0,1
-102.0,1540.0,-13,-5.3,7.410000000000001,72,900.0,0.0,-1
-24.0,1675.0,-2,-0.8,2.16,83,900.0,0.0,1
-60.0,1898.0,0,0.3,0.20999999999999996,60,900.0,15.0,-1
181.0,1604.5,2,1.1,1.09,45,900.0,0.0,1
285.0,1458.5,7,-0.8,7.56,41,900.0,0.0,1
-39.0,1648.5,6,6.0,0.0,133,900.0,0.0,1
-226.0,2226.0,-6,-3.5,6.85,94,900.0,0.0,-1
102.0,1534.0,19,18.7,0.21000000000000002,71,900.0,0.0,1
219.0,1759.5,-1,-0.2,0.16000000000000003,45,900.0,0.0,1
-90.0,1534.0,-15,-7.8,5.76,120,900.0,0.0,-1
24.0,1666.0,-2,1.6,8.64,46,900.0,0.0,-1
-93.0,1759.5,-3,-2.3,1.21,64,900.0,0.0,-1
-376.0,1679.0,-14,-7.3,15.01,36,900.0,0.0,-1
-11.0,1631.5,12,4.1,7.090000000000001,91,900.0,0.0,1
108.0,1535.0,-16,-10.6,14.24,98,900.0,0.0,-1
81.0,1759.5,1,2.4,2.2399999999999998,75,900.0,0.0,1
-26.0,2014.0,6,5.3,0.21000000000000002,98,900.0,0.0,1
46.0,1640.0,0,-1.0,0.4,58,900.0,0.0,-1
-101.0,1759.5,1,2.1,1.49,43,900.0,0.0,1
141.0,1699.5,0,-0.1,0.09,19,900.0,0.0,1
-97.0,1962.5,2,1.6,0.8400000000000001,83,900.0,0.0,1
26.0,1609.0,15,7.0,9.2,99,900.0,0.0,1
-22.0,1627.0,5,0.6,2.24,115,900.0,0.0,0
-293.0,1951.5,0,0.0,0.0,77,900.0,0.0,0
-516.0,1740.0,-7,-4.0,13.8,30,900.0,0.0,-1
-10.0,1609.0,0,0.2,0.96,52,900.0,0.0,-1
-120.0,1705.0,-5,-4.2,6.36,40,900.0,0.0,-1
28.0,1609.0,-9,-0.6,8.64,40,900.0,0.0,-1
792.0,1586.0,14,10.7,3.21,53,900.0,0.0,1
-12.0,1609.0,0,0.4,0.8400000000000001,46,900.0,0.0,-1
270.0,1943.0,0,-0.1,0.09,105,900.0,0.0,1
41.0,1626.5,-3,-3.0,0.0,56,900.0,0.0,-1
-353.0,1835.5,7,6.5,0.25,75,900.0,0.0,1
245.0,1788.5,3,2.5,0.25,59,900.0,0.0,1
19.0,1604.5,-10,-1.2,9.96,38,900.0,0.0,-1
153.0,1726.5,2,1.7,7.410000000000001,55,900.0,0.0,1
594.0,1780.0,17,15.5,5.25,95,900.0,0.0,1
-3.0,1604.5,0,0.0,0.0,42,900.0,0.0,-1
-79.0,2057.5,-4,-3.9,0.09,104,900.0,0.0,-1
-13.0,1604.5,13,3.6,46.84,63,900.0,0.0,1
-592.0,1780.0,-12,-8.8,5.159999999999999,48,900.0,0.0,-1
212.0,1911.0,-9,-5.3,1.61,134,900.0,0.0,-1
-397.0,2138.5,-20,-15.9,16.89,100,900.0,0.0,-1
-66.0,1638.0,-2,-2.1,0.09,86,900.0,0.0,-1
-792.0,1586.0,-10,-6.3,13.809999999999999,68,900.0,0.0,-1
-314.0,1806.0,-7,-4.6,13.440000000000001,98,900.0,0.0,-1
-10.0,1608.0,3,3.1,0.09,83,900.0,0.0,1
532.0,1751.0,13,8.8,2.1599999999999997,65,900.0,0.0,1
-16.0,1851.0,-14,-9.5,22.25,150,900.0,0.0,-1
-6.0,1608.0,7,3.0,7.0,49,900.0,0.0,1
-303.0,1871.5,-1,-0.3,0.20999999999999996,75,900.0,0.0,1
310.0,1806.0,7,7.0,0.0,95,900.0,0.0,1
-10.0,1608.0,-2,-2.0,0.0,91,900.0,0.0,1
142.0,1689.0,1,1.0,0.0,89,900.0,0.0,1
889.0,1828.5,9,0.9,7.290000000000001,23,1980.0,333.0,1
184.0,2245.0,6,1.5,3.85,37,900.0,0.0,1
72.0,1989.0,-3,-1.3,0.8099999999999999,87,900.0,0.0,0
-306.0,1806.0,-14,-10.7,13.41,74,900.0,0.0,-1
-132.0,1689.0,-1,-1.0,0.0,42,900.0,0.0,-1
792.0,1586.0,14,9.4,2.44,63,900.0,0.0,1
124.0,1670.0,15,8.5,14.65,99,900.0,0.0,1
-114.0,1670.0,-9,-9.0,0.0,176,900.0,0.0,-1
14.0,1638.0,2,1.9,1.89,63,900.0,0.0,1
68.0,2057.0,-1,-0.4,2.04,65,900.0,0.0,1
-184.0,2245.0,-5,-3.8,0.96,108,900.0,0.0,-1
114.0,1693.0,2,1.6,2.4399999999999995,59,900.0,0.0,1
125.0,1962.5,-3,-2.9,0.09,44,900.0,0.0,-1
7.0,1640.5,-1,-0.7,0.8100000000000002,54,900.0,0.0,-1
516.0,2596.0,4,3.2,0.15999999999999998,100,900.0,0.0,1
49.0,1628.5,-5,-5.0,0.0,56,900.0,0.0,-1
-436.0,1393.0,5,5.0,0.0,159,900.0,0.0,0
-34.0,1645.0,-6,-6.6,2.2399999999999998,65,900.0,0.0,1
-244.0,1775.0,0,0.1,0.09,44,900.0,0.0,-1
185.0,2245.5,10,3.4,20.04,75,900.0,0.0,1
-37.0,1636.5,-3,-0.3,4.01,56,900.0,0.0,-1
55.0,1636.5,8,8.0,0.0,90,900.0,0.0,-1
-261.0,1804.5,-2,0.7,5.8100000000000005,50,900.0,0.0,-1
67.0,1783.5,-3,-2.6,0.24,89,900.0,0.0,1
20.0,1646.0,12,5.9,18.09,79,900.0,0.0,1
-792.0,1586.0,-17,-11.0,20.6,76,900.0,0.0,-1
693.0,1550.5,19,1.6,35.03999999999999,21,900.0,0.0,1
235.0,1776.5,2,2.3,0.8099999999999999,65,900.0,0.0,1
-249.0,1758.5,3,2.3,11.010000000000002,67,900.0,2.0,1
-53.0,1783.5,-5,-3.6,8.639999999999999,58,900.0,0.0,-1
-35.0,1884.5,11,5.9,4.29,75,1200.0,0.0,1
-36.0,1634.0,-1,-1.0,0.0,56,900.0,0.0,-1
-115.0,1763.5,4,4.5,2.25,101,900.0,0.0,1
38.0,1634.0,10,2.9,14.690000000000001,114,900.0,0.0,0
192.0,1737.0,-3,-0.7,0.8099999999999999,76,900.0,0.0,-1
-181.0,1693.5,1,1.0,0.0,85,900.0,0.0,1
173.0,1693.5,9,4.8,9.36,57,900.0,0.0,1
-348.0,1937.0,-3,-2.2,1.16,78,900.0,0.0,-1
-163.0,1693.5,-9,-9.0,0.0,136,900.0,0.0,-1
34.0,1644.0,-24,-23.2,0.76,64,900.0,0.0,-1
187.0,1693.5,2,2.3,0.8099999999999999,44,900.0,0.0,-1
-195.0,1693.5,0,0.2,0.16000000000000003,156,900.0,0.0,0
197.0,1554.5,-5,-2.5,1.65,84,600.0,12.0,-1
109.0,1705.5,-14,-13.7,0.21000000000000002,156,900.0,0.0,-1
187.0,1693.5,16,8.5,9.45,53,900.0,0.0,1
-179.0,1693.5,-14,-11.3,4.01,62,900.0,0.0,-1
-394.0,2139.0,-15,-15.0,0.0,190,900.0,0.0,-1
-53.0,1884.5,9,5.0,4.0,67,1200.0,0.0,1
171.0,1693.5,10,6.5,5.25,131,900.0,0.0,1
-161.0,1693.5,-14,-9.0,3.0,40,900.0,0.0,-1
151.0,1693.5,1,0.6,3.6399999999999997,59,900.0,0.0,1
117.0,1769.5,3,1.5,1.85,55,900.0,0.0,1
17.0,1634.5,5,5.6,0.24,95,900.0,0.0,1
-39.0,1884.5,-9,-4.6,15.24,60,1200.0,0.0,-1
-183.0,1740.5,13,6.6,10.24,114,900.0,0.0,0
792.0,1586.0,12,3.6,8.64,93,900.0,0.0,1
-1.0,1634.5,5,2.3,8.010000000000002,54,900.0,0.0,-1
120.0,1842.0,4,-0.5,9.45,79,900.0,0.0,1
-129.0,2266.5,-6,-1.1,5.090000000000001,120,900.0,0.0,-1
14.0,1903.0,-6,-3.7,5.41,68,900.0,0.0,-1
1.0,1641.5,-1,3.1,2.09,94,900.0,0.0,-1
-32.0,1903.0,5,5.2,0.96,37,900.0,0.0,1
-101.0,1548.5,4,4.0,0.0,93,1200.0,0.0,1
183.0,1736.5,-4,-3.4,1.64,85,900.0,0.0,1
716.0,1985.0,7,2.6,15.040000000000001,41,900.0,0.0,1
-40.0,1876.0,12,10.0,11.4,125,1200.0,0.0,1
101.0,1690.5,1,-1.2,2.16,23,900.0,2.0,1
-123.0,1690.5,6,3.3,0.8099999999999999,69,900.0,2.0,1
-147.0,1689.5,1,0.3,1.0100000000000002,25,900.0,0.0,1
19.0,1643.5,4,4.8,1.36,92,900.0,0.0,-1
171.0,1689.5,-6,-3.9,1.89,52,900.0,0.0,-1
-521.0,2592.5,-2,-1.7,0.21000000000000002,101,900.0,0.0,-1
79.0,1873.5,-3,-2.6,2.4399999999999995,59,900.0,0.0,1
-3.0,1643.5,-15,-7.5,7.05,94,900.0,0.0,-1
-58.0,1876.0,10,5.5,2.25,109,1200.0,0.0,1
-13.0,1643.5,-6,-6.1,0.09,41,900.0,0.0,1
-145.0,1698.5,17,17.1,0.09,91,900.0,0.0,1
-44.0,1876.0,-9,-8.3,0.21000000000000002,148,1200.0,0.0,-1
-157.0,1829.5,-4,-3.8,8.16,56,900.0,0.0,-1
114.0,1420.0,10,7.5,6.25,97,1800.0,0.0,1
146.0,1830.0,-1,-1.0,0.0,83,900.0,0.0,1
200.0,1730.0,-2,-2.1,0.09,59,900.0,0.0,1
259.0,2159.5,0,0.2,0.96,44,900.0,0.0,1
-305.0,1804.5,-9,-8.6,0.43999999999999995,160,900.0,0.0,-1
15.0,1619.5,3,3.0,0.0,81,900.0,0.0,1
301.0,1804.5,14,6.7,6.01,81,900.0,0.0,1
-297.0,1804.5,-11,-5.4,13.440000000000001,150,900.0,0.0,-1
429.0,1766.5,7,1.0,4.8,39,900.0,0.0,1
-62.0,1876.0,12,9.1,10.69,69,1200.0,0.0,1
291.0,1804.5,14,6.7,6.01,81,900.0,0.0,1
-285.0,1804.5,-7,-5.4,8.040000000000001,86,900.0,0.0,-1
131.0,1700.5,5,4.6,0.44000000000000006,75,900.0,0.0,1
279.0,1804.5,14,6.7,6.01,81,900.0,0.0,1
-273.0,1804.5,-11,-9.8,0.76,102,900.0,0.0,-1
267.0,1804.5,14,6.7,6.01,81,900.0,0.0,1
-261.0,1804.5,-4,-2.8,0.36,68,900.0,0.0,-1
255.0,1804.5,13,6.4,7.040000000000001,81,900.0,0.0,1
-265.0,1804.5,-7,-6.4,0.44000000000000006,108,900.0,0.0,0
-187.0,1732.5,-1,-0.8,1.3600000000000003,68,900.0,0.0,-1
259.0,1804.5,14,6.7,6.01,81,900.0,0.0,1
-285.0,1804.5,13,9.3,14.41,129,900.0,0.0,1
973.0,1279.5,2,0.4,0.44000000000000006,19,900.0,0.0,1
279.0,1804.5,14,6.7,6.01,81,900.0,0.0,1
24.0,1646.0,21,18.6,13.440000000000001,137,900.0,0.0,1
280.0,1801.0,14,6.7,6.01,81,900.0,0.0,1
-274.0,1801.0,-12,-10.4,0.43999999999999995,152,900.0,0.0,-1
386.0,2137.0,-2,1.4,10.04,65,900.0,0.0,1
268.0,1801.0,14,6.7,6.01,81,900.0,0.0,1
-6.0,1634.0,16,15.1,1.89,129,900.0,2.0,1
-262.0,1801.0,-5,-4.3,0.21000000000000002,94,900.0,0.0,-1
-225.0,1873.5,-1,-0.2,2.7600000000000002,60,2700.0,45.0,-1
256.0,1801.0,14,6.7,6.01,81,900.0,0.0,1
79.0,1780.5,7,3.3,2.0100000000000002,95,900.0,0.0,1
-250.0,1801.0,-13,-5.7,6.01,112,900.0,0.0,-1
244.0,1801.0,14,6.7,6.01,81,900.0,0.0,1
-791.0,1585.5,3,-0.1,3.29,58,900.0,0.0,-1
-238.0,1801.0,-6,-6.0,0.0,148,900.0,0.0,-1
79.0,1939.5,9,7.5,5.25,63,900.0,0.0,1
125.0,1698.5,17,12.2,11.36,69,900.0,0.0,1
-159.0,2414.5,-12,-3.2,8.760000000000002,66,600.0,8.0,-1
178.0,1766.0,1,2.2,1.16,113,900.0,10.0,1
148.0,2414.0,2,1.4,0.24,78,600.0,8.0,1
-66.0,1860.0,-1,-1.0,0.0,86,900.0,0.0,-1
-202.0,1741.0,-10,-10.0,0.0,156,1680.0,12.0,-1
-167.0,1527.5,4,-0.9,3.4900000000000007,61,600.0,12.0,1
791.0,1585.5,9,2.4,14.039999999999997,33,900.0,0.0,1
-791.0,1585.5,-1,-1.1,0.09,28,900.0,0.0,-1
190.0,2388.0,1,-2.8,4.5600000000000005,43,900.0,0.0,1
806.0,1578.0,9,0.6,8.64,31,900.0,0.0,1
-86.0,1726.0,-3,0.0,1.8,22,900.0,0.0,-1
-274.0,2342.0,-13,-2.5,44.85,62,900.0,0.0,-1
74.0,1726.0,-1,-0.2,0.16000000000000003,23,900.0,0.0,1
192.0,1528.0,-7,2.0,27.0,90,600.0,12.0,-1
-94.0,1726.0,3,2.9,0.09,71,900.0,0.0,1
82.0,1726.0,3,-0.2,1.3600000000000003,61,900.0,0.0,1
-144.0,1750.0,-11,-2.1,9.49,52,900.0,0.0,-1
-127.0,2408.5,1,0.2,0.16000000000000003,94,900.0,0.0,-1
-791.0,1585.5,-12,-13.0,0.2,79,900.0,0.0,-1
-170.0,1766.0,-10,-9.8,1.36,74,900.0,10.0,-1
167.0,1535.5,7,6.1,0.09,55,1200.0,0.0,1
-70.0,1726.0,-5,-5.0,0.0,78,900.0,0.0,-1
113.0,2407.5,19,6.9,21.490000000000002,73,900.0,0.0,1
56.0,1726.0,7,-1.4,8.040000000000001,83,900.0,0.0,1
-140.0,2410.0,-6,-5.7,0.8099999999999999,111,900.0,0.0,1
-60.0,1661.0,-7,-4.7,5.01,59,900.0,0.0,1
791.0,1585.5,2,0.7,1.0100000000000002,29,900.0,0.0,1
-791.0,1585.5,-13,-7.2,18.360000000000003,36,900.0,0.0,-1
-183.0,1527.5,-11,-7.4,13.040000000000001,70,600.0,12.0,-1
-37.0,1621.5,-12,-12.0,0.0,119,900.0,0.0,1
-42.0,1726.0,-3,-0.3,0.8100000000000002,48,900.0,0.0,-1
-7.0,1817.5,5,2.7,3.6100000000000003,51,900.0,0.0,1
-63.0,1991.5,0,0.0,1.2,86,900.0,0.0,-1
60.0,1726.0,-3,-2.0,0.2,56,900.0,0.0,-1
28.0,1686.0,-9,-8.9,0.09,114,900.0,10.0,-1
127.0,2408.5,4,-0.3,2.21,95,900.0,0.0,1
41.0,1463.5,6,6.0,0.0,143,600.0,12.0,1
791.0,1585.5,8,5.5,6.45,71,900.0,0.0,1
-46.0,1726.0,-1,-1.5,2.25,50,900.0,0.0,-1
0.0,1695.0,-9,-1.8,5.76,120,900.0,0.0,-1
-382.0,1621.0,-7,-4.3,8.01,32,900.0,0.0,-1
-791.0,1585.5,-2,-1.1,1.89,52,900.0,0.0,-1
65.0,1991.5,0,0.0,0.0,51,900.0,0.0,0
-46.0,1670.0,3,3.0,0.0,82,900.0,0.0,-1
-51.0,1991.5,-1,-1.0,0.2,82,900.0,0.0,-1
-16.0,1695.0,6,5.7,2.0100000000000002,51,900.0,0.0,1
164.0,1725.0,0,0.3,0.8100000000000002,83,900.0,0.0,1
117.0,1821.5,-4,-1.6,5.840000000000001,82,900.0,0.0,-1
26.0,1667.0,3,2.7,0.21000000000000002,85,900.0,0.0,1
-55.0,2004.5,11,3.8,5.76,155,2700.0,45.0,1
19.0,1767.5,5,4.7,0.21000000000000002,117,900.0,0.0,1
39.0,1433.5,5,5.0,0.0,94,900.0,0.0,-1
-55.0,1621.5,10,1.2,9.760000000000002,77,900.0,0.0,1
-25.0,1660.5,-5,-3.4,2.04,70,900.0,0.0,-1
43.0,1660.5,-3,-3.0,0.0,104,900.0,0.0,-1
-37.0,1767.5,-6,1.0,5.6,132,900.0,0.0,1
5.0,1692.5,3,0.3,0.8100000000000002,25,900.0,0.0,1
-46.0,1660.0,0,0.4,0.8400000000000001,27,900.0,0.0,1
11.0,1692.5,-9,-0.5,8.45,72,900.0,0.0,-1
-11.0,1621.5,-10,-7.0,10.4,128,2700.0,0.0,-1
37.0,1991.5,-2,-0.5,2.25,49,900.0,0.0,1
-102.0,1724.0,3,1.2,1.56,15,900.0,0.0,1
137.0,1687.5,0,-0.6,0.8400000000000001,25,900.0,0.0,1
120.0,1622.0,-1,-0.7,0.8100000000000002,46,900.0,0.0,1
-45.0,1668.5,-11,-5.3,10.41,68,900.0,0.0,-1
-55.0,1991.5,5,1.1,10.290000000000001,53,900.0,0.0,1
211.0,1687.5,-6,-4.2,7.56,34,900.0,0.0,-1
-178.0,1826.0,7,5.4,0.43999999999999995,127,900.0,0.0,1
-90.0,1658.0,10,9.5,0.25,97,900.0,0.0,1
-7.0,1686.5,7,7.0,0.0,77,900.0,0.0,1
-9.0,1686.5,-1,2.2,2.7600000000000002,131,900.0,0.0,1
75.0,1659.5,1,1.4,0.24,85,900.0,0.0,1
-4.0,1727.0,0,0.0,0.0,82,900.0,0.0,-1
-7.0,1686.5,4,1.8,5.5600000000000005,75,900.0,0.0,1
25.0,1686.5,-10,-6.7,5.61,50,900.0,0.0,-1
-43.0,1686.5,3,3.8,0.15999999999999998,67,900.0,0.0,1
168.0,2381.0,8,3.8,2.76,121,900.0,0.0,1
150.0,1450.0,-2,-0.6,0.43999999999999995,64,900.0,0.0,-1
383.0,2659.5,10,4.4,13.440000000000001,115,900.0,0.0,1
-224.0,1735.0,-6,-3.0,10.8,58,900.0,0.0,-1
158.0,2381.0,11,2.0,10.8,79,900.0,0.0,1
-16.0,1665.0,4,2.9,1.09,69,900.0,0.0,1
-37.0,1746.5,8,3.2,10.96,81,900.0,0.0,1
59.0,1799.5,2,1.9,0.09,85,900.0,0.0,1
-190.0,2385.0,0,0.1,0.09,17,900.0,0.0,1
304.0,2636.0,-1,-1.0,0.0,51,900.0,0.0,1
-34.0,1757.0,15,15.0,0.0,117,900.0,0.0,1
-4.0,1835.0,0,0.7,1.41,61,900.0,0.0,1
-18.0,1516.0,0,0.6,0.24000000000000005,82,900.0,0.0,-1
46.0,1898.0,-3,-3.5,0.25,111,900.0,15.0,1
230.0,2392.0,3,2.2,0.15999999999999998,78,900.0,0.0,-1
200.0,1733.0,4,2.5,8.45,61,900.0,0.0,1
53.0,1690.5,-3,-3.0,0.0,94,900.0,0.0,-1
29.0,1576.5,-9,-9.3,0.21000000000000002,92,900.0,0.0,-1
14.0,1818.0,1,-1.7,0.8100000000000002,61,900.0,0.0,1
-14.0,1712.0,-11,-10.5,2.25,122,900.0,0.0,-1
-220.0,2391.0,-4,-3.5,2.25,106,900.0,0.0,-1
364.0,1708.0,1,0.5,0.25,63,900.0,30.0,1
2.0,1516.0,6,-0.9,6.69,39,900.0,0.0,1
340.0,1661.0,9,1.7,6.01,91,900.0,0.0,1
-32.0,2002.0,-1,-1.0,0.0,128,900.0,5.0,0
-73.0,1690.5,4,3.9,1.89,61,900.0,0.0,1
-16.0,1689.0,-17,-14.8,2.7600000000000002,106,900.0,0.0,-1
65.0,1538.5,-2,-2.0,0.0,50,900.0,0.0,-1
-336.0,1661.0,-8,-6.5,4.05,78,900.0,0.0,-1
209.0,2389.5,5,1.3,6.609999999999999,67,900.0,0.0,1
59.0,1690.5,4,2.3,6.610000000000001,69,900.0,0.0,1
2.0,1818.0,-3,-3.1,0.09,98,900.0,0.0,-1
35.0,2002.5,0,0.4,5.64,188,900.0,5.0,0
-254.0,1959.0,-1,-1.0,0.0,90,900.0,0.0,-1
-378.0,1827.0,-5,-3.6,6.640000000000001,52,900.0,0.0,-1
-197.0,2387.5,-7,-2.5,4.05,58,900.0,0.0,-1
-209.0,1781.5,-2,-2.0,0.0,62,900.0,0.0,-1
185.0,2385.5,5,3.4,0.44000000000000006,95,900.0,0.0,1
-18.0,1818.0,4,4.1,0.09,89,900.0,0.0,1
-354.0,1669.0,9,1.0,7.8,37,900.0,0.0,1
350.0,1669.0,7,0.5,7.45,37,900.0,0.0,1
-53.0,2002.5,6,5.9,0.09,81,900.0,5.0,1
-413.0,2302.5,5,1.9,9.489999999999998,29,900.0,0.0,1
-346.0,1669.0,-1,-0.1,0.09,48,900.0,0.0,-1
94.0,1538.0,10,5.5,16.65,57,900.0,0.0,1
-255.0,1610.5,1,1.0,0.0,89,900.0,0.0,1
2.0,1818.0,11,10.1,5.6899999999999995,95,900.0,0.0,1
-277.0,1632.5,-10,-9.6,0.24,76,900.0,0.0,-1
113.0,1647.5,6,6.0,0.0,107,900.0,0.0,1
-33.0,1684.5,5,1.0,13.2,55,900.0,0.0,1
249.0,1610.5,1,1.0,0.2,85,900.0,0.0,1
15.0,1703.5,9,5.0,16.0,183,900.0,0.0,1
-72.0,2319.0,3,4.2,0.96,94,900.0,0.0,1
664.0,2537.0,-1,0.0,2.8,65,900.0,1.0,1
-135.0,1647.5,0,2.4,1.44,47,900.0,0.0,1
-401.0,2309.5,-2,-1.9,0.09,112,900.0,0.0,-1
42.0,1743.0,-2,-2.5,0.25,73,900.0,0.0,1
114.0,1847.0,-6,-0.4,4.839999999999999,26,900.0,0.0,-1
-102.0,1847.0,-1,-2.8,2.16,70,900.0,0.0,-1
45.0,2061.5,4,2.4,2.64,85,900.0,0.0,1
76.0,1624.0,12,8.9,9.889999999999999,95,900.0,0.0,1
65.0,1858.5,0,0.0,0.0,97,900.0,0.0,1
86.0,1126.0,13,12.7,0.8099999999999999,97,900.0,0.0,1
278.0,1628.0,6,3.0,5.6,49,900.0,0.0,1
-288.0,1628.0,3,3.0,0.0,78,900.0,0.0,0
-33.0,1703.5,15,8.2,10.959999999999999,73,900.0,0.0,1
-85.0,1858.5,1,0.2,0.16000000000000003,21,900.0,0.0,1
26.0,1996.0,15,6.5,15.05,95,900.0,5.0,1
482.0,1675.0,0,-0.3,0.8100000000000002,18,900.0,0.0,-1
-242.0,1792.0,0,0.0,0.0,68,900.0,0.0,-1
-285.0,1862.5,-2,-2.0,0.0,78,900.0,0.0,-1
-13.0,1659.5,0,0.0,0.0,69,900.0,0.0,0
-31.0,2061.5,-9,-5.6,13.440000000000001,54,900.0,0.0,-1
34.0,1703.0,-12,-4.8,5.76,148,900.0,0.0,0
-103.0,1727.5,-1,-1.6,0.8400000000000001,65,900.0,0.0,1
-383.0,1852.5,2,2.0,0.0,104,900.0,0.0,-1
69.0,1545.5,3,1.8,2.16,39,900.0,0.0,1
-120.0,1699.0,-8,-6.8,0.36,68,900.0,0.0,-1
-53.0,1609.5,4,4.9,0.09,52,1200.0,0.0,-1
-89.0,1545.5,8,8.0,2.0,77,900.0,0.0,1
39.0,1657.5,-1,-1.0,0.0,98,900.0,0.0,0
791.0,1585.5,4,3.0,1.2,25,900.0,0.0,1
-791.0,1585.5,-14,-6.1,10.69,56,900.0,0.0,-1
379.0,1852.5,10,9.1,0.09,67,900.0,0.0,1
-140.0,1741.0,-6,-5.1,0.09,78,900.0,0.0,-1
-215.0,2394.5,-5,-3.7,1.01,88,900.0,0.0,-1
-201.0,1742.5,-11,-6.8,2.1599999999999997,54,900.0,0.0,-1
-28.0,2050.0,-2,-1.1,0.09,78,900.0,0.0,-1
29.0,1698.5,-2,-1.5,2.25,79,900.0,0.0,1
77.0,1545.5,12,9.9,2.69,89,900.0,0.0,1
139.0,1700.5,-23,-19.0,16.0,162,900.0,0.0,-1
31.0,1638.5,2,1.4,0.8400000000000001,53,900.0,0.0,1
202.0,2254.0,5,1.8,3.3600000000000003,61,900.0,0.0,1
513.0,1426.5,2,0.4,2.64,27,900.0,0.0,1
430.0,2571.0,18,8.8,26.160000000000004,78,900.0,0.0,1
-63.0,1545.5,-19,-17.5,2.25,76,900.0,0.0,-1
-66.0,1123.0,-26,-22.8,7.959999999999999,94,900.0,0.0,-1
-1.0,1921.5,-3,-2.9,0.09,52,900.0,0.0,-1
48.0,1698.0,-7,-6.2,1.7600000000000002,68,900.0,0.0,-1
-32.0,1898.0,1,0.9,0.09,72,900.0,15.0,-1
-129.0,1700.5,-15,-14.2,0.76,90,900.0,0.0,-1
-66.0,1698.0,6,-2.6,10.44,79,900.0,0.0,1
-42.0,1666.0,3,-0.4,1.44,41,900.0,0.0,1
-327.0,1815.5,-8,-7.5,0.25,86,900.0,0.0,-1
86.0,1698.0,0,-0.3,0.8100000000000002,26,900.0,0.0,-1
119.0,1700.5,16,16.0,0.0,55,900.0,0.0,1
-74.0,1698.0,-11,-10.4,0.44000000000000006,104,900.0,0.0,-1
16.0,1898.0,-1,-0.7,0.8100000000000002,39,900.0,15.0,1
441.0,2134.5,6,3.6,6.840000000000001,45,900.0,0.0,1
-34.0,1898.0,5,3.9,0.89,127,900.0,15.0,1
169.0,1613.5,1,-1.7,0.8100000000000002,33,900.0,0.0,1
18.0,1898.0,0,0.1,0.09,43,900.0,15.0,1
35.0,1653.5,-14,-9.0,11.2,48,900.0,0.0,-1
-159.0,1613.5,-9,-6.3,0.8099999999999999,58,900.0,0.0,-1
-19.0,1653.5,0,0.0,0.0,68,900.0,0.0,-1
-266.0,1520.0,-6,-3.3,0.8099999999999999,76,900.0,0.0,-1
184.0,1614.0,0,1.8,1.1600000000000001,32,900.0,0.0,-1
-88.0,1757.0,2,1.8,0.9599999999999997,62,900.0,0.0,-1
3.0,1653.5,6,3.9,1.09,67,900.0,0.0,1
-2.0,1898.0,-1,0.6,1.44,40,900.0,15.0,-1
-33.0,1659.5,5,4.3,1.21,63,900.0,0.0,1
789.0,1584.5,9,6.0,5.0,55,900.0,0.0,1
-19.0,2059.5,-14,-6.8,5.76,140,900.0,0.0,-1
271.0,2163.5,0,0.0,0.0,77,900.0,0.0,1
-122.0,1595.0,-6,-5.3,0.21000000000000002,172,900.0,0.0,-1
327.0,1930.5,4,3.9,0.6900000000000001,55,900.0,0.0,1
-350.0,2020.0,-6,-5.4,2.6399999999999997,62,900.0,0.0,-1
110.0,1595.0,2,1.0,0.2,79,900.0,0.0,1
-265.0,2163.5,-1,-1.8,2.16,58,900.0,0.0,-1
48.0,1638.0,-3,0.0,1.8,38,900.0,0.0,-1
-150.0,2223.0,5,3.8,6.959999999999999,59,900.0,0.0,1
151.0,1714.5,3,3.0,0.0,90,900.0,0.0,-1
-141.0,1714.5,-7,-6.2,2.76,82,900.0,0.0,-1
163.0,1714.5,-4,-3.4,2.24,70,900.0,0.0,-1
-512.0,1888.0,-9,-5.7,6.81,92,900.0,2.0,-1
68.0,1654.0,6,4.1,0.49000000000000005,131,900.0,0.0,1
-153.0,1714.5,-11,-6.4,2.44,56,900.0,0.0,-1
43.0,1747.5,-15,-14.7,0.21000000000000002,112,900.0,0.0,-1
143.0,1714.5,10,10.0,0.0,145,900.0,0.0,1
306.0,1815.0,-3,-2.5,1.05,45,2700.0,45.0,1
494.0,2603.0,14,2.6,41.04,78,900.0,0.0,1
507.0,1886.5,26,25.5,0.25,73,900.0,2.0,1
144.0,1566.0,12,7.2,3.3600000000000003,95,900.0,0.0,1
-108.0,1861.0,1,-0.2,0.56,68,900.0,0.0,-1
-596.0,1916.0,1,0.9,0.09,93,900.0,2.0,1
-36.0,1629.0,6,5.9,0.09,91,900.0,0.0,1
-18.0,1671.0,7,4.3,0.8099999999999999,29,900.0,10.0,1
-789.0,1584.5,-6,-4.4,8.04,98,900.0,0.0,-1
31.0,1583.5,5,4.8,0.15999999999999998,84,900.0,0.0,-1
-92.0,1863.0,-2,-0.5,2.05,82,900.0,0.0,-1
-277.0,1741.5,-3,-3.0,0.0,92,900.0,0.0,-1
-189.0,1762.5,8,5.1,6.890000000000001,95,900.0,10.0,1
455.0,2127.5,5,0.6,4.84,77,900.0,0.0,1
70.0,1933.0,0,3.2,3.3600000000000003,42,2700.0,45.0,1
-84.0,1600.0,-1,-0.3,0.41,17,900.0,0.0,1
-158.0,1739.0,5,5.3,0.61,113,900.0,0.0,1
-261.0,2224.5,-6,-4.2,2.16,40,900.0,0.0,-1
68.0,1130.0,31,29.9,2.29,107,900.0,0.0,1
-50.0,1679.0,-6,-1.5,9.85,72,900.0,0.0,-1
36.0,1679.0,1,1.0,0.0,45,900.0,0.0,1
-54.0,1130.0,-27,-17.9,25.09,40,900.0,0.0,-1
-54.0,1679.0,13,8.8,9.16,37,900.0,0.0,1
40.0,1679.0,4,3.9,0.09,129,900.0,0.0,1
-26.0,1679.0,-12,-7.2,16.16,124,900.0,0.0,-1
-77.0,2326.5,5,2.1,13.290000000000001,102,900.0,0.0,1
28.0,1679.0,-2,-2.0,0.0,102,900.0,0.0,0
-233.0,1921.5,1,-0.9,1.09,21,900.0,0.0,1
-46.0,1679.0,12,3.0,21.6,27,900.0,0.0,1
102.0,1725.0,5,3.4,0.44000000000000006,91,900.0,10.0,1
32.0,1679.0,8,3.8,10.16,65,900.0,0.0,1
92.0,1857.0,4,4.1,1.69,111,900.0,0.0,1
594.0,2067.0,14,8.2,11.36,61,900.0,0.0,1
-124.0,1725.0,6,6.0,0.0,93,900.0,10.0,1
-49.0,1694.5,-8,-8.0,0.0,178,900.0,0.0,-1
-18.0,1611.0,1,1.8,0.16,61,900.0,0.0,-1
51.0,1694.5,2,2.0,0.0,43,900.0,0.0,0
112.0,1725.0,4,3.1,2.29,39,1200.0,10.0,1
-183.0,2284.5,3,3.0,0.0,134,900.0,0.0,1
-100.0,1725.0,-1,-0.9,0.29000000000000004,118,900.0,10.0,-1
-111.0,1872.5,-5,-3.9,1.29,124,900.0,0.0,-1
-63.0,1734.5,6,4.3,6.21,81,900.0,0.0,1
35.0,1609.5,2,2.1,0.09,104,900.0,2.0,-1
789.0,1584.5,26,19.4,15.24,89,900.0,0.0,1
135.0,1873.5,1,0.7,0.8100000000000002,42,900.0,0.0,-1
-53.0,1609.5,0,0.1,0.09,43,900.0,2.0,1
-789.0,1584.5,-18,-16.8,8.76,66,900.0,0.0,-1
-53.0,1694.5,0,-0.1,0.09,109,900.0,0.0,0
-300.0,1788.0,-17,-16.2,5.76,126,900.0,2.0,-1
122.0,1725.0,-3,-2.6,2.4399999999999995,60,900.0,10.0,-1
-94.0,1130.0,1,0.4,0.8400000000000001,19,900.0,0.0,1
9.0,1808.5,2,2.0,0.0,103,900.0,0.0,1
-134.0,1566.0,-13,-7.4,13.440000000000001,136,900.0,2.0,-1
12.0,1905.0,-11,-5.0,16.2,68,900.0,0.0,-1
789.0,1584.5,7,5.4,5.24,67,900.0,0.0,1
-261.0,1560.5,2,2.5,1.85,79,600.0,12.0,1
-1993.0,1789.5,-21,-18.2,8.36,40,900.0,5.0,-1
193.0,1904.5,3,3.2,0.15999999999999998,65,900.0,0.0,1
-789.0,1584.5,-10,-5.3,8.01,82,900.0,0.0,-1
789.0,1584.5,11,3.9,7.289999999999999,21,900.0,0.0,1
-185.0,1904.5,-13,-13.1,0.09,97,900.0,0.0,-1
4.0,1905.0,-2,0.3,0.8099999999999999,36,900.0,0.0,-1
15.0,1812.5,-6,-4.4,5.04,79,900.0,0.0,-1
-789.0,1584.5,0,0.0,0.0,10,900.0,0.0,-1
1.0,1812.5,-8,-1.4,19.439999999999998,56,900.0,0.0,-1
-48.0,1876.0,-12,-9.6,13.440000000000001,106,1200.0,0.0,-1
-1.0,1812.5,1,1.0,0.0,105,900.0,0.0,0
407.0,2580.5,2,2.0,0.0,84,900.0,0.0,1
265.0,1565.5,9,6.3,0.8099999999999999,51,600.0,12.0,1
-34.0,1876.0,-1,-1.3,0.21000000000000002,120,1200.0,0.0,-1
-196.0,1755.0,12,12.0,0.0,134,900.0,0.0,-1
199.0,1946.5,8,8.0,0.0,105,900.0,0.0,1
484.0,1866.0,8,4.4,3.2399999999999998,61,900.0,0.0,1
73.0,1694.5,-10,-3.7,17.009999999999998,64,900.0,0.0,-1
-151.0,1705.5,6,1.2,2.76,201,900.0,0.0,1
-59.0,1694.5,-6,-5.6,0.43999999999999995,112,900.0,0.0,-1
-176.0,2285.0,-8,-4.5,9.45,98,900.0,0.0,-1
-208.0,1905.0,7,7.0,0.2,59,900.0,0.0,1
48.0,1680.0,-6,-0.9,13.09,104,900.0,0.0,-1
141.0,1705.5,7,6.9,0.09,91,900.0,0.0,1
789.0,1584.5,21,13.5,15.05,47,900.0,0.0,1
-210.0,1744.0,-21,-18.5,9.45,70,900.0,0.0,-1
-34.0,1680.0,-9,-7.7,6.8100000000000005,92,900.0,0.0,-1
-789.0,1584.5,-11,-11.0,0.0,48,900.0,0.0,-1
-18.0,1876.0,-2,-1.3,0.21000000000000002,112,1200.0,0.0,-1
-89.0,1612.5,-18,-15.9,1.89,68,900.0,0.0,-1
77.0,1612.5,7,4.9,3.09,49,900.0,0.0,1
246.0,2162.0,1,-0.4,2.04,37,900.0,0.0,1
-383.0,2078.5,-2,-5.7,4.21,58,1980.0,33.0,-1
189.0,1884.5,1,1.0,1.8,29,900.0,5.0,1
-181.0,1884.5,-8,-6.5,4.05,44,900.0,5.0,-1
-136.0,1823.0,0,-0.7,0.8099999999999999,69,1200.0,0.0,1
-256.0,2162.0,0,0.0,0.0,63,900.0,0.0,0
111.0,1582.5,3,2.4,0.8400000000000001,67,1200.0,5.0,1
250.0,2162.0,2,1.5,0.25,32,900.0,0.0,1
-244.0,2162.0,-1,-1.2,2.16,97,900.0,0.0,-1
-93.0,1585.5,-3,-0.8,2.16,26,1200.0,5.0,-1
50.0,1810.0,3,2.6,0.44000000000000006,125,900.0,0.0,1
-4.0,1877.0,-6,-4.6,6.840000000000001,126,1200.0,0.0,-1
73.0,1589.5,4,2.7,2.41,79,1200.0,5.0,1
238.0,2162.0,6,0.2,4.5600000000000005,35,900.0,0.0,1
163.0,1707.5,7,7.3,6.410000000000001,71,1200.0,10.0,1
-36.0,1810.0,-3,-3.1,0.09,126,900.0,0.0,-1
143.0,1709.5,18,18.0,0.0,113,900.0,2.0,1
-228.0,1675.0,-3,-2.3,11.009999999999998,26,1200.0,5.0,-1
12.0,1877.0,-5,-4.7,0.21000000000000002,110,1200.0,0.0,-1
-187.0,1707.5,12,11.6,0.8400000000000001,63,1200.0,5.0,1
42.0,1598.0,3,2.1,0.09,35,1200.0,5.0,1
22.0,1810.0,8,7.0,0.6,97,900.0,0.0,1
-15.0,1603.5,-6,-2.0,4.0,54,1200.0,5.0,-1
30.0,1877.0,-6,-5.1,0.09,108,1200.0,0.0,-1
-40.0,1810.0,1,0.6,5.839999999999999,45,900.0,0.0,1
26.0,1818.0,0,-0.9,1.8900000000000001,63,900.0,0.0,0
403.0,2297.5,7,2.8,6.36,51,900.0,0.0,1
-20.0,1977.0,1,1.0,0.0,167,900.0,10.0,1
-398.0,2297.0,-4,-3.3,2.21,86,900.0,0.0,-1
392.0,2296.0,6,3.2,0.96,41,900.0,0.0,1
-386.0,2295.0,-7,-2.2,2.7600000000000002,60,900.0,0.0,-1
380.0,2294.0,3,3.0,0.0,75,900.0,0.0,1
-315.0,2320.5,-4,-4.0,0.0,82,900.0,0.0,-1
-368.0,2290.0,-3,-1.7,1.01,38,900.0,0.0,-1
361.0,2288.5,4,3.0,0.2,33,900.0,0.0,1
-354.0,2287.0,3,1.0,4.4,54,900.0,0.0,-1
906.0,2011.0,-1,-1.0,0.0,47,900.0,0.0,1
-100.0,1720.0,-2,-2.0,0.0,134,1200.0,0.0,-1
14.0,1877.0,0,-0.6,0.24000000000000005,105,1200.0,0.0,1
-292.0,1754.0,-3,-2.1,0.09,66,900.0,0.0,-1
4.0,1977.0,15,6.6,10.44,119,900.0,10.0,1
-347.0,2285.5,-7,-3.4,5.64,62,900.0,0.0,-1
160.0,2366.0,5,4.0,0.6,91,900.0,0.0,1
312.0,1885.0,2,2.1,4.890000000000001,151,900.0,0.0,1
-397.0,2649.5,1,1.2,0.16,126,900.0,0.0,-1
-20.0,1977.0,2,1.5,0.25,101,900.0,10.0,1
246.0,2323.0,9,4.0,12.0,83,900.0,0.0,1
-340.0,1885.0,1,-0.2,2.1599999999999997,19,900.0,0.0,1
-93.0,1772.5,-3,-3.0,0.0,104,900.0,0.0,-1
4.0,1977.0,1,1.0,0.0,143,900.0,10.0,1
115.0,1772.5,-6,-1.7,5.81,46,900.0,0.0,-1
127.0,1610.5,-1,-1.2,0.16,50,900.0,0.0,-1
98.0,1130.0,29,27.8,0.36,83,900.0,0.0,0
-86.0,1130.0,-24,-22.7,4.21,146,900.0,0.0,-1
17.0,1530.5,-1,-1.1,0.09,107,900.0,0.0,1
42.0,1757.0,9,2.9,13.089999999999998,175,900.0,0.0,1
37.0,1699.5,7,2.9,2.09,73,900.0,0.0,1
485.0,1811.5,2,2.0,0.0,129,900.0,0.0,1
-173.0,1643.5,3,2.3,0.21000000000000002,77,900.0,0.0,1
254.0,2000.0,7,6.7,0.8099999999999999,61,900.0,0.0,1
-165.0,1917.5,-4,-1.6,1.44,54,900.0,0.0,-1
-248.0,2000.0,-13,-8.7,14.209999999999999,70,900.0,0.0,-1
63.0,1986.5,-8,-1.7,10.01,101,900.0,0.0,-1
-87.0,1785.5,3,0.4,7.839999999999999,64,900.0,0.0,-1
7.0,2057.5,9,8.2,0.76,55,900.0,0.0,1
-108.0,1505.0,0,-0.9,7.290000000000001,175,900.0,0.0,0
86.0,1679.0,-3,-0.2,6.76,112,900.0,0.0,-1
-8.0,1880.0,0,-0.9,0.09,89,1200.0,0.0,1
-25.0,2057.5,8,4.2,4.5600000000000005,62,900.0,0.0,1
-67.0,1986.5,-1,-0.2,0.16000000000000003,87,900.0,0.0,0
-298.0,1584.0,-5,3.1,8.489999999999998,50,600.0,12.0,-1
-66.0,1690.0,-8,0.1,7.290000000000001,46,900.0,0.0,-1
-132.0,1610.0,-11,-9.6,3.04,118,900.0,0.0,-1
-160.0,1582.0,10,9.1,0.09,89,900.0,0.0,1
-165.0,1608.5,-8,-8.0,0.0,128,900.0,0.0,-1
75.0,1785.5,11,9.9,7.090000000000001,51,900.0,0.0,1
-347.0,1735.5,-11,-10.5,0.65,81,900.0,0.0,-1
150.0,1582.0,1,-1.3,9.010000000000002,39,900.0,0.0,1
-63.0,1793.5,0,1.7,4.409999999999999,69,900.0,0.0,1
1.0,1730.5,-4,-2.7,1.21,86,900.0,0.0,-1
71.0,1986.5,0,0.4,10.44,44,900.0,0.0,0
-153.0,1542.5,4,3.0,1.2,39,900.0,0.0,1
-15.0,1848.5,-11,-7.8,12.16,94,900.0,0.0,-1
-57.0,1986.5,1,0.2,0.16000000000000003,32,900.0,0.0,-1
8.0,1880.0,-9,-8.2,0.16,106,1200.0,0.0,-1
177.0,1542.5,-7,-7.3,0.8099999999999999,42,900.0,0.0,-1
65.0,1667.5,0,0.3,0.20999999999999996,69,900.0,0.0,-1
-84.0,1494.0,15,4.9,17.29,139,900.0,0.0,1
43.0,1986.5,1,0.4,0.8400000000000001,51,900.0,0.0,1
-317.0,2135.5,-14,-11.1,16.09,102,900.0,10.0,-1
408.0,2578.0,4,5.2,6.959999999999999,90,900.0,0.0,1
-45.0,1986.5,1,1.8,5.76,121,900.0,0.0,0
-85.0,1511.5,13,10.3,0.8099999999999999,39,900.0,0.0,1
313.0,2135.5,8,1.4,6.239999999999999,67,900.0,10.0,1
80.0,1861.0,-4,-2.9,1.29,52,900.0,0.0,-1
86.0,1788.0,-8,-5.3,5.61,56,900.0,0.0,-1
-11.0,1648.5,-3,-2.5,0.25,136,900.0,0.0,-1
4.0,1717.0,1,-0.6,0.8400000000000001,68,900.0,3.0,1
33.0,1738.5,0,0.0,0.0,118,900.0,0.0,-1
6.0,1836.0,-4,-4.1,4.69,78,900.0,0.0,-1
-138.0,2360.0,-3,-2.9,0.09,94,900.0,5.0,-1
83.0,1593.5,-7,0.9,15.09,124,900.0,0.0,-1
182.0,2287.0,-3,-3.0,0.0,73,900.0,0.0,0
153.0,1704.5,-19,-16.6,13.440000000000001,126,900.0,0.0,-1
17.0,1659.5,4,0.9,1.8900000000000001,41,900.0,0.0,1
-105.0,1598.5,-1,-1.4,0.24,98,900.0,0.0,-1
-343.0,2607.5,0,-0.5,2.25,107,900.0,5.0,-1
24.0,1552.0,1,-0.1,1.6900000000000002,35,1800.0,0.0,1
-71.0,1593.5,-3,-2.0,1.0,32,900.0,0.0,-1
-177.0,1704.5,-1,-0.7,0.8100000000000002,41,900.0,0.0,1
-35.0,1814.5,-11,-7.9,10.09,122,900.0,0.0,-1
84.0,1751.0,8,6.7,3.0100000000000002,38,900.0,3.0,-1
93.0,1598.5,7,1.1,16.29,51,900.0,0.0,1
494.0,1806.0,4,2.6,1.44,63,900.0,0.0,1
-81.0,1598.5,-8,-8.0,0.0,116,900.0,0.0,-1
26.0,1880.0,-9,-8.9,0.09,114,1200.0,0.0,-1
-179.0,1008.5,26,20.4,13.440000000000001,125,900.0,0.0,1
-526.0,1303.0,1,1.0,0.0,120,900.0,0.0,0
-8.0,1552.0,2,2.4,0.8400000000000001,58,1800.0,0.0,-1
51.0,1689.5,7,-1.1,7.289999999999999,73,900.0,0.0,1
-7.0,1627.5,-8,-8.0,0.0,136,900.0,0.0,-1
-68.0,1749.0,-11,-4.6,14.24,116,900.0,3.0,-1
-5.0,1973.5,-4,-0.4,4.4399999999999995,55,2700.0,45.0,1
53.0,1814.5,-1,-1.0,0.0,102,900.0,0.0,-1
-120.0,1489.0,-3,-1.4,0.44000000000000006,50,900.0,0.0,-1
-120.0,2356.0,-4,0.8,6.36,62,900.0,0.0,-1
159.0,1708.5,4,3.4,1.64,75,900.0,0.0,1
-423.0,2632.5,-1,-0.6,2.24,106,900.0,0.0,-1
-39.0,1814.5,-3,-1.5,2.25,92,900.0,0.0,-1
46.0,1621.0,6,6.5,2.05,43,900.0,0.0,1
127.0,1562.5,4,-0.9,13.09,59,900.0,0.0,1
-407.0,2636.5,0,0.0,0.0,65,900.0,0.0,-1
-167.0,1708.5,3,3.0,0.0,89,900.0,0.0,0
264.0,2243.0,7,5.9,1.29,57,900.0,0.0,1
120.0,1500.0,-12,-10.2,5.56,128,900.0,0.0,-1
25.0,1814.5,8,5.5,7.05,69,900.0,0.0,1
166.0,1938.0,-11,-8.9,10.290000000000001,72,900.0,0.0,-1
-122.0,1632.0,-9,-8.9,0.09,112,900.0,0.0,-1
-33.0,1636.5,3,3.6,8.64,59,900.0,0.0,1
-147.0,1916.5,7,4.9,9.69,87,1080.0,0.0,1
-93.0,2008.5,-1,-0.7,2.8099999999999996,63,900.0,0.0,0
-51.0,1554.5,-2,-2.2,3.7600000000000002,75,900.0,0.0,1
-531.0,1929.5,1,1.1,1.29,42,900.0,0.0,-1
1425.0,2328.5,-5,-1.0,6.0,39,2700.0,0.0,1
400.0,2577.0,2,-1.7,5.61,56,900.0,0.0,1
95.0,1135.5,-7,-2.6,7.4399999999999995,94,900.0,0.0,-1
-117.0,1135.5,-3,-5.1,1.89,33,900.0,0.0,1
-245.0,1911.5,3,3.0,0.0,121,900.0,0.0,1
-220.0,1961.0,0,0.0,0.0,106,900.0,0.0,0
69.0,1539.5,11,11.0,0.0,71,900.0,0.0,1
-85.0,2022.5,-1,-0.2,0.16000000000000003,83,900.0,0.0,1
184.0,1706.0,-2,-2.9,7.289999999999999,66,900.0,0.0,-1
-612.0,1720.0,22,22.0,0.0,123,1200.0,0.0,0
-176.0,1706.0,-10,-8.5,3.05,72,900.0,0.0,-1
-445.0,1887.5,-2,-1.4,0.8400000000000001,40,900.0,0.0,-1
168.0,1706.0,6,5.9,0.09,131,900.0,0.0,1
9.0,2057.5,8,7.5,0.25,77,900.0,0.0,1
-158.0,1706.0,-11,-9.1,4.29,40,900.0,0.0,-1
148.0,1706.0,7,7.0,0.0,97,900.0,0.0,1
10.0,1561.0,0,-0.1,0.09,77,900.0,0.0,1
105.0,2022.5,-22,-18.0,16.0,158,900.0,0.0,-1
-138.0,1706.0,-13,-6.0,23.2,38,900.0,0.0,-1
128.0,1706.0,12,6.4,5.24,87,900.0,0.0,1
-118.0,1706.0,-9,-9.0,0.0,90,900.0,0.0,-1
-108.0,1724.0,0,-0.5,2.25,56,900.0,0.0,-1
106.0,1706.0,10,4.3,17.41,53,900.0,0.0,1
-68.0,2086.0,4,4.7,5.21,97,900.0,0.0,1
119.0,1913.5,-1,-1.3,2.6100000000000003,49,900.0,0.0,1
330.0,1733.0,6,3.2,7.960000000000001,49,900.0,0.0,1
66.0,2002.0,1,-1.5,5.45,111,900.0,0.0,0
-407.0,1870.5,-1,-0.7,0.21000000000000002,36,900.0,0.0,-1
-16.0,1552.0,-14,-9.4,2.44,62,900.0,0.0,-1
66.0,2013.0,1,0.6,0.44000000000000006,29,900.0,0.0,1
-194.0,1934.0,6,1.2,7.56,16,900.0,0.0,-1
-37.0,1653.5,1,1.0,0.0,76,900.0,0.0,0
-85.0,1804.5,4,-0.3,2.4099999999999997,107,900.0,0.0,1
-52.0,2013.0,-1,-0.6,0.8400000000000001,26,900.0,0.0,-1
168.0,1986.0,1,-1.5,0.85,35,900.0,0.0,1
115.0,2049.5,1,1.3,2.0100000000000002,37,900.0,0.0,1
3.0,2045.5,-8,-4.8,14.16,94,900.0,0.0,-1
-103.0,2049.5,-3,-2.1,1.49,52,900.0,0.0,-1
91.0,2049.5,-1,-0.8,0.9599999999999997,49,900.0,0.0,1
91.0,1688.5,-4,-4.0,0.0,98,900.0,0.0,-1
-461.0,2608.5,-5,-5.7,7.810000000000002,121,900.0,0.0,-1
-89.0,2019.5,-8,-8.0,0.0,152,900.0,0.0,-1
55.0,1653.5,-18,-18.0,0.0,132,900.0,0.0,-1
85.0,1671.5,-14,-13.9,0.09,100,1200.0,10.0,-1
-111.0,2049.5,-5,-2.0,9.6,33,900.0,0.0,1
99.0,2049.5,0,0.3,0.8100000000000002,41,900.0,0.0,1
-64.0,1937.0,-2,-3.2,7.56,46,2700.0,45.0,-1
-87.0,2049.5,-1,-0.3,0.20999999999999996,12,900.0,0.0,-1
75.0,2049.5,3,2.2,1.3599999999999999,71,900.0,0.0,1
-79.0,1688.5,-9,-8.9,0.09,110,900.0,0.0,-1
-61.0,2049.5,-5,-0.8,2.7600000000000002,58,900.0,0.0,-1
-154.0,1583.0,14,6.8,5.76,153,900.0,0.0,1
47.0,2049.5,6,2.6,3.6399999999999997,45,900.0,0.0,1
-78.0,1682.0,3,2.6,0.24,50,900.0,0.0,1
144.0,1583.0,1,-0.1,0.89,33,900.0,0.0,1
-67.0,2049.5,-5,-2.0,9.6,33,900.0,0.0,1
53.0,2049.5,1,1.6,1.8399999999999999,95,900.0,0.0,1
-488.0,2623.0,-11,-2.8,7.56,78,900.0,1.0,-1
61.0,1680.5,4,1.5,0.85,45,900.0,0.0,1
-73.0,2049.5,-5,-2.0,9.6,33,900.0,0.0,1
59.0,2049.5,5,0.6,4.24,45,900.0,0.0,1
-19.0,2045.5,13,6.3,7.209999999999999,111,900.0,0.0,1
-79.0,2049.5,12,0.8,22.759999999999998,75,900.0,0.0,1
-43.0,1678.5,-3,-0.9,4.49,58,900.0,0.0,-1
-142.0,1500.0,9,7.9,1.29,69,900.0,0.0,1
67.0,2049.5,2,1.7,0.8100000000000002,45,900.0,0.0,1
-53.0,2049.5,-4,-0.8,9.360000000000001,48,900.0,0.0,-1
-9.0,2034.5,1,1.0,0.0,95,900.0,0.0,1
-785.0,1586.5,-2,-4.8,3.16,50,900.0,0.0,-1
39.0,2049.5,-2,0.0,1.8,33,900.0,0.0,1
-57.0,2049.5,-5,-2.0,9.6,33,900.0,0.0,1
43.0,2049.5,0,0.0,0.0,23,900.0,0.0,1
-109.0,1620.5,-10,-9.5,1.05,58,900.0,0.0,-1
59.0,1691.5,6,6.0,0.0,141,900.0,0.0,1
-61.0,2049.5,11,3.7,6.01,117,900.0,0.0,1
-79.0,1691.5,8,-0.4,8.64,29,900.0,0.0,1
50.0,1937.0,0,0.0,0.0,21,2700.0,45.0,1
47.0,2049.5,6,1.2,2.76,89,900.0,0.0,1
672.0,2530.0,2,1.9,0.09,95,900.0,1.0,1
29.0,1662.5,-1,-0.5,2.25,97,900.0,0.0,-1
-7.0,2034.5,2,2.1,0.09,74,900.0,0.0,1
97.0,1620.5,10,8.4,0.43999999999999995,61,900.0,0.0,1
789.0,1584.5,7,4.1,9.690000000000001,55,900.0,0.0,1
-254.0,1584.0,-4,-0.5,2.65,46,900.0,0.0,-1
-65.0,2049.5,5,1.5,5.25,45,900.0,0.0,1
393.0,2577.5,6,4.8,0.5599999999999999,90,900.0,0.0,1
85.0,2049.5,-5,-3.8,1.56,98,900.0,0.0,-1
247.0,1583.5,5,2.1,3.29,31,900.0,0.0,1
-13.0,1662.5,-2,-3.3,9.010000000000002,80,900.0,0.0,-1
-85.0,1620.5,1,1.8,2.16,56,900.0,0.0,-1
117.0,1973.5,1,0.9,2.0900000000000003,59,900.0,0.0,1
-105.0,2049.5,-5,-2.0,9.6,35,900.0,0.0,1
93.0,2049.5,3,2.3,1.41,57,900.0,0.0,1
200.0,1951.0,-5,-1.7,4.21,47,900.0,0.0,1
-81.0,2049.5,-1,-0.3,0.8099999999999999,42,900.0,0.0,-1
-3.0,1662.5,-3,-7.7,9.010000000000002,51,900.0,0.0,1
101.0,2049.5,-10,-4.4,13.440000000000001,162,900.0,0.0,-1
73.0,1620.5,14,10.4,1.44,105,900.0,0.0,1
19.0,1662.5,2,1.5,6.85,66,900.0,0.0,-1
-123.0,2049.5,-5,-2.0,9.6,33,900.0,0.0,1
-37.0,1662.5,7,4.1,13.09,53,900.0,0.0,1
-192.0,1951.0,-6,-5.5,2.25,62,900.0,0.0,-1
113.0,2049.5,0,0.5,2.25,123,900.0,0.0,1
177.0,1766.5,-9,-0.6,8.64,32,900.0,5.0,-1
254.0,2162.0,0,-0.5,0.25,113,900.0,0.0,1
-59.0,1620.5,-10,-9.6,0.8400000000000001,50,900.0,0.0,-1
-135.0,2049.5,-5,-2.0,9.6,33,900.0,0.0,1
125.0,2049.5,2,0.4,7.839999999999999,25,900.0,0.0,1
-115.0,2049.5,-2,-1.5,0.25,92,900.0,0.0,-1
123.0,1968.5,4,1.8,2.7600000000000002,79,900.0,0.0,1
103.0,2049.5,1,1.0,0.0,83,900.0,0.0,1
-125.0,2049.5,5,1.8,13.36,47,900.0,0.0,1
179.0,2287.5,9,5.0,2.6,81,900.0,0.0,1
115.0,2049.5,5,0.6,2.24,53,900.0,0.0,1
59.0,1631.5,-17,-9.8,5.76,126,900.0,0.0,-1
-111.0,1968.5,-2,-1.9,0.09,104,900.0,0.0,-1
318.0,1752.0,-4,-3.5,0.25,55,900.0,0.0,1
-137.0,2049.5,8,0.8,7.5600000000000005,31,900.0,0.0,1
58.0,1769.0,6,2.1,3.29,127,900.0,0.0,1
127.0,2049.5,-1,0.2,1.16,33,900.0,0.0,1
-149.0,2049.5,4,1.7,8.41,43,900.0,0.0,1
139.0,2049.5,4,3.5,0.25,83,900.0,0.0,1
21.0,1662.5,4,3.3,0.41,73,900.0,0.0,1
48.0,1562.0,19,14.2,28.160000000000004,141,900.0,0.0,1
29.0,2041.5,-8,-8.0,4.4,106,900.0,0.0,-1
-129.0,2049.5,-5,-2.5,4.85,52,900.0,0.0,-1
-39.0,1662.5,9,0.2,8.760000000000002,53,900.0,0.0,1
151.0,2049.5,-9,-3.6,12.640000000000002,118,900.0,0.0,-1
57.0,1662.5,-1,0.4,2.4399999999999995,48,900.0,0.0,-1
-175.0,2049.5,1,0.4,4.639999999999999,43,900.0,0.0,1
-43.0,1662.5,-9,-9.5,2.25,78,900.0,0.0,-1
-238.0,1692.0,15,13.3,3.41,79,900.0,0.0,1
167.0,2049.5,0,0.7,0.41,105,900.0,0.0,1
431.0,2160.5,14,11.6,13.440000000000001,109,900.0,0.0,1
61.0,1662.5,-7,1.2,7.56,36,900.0,0.0,-1
387.0,1768.5,17,11.3,4.21,73,900.0,0.0,1
-157.0,2049.5,-5,-5.8,0.15999999999999998,56,900.0,0.0,-1
-24.0,1651.0,-2,-4.2,3.7600000000000002,58,900.0,0.0,-1
181.0,2049.5,-6,-4.5,2.05,56,900.0,0.0,-1
100.0,1771.0,-14,-7.3,19.21,144,900.0,0.0,-1
-173.0,2049.5,-2,-1.7,0.21000000000000002,82,900.0,0.0,-1
-250.0,2248.0,-10,-6.0,7.0,92,900.0,0.0,-1
111.0,1706.5,-15,-8.4,6.24,80,900.0,0.0,-1
-90.0,1702.0,-1,-0.7,11.010000000000002,74,900.0,0.0,-1
98.0,1704.0,0,0.0,0.0,178,900.0,0.0,0
0.0,1813.0,-3,0.1,1.8900000000000001,20,900.0,0.0,-1
-139.0,1135.5,2,-5.7,6.8100000000000005,63,900.0,0.0,1
83.0,1806.5,-2,-2.1,0.09,111,900.0,0.0,1
-116.0,1710.0,-11,-9.4,0.43999999999999995,122,900.0,0.0,0
-45.0,1826.5,3,3.0,0.0,89,900.0,0.0,1
361.0,1601.5,1,-0.2,1.9600000000000002,112,600.0,12.0,-1
-143.0,1575.5,-2,-2.0,0.0,156,900.0,0.0,-1
268.0,1774.0,-6,-2.8,5.36,45,900.0,0.0,1
32.0,1698.0,2,-0.6,1.8400000000000003,95,900.0,0.0,1
139.0,1745.5,-4,-4.0,0.0,70,900.0,0.0,-1
-366.0,1606.0,-4,-4.0,0.0,82,600.0,12.0,-1
113.0,1969.5,-1,-1.0,0.0,85,900.0,0.0,1
396.0,2573.0,3,1.3,4.41,92,900.0,0.0,1
-287.0,1668.5,-1,-1.1,4.890000000000001,118,900.0,0.0,-1
133.0,1968.5,-3,-3.0,0.0,63,900.0,0.0,-1
-209.0,1771.5,-4,-1.4,0.8400000000000001,76,900.0,0.0,-1
-75.0,2251.5,1,-1.0,3.0,71,900.0,1.0,1
-212.0,2269.0,2,2.0,0.0,110,900.0,0.0,-1
135.0,1739.5,7,2.7,4.41,23,900.0,0.0,1
82.0,2255.0,-2,-2.0,0.0,131,900.0,0.0,0
183.0,1752.5,1,0.7,0.8100000000000002,75,900.0,0.0,1
248.0,2162.0,1,1.0,0.0,141,900.0,0.0,1
-3.0,1610.5,-1,-0.4,1.44,29,900.0,0.0,1
129.0,1135.5,12,11.6,0.24,49,900.0,0.0,1
-297.0,1827.5,-3,-1.7,1.01,30,900.0,0.0,-1
138.0,1734.0,-15,-14.2,5.76,102,900.0,0.0,-1
277.0,1820.5,0,0.1,0.09,29,2700.0,45.0,1
-471.0,2138.5,-2,-1.3,6.21,36,900.0,0.0,-1
-157.0,1714.5,2,1.9,0.09,85,900.0,0.0,1
181.0,1714.5,-10,-2.2,7.56,64,900.0,0.0,-1
-173.0,1714.5,-19,-8.9,21.29,140,900.0,0.0,-1
-59.0,1821.5,7,7.0,0.0,93,900.0,0.0,1
-840.0,1850.0,-2,-2.5,0.25,36,1980.0,33.0,-1
35.0,1884.5,2,2.5,2.25,60,1200.0,0.0,-1
111.0,1857.5,-8,-5.9,1.89,126,900.0,0.0,-1
-226.0,2180.0,-2,-1.6,1.04,46,900.0,0.0,-1
-99.0,1857.5,-9,-8.8,6.959999999999999,97,900.0,0.0,-1
253.0,1937.5,9,2.9,10.09,100,900.0,0.0,1
-230.0,1693.0,-8,-3.5,2.25,82,900.0,0.0,-1
224.0,1693.0,4,3.7,0.21000000000000002,79,900.0,0.0,1
-154.0,1710.0,-10,-9.3,0.21000000000000002,98,900.0,0.0,-1
-216.0,1693.0,2,1.5,0.85,38,900.0,0.0,-1
208.0,1693.0,8,-0.4,8.64,59,900.0,0.0,1
144.0,1710.0,9,8.7,0.8099999999999999,171,900.0,0.0,1
-200.0,1693.0,-8,-6.6,6.24,52,900.0,0.0,-1
192.0,1693.0,4,1.7,3.4099999999999993,53,900.0,0.0,1
-238.0,2255.0,-4,-3.3,0.21000000000000002,72,900.0,0.0,-1
-184.0,1693.0,1,1.0,0.6,58,900.0,0.0,-1
-134.0,1710.0,-12,-9.4,6.640000000000001,40,900.0,0.0,-1
124.0,1710.0,8,8.1,0.09,87,900.0,0.0,1
176.0,1693.0,7,6.3,0.8099999999999999,63,900.0,0.0,1
-854.0,1479.0,2,1.0,0.6,53,900.0,0.0,-1
-168.0,1693.0,-15,-10.1,20.490000000000002,100,900.0,0.0,-1
193.0,1671.5,12,3.8,32.76,101,900.0,0.0,1
158.0,1693.0,12,3.9,7.289999999999999,87,900.0,0.0,1
56.0,1705.0,5,2.8,9.96,87,900.0,10.0,1
-249.0,1831.5,0,0.9,1.49,28,2700.0,45.0,-1
143.0,1690.5,9,8.5,0.25,71,900.0,0.0,1
-35.0,1672.5,-10,-10.0,0.0,158,900.0,0.0,-1
-42.0,1705.0,-2,-2.0,0.0,128,900.0,10.0,-1
-133.0,1690.5,-11,-11.4,8.440000000000001,66,900.0,0.0,-1
19.0,1672.5,10,6.5,5.25,65,900.0,0.0,1
-37.0,1672.5,0,0.1,4.090000000000001,141,900.0,0.0,1
-46.0,1934.0,-1,-0.9,0.09,84,2700.0,45.0,0
215.0,1747.5,11,11.0,0.0,105,900.0,5.0,1
-226.0,1740.0,-11,-1.3,12.61,44,900.0,0.0,-1
218.0,1738.0,7,6.9,0.09,119,900.0,0.0,1
-86.0,1660.0,10,7.3,0.8099999999999999,51,900.0,0.0,1
74.0,1660.0,15,10.7,10.41,123,900.0,0.0,1
-9.0,1641.5,-16,-11.0,10.8,96,900.0,0.0,-1
156.0,1720.0,14,14.0,0.0,69,900.0,0.0,1
-146.0,1720.0,-6,-5.5,0.25,66,900.0,0.0,-1
-256.0,1738.0,8,0.7,6.01,51,900.0,0.0,1
44.0,1623.0,-6,-5.4,0.8400000000000001,42,900.0,0.0,-1
161.0,1576.5,-8,-8.3,7.010000000000001,42,900.0,0.0,-1
-185.0,1576.5,12,6.4,13.440000000000001,121,900.0,0.0,1
-195.0,1686.5,4,4.0,0.0,83,900.0,0.0,1
-31.0,1622.5,-3,-2.0,2.0,168,1800.0,0.0,-1
283.0,1696.5,0,0.1,1.09,19,900.0,0.0,1
65.0,1614.5,9,8.0,2.4,81,900.0,0.0,1
209.0,1576.5,-13,-5.8,5.76,110,900.0,0.0,-1
187.0,1686.5,9,9.0,0.0,47,900.0,0.0,1
-211.0,1686.5,6,2.3,1.61,157,900.0,0.0,1
-201.0,1576.5,0,0.0,0.0,68,900.0,0.0,-1
193.0,1576.5,0,0.0,1.8,29,900.0,0.0,1
-185.0,1576.5,-5,-0.5,4.05,30,900.0,0.0,-1
209.0,1576.5,-6,-6.1,0.09,84,900.0,0.0,-1
203.0,1686.5,3,2.9,0.09,97,900.0,0.0,1
71.0,1876.5,-17,-14.6,13.440000000000001,108,1200.0,0.0,-1
22.0,1820.0,1,0.1,0.6900000000000001,10,900.0,0.0,1
392.0,2572.0,4,3.8,9.760000000000002,74,900.0,0.0,1
-201.0,1576.5,-5,-0.5,2.25,54,900.0,0.0,-1
-27.0,1642.5,1,1.0,0.0,55,900.0,0.0,1
-229.0,1686.5,9,0.8,7.56,55,900.0,0.0,1
193.0,1576.5,0,0.0,0.0,11,900.0,0.0,1
-185.0,1576.5,-1,-1.3,2.6100000000000003,70,900.0,0.0,-1
-93.0,1519.5,5,5.5,2.25,110,900.0,0.0,-1
-257.0,1932.5,-12,-3.7,18.810000000000002,83,900.0,0.0,-1
209.0,1576.5,-10,-5.7,28.21,40,900.0,0.0,-1
-201.0,1576.5,-5,-1.7,8.61,38,900.0,0.0,-1
193.0,1576.5,1,2.1,1.89,95,900.0,0.0,1
-127.0,1724.5,3,1.2,4.96,52,900.0,0.0,-1
41.0,1815.5,0,0.0,0.6,42,900.0,0.0,-1
-217.0,1576.5,14,8.4,13.440000000000001,119,900.0,0.0,1
-86.0,1746.0,-7,-1.8,3.1600000000000006,62,900.0,0.0,-1
57.0,1530.5,4,2.8,0.36,67,900.0,0.0,1
91.0,1876.5,-2,-2.0,0.0,146,1200.0,0.0,-1
209.0,1576.5,9,1.7,6.01,51,900.0,0.0,1
-33.0,1812.5,1,-3.9,13.09,63,900.0,0.0,-1
-201.0,1576.5,0,-0.2,0.16000000000000003,60,900.0,0.0,-1
-199.0,1685.5,-13,-5.7,6.01,96,900.0,0.0,-1
227.0,1576.5,-10,-10.0,0.0,138,900.0,0.0,-1
17.0,1812.5,3,3.9,0.09,90,900.0,0.0,1
117.0,1724.5,-3,-1.9,1.89,55,900.0,0.0,1
-219.0,1576.5,-5,2.4,6.24,66,900.0,0.0,-1
-1.0,1812.5,-7,-6.9,0.09,140,900.0,0.0,-1
211.0,1576.5,0,0.0,0.0,99,900.0,0.0,1
-203.0,1576.5,-1,-0.8,1.3600000000000003,52,900.0,0.0,-1
-607.0,1508.5,-3,-2.0,3.0,58,900.0,0.0,-1
556.0,2007.0,1,1.8,0.16,77,900.0,0.0,1
195.0,1576.5,3,0.8,1.9600000000000002,61,900.0,0.0,1
-139.0,1724.5,14,11.6,13.440000000000001,99,900.0,0.0,1
-187.0,1576.5,-1,-0.5,2.25,44,900.0,0.0,-1
222.0,1713.0,0,0.0,0.0,77,900.0,0.0,-1
211.0,1576.5,-10,-4.4,13.440000000000001,136,900.0,0.0,-1
79.0,1876.5,4,4.0,0.0,93,1200.0,0.0,1
-461.0,2607.5,0,0.0,0.0,68,900.0,0.0,-1
-203.0,1576.5,-5,-0.5,2.25,44,900.0,0.0,-1
195.0,1576.5,4,0.3,2.6100000000000003,23,900.0,0.0,1
-187.0,1576.5,-3,-0.3,0.8100000000000002,32,900.0,0.0,-1
1.0,1662.5,-12,-7.5,2.25,80,900.0,0.0,-1
-109.0,1763.5,0,1.0,4.0,86,900.0,0.0,-1
326.0,2128.0,-1,-1.0,0.0,89,900.0,10.0,0
77.0,1519.5,5,4.9,4.090000000000001,114,1200.0,0.0,0
-70.0,1734.0,-4,-2.2,7.56,68,900.0,0.0,-1
99.0,1876.5,-5,-4.9,0.09,124,1200.0,0.0,-1
-97.0,1624.5,3,2.4,0.24,57,900.0,0.0,1
-237.0,1939.5,-2,-2.5,0.25,98,900.0,0.0,-1
-322.0,2128.0,-5,-3.5,2.25,84,300.0,15.0,-1
231.0,1939.5,3,2.0,0.2,81,900.0,0.0,1
1415.0,2060.5,0,0.0,0.0,10,900.0,5.0,1
-63.0,1519.5,-2,-1.4,0.24,29,1200.0,0.0,-1
-85.0,1745.5,-11,-2.2,8.760000000000002,86,900.0,0.0,-1
5.0,1667.5,0,0.1,0.49000000000000005,66,900.0,0.0,-1
87.0,1876.5,3,3.0,0.0,119,1200.0,0.0,1
30.0,1952.0,0,-0.3,0.8099999999999999,54,2700.0,45.0,-1
786.0,1583.0,7,6.0,0.6,61,900.0,0.0,1
-68.0,2015.0,-7,-5.3,2.21,86,900.0,0.0,-1
-4.0,1620.0,4,4.0,0.0,59,1200.0,5.0,1
-21.0,1667.5,0,-0.3,0.20999999999999996,49,900.0,0.0,1
-28.0,1678.0,4,3.5,0.25,130,900.0,0.0,-1
110.0,2354.0,-1,-2.7,1.41,77,900.0,0.0,1
79.0,1604.5,-2,-3.2,2.7600000000000002,43,900.0,0.0,1
-67.0,1604.5,-8,-8.0,0.0,114,900.0,0.0,-1
-180.0,1979.0,-1,-1.0,0.0,111,900.0,10.0,1
88.0,2015.0,-12,-5.1,11.690000000000001,88,900.0,0.0,-1
421.0,2625.5,0,0.0,0.0,51,900.0,0.0,1
241.0,2256.5,-1,-0.6,0.24000000000000005,135,900.0,0.0,1
192.0,1171.0,17,8.6,15.24,55,900.0,0.0,1
-412.0,2628.0,2,1.3,1.21,57,900.0,0.0,-1
-12.0,1620.0,6,3.6,2.64,53,1200.0,5.0,1
180.0,1473.0,-1,-0.7,0.8100000000000002,28,900.0,0.0,-1
32.0,1671.0,0,2.5,3.45,54,900.0,0.0,-1
402.0,2631.0,-1,-1.1,0.09,83,900.0,0.0,1
-257.0,1207.5,-21,-19.0,2.6,72,900.0,0.0,-1
53.0,1604.5,0,0.0,0.6,75,900.0,0.0,1
-108.0,2015.0,7,6.4,0.8400000000000001,37,900.0,0.0,1
-392.0,2634.0,-4,-0.4,2.64,32,900.0,0.0,-1
75.0,1876.5,5,4.5,0.25,71,1200.0,0.0,1
381.0,2637.5,2,1.1,0.09,81,900.0,0.0,1
485.0,1443.5,8,2.0,5.4,41,900.0,0.0,1
-428.0,2623.0,1,1.0,0.0,46,900.0,0.0,0
-20.0,1596.0,-28,-22.4,13.440000000000001,104,900.0,0.0,-1
418.0,2626.0,0,-0.3,0.8100000000000002,83,900.0,0.0,1
475.0,2138.5,3,1.6,2.4399999999999995,55,900.0,0.0,1
201.0,1680.5,15,9.4,19.84,43,900.0,0.0,1
238.0,1516.0,20,17.6,13.440000000000001,85,900.0,2.0,1
-470.0,2609.0,1,1.0,0.0,87,900.0,0.0,0
-15.0,1670.5,-4,-3.3,0.21000000000000002,42,900.0,0.0,-1
78.0,1818.0,-3,-2.6,0.8400000000000001,50,900.0,0.0,-1
-217.0,1522.5,-25,-20.4,18.84,84,900.0,2.0,-1
4.0,1596.0,10,7.7,8.41,79,900.0,0.0,1
-80.0,1648.0,5,5.5,0.85,105,900.0,0.0,1
-64.0,1818.0,-1,-0.6,2.04,90,900.0,0.0,-1
95.0,1876.5,-4,-4.0,0.0,102,1200.0,0.0,-1
151.0,1513.5,7,7.4,10.440000000000001,99,900.0,0.0,1
-208.0,1472.0,2,1.1,1.29,24,900.0,0.0,-1
-138.0,2272.0,-5,-2.2,9.360000000000001,54,900.0,0.0,-1
-36.0,1859.0,5,2.1,6.890000000000001,121,900.0,0.0,1
55.0,1607.5,-1,0.4,1.8400000000000003,36,900.0,0.0,-1
49.0,1607.5,2,2.0,0.0,69,900.0,0.0,1
-3.0,1625.5,6,6.0,0.0,102,2700.0,0.0,-1
108.0,1520.0,9,3.5,10.45,29,900.0,0.0,1
22.0,1859.0,2,2.0,0.0,81,900.0,0.0,1
-112.0,1520.0,1,1.0,0.0,121,900.0,0.0,0
-385.0,1861.5,-3,-2.2,0.36,112,900.0,0.0,-1
226.0,1588.0,0,0.5,0.25,68,900.0,0.0,-1
178.0,1506.0,-2,3.2,3.16,68,900.0,0.0,-1
124.0,2018.0,-2,-1.7,0.21000000000000002,72,900.0,5.0,-1
-236.0,1588.0,2,2.0,0.0,86,900.0,0.0,0
16.0,1631.0,-3,-1.6,6.639999999999999,54,900.0,0.0,-1
262.0,1588.0,-4,-1.6,1.44,48,900.0,0.0,-1
-256.0,1588.0,-3,-0.5,1.65,30,900.0,0.0,-1
250.0,1588.0,4,1.2,0.9599999999999997,29,900.0,0.0,1
-1.0,1722.5,1,-2.1,6.69,55,900.0,0.0,1
-244.0,1588.0,0,0.0,0.0,42,900.0,0.0,-1
238.0,1588.0,2,-0.7,0.8100000000000002,47,900.0,0.0,1
-232.0,1588.0,-3,-2.7,1.01,46,900.0,0.0,-1
226.0,1588.0,1,0.9,0.09,35,900.0,0.0,1
0.0,1631.0,-2,-0.4,6.840000000000001,114,900.0,0.0,-1
50.0,1754.0,0,-0.4,0.8400000000000001,11,900.0,0.0,1
-218.0,1588.0,-1,-0.9,0.09,54,900.0,0.0,-1
-36.0,1754.0,-6,-6.7,3.81,74,900.0,0.0,-1
210.0,1588.0,4,0.9,1.8900000000000001,27,900.0,0.0,1
-202.0,1588.0,-2,-3.1,7.890000000000001,36,900.0,0.0,-1
194.0,1588.0,6,0.8,3.1600000000000006,17,900.0,0.0,1
-186.0,1588.0,-2,-1.2,2.7600000000000002,42,900.0,0.0,-1
178.0,1588.0,2,-2.8,23.759999999999998,33,900.0,0.0,1
-202.0,1588.0,14,8.4,13.440000000000001,121,900.0,0.0,1
194.0,1588.0,4,2.2,1.3599999999999999,49,900.0,0.0,1
-186.0,1588.0,-6,-0.7,4.41,22,900.0,0.0,-1
178.0,1588.0,2,-1.9,9.29,29,900.0,0.0,1
-19.0,1734.5,12,6.9,12.690000000000001,73,900.0,0.0,1
-170.0,1588.0,-3,-3.0,0.0,56,900.0,0.0,-1
160.0,1588.0,2,1.8,0.7600000000000001,35,900.0,0.0,1
-150.0,1588.0,-3,0.1,1.8900000000000001,32,900.0,0.0,-1
-16.0,1739.0,-5,-2.3,8.010000000000002,27,900.0,0.0,-1
22.0,1625.0,-7,-4.2,1.3599999999999999,64,900.0,0.0,-1
438.0,2156.0,8,7.9,1.29,61,900.0,0.0,1
140.0,1588.0,1,0.3,0.20999999999999996,27,900.0,0.0,1
-130.0,1588.0,-3,-0.6,1.44,28,900.0,0.0,-1
45.0,1744.5,0,2.7,0.8099999999999999,136,900.0,0.0,-1
136.0,1588.0,-1,-1.0,0.0,146,900.0,0.0,0
-126.0,1588.0,-2,0.2,1.3599999999999999,20,900.0,0.0,-1
148.0,1588.0,-8,-8.3,7.010000000000001,42,900.0,0.0,-1
-40.0,1625.0,4,1.2,0.9599999999999997,77,900.0,0.0,1
-138.0,1588.0,-4,-2.2,1.56,46,900.0,0.0,-1
239.0,2255.5,5,4.6,0.24,83,900.0,0.0,1
128.0,1588.0,6,2.5,2.05,43,900.0,0.0,1
-118.0,1588.0,-1,0.7,3.01,36,900.0,0.0,-1
106.0,1588.0,4,0.6,6.839999999999999,33,900.0,0.0,1
-94.0,1588.0,-4,-3.4,0.44000000000000006,58,900.0,0.0,-1
76.0,1585.0,0,0.2,0.16000000000000003,18,1200.0,10.0,1
-62.0,1585.0,-2,-1.5,2.25,57,1200.0,10.0,-1
-162.0,2289.0,-5,-3.6,13.040000000000001,60,900.0,0.0,-1
36.0,1697.0,6,2.8,1.36,51,900.0,0.0,1
277.0,1589.5,-7,-3.8,3.3600000000000003,70,900.0,0.0,-1
82.0,1585.0,-1,-0.6,0.44000000000000006,110,1200.0,10.0,-1
97.0,1769.5,4,0.8,4.5600000000000005,69,900.0,0.0,1
-64.0,1615.0,-9,-9.0,0.0,124,900.0,0.0,-1
163.0,2049.5,-3,-2.6,10.44,67,900.0,0.0,1
-153.0,2049.5,-3,-0.9,1.8900000000000001,104,900.0,0.0,-1
-45.0,2040.5,-1,-1.3,0.21000000000000002,47,900.0,0.0,1
56.0,1560.0,1,-2.4,11.04,59,900.0,0.0,1
-133.0,1889.5,-1,-0.8,0.7600000000000001,22,900.0,0.0,-1
143.0,2049.5,4,3.6,0.24,97,900.0,0.0,1
77.0,1676.5,2,3.5,2.85,55,900.0,0.0,1
31.0,2040.5,7,2.9,8.489999999999998,67,900.0,0.0,1
-266.0,1703.0,1,1.0,0.0,137,900.0,0.0,1
-133.0,2049.5,-2,-0.8,0.9599999999999997,52,900.0,0.0,-1
139.0,2049.5,-3,-2.2,0.15999999999999998,144,900.0,0.0,0
-71.0,1557.5,-3,-3.0,0.0,73,900.0,0.0,1
36.0,1613.0,4,4.5,2.25,61,900.0,0.0,1
-107.0,1510.5,2,4.1,1.89,48,900.0,0.0,-1
46.0,1866.0,5,2.7,3.0100000000000002,67,900.0,0.0,1
-129.0,2049.5,-4,-4.3,0.8099999999999999,54,900.0,0.0,-1
83.0,1876.5,12,4.8,5.76,143,1200.0,0.0,1
-7.0,1703.5,1,1.7,0.21000000000000002,52,900.0,0.0,-1
-47.0,1604.5,-5,-5.6,0.24,46,900.0,0.0,-1
33.0,1604.5,17,11.3,14.010000000000002,89,900.0,0.0,1
176.0,1739.0,24,21.6,13.440000000000001,113,900.0,0.0,1
-59.0,1584.5,-11,-11.0,0.0,79,900.0,0.0,1
119.0,2049.5,7,2.7,2.81,59,900.0,0.0,1
117.0,1480.5,11,6.0,10.8,103,60.0,21.0,1
-49.0,2040.5,2,1.7,0.8100000000000002,51,900.0,0.0,1
-107.0,2049.5,-4,-1.3,0.8100000000000002,34,900.0,0.0,-1
129.0,2049.5,-6,-3.1,3.69,78,900.0,0.0,-1
-20.0,1613.0,-6,-6.3,0.21000000000000002,58,900.0,0.0,-1
-257.0,1948.5,-3,0.6,8.64,50,900.0,0.0,-1
152.0,2289.0,3,2.9,0.09,127,900.0,0.0,1
-119.0,2049.5,-6,-2.6,7.239999999999999,44,900.0,0.0,-1
69.0,2040.5,-5,-5.0,0.0,144,900.0,0.0,-1
125.0,2049.5,1,1.0,0.0,128,900.0,0.0,0
343.0,1712.5,2,2.0,0.0,63,60.0,21.0,1
45.0,1584.5,11,9.3,6.01,113,900.0,0.0,1
-115.0,2049.5,-5,-1.1,2.4899999999999998,60,900.0,0.0,-1
98.0,1676.0,9,8.7,0.21000000000000002,91,900.0,0.0,1
137.0,2049.5,-10,-4.3,14.01,158,900.0,0.0,-1
-9.0,1703.5,7,-0.6,7.239999999999999,43,900.0,0.0,1
-120.0,1676.0,0,0.0,0.0,103,900.0,0.0,1
50.0,1994.0,-4,-0.9,3.29,63,900.0,0.0,1
27.0,1703.5,1,1.1,0.09,82,900.0,0.0,-1
-309.0,1743.5,9,8.3,0.21000000000000002,55,900.0,0.0,1
-159.0,2049.5,5,3.4,0.44000000000000006,99,900.0,0.0,1
149.0,2049.5,1,1.4,8.44,45,900.0,0.0,1
58.0,1643.0,3,-1.0,11.4,37,900.0,0.0,1
108.0,1676.0,9,6.2,12.36,73,900.0,0.0,1
-10.0,1559.0,-1,-0.8,0.9599999999999997,43,900.0,0.0,1
287.0,1680.5,9,0.9,7.290000000000001,39,900.0,0.0,1
44.0,2048.0,8,1.2,16.36,43,900.0,0.0,1
-173.0,2049.5,5,4.1,0.09,151,900.0,0.0,1
-45.0,1703.5,5,1.7,3.01,47,900.0,0.0,1
63.0,1703.5,0,0.0,0.0,22,900.0,0.0,-1
-275.0,1683.5,-2,-1.9,2.09,42,900.0,0.0,-1
164.0,2050.0,8,2.4,6.24,67,900.0,0.0,1
-49.0,1703.5,-2,-2.0,0.0,38,900.0,0.0,-1
-154.0,2050.0,-1,-1.8,0.16,46,900.0,0.0,-1
56.0,1991.0,-3,-2.3,2.41,51,900.0,0.0,1
262.0,1687.0,5,3.5,7.65,45,900.0,0.0,1
144.0,2050.0,3,1.4,0.44000000000000006,99,900.0,0.0,1
-134.0,2050.0,-6,-2.2,8.16,42,900.0,0.0,-1
124.0,2050.0,0,0.1,0.09,35,900.0,0.0,1
-113.0,2050.5,0,-2.3,13.209999999999999,44,900.0,0.0,-1
-58.0,1991.0,1,1.1,0.09,90,900.0,0.0,0
-125.0,1605.5,-5,-6.5,2.25,95,900.0,0.0,1
101.0,2050.5,2,2.0,1.2,45,900.0,0.0,1
-123.0,2050.5,1,0.9,0.09,81,900.0,0.0,1
-159.0,1719.5,18,17.9,0.09,119,900.0,0.0,1
111.0,2050.5,9,1.9,7.889999999999999,45,900.0,0.0,1
-52.0,1662.0,0,-3.2,2.16,53,900.0,0.0,1
-99.0,2050.5,-2,-1.9,0.09,112,900.0,0.0,-1
97.0,1581.5,-13,-2.7,17.01,54,900.0,0.0,-1
449.0,2139.5,9,3.1,17.490000000000002,105,900.0,0.0,1
-27.0,1813.5,1,0.6,0.8400000000000001,33,900.0,0.0,1
96.0,2016.0,0,-1.5,5.25,143,900.0,0.0,1
72.0,1662.0,-2,-1.1,0.09,36,900.0,0.0,-1
198.0,1535.0,-17,-6.3,16.609999999999996,136,900.0,0.0,-1
87.0,2050.5,1,0.5,0.85,23,900.0,0.0,1
-107.0,2050.5,10,2.8,5.76,113,900.0,0.0,1
149.0,1719.5,15,15.5,0.25,71,900.0,0.0,1
81.0,1579.5,1,0.9,0.29000000000000004,27,900.0,0.0,1
-38.0,1646.0,-13,-4.0,10.8,36,900.0,0.0,-1
-5.0,1639.5,7,3.4,5.64,61,900.0,0.0,1
-11.0,1639.5,9,8.2,5.76,125,900.0,0.0,1
-30.0,2042.0,-3,-1.8,7.5600000000000005,50,900.0,0.0,-1
-129.0,1692.5,-3,-4.0,2.8,64,900.0,0.0,-1
195.0,1955.5,2,1.5,4.85,33,900.0,0.0,1
-399.0,2565.5,-3,-1.7,2.61,71,900.0,0.0,-1
404.0,1872.0,-2,-1.9,0.09,43,900.0,0.0,1
-84.0,1682.0,-9,-9.1,0.09,92,900.0,0.0,-1
72.0,1682.0,0,-0.7,0.21000000000000002,45,900.0,0.0,1
-25.0,1608.5,-2,-4.4,5.04,70,900.0,0.0,-1
84.0,1709.0,10,1.8,7.56,61,900.0,0.0,1
-57.0,1938.5,-4,-4.0,0.0,104,2700.0,45.0,0
286.0,1760.0,5,4.5,0.25,55,900.0,0.0,1
-230.0,2171.0,-6,-1.5,2.25,106,900.0,5.0,-1
10.0,1692.0,4,-0.1,2.09,59,900.0,0.0,1
141.0,1578.5,0,0.0,0.0,140,900.0,0.0,0
-272.0,1915.0,4,4.6,2.6399999999999997,77,900.0,0.0,1
-131.0,1578.5,3,2.4,0.8400000000000001,36,900.0,0.0,-1
121.0,1578.5,5,4.2,1.36,53,900.0,0.0,1
-109.0,1578.5,2,1.4,0.64,38,900.0,0.0,-1
97.0,1578.5,2,1.7,0.21000000000000002,129,900.0,0.0,1
-280.0,1760.0,-1,-1.6,0.8400000000000001,65,900.0,0.0,-1
-9.0,1608.5,9,5.3,4.61,50,900.0,0.0,-1
-85.0,1578.5,-2,-2.0,0.0,104,900.0,0.0,-1
105.0,1578.5,-10,-9.0,1.2,84,900.0,0.0,-1
-111.0,1564.5,-7,-7.0,0.0,132,1200.0,10.0,-1
-93.0,1578.5,3,1.7,1.41,40,900.0,0.0,-1
115.0,1578.5,0,-0.3,0.8100000000000002,18,900.0,0.0,-1
12.0,1899.0,2,1.7,0.8100000000000002,36,900.0,15.0,-1
-103.0,1578.5,-3,-1.6,0.44000000000000006,80,900.0,0.0,-1
0.0,1596.0,0,-0.2,0.16000000000000003,18,900.0,0.0,-1
125.0,1578.5,-15,-8.5,14.65,136,900.0,0.0,-1
-147.0,1578.5,0,-0.7,0.21000000000000002,77,900.0,0.0,1
137.0,1578.5,14,7.4,14.040000000000001,29,900.0,0.0,1
-159.0,1578.5,12,5.5,25.65,81,900.0,0.0,1
183.0,1578.5,-16,-8.5,26.45,68,900.0,0.0,-1
-175.0,1578.5,-4,-2.9,2.4899999999999998,76,900.0,0.0,-1
166.0,1509.0,6,2.6,1.44,111,900.0,0.0,1
63.0,1689.5,0,-0.1,0.09,47,900.0,0.0,1
136.0,1563.0,-6,-2.5,4.45,62,1200.0,10.0,-1
183.0,1578.5,0,-0.2,1.7599999999999998,102,900.0,0.0,0
31.0,1642.5,2,2.1,0.09,65,900.0,0.0,1
-786.0,1583.0,-21,-21.0,3.0,82,900.0,0.0,-1
-175.0,1578.5,-8,-1.2,5.76,26,900.0,0.0,-1
199.0,1578.5,-10,-10.0,0.0,120,900.0,0.0,-1
786.0,1583.0,10,5.7,7.81,37,900.0,0.0,1
-191.0,1578.5,-9,-8.7,0.21000000000000002,76,900.0,0.0,-1
-49.0,1611.5,7,4.9,1.89,83,1200.0,0.0,1
224.0,2171.0,-1,-0.9,0.09,59,900.0,5.0,1
104.0,1616.0,12,10.7,1.21,107,900.0,0.0,1
-8.0,1672.0,1,1.8,2.7600000000000002,32,900.0,10.0,-1
-126.0,1616.0,8,8.5,2.25,69,900.0,0.0,1
116.0,1616.0,10,10.8,0.16,81,900.0,0.0,1
-104.0,1616.0,-13,-9.0,16.0,74,900.0,0.0,-1
86.0,1635.0,-18,-10.8,5.76,136,900.0,0.0,-1
-74.0,1635.0,-8,-2.7,3.81,58,900.0,0.0,-1
-11.0,1589.5,15,13.2,2.16,73,900.0,0.0,1
165.0,1527.5,-6,-3.1,10.69,81,900.0,0.0,-1
-786.0,1583.0,-13,-10.3,11.61,32,900.0,0.0,-1
-63.0,1635.5,4,1.2,0.9599999999999997,55,900.0,0.0,1
48.0,1641.0,3,3.3,0.8099999999999999,129,900.0,0.0,1
181.0,1444.5,21,18.9,4.09,45,900.0,0.0,1
-5.0,1589.5,10,6.1,10.29,57,900.0,0.0,1
786.0,1583.0,12,5.2,10.76,45,900.0,0.0,1
-18.0,1648.0,-6,-2.1,10.89,40,900.0,0.0,-1
-786.0,1583.0,-3,-3.1,3.09,66,900.0,0.0,-1
33.0,1615.5,6,5.0,1.2,61,900.0,0.0,1
387.0,2020.5,5,0.2,3.96,27,900.0,5.0,1
387.0,2020.5,-7,-6.4,0.8400000000000001,62,900.0,5.0,-1
454.0,1429.0,5,0.2,2.76,69,900.0,0.0,1
105.0,2064.5,19,9.9,42.89,62,900.0,0.0,1
402.0,1872.0,3,2.1,7.289999999999999,54,900.0,0.0,1
-5.0,1601.5,9,9.0,0.0,213,900.0,0.0,0
387.0,2020.5,0,-0.1,0.09,14,900.0,5.0,-1
397.0,1871.5,0,0.2,0.96,15,900.0,0.0,1
381.0,1331.5,4,0.4,2.04,69,900.0,0.0,1
-44.0,2041.0,0,0.2,0.96,19,900.0,0.0,-1
-511.0,1860.5,-1,-3.6,3.44,50,900.0,0.0,-1
-140.0,1581.0,-6,-1.4,2.4399999999999995,88,900.0,0.0,-1
-652.0,2539.0,-7,-6.3,6.81,90,900.0,1.0,-1
-150.0,1747.0,-2,-1.3,2.21,64,900.0,0.0,-1
-207.0,1611.5,-2,-1.4,0.24,83,900.0,0.0,1
238.0,1929.0,3,0.0,1.8,29,900.0,0.0,1
203.0,2010.5,-1,-1.0,0.0,43,900.0,15.0,1
106.0,1767.0,-3,-2.5,0.25,78,900.0,0.0,-1
-1678.0,2202.0,-5,-3.5,2.25,52,1800.0,0.0,-1
-37.0,1641.5,10,8.8,0.76,115,900.0,0.0,1
143.0,1743.5,2,1.8,0.9599999999999997,53,900.0,0.0,1
-62.0,2041.0,8,2.9,6.29,57,900.0,0.0,1
-129.0,1761.5,11,5.1,7.889999999999999,75,900.0,0.0,1
-332.0,2061.0,3,0.5,6.25,97,600.0,10.0,1
-132.0,1829.0,-2,-2.2,0.36,92,900.0,0.0,-1
48.0,2041.0,3,-1.1,2.09,57,900.0,0.0,1
1678.0,2202.0,3,3.8,0.15999999999999998,27,1800.0,0.0,1
21.0,1641.5,10,7.5,16.25,47,900.0,0.0,1
-34.0,2041.0,-3,-2.9,1.49,58,900.0,0.0,-1
84.0,1847.0,-2,-2.6,3.44,25,900.0,0.0,1
170.0,1752.0,-6,-2.6,4.04,62,900.0,0.0,-1
-113.0,1842.5,2,2.0,0.0,97,900.0,0.0,1
34.0,1591.0,-7,-5.0,1.6,100,900.0,0.0,-1
52.0,2041.0,-5,-5.0,0.0,182,900.0,0.0,-1
110.0,1733.0,0,0.0,0.0,41,900.0,0.0,1
98.0,1613.0,-11,-9.3,3.81,130,900.0,0.0,-1
-38.0,2041.0,-4,-0.2,8.559999999999999,30,900.0,0.0,-1
82.0,1868.0,-5,-2.4,3.04,50,900.0,0.0,-1
363.0,1638.5,7,5.0,10.6,73,900.0,0.0,1
32.0,1820.0,-5,-5.3,0.8099999999999999,54,900.0,0.0,-1
360.0,2061.0,-6,-5.1,0.09,108,600.0,10.0,-1
-437.0,1892.5,-3,-0.1,6.489999999999999,34,900.0,0.0,-1
197.0,1957.5,12,9.3,3.6100000000000003,117,900.0,0.0,1
-420.0,1616.0,1,1.0,0.0,66,900.0,0.0,0
-98.0,1733.0,1,1.0,0.0,98,900.0,0.0,-1
-42.0,1690.0,-14,-6.8,5.76,140,900.0,0.0,-1
-275.0,1219.5,-26,-27.8,2.16,94,900.0,0.0,-1
-77.0,2011.5,-2,-1.1,0.09,94,2700.0,45.0,-1
-230.0,1749.0,-17,-17.0,0.0,112,900.0,2.0,-1
-19.0,1610.5,9,1.7,6.01,121,900.0,0.0,1
184.0,1768.0,0,-0.5,2.25,49,900.0,0.0,1
-230.0,2149.0,-2,0.4,15.24,97,1980.0,33.0,-1
245.0,1794.5,14,6.7,6.01,81,900.0,0.0,1
-271.0,1794.5,18,14.0,16.0,201,900.0,0.0,1
-2.0,1610.0,5,-0.7,11.010000000000002,25,900.0,0.0,1
-159.0,1713.5,9,9.0,0.0,229,900.0,0.0,1
96.0,1646.0,1,1.0,0.0,26,900.0,0.0,-1
265.0,1794.5,14,6.7,6.01,81,900.0,0.0,1
-291.0,1794.5,14,9.1,3.0900000000000003,67,900.0,0.0,1
285.0,1794.5,14,6.7,6.01,81,900.0,0.0,1
-279.0,1794.5,-17,-9.8,5.76,126,900.0,0.0,-1
70.0,1464.0,5,4.2,14.559999999999999,103,600.0,12.0,1
273.0,1794.5,14,6.7,6.01,81,900.0,0.0,1
-267.0,1794.5,-8,-7.2,0.36,98,900.0,0.0,-1
261.0,1794.5,14,6.7,6.01,81,900.0,0.0,1
-255.0,1794.5,-13,-4.9,14.49,100,900.0,0.0,-1
249.0,1794.5,14,6.7,6.01,81,900.0,0.0,1
-243.0,1794.5,-16,-10.4,13.440000000000001,80,900.0,0.0,-1
121.0,1548.5,-8,-7.6,0.8400000000000001,72,900.0,0.0,-1
-291.0,1561.5,-5,-4.9,0.09,41,600.0,12.0,1
237.0,1794.5,14,6.7,6.01,81,900.0,0.0,1
-86.0,1568.0,18,18.0,0.0,119,900.0,0.0,1
-247.0,1794.5,2,2.0,0.0,90,900.0,0.0,0
241.0,1794.5,14,6.7,6.01,81,900.0,0.0,1
-235.0,1794.5,-12,-5.9,18.09,84,900.0,0.0,-1
229.0,1794.5,14,6.7,6.01,81,900.0,0.0,1
-221.0,1794.5,-9,-8.2,0.36,118,900.0,0.0,-1
183.0,1713.5,-12,-10.4,8.44,108,900.0,0.0,-1
213.0,1794.5,14,6.7,6.01,81,900.0,0.0,1
-205.0,1794.5,-12,-4.9,22.89,80,900.0,0.0,-1
197.0,1794.5,14,6.7,6.01,81,900.0,0.0,1
-223.0,1794.5,11,1.7,11.010000000000002,39,900.0,0.0,1
215.0,1794.5,14,6.7,6.01,81,900.0,0.0,1
-20.0,1689.0,-2,-1.7,0.21000000000000002,103,900.0,0.0,1
32.0,1732.0,8,3.2,4.76,111,900.0,0.0,1
74.0,1568.0,5,4.0,9.0,91,900.0,0.0,1
4.0,1689.0,9,8.3,0.21000000000000002,95,900.0,0.0,1
-20.0,1689.0,3,-5.1,7.290000000000001,49,900.0,0.0,1
38.0,1689.0,0,0.0,0.0,42,900.0,0.0,-1
-29.0,1509.5,-19,-17.5,2.25,124,900.0,0.0,-1
-140.0,1968.0,6,2.2,1.7600000000000002,67,900.0,0.0,1
47.0,1509.5,-15,-15.0,0.0,134,900.0,0.0,-1
236.0,1837.0,4,3.1,7.289999999999999,38,900.0,10.0,1
207.0,1715.5,1,1.3,0.8100000000000002,73,3600.0,30.0,1
-361.0,1715.5,-9,-8.2,5.76,226,900.0,0.0,-1
-31.0,1733.5,0,-0.1,0.09,129,900.0,0.0,0
357.0,1715.5,4,2.8,11.16,35,900.0,0.0,1
-71.0,1511.5,8,7.5,0.25,99,900.0,0.0,1
65.0,1941.5,0,0.0,0.0,114,2700.0,45.0,0
-81.0,1847.5,-7,-5.3,3.0100000000000002,42,900.0,0.0,-1
-154.0,1972.0,4,4.0,7.8,71,900.0,0.0,1
91.0,1511.5,-13,-8.2,3.96,48,900.0,0.0,-1
-44.0,1778.0,-8,-0.7,6.01,22,1200.0,0.0,-1
-133.0,1725.5,6,0.3,4.41,41,900.0,0.0,1
287.0,1902.5,8,8.0,0.0,129,900.0,0.0,1
377.0,1747.5,10,10.8,5.76,167,900.0,0.0,1
39.0,1810.5,-4,-3.4,6.24,86,900.0,0.0,-1
-77.0,1569.5,7,1.5,3.85,75,1200.0,5.0,1
-24.0,1957.0,-1,-1.4,2.4400000000000004,84,900.0,0.0,-1
-167.0,1638.5,1,1.0,0.0,163,900.0,0.0,0
779.0,1579.5,16,8.0,7.2,53,900.0,0.0,1
71.0,1876.5,5,4.4,2.2399999999999998,79,1200.0,0.0,1
427.0,2151.5,13,8.0,18.0,85,900.0,0.0,1
97.0,1569.5,-9,-1.9,5.6899999999999995,112,1200.0,5.0,-1
-137.0,1601.5,10,5.2,9.360000000000001,43,900.0,0.0,1
-44.0,1955.0,-2,-2.0,0.0,77,900.0,0.0,1
-85.0,1569.5,-1,0.2,6.959999999999999,24,1200.0,5.0,-1
126.0,1909.0,4,1.6,5.04,91,900.0,0.0,1
73.0,1569.5,2,1.1,1.09,29,1200.0,5.0,1
-59.0,1569.5,-2,0.0,3.8,54,1200.0,5.0,-1
-267.0,2186.5,-10,-2.4,8.639999999999999,68,900.0,0.0,-1
79.0,1569.5,9,2.5,10.65,46,1200.0,5.0,-1
-116.0,1909.0,-2,-2.0,1.8,88,900.0,0.0,-1
-263.0,2351.5,1,1.0,0.0,77,900.0,0.0,1
76.0,1845.0,2,1.9,0.09,115,900.0,5.0,1
-65.0,1569.5,-3,-1.1,3.4900000000000007,51,1200.0,5.0,-1
-176.0,2348.0,-6,-4.8,2.76,85,900.0,0.0,-1
85.0,1569.5,-8,-8.0,0.0,108,1200.0,5.0,-1
227.0,1553.5,18,10.1,7.090000000000001,67,900.0,0.0,1
-218.0,1554.0,-20,-20.0,0.0,58,900.0,0.0,-1
208.0,1555.0,12,8.0,16.0,117,900.0,0.0,1
109.0,2375.5,6,2.4,5.64,129,900.0,0.0,1
-198.0,1556.0,-8,-4.0,2.0,114,900.0,0.0,-1
-331.0,1678.5,0,0.2,0.96,33,900.0,0.0,1
188.0,1557.0,19,16.5,6.25,95,900.0,0.0,1
327.0,1678.5,3,1.9,0.89,23,900.0,0.0,1
-177.0,1558.5,-9,-9.0,0.0,56,900.0,0.0,-1
-323.0,1678.5,-8,-2.8,3.16,64,900.0,0.0,-1
165.0,1559.5,10,6.5,10.25,63,900.0,0.0,1
63.0,2217.5,-4,-1.5,4.85,110,900.0,0.0,-1
-62.0,1845.0,-5,-1.1,1.89,86,900.0,5.0,-1
-30.0,1590.0,0,0.7,0.61,43,1200.0,5.0,-1
319.0,1678.5,1,1.0,0.0,41,900.0,0.0,1
-425.0,2151.5,-20,-14.4,13.440000000000001,138,900.0,0.0,-1
-184.0,2030.0,9,0.9,7.290000000000001,83,900.0,0.0,1
64.0,1603.0,20,9.9,21.29,121,900.0,0.0,1
-315.0,1678.5,-4,-2.5,7.65,26,900.0,0.0,-1
81.0,1881.5,-16,-15.2,5.76,144,1200.0,0.0,-1
-779.0,1579.5,-12,-7.6,5.64,48,900.0,0.0,-1
-50.0,1603.0,-15,-13.3,5.41,60,900.0,0.0,-1
779.0,1579.5,1,0.3,0.20999999999999996,39,900.0,0.0,1
311.0,1678.5,2,-0.7,0.8100000000000002,93,900.0,0.0,1
70.0,1603.0,-12,-9.3,0.8099999999999999,86,900.0,0.0,-1
407.0,1923.5,2,2.5,2.25,52,900.0,0.0,0
-90.0,1603.0,2,2.0,0.0,109,900.0,0.0,1
94.0,1603.0,0,-0.9,7.290000000000001,193,900.0,0.0,0
-233.0,1708.5,8,6.7,4.01,75,900.0,0.0,1
-87.0,1763.5,-28,-20.8,9.36,34,900.0,0.0,-1
-116.0,1603.0,9,8.2,1.3599999999999999,129,900.0,0.0,1
-112.0,1579.0,-7,-3.9,1.49,54,900.0,5.0,-1
104.0,1603.0,13,9.7,14.010000000000002,125,900.0,0.0,1
249.0,1713.5,-3,-1.9,3.69,70,900.0,0.0,-1
-92.0,1603.0,2,1.8,1.3600000000000003,70,900.0,0.0,-1
112.0,1579.0,1,0.5,0.25,55,900.0,5.0,1
112.0,1603.0,-11,-3.8,5.76,132,900.0,0.0,-1
119.0,1902.5,6,5.7,0.41,108,900.0,0.0,1
296.0,1743.0,16,13.6,13.440000000000001,83,900.0,3.0,1
-134.0,1603.0,10,6.1,7.6899999999999995,91,900.0,0.0,1
244.0,1513.0,-14,-9.1,3.0900000000000003,80,900.0,5.0,-1
124.0,1603.0,12,8.0,16.0,79,900.0,0.0,1
69.0,1881.5,13,8.3,22.81,139,1200.0,0.0,1
-112.0,1603.0,-4,-4.0,0.0,190,900.0,0.0,-1
-282.0,1699.0,-11,-6.2,2.7600000000000002,104,900.0,0.0,-1
104.0,1830.0,8,7.8,0.36,55,900.0,0.0,1
100.0,1603.0,4,1.0,3.0,31,900.0,0.0,1
68.0,1745.0,-8,-4.9,14.49,91,900.0,0.0,-1
-88.0,1603.0,-9,-6.8,2.16,114,900.0,0.0,-1
113.0,1777.5,-1,-2.4,0.44000000000000006,65,900.0,0.0,1
90.0,1566.0,-1,-1.0,0.0,95,900.0,0.0,0
76.0,1603.0,3,1.1,7.489999999999999,133,900.0,0.0,1
-244.0,1513.0,-3,-2.5,2.25,76,900.0,5.0,-1
-130.0,1488.0,-6,-4.2,2.16,30,900.0,0.0,-1
446.0,2140.0,-2,-0.5,4.05,67,900.0,0.0,1
184.0,1928.0,-4,-4.0,0.0,66,900.0,0.0,-1
-62.0,1603.0,-4,-4.0,5.0,72,900.0,0.0,-1
-135.0,1777.5,8,7.9,0.09,75,900.0,0.0,1
-92.0,1830.0,-9,-8.7,0.8099999999999999,108,900.0,0.0,-1
244.0,1513.0,10,4.6,12.64,99,900.0,5.0,1
-88.0,1745.0,7,-0.7,6.8100000000000005,55,900.0,0.0,1
-78.0,1566.0,0,-0.6,8.64,24,900.0,0.0,-1
-105.0,1903.5,-13,-7.3,14.01,79,900.0,0.0,-1
64.0,1566.0,1,0.7,0.8099999999999999,22,900.0,0.0,1
102.0,1779.0,1,0.5,0.85,17,900.0,0.0,1
93.0,1903.5,11,2.9,7.289999999999999,67,900.0,0.0,1
76.0,1745.0,3,1.2,7.56,57,900.0,0.0,1
-95.0,1671.5,13,7.5,3.85,85,900.0,0.0,1
55.0,1881.5,7,6.1,0.09,97,1200.0,0.0,1
83.0,1671.5,0,0.3,0.8100000000000002,33,900.0,0.0,1
-103.0,1671.5,5,3.5,2.25,35,900.0,0.0,1
253.0,1506.5,-13,-6.5,19.65,106,900.0,0.0,-1
-115.0,1903.5,2,2.0,0.0,165,900.0,0.0,1
-246.0,1507.0,-5,-2.8,2.76,46,900.0,0.0,-1
239.0,1507.5,3,-1.7,2.6100000000000003,87,900.0,0.0,1
-232.0,1508.0,-9,-1.0,7.2,26,900.0,0.0,-1
225.0,1508.5,12,9.2,1.36,69,900.0,0.0,1
191.0,1615.5,3,1.3,7.01,55,1800.0,12.0,1
-158.0,1778.0,9,3.8,11.760000000000002,107,900.0,0.0,1
0.0,1776.0,-20,-19.9,0.09,92,900.0,0.0,-1
-24.0,1811.0,-11,-9.4,6.24,106,900.0,0.0,-1
-20.0,1778.0,15,12.6,13.440000000000001,121,900.0,0.0,1
-142.0,1914.0,-3,-1.5,1.05,45,2700.0,45.0,1
-51.0,1604.5,-5,-4.4,1.44,34,1800.0,12.0,-1
45.0,1809.5,-6,-5.9,9.290000000000001,54,900.0,0.0,-1
0.0,1776.0,9,6.7,3.0100000000000002,65,900.0,0.0,1
25.0,1601.5,-5,-3.7,13.810000000000002,82,900.0,0.0,-1
-135.0,1625.5,-10,-9.9,0.09,58,900.0,0.0,-1
-42.0,1804.0,-16,-16.0,0.0,132,900.0,0.0,-1
-348.0,1382.0,-3,-1.7,2.6100000000000003,80,900.0,0.0,-1
-415.0,1499.5,-5,-5.5,2.25,104,900.0,10.0,-1
-127.0,1624.5,4,0.8,4.16,26,900.0,0.0,-1
-95.0,1598.5,7,7.1,0.09,88,900.0,0.0,1
132.0,1914.0,0,0.6,2.2399999999999998,45,2700.0,45.0,1
-126.0,1740.0,3,2.4,0.8400000000000001,39,900.0,0.0,1
28.0,1804.0,13,12.2,5.76,133,900.0,0.0,1
206.0,1696.0,12,10.8,8.76,27,900.0,0.0,1
83.0,1598.5,10,6.7,9.809999999999999,51,900.0,0.0,1
-417.0,1411.5,-16,-6.7,10.21,66,900.0,0.0,-1
-61.0,1601.5,-2,-3.0,7.4,55,900.0,0.0,-1
109.0,1142.5,30,29.4,0.44000000000000006,111,900.0,0.0,1
-232.0,1696.0,0,-1.2,0.36,77,900.0,0.0,1
186.0,1523.0,10,7.3,3.41,71,900.0,0.0,1
-110.0,1805.0,-4,-2.4,2.6399999999999997,60,900.0,0.0,-1
-167.0,1746.5,4,-0.8,2.76,91,900.0,0.0,1
-86.0,1823.0,-1,-0.9,0.09,103,900.0,0.0,1
-140.0,1541.0,-17,-14.3,0.8099999999999999,84,900.0,0.0,-1
412.0,1404.0,10,5.5,11.65,49,900.0,0.0,1
47.0,1601.5,9,1.0,7.2,13,900.0,0.0,1
12.0,1954.0,0,-0.2,0.16000000000000003,114,900.0,5.0,-1
62.0,1818.0,0,0.0,0.0,131,900.0,0.0,1
37.0,1589.5,-3,-2.7,0.21000000000000002,78,900.0,0.0,-1
232.0,1434.0,-3,-4.4,6.640000000000001,82,900.0,0.0,-1
145.0,1768.5,-2,0.3,1.41,52,900.0,0.0,-1
359.0,1652.5,19,16.7,10.41,135,900.0,0.0,1
-22.0,1657.0,0,1.2,0.36,94,900.0,0.0,-1
86.0,1799.0,9,5.3,1.61,101,900.0,0.0,1
84.0,1592.0,1,-2.7,6.81,71,1200.0,0.0,1
-21.0,1589.5,-15,-9.0,13.2,44,900.0,0.0,-1
-56.0,1851.0,2,-0.2,2.7600000000000002,59,900.0,0.0,1
-104.0,1592.0,-4,-1.3,2.0100000000000002,33,900.0,0.0,1
-17.0,1803.5,1,-6.4,14.24,130,900.0,0.0,-1
5.0,1589.5,13,10.7,5.61,63,900.0,0.0,1
19.0,1645.5,3,1.9,2.29,52,1200.0,0.0,-1
-173.0,1770.5,8,5.6,1.44,61,900.0,0.0,1
-80.0,1852.0,8,2.9,13.290000000000001,87,900.0,5.0,1
4.0,1954.0,-9,-2.9,14.89,142,900.0,5.0,-1
-87.0,1560.5,-5,-2.3,0.8099999999999999,46,900.0,0.0,-1
103.0,1597.5,11,6.5,2.25,53,900.0,0.0,1
427.0,1838.5,16,6.9,11.09,61,900.0,0.0,1
1.0,1803.5,10,8.7,6.8100000000000005,97,900.0,0.0,1
-5.0,1551.5,18,12.3,12.209999999999999,37,900.0,0.0,1
-14.0,1692.0,-9,-7.1,1.29,80,900.0,0.0,-1
-11.0,1551.5,4,0.8,2.3600000000000003,31,900.0,0.0,1
-80.0,1603.0,-12,-9.0,4.0,84,900.0,0.0,-1
-20.0,1954.0,3,4.1,7.6899999999999995,107,900.0,5.0,1
-2.0,1692.0,2,2.0,0.0,99,900.0,0.0,1
-17.0,1803.5,-3,-3.4,2.4399999999999995,65,900.0,0.0,1
-237.0,1441.5,-10,-5.0,24.8,55,900.0,0.0,-1
112.0,1649.0,12,8.5,5.25,83,900.0,0.0,1
153.0,2042.5,9,7.3,6.01,111,900.0,0.0,1
18.0,1692.0,-2,-0.9,1.29,36,900.0,0.0,-1
-18.0,1692.0,-3,-2.2,0.15999999999999998,138,900.0,0.0,0
-296.0,1617.0,6,6.5,0.25,109,900.0,0.0,1
-128.0,1621.0,-1,-1.0,0.0,70,900.0,0.0,0
38.0,1954.0,-3,-2.3,11.009999999999998,72,900.0,5.0,-1
290.0,1617.0,4,2.1,12.290000000000001,73,900.0,0.0,1
-459.0,1787.5,-8,-7.9,0.09,54,900.0,0.0,-1
-141.0,1548.5,-1,-0.5,0.25,104,2700.0,0.0,-1
66.0,1723.0,5,0.5,2.25,63,900.0,0.0,1
0.0,1693.0,1,-0.4,2.4399999999999995,51,900.0,0.0,1
-181.0,1898.5,2,2.0,0.0,97,900.0,0.0,0
311.0,1742.5,7,6.3,1.21,137,900.0,0.0,0
-63.0,2007.5,2,2.1,0.09,52,900.0,0.0,-1
-143.0,2042.5,-1,-1.3,0.21000000000000002,88,900.0,0.0,-1
292.0,1753.0,14,6.7,6.01,81,900.0,0.0,1
-286.0,1753.0,-7,-7.0,0.0,118,900.0,0.0,-1
125.0,1625.5,8,7.9,3.29,51,900.0,0.0,1
389.0,1810.5,0,0.3,0.8100000000000002,19,1200.0,0.0,1
49.0,2007.5,9,4.1,8.49,57,900.0,0.0,1
280.0,1753.0,10,4.3,14.01,125,900.0,0.0,1
35.0,1538.5,16,11.5,2.25,73,900.0,0.0,1
-274.0,1753.0,-5,-5.0,0.0,82,900.0,0.0,-1
-153.0,1889.5,0,0.0,0.0,72,900.0,0.0,-1
268.0,1753.0,14,6.3,8.81,89,900.0,0.0,1
-69.0,2007.5,9,7.5,6.45,165,900.0,0.0,1
437.0,1776.5,10,7.3,3.41,53,900.0,0.0,1
23.0,1649.5,8,5.1,8.690000000000001,125,900.0,0.0,1
-278.0,1753.0,-10,-9.5,0.25,108,900.0,0.0,0
272.0,1753.0,8,8.0,0.0,89,900.0,0.0,1
-40.0,1954.0,0,0.0,0.0,92,900.0,5.0,0
-12.0,1086.0,-6,-11.0,5.8,79,900.0,0.0,1
46.0,1983.0,-2,-1.1,7.289999999999999,88,900.0,0.0,-1
120.0,2306.0,2,2.0,0.0,35,900.0,0.0,0
-32.0,1983.0,-5,-4.3,0.21000000000000002,102,900.0,0.0,-1
-141.0,1625.5,-4,-4.0,0.0,201,900.0,0.0,0
50.0,1983.0,-5,-4.3,1.01,66,900.0,0.0,-1
655.0,1392.5,1,1.0,0.0,38,900.0,0.0,-1
-701.0,2015.5,0,-0.9,7.290000000000001,62,900.0,0.0,-1
-36.0,1983.0,-5,-4.2,0.36,96,900.0,0.0,-1
22.0,1983.0,-1,-1.9,0.89,77,900.0,0.0,1
55.0,2007.5,0,0.0,0.0,51,900.0,0.0,1
-6.0,1983.0,0,-0.8,0.16,120,900.0,0.0,-1
78.0,2011.0,0,-0.6,2.24,49,900.0,0.0,1
-10.0,1983.0,5,4.5,0.25,65,900.0,0.0,1
-57.0,2007.5,0,-0.3,9.809999999999999,45,900.0,0.0,0
28.0,1983.0,-5,-3.9,0.49000000000000005,90,900.0,0.0,-1
-12.0,1983.0,-6,-1.4,9.84,86,900.0,0.0,-1
-1637.0,1611.5,-9,-8.7,0.8099999999999999,52,900.0,0.0,-1
43.0,2007.5,1,0.3,0.20999999999999996,81,900.0,0.0,1
84.0,1924.0,6,6.0,0.0,95,900.0,0.0,1
-4.0,1983.0,1,1.0,0.0,111,900.0,0.0,1
22.0,1983.0,-9,-1.8,5.76,78,900.0,0.0,-1
-425.0,2152.5,-13,-10.4,3.04,150,900.0,0.0,-1
-40.0,1983.0,1,0.4,0.24000000000000005,93,900.0,0.0,1
26.0,2044.0,-1,-1.0,0.0,138,900.0,0.0,-1
58.0,1983.0,-1,-0.9,0.09,88,900.0,0.0,-1
11.0,1541.5,15,13.9,0.89,69,900.0,0.0,1
-114.0,1904.0,1,-1.3,4.409999999999999,86,900.0,0.0,-1
-224.0,1975.0,5,6.0,0.2,76,900.0,0.0,1
753.0,2388.5,3,0.2,0.96,17,900.0,5.0,1
7.0,1604.5,7,7.0,0.0,133,900.0,0.0,1
-178.0,1964.0,-5,-4.5,0.25,76,900.0,0.0,-1
-58.0,2032.0,8,5.1,9.09,49,900.0,0.0,1
-3.0,2040.5,-6,-7.6,0.6399999999999999,152,900.0,0.0,-1
44.0,2032.0,2,2.0,0.2,87,900.0,0.0,1
158.0,1748.0,-2,-1.3,0.21000000000000002,117,900.0,0.0,1
224.0,2168.0,0,0.0,0.0,117,900.0,0.0,1
17.0,1616.5,-3,-2.6,0.8400000000000001,40,900.0,0.0,-1
445.0,2141.5,-4,-1.2,2.36,49,900.0,0.0,1
-220.0,1941.0,8,0.8,7.760000000000001,75,900.0,0.0,1
145.0,1539.5,-8,-6.9,2.49,108,900.0,0.0,-1
69.0,2001.5,4,3.8,2.16,103,900.0,0.0,1
-30.0,2032.0,-2,-0.7,6.21,38,900.0,0.0,-1
-50.0,1668.0,0,-0.9,7.290000000000001,120,1200.0,0.0,-1
66.0,1791.0,7,8.2,1.9600000000000002,77,900.0,0.0,1
14.0,2032.0,-1,-1.5,2.25,39,900.0,0.0,1
106.0,2305.0,1,2.1,1.6900000000000002,113,900.0,0.0,1
-66.0,1665.0,-12,-11.0,0.6,108,900.0,0.0,-1
16.0,1843.0,7,7.0,0.2,131,900.0,0.0,1
68.0,1588.0,-5,0.7,14.01,88,900.0,0.0,-1
-38.0,1700.0,0,-0.9,0.29000000000000004,66,900.0,0.0,1
2.0,1615.0,-10,-2.4,7.4399999999999995,58,900.0,0.0,-1
-34.0,1843.0,1,0.3,0.20999999999999996,79,900.0,0.0,1
-191.0,1760.5,-1,2.7,1.61,140,900.0,0.0,-1
-98.0,1593.0,9,8.2,5.76,181,900.0,0.0,1
56.0,1700.0,-3,-0.3,0.8100000000000002,22,900.0,0.0,-1
-73.0,1698.5,0,0.4,0.24000000000000005,109,900.0,0.0,1
-150.0,1792.0,1,1.5,2.25,71,900.0,0.0,1
35.0,2030.5,-10,-7.1,6.890000000000001,114,900.0,0.0,-1
52.0,1843.0,-7,-7.5,0.25,120,900.0,0.0,-1
588.0,1659.0,7,3.8,7.960000000000001,37,900.0,0.0,1
-122.0,1597.0,7,-1.2,24.36,57,900.0,0.0,1
98.0,2075.0,1,1.0,0.0,122,900.0,0.0,-1
59.0,1698.5,-1,-0.5,0.25,75,900.0,0.0,1
-54.0,1843.0,0,0.0,0.0,101,900.0,0.0,0
195.0,1622.5,-2,0.6,2.4400000000000004,64,900.0,0.0,-1
-735.0,1736.5,-17,-16.1,1.8900000000000001,36,900.0,0.0,-1
-238.0,1536.0,8,1.7,19.21,79,900.0,0.0,1
-79.0,1698.5,7,-0.1,6.6899999999999995,21,900.0,0.0,1
129.0,1578.5,-21,-18.6,13.440000000000001,190,900.0,0.0,-1
611.0,2558.5,5,1.6,1.44,71,900.0,1.0,1
-86.0,2075.0,-9,-2.8,8.16,58,900.0,0.0,-1
19.0,2030.5,3,4.4,2.44,82,900.0,0.0,1
-65.0,1698.5,2,3.4,0.44000000000000006,74,900.0,0.0,-1
-249.0,1193.5,-13,-3.9,12.69,70,900.0,0.0,-1
106.0,2075.0,-1,0.4,2.4399999999999995,42,900.0,0.0,-1
-35.0,1640.5,-3,-2.7,0.8099999999999999,32,900.0,0.0,-1
195.0,1631.5,-9,-9.0,0.0,94,900.0,0.0,-1
-357.0,1694.5,-8,-7.6,1.8399999999999999,86,900.0,0.0,-1
131.0,1140.5,31,22.2,20.56,91,900.0,0.0,1
51.0,1698.5,9,0.6,8.64,47,900.0,0.0,1
-94.0,2075.0,-3,-2.4,0.8400000000000001,102,900.0,0.0,-1
-37.0,1698.5,-2,-0.1,7.089999999999999,34,900.0,0.0,-1
36.0,1525.0,-4,-4.0,0.0,74,900.0,0.0,-1
55.0,1698.5,0,0.4,2.04,66,900.0,0.0,-1
-331.0,1705.5,-4,-5.5,6.45,78,900.0,0.0,-1
-211.0,1616.5,-4,-3.1,0.09,98,900.0,0.0,-1
-356.0,1860.0,-8,-7.6,0.24,47,900.0,0.0,-1
128.0,1586.0,14,5.6,8.639999999999999,63,900.0,0.0,1
-174.0,1523.0,-6,-3.6,5.040000000000001,23,900.0,0.0,-1
-158.0,1954.0,-19,-18.2,5.76,166,900.0,0.0,-1
17.0,1654.5,-2,-2.4,1.44,51,900.0,0.0,1
-134.0,1586.0,-9,-9.0,0.0,71,900.0,0.0,0
162.0,1524.0,1,-0.2,0.36000000000000004,31,900.0,0.0,1
-9.0,1983.5,1,1.0,0.0,74,2700.0,45.0,1
-50.0,1754.0,-4,-4.0,0.0,90,900.0,0.0,-1
-111.0,1136.5,-27,-26.4,0.44000000000000006,98,900.0,0.0,-1
-57.0,1693.5,-1,-0.7,0.61,124,900.0,0.0,-1
459.0,1422.5,10,1.3,8.609999999999998,43,900.0,0.0,1
89.0,1764.5,14,11.8,5.5600000000000005,46,900.0,0.0,1
139.0,1796.5,4,3.0,0.6,83,900.0,0.0,1
-16.0,1665.0,4,3.6,0.8400000000000001,75,900.0,0.0,1
402.0,2561.0,1,1.1,0.09,114,900.0,0.0,1
-64.0,1675.0,9,1.7,8.61,57,900.0,0.0,1
87.0,1692.5,-3,-2.4,1.44,77,900.0,0.0,1
201.0,1761.5,0,0.3,0.8100000000000002,18,900.0,0.0,1
405.0,2011.5,7,4.5,0.85,47,900.0,1.0,1
199.0,1965.5,9,5.6,12.64,127,900.0,0.0,1
405.0,2011.5,-1,-0.3,0.20999999999999996,41,900.0,1.0,-1
-763.0,1571.5,-18,-16.7,6.8100000000000005,102,900.0,0.0,-1
405.0,2011.5,1,1.0,0.0,76,900.0,1.0,-1
-237.0,2166.5,-2,-2.0,0.0,123,900.0,0.0,0
134.0,1137.0,1,-1.4,1.44,80,900.0,0.0,-1
405.0,2011.5,-3,-0.3,0.8100000000000002,32,900.0,1.0,-1
263.0,2166.5,-1,-0.3,0.20999999999999996,106,900.0,0.0,-1
4.0,2027.0,0,-0.8,2.16,63,900.0,0.0,-1
-22.0,2027.0,1,0.6,0.8400000000000001,103,900.0,0.0,1
-169.0,1545.5,0,-0.1,0.09,30,900.0,2.0,-1
88.0,1555.0,3,1.8,0.9599999999999997,41,900.0,0.0,1
-93.0,2082.5,2,2.0,0.0,204,900.0,0.0,0
-15.0,2034.5,1,1.0,0.0,125,900.0,0.0,1
-197.0,2261.5,-8,-6.6,2.04,82,900.0,0.0,-1
-1.0,2034.5,-1,-0.5,4.45,37,900.0,0.0,1
-47.0,2329.5,-5,-2.6,0.8400000000000001,64,900.0,0.0,-1
445.0,1905.5,-4,-5.2,0.96,85,900.0,0.0,1
-124.0,1137.0,-16,-16.0,0.0,156,900.0,0.0,-1
-335.0,2143.5,-1,-1.0,0.0,84,900.0,5.0,-1
130.0,1137.0,32,27.0,9.2,111,900.0,0.0,0
25.0,1609.5,-4,0.0,4.0,54,900.0,0.0,-1
174.0,1508.0,2,0.8,2.1599999999999997,49,900.0,0.0,1
325.0,2140.5,4,2.6,3.8400000000000007,57,900.0,5.0,1
-183.0,1541.5,-6,-4.5,5.25,52,900.0,0.0,-1
172.0,1543.0,8,2.9,9.09,45,900.0,0.0,1
-314.0,2137.0,-3,-3.1,4.890000000000001,148,900.0,5.0,-1
-183.0,1541.5,3,3.0,0.0,38,900.0,0.0,0
171.0,1543.5,-2,-1.3,1.21,29,900.0,0.0,1
-122.0,1529.0,-7,-4.6,1.44,45,900.0,0.0,-1
33.0,2329.5,2,2.0,0.0,81,900.0,0.0,1
302.0,2134.0,-4,0.6,8.239999999999998,65,900.0,5.0,1
176.0,1537.0,3,3.6,0.24,53,900.0,0.0,1
-163.0,1538.5,1,1.4,0.24,60,900.0,0.0,-1
149.0,1540.5,7,4.6,13.440000000000001,95,900.0,0.0,1
-288.0,2130.0,-8,-5.4,0.8400000000000001,66,900.0,5.0,-1
155.0,1523.5,-10,-9.2,7.56,32,900.0,0.0,-1
81.0,1661.5,6,4.9,2.8899999999999997,61,900.0,0.0,1
-85.0,2018.5,3,0.0,3.2,75,900.0,5.0,1
-69.0,1661.5,-9,-5.9,13.89,68,900.0,0.0,-1
-140.0,1526.0,-5,0.1,3.69,16,900.0,0.0,-1
177.0,1519.5,-9,-7.4,3.6399999999999997,60,900.0,0.0,-1
282.0,1809.0,4,4.0,0.2,85,900.0,0.0,1
-7.0,1522.5,-7,-7.0,0.0,108,900.0,0.0,-1
66.0,1667.0,0,0.0,0.0,31,900.0,0.0,1
-98.0,1921.0,3,2.3,1.21,60,900.0,5.0,-1
25.0,1522.5,-2,-2.0,0.0,72,900.0,0.0,-1
-216.0,1512.0,13,6.9,26.29,45,900.0,0.0,1
-82.0,1665.0,-3,-3.3,8.609999999999998,91,900.0,0.0,1
70.0,1665.0,10,9.2,0.76,131,900.0,0.0,1
-74.0,1665.0,-1,-1.0,0.0,136,900.0,0.0,0
-9.0,1522.5,-3,-3.0,0.0,82,900.0,0.0,-1
27.0,1522.5,-4,-4.2,6.959999999999999,80,900.0,0.0,-1
88.0,2388.0,1,1.0,0.0,247,900.0,0.0,0
-45.0,1522.5,1,0.9,0.09,43,900.0,0.0,1
63.0,1522.5,-1,-0.4,0.24000000000000005,52,900.0,0.0,-1
-67.0,1522.5,-3,-1.2,5.96,104,900.0,0.0,0
543.0,1761.5,10,6.1,7.290000000000001,53,900.0,0.0,1
83.0,1948.5,0,-0.9,0.09,127,2700.0,45.0,0
-328.0,1850.0,-6,-6.6,2.2399999999999998,54,900.0,0.0,-1
48.0,1878.0,-2,-3.5,7.65,59,1200.0,0.0,1
-92.0,1592.0,-1,-0.8,0.16,65,900.0,0.0,1
-121.0,1741.5,1,1.3,0.8100000000000002,90,1200.0,0.0,-1
225.0,1607.5,8,6.0,6.0,54,900.0,0.0,1
112.0,1592.0,-15,-7.9,5.6899999999999995,140,900.0,0.0,-1
-143.0,1543.5,-11,-10.1,0.09,118,900.0,0.0,-1
66.0,1878.0,-17,-9.8,5.76,160,1200.0,0.0,-1
-100.0,1592.0,-3,-2.9,0.09,66,900.0,0.0,-1
-227.0,1611.5,-8,-3.5,2.25,56,900.0,0.0,-1
-42.0,1658.0,0,0.3,0.8100000000000002,30,900.0,2.0,-1
122.0,1592.0,-12,-7.1,18.89,38,900.0,0.0,-1
-110.0,1592.0,3,3.0,0.0,92,900.0,0.0,-1
-73.0,1673.5,3,0.9,26.29,71,900.0,0.0,1
86.0,1842.0,-2,-1.9,0.09,92,900.0,0.0,-1
-323.0,1785.5,-11,-12.6,2.44,82,900.0,0.0,-1
-77.0,1681.5,-9,-8.1,1.29,70,900.0,0.0,-1
319.0,1785.5,15,9.4,15.440000000000001,55,900.0,0.0,1
-315.0,1785.5,-16,-13.6,13.440000000000001,94,900.0,0.0,-1
53.0,1676.5,5,5.0,3.0,51,900.0,0.0,1
109.0,1741.5,-2,-1.7,0.21000000000000002,71,1200.0,0.0,1
311.0,1785.5,6,6.0,0.0,145,900.0,0.0,1
-55.0,1676.5,-9,-9.0,0.0,162,900.0,0.0,0
323.0,1635.5,19,16.9,1.8900000000000001,67,900.0,0.0,1
16.0,1895.0,3,1.9,0.6900000000000001,123,1200.0,0.0,1
242.0,2236.0,-8,-7.1,7.290000000000001,93,900.0,0.0,-1
-191.0,1713.5,5,0.5,2.25,79,900.0,0.0,1
19.0,1858.5,3,3.0,0.0,103,900.0,0.0,1
259.0,1928.5,1,2.0,6.4,95,900.0,0.0,1
73.0,1675.5,-3,-3.0,0.0,70,900.0,0.0,-1
-92.0,2305.0,-15,-4.3,25.009999999999998,76,900.0,0.0,-1
44.0,1874.0,10,3.0,23.2,59,1200.0,0.0,1
62.0,1874.0,-21,-14.5,10.65,113,1200.0,0.0,-1
61.0,1577.5,6,3.8,4.36,43,900.0,0.0,1
63.0,1760.5,8,9.7,7.410000000000001,119,1200.0,0.0,1
-93.0,1571.5,8,4.8,4.16,87,900.0,0.0,1
154.0,1557.0,12,3.9,7.289999999999999,89,900.0,0.0,1
80.0,1875.0,-5,-4.7,0.21000000000000002,158,1200.0,0.0,-1
47.0,1838.5,-5,-4.2,2.1599999999999997,80,900.0,0.0,-1
247.0,2227.5,8,4.4,5.64,61,900.0,0.0,1
124.0,1900.0,4,4.2,0.96,71,900.0,0.0,1
358.0,1679.0,8,8.0,0.0,135,900.0,0.0,1
751.0,1565.5,4,0.7,1.4099999999999997,51,900.0,0.0,1
-73.0,1841.5,5,4.1,0.09,87,900.0,0.0,1
70.0,1825.0,0,0.0,0.0,103,900.0,0.0,0
-185.0,1818.5,-12,-7.7,2.21,90,900.0,0.0,-1
-130.0,1900.0,7,7.0,1.2,141,900.0,0.0,0
78.0,1545.0,15,14.5,0.25,117,900.0,0.0,1
-163.0,1957.5,2,0.2,3.56,31,900.0,0.0,1
-98.0,2368.0,-3,-2.7,0.8099999999999999,78,900.0,0.0,-1
-90.0,1825.0,-2,-1.9,0.09,36,900.0,0.0,1
238.0,1917.0,12,6.6,12.64,113,900.0,0.0,1
78.0,1825.0,3,3.1,0.09,57,900.0,0.0,1
-67.0,2063.5,-1,-0.3,1.41,38,900.0,0.0,-1
-46.0,2050.0,4,4.1,0.09,65,900.0,0.0,1
751.0,1565.5,11,7.2,6.959999999999999,115,900.0,0.0,1
510.0,2042.0,5,1.0,4.0,45,900.0,0.0,1
77.0,1678.5,9,4.9,15.690000000000001,195,900.0,0.0,1
-221.0,1912.5,-4,-4.0,0.0,90,900.0,0.0,-1
-21.0,1967.5,16,11.3,18.61,95,900.0,5.0,1
112.0,1849.0,-1,-1.3,0.8100000000000002,39,900.0,0.0,1
-63.0,1678.5,-15,-4.0,16.6,82,900.0,0.0,-1
49.0,1678.5,17,9.8,5.76,111,900.0,0.0,1
-100.0,1849.0,-2,-1.2,7.56,64,900.0,0.0,-1
39.0,1967.5,-6,-2.4,6.840000000000001,86,900.0,5.0,-1
-751.0,1565.5,-12,-11.9,0.09,86,900.0,0.0,-1
-19.0,1800.5,19,17.8,0.36,99,900.0,0.0,1
-25.0,1967.5,-5,-5.0,0.0,96,900.0,5.0,-1
-273.0,2165.5,3,1.2,7.56,131,900.0,0.0,0
103.0,1547.5,-7,-3.5,5.45,50,900.0,0.0,-1
9.0,1967.5,10,7.8,2.16,45,900.0,5.0,1
-46.0,1993.0,-2,0.2,5.96,56,900.0,0.0,-1
-18.0,1671.0,-7,-5.8,0.76,100,900.0,0.0,-1
301.0,2165.5,-4,-4.0,0.0,124,900.0,0.0,-1
36.0,1671.0,-4,-3.7,0.21000000000000002,106,900.0,0.0,-1
80.0,2305.0,6,6.0,0.0,111,900.0,0.0,1
46.0,1901.0,-20,-20.0,0.0,106,1200.0,0.0,-1
-20.0,1671.0,-14,-9.2,11.16,86,900.0,0.0,-1
38.0,1671.0,-14,-7.7,15.809999999999999,144,900.0,0.0,-1
-125.0,1902.5,-2,-1.9,0.09,94,900.0,0.0,-1
-24.0,1671.0,-13,-8.5,10.25,132,900.0,0.0,-1
8.0,1671.0,6,6.0,0.0,109,900.0,0.0,1
-26.0,1671.0,15,6.3,9.809999999999999,123,900.0,0.0,1
-739.0,1571.5,-16,-7.5,29.45,26,900.0,0.0,-1
44.0,1671.0,-9,-6.0,1.8,94,900.0,0.0,-1
-30.0,1671.0,-10,-7.8,9.36,88,900.0,0.0,-1
-182.0,2254.0,-7,-2.5,2.25,44,900.0,0.0,-1
751.0,1565.5,9,4.5,5.65,55,900.0,0.0,1
-751.0,1565.5,-30,-24.6,4.84,50,900.0,0.0,-1
-186.0,1803.0,0,0.0,0.0,117,900.0,3.0,1
88.0,1882.0,1,1.0,0.0,107,1200.0,0.0,0
-209.0,1729.5,-1,-0.6,1.6400000000000001,69,900.0,2.0,1
84.0,1570.0,12,3.1,9.49,97,900.0,0.0,1
12.0,1770.0,-7,-7.3,0.21000000000000002,65,900.0,0.0,1
116.0,1515.0,-2,-2.0,0.0,61,1200.0,0.0,1
9.0,1659.5,-2,-1.4,2.24,72,900.0,0.0,-1
-151.0,1768.5,-9,-6.3,6.21,68,900.0,0.0,-1
751.0,1565.5,13,5.7,25.810000000000002,49,900.0,0.0,1
-296.0,2166.0,-5,-3.3,3.21,50,900.0,0.0,-1
-29.0,1633.5,-8,-5.2,5.5600000000000005,64,900.0,0.0,-1
290.0,2166.0,1,-0.2,1.7599999999999998,47,900.0,0.0,1
51.0,1811.5,6,6.6,0.24,63,900.0,0.0,1
12.0,1514.0,9,0.9,7.290000000000001,37,900.0,0.0,1
-43.0,1722.5,-7,-7.1,0.09,47,1080.0,2.0,1
-293.0,1722.5,0,0.0,0.2,50,900.0,0.0,-1
581.0,2019.5,1,0.0,0.2,29,900.0,0.0,1
-34.0,1656.0,5,5.0,0.0,95,900.0,0.0,1
168.0,1749.0,1,0.7,0.8100000000000002,41,900.0,0.0,1
-56.0,1658.0,-9,-1.0,7.2,30,900.0,0.0,-1
76.0,1658.0,-10,-2.3,28.01,134,900.0,0.0,-1
18.0,1656.0,2,0.5,2.25,93,900.0,0.0,1
-70.0,1660.0,-12,-7.5,2.25,36,900.0,0.0,-1
198.0,1766.0,0,0.0,1.8,25,900.0,0.0,1
-175.0,1681.5,-4,-4.6,0.24,66,900.0,0.0,-1
-423.0,2132.5,-12,-11.0,0.6,112,900.0,0.0,-1
-7.0,1821.5,-10,-5.6,14.64,78,900.0,0.0,-1
-23.0,1622.5,1,0.9,0.09,59,900.0,0.0,1
-9.0,1821.5,10,8.9,0.89,79,900.0,0.0,1
602.0,2734.0,11,8.6,13.440000000000001,155,900.0,0.0,1
174.0,2047.0,0,0.0,0.0,64,900.0,5.0,-1
-81.0,1664.5,-3,-4.4,2.44,67,900.0,0.0,1
402.0,2142.0,4,3.1,1.89,53,900.0,0.0,1
-7.0,1821.5,2,2.4,0.24,81,900.0,0.0,1
-166.0,2047.0,-10,-5.1,5.090000000000001,66,900.0,5.0,-1
-110.0,1817.0,-13,-5.8,5.76,138,900.0,0.0,-1
238.0,2229.0,6,6.0,0.0,59,900.0,0.0,0
14.0,1949.0,1,1.0,0.0,67,900.0,5.0,1
-86.0,1941.0,-2,-1.9,0.09,88,2700.0,45.0,-1
327.0,1848.5,-6,0.0,9.4,45,900.0,0.0,1
254.0,1482.0,2,1.9,0.09,49,900.0,2.0,1
-570.0,1655.0,-2,-2.2,2.16,42,900.0,0.0,-1
-244.0,1484.0,-8,-7.2,0.15999999999999998,74,900.0,2.0,-1
15.0,1680.5,2,-0.6,0.8400000000000001,19,900.0,0.0,1
233.0,1486.5,27,22.0,5.0,77,900.0,2.0,1
-33.0,1680.5,-5,-1.2,7.760000000000001,51,900.0,0.0,1
137.0,1738.5,-2,-0.4,1.8399999999999999,57,900.0,0.0,1
49.0,1793.5,-5,-5.0,0.0,143,900.0,0.0,1
-277.0,1586.5,-1,0.9,1.09,48,900.0,0.0,-1
232.0,2229.0,4,4.2,0.96,55,900.0,0.0,1
-99.0,1575.5,-12,-4.8,5.76,114,900.0,0.0,-1
-42.0,1484.0,21,21.7,0.21000000000000002,129,900.0,0.0,1
96.0,1710.0,1,0.3,2.21,96,900.0,0.0,0
85.0,1664.5,12,8.8,15.36,178,900.0,0.0,0
-36.0,1695.0,-18,-9.3,10.41,86,900.0,0.0,-1
-109.0,1757.5,-7,-5.7,1.01,74,900.0,0.0,-1
-330.0,1595.0,-9,-6.2,0.96,40,900.0,0.0,-1
20.0,1695.0,-4,-4.0,0.0,73,900.0,0.0,1
2.0,1949.0,-2,-1.5,2.25,44,900.0,5.0,-1
-712.0,2675.0,-5,-3.3,2.0100000000000002,100,900.0,0.0,-1
14.0,1949.0,1,1.0,0.0,134,900.0,5.0,-1
44.0,1484.0,0,0.1,0.09,140,900.0,0.0,0
-272.0,1935.0,12,9.3,2.6100000000000003,39,900.0,0.0,1
42.0,1993.0,2,1.2,0.36,77,900.0,0.0,1
2.0,1618.0,-10,-4.3,4.41,60,1200.0,10.0,-1
266.0,1935.0,-1,-3.5,6.25,57,900.0,0.0,1
-30.0,1484.0,-3,-2.9,0.09,74,900.0,0.0,-1
-257.0,1936.5,-2,-1.1,0.09,108,900.0,0.0,-1
402.0,2143.0,8,8.0,0.0,191,900.0,0.0,1
351.0,1321.5,0,-0.2,0.7600000000000001,17,900.0,0.0,1
62.0,1741.0,5,3.1,7.289999999999999,69,900.0,0.0,1
-32.0,1949.0,5,4.5,2.25,103,900.0,5.0,1
88.0,1842.0,-1,-1.8,6.359999999999999,63,900.0,0.0,-1
-71.0,2039.5,1,1.0,0.0,85,900.0,0.0,1
486.0,1869.0,5,4.4,1.44,57,900.0,0.0,1
-80.0,1756.0,1,1.9,0.09,108,900.0,0.0,-1
68.0,1553.0,-8,-8.0,0.0,98,900.0,0.0,0
-870.0,1909.0,-14,-8.0,21.0,100,900.0,0.0,-1
-142.0,1730.0,-2,-1.3,0.21000000000000002,82,900.0,0.0,0
439.0,1677.5,6,1.4,19.240000000000002,49,1200.0,0.0,1
-318.0,1779.0,-11,-11.0,0.0,126,900.0,0.0,-1
108.0,1882.0,-12,-11.0,1.0,164,1200.0,0.0,-1
51.0,1652.5,11,10.5,0.25,81,900.0,0.0,1
166.0,1730.0,0,0.5,10.45,44,900.0,0.0,-1
57.0,2039.5,1,1.0,0.0,95,900.0,0.0,1
-37.0,1652.5,-12,-9.7,0.8099999999999999,114,900.0,0.0,-1
21.0,1652.5,13,12.3,0.21000000000000002,109,900.0,0.0,1
68.0,1756.0,6,5.6,0.43999999999999995,99,900.0,0.0,1
16.0,1603.0,18,17.9,0.09,93,2700.0,0.0,1
-59.0,1849.5,-2,-1.5,2.05,76,900.0,0.0,-1
-30.0,1784.0,1,0.5,2.25,92,900.0,0.0,1
-25.0,1991.5,-1,-1.1,0.09,144,900.0,0.0,-1
-19.0,1704.5,-4,-1.9,1.89,28,900.0,0.0,-1
107.0,1603.5,12,4.2,7.56,31,900.0,0.0,1
164.0,1536.0,7,3.9,11.49,49,900.0,0.0,1
199.0,1908.5,0,0.0,0.0,136,900.0,0.0,0
458.0,1882.0,6,7.8,12.360000000000001,95,900.0,0.0,1
-380.0,1818.0,-12,-7.6,21.240000000000002,53,900.0,0.0,-1
-152.0,1519.0,4,4.0,0.0,57,900.0,0.0,1
-16.0,1949.0,1,1.2,1.56,26,900.0,5.0,-1
210.0,1536.0,-3,-2.8,0.15999999999999998,74,900.0,0.0,-1
34.0,1949.0,-10,-10.0,0.0,150,900.0,5.0,-1
-472.0,1882.0,1,1.0,0.0,100,900.0,0.0,0
29.0,2021.5,3,3.0,0.0,76,900.0,0.0,0
-10.0,1630.0,-5,-5.0,0.0,159,1200.0,10.0,-1
-23.0,1846.5,-2,-2.0,0.0,164,900.0,0.0,-1
-136.0,1676.0,5,3.1,2.49,55,900.0,0.0,1
748.0,1564.0,3,3.1,2.09,65,900.0,0.0,1
621.0,1953.5,0,0.0,0.0,21,900.0,0.0,1
7.0,1846.5,1,0.5,0.25,77,900.0,0.0,1
128.0,1588.0,4,3.9,0.09,47,900.0,0.0,1
-38.0,1678.0,-12,-11.0,0.6,96,900.0,0.0,-1
-299.0,2158.5,-10,-2.3,6.8100000000000005,68,900.0,5.0,-1
-258.0,1564.0,0,0.1,0.09,26,900.0,0.0,-1
-748.0,1564.0,-1,-0.4,0.8400000000000001,34,900.0,0.0,-1
62.0,1681.0,-12,-6.3,4.21,46,900.0,0.0,-1
-48.0,1681.0,-10,-9.5,0.25,148,900.0,0.0,-1
34.0,1681.0,11,2.1,37.89,59,900.0,0.0,1
293.0,2158.5,0,0.1,1.09,24,900.0,5.0,1
-52.0,1681.0,8,7.1,7.290000000000001,75,900.0,0.0,1
529.0,1754.5,-9,-9.0,0.0,85,900.0,0.0,0
-85.0,1760.5,-3,-2.5,2.25,58,900.0,0.0,-1
143.0,1945.5,-7,-6.9,0.09,106,900.0,0.0,-1
46.0,1821.0,0,0.6,2.24,73,900.0,0.0,0
-41.0,1635.5,-3,-2.5,0.25,60,900.0,0.0,-1
-400.0,2143.0,-14,-9.5,20.25,128,900.0,0.0,-1
-275.0,1197.5,-19,-19.0,1.4,48,900.0,0.0,-1
227.0,1177.5,21,15.8,8.56,57,900.0,0.0,1
-145.0,1141.5,-9,-9.0,0.0,186,900.0,0.0,-1
-245.0,1545.5,11,3.8,5.76,129,900.0,0.0,1
-109.0,1832.5,5,0.2,3.3600000000000003,21,900.0,0.0,1
239.0,1545.5,8,6.1,0.49000000000000005,99,900.0,0.0,1
-180.0,2253.0,-6,-1.1,10.09,84,900.0,0.0,-1
-87.0,1728.5,-1,-0.8,0.7600000000000001,36,900.0,0.0,-1
56.0,2052.0,-4,-2.0,3.6,47,900.0,0.0,1
-163.0,1505.5,-3,-1.3,1.4100000000000001,41,900.0,0.0,1
-59.0,1628.5,-6,-2.5,5.25,92,900.0,0.0,-1
-241.0,1895.5,-4,-1.2,0.9599999999999997,60,900.0,0.0,-1
-30.0,1662.0,3,5.4,1.44,119,900.0,0.0,1
45.0,1628.5,2,3.9,1.09,127,900.0,0.0,1
14.0,1662.0,3,1.7,2.8100000000000005,65,900.0,0.0,1
9.0,1626.5,1,1.0,0.0,142,900.0,0.0,0
35.0,1630.5,12,3.6,8.040000000000001,53,900.0,0.0,1
549.0,1936.5,5,0.4,2.8399999999999994,61,1980.0,33.0,1
-112.0,2389.0,18,17.2,5.76,165,900.0,0.0,1
-64.0,1566.0,-2,-4.5,6.25,49,900.0,0.0,1
-573.0,1976.5,-1,-1.9,7.889999999999999,70,900.0,0.0,-1
182.0,1629.0,4,2.6,3.8400000000000007,43,900.0,0.0,1
-17.0,1631.5,-1,-0.1,7.290000000000001,68,900.0,0.0,-1
-235.0,1529.5,-9,-0.2,8.760000000000002,30,900.0,0.0,-1
-58.0,2004.0,4,2.9,14.89,39,2700.0,45.0,1
35.0,1631.5,0,0.1,0.09,44,900.0,0.0,-1
46.0,1373.0,4,3.1,16.29,72,1800.0,0.0,-1
-53.0,1631.5,0,-0.8,2.7600000000000002,59,900.0,0.0,1
26.0,1686.0,7,3.5,5.25,59,1980.0,33.0,1
-720.0,1850.0,-11,-1.7,10.21,32,900.0,0.0,-1
719.0,1849.5,5,3.4,0.44000000000000006,37,900.0,0.0,1
-270.0,1628.0,-6,-5.9,0.29,73,900.0,0.0,-1
213.0,1585.5,-1,-0.1,0.09,82,1980.0,33.0,-1
22.0,1512.0,4,4.0,0.0,69,900.0,0.0,1
204.0,1438.0,-20,-20.0,0.0,88,1800.0,0.0,-1
-260.0,1634.0,-1,-1.0,0.0,82,900.0,0.0,-1
99.0,2388.5,8,0.8,16.56,110,900.0,0.0,1
-149.0,1567.5,9,5.0,19.0,75,900.0,0.0,1
-205.0,1515.5,-7,-2.1,2.8900000000000006,72,900.0,0.0,-1
557.0,1753.5,16,13.6,13.440000000000001,95,900.0,0.0,1
70.0,1672.0,3,3.4,0.8400000000000001,66,900.0,0.0,-1
155.0,1567.5,0,-0.9,7.290000000000001,119,900.0,0.0,0
-145.0,1567.5,-10,-10.0,0.0,87,900.0,0.0,-1
453.0,2077.5,9,4.6,15.24,31,900.0,0.0,1
-90.0,1672.0,24,23.1,1.8900000000000001,63,900.0,0.0,1
114.0,1542.0,-4,-3.3,0.21000000000000002,174,900.0,0.0,-1
110.0,1672.0,-7,-0.5,7.65,64,900.0,0.0,-1
599.0,2563.5,5,4.7,0.8099999999999999,53,900.0,1.0,1
-148.0,1953.0,-12,-8.1,10.89,74,900.0,0.0,-1
138.0,1953.0,13,12.9,0.09,75,900.0,0.0,1
114.0,1572.0,-6,-6.0,0.0,110,900.0,0.0,-1
85.0,1802.5,8,3.2,2.96,41,900.0,0.0,1
79.0,2301.5,0,0.0,0.0,115,900.0,0.0,0
-128.0,1953.0,-12,-11.7,0.8099999999999999,140,900.0,0.0,-1
59.0,1865.5,-12,-12.4,6.04,104,900.0,0.0,-1
218.0,1738.0,4,3.9,0.6900000000000001,46,900.0,0.0,-1
-455.0,2075.5,-1,-0.5,0.85,51,900.0,0.0,-1
748.0,1564.0,2,2.3,0.8099999999999999,83,900.0,0.0,1
-310.0,2162.0,1,0.2,5.76,103,900.0,0.0,1
-748.0,1564.0,-12,-9.8,3.3600000000000003,72,900.0,0.0,-1
28.0,1706.0,0,0.0,0.0,75,900.0,0.0,1
-78.0,1765.0,-2,-2.6,2.24,90,900.0,0.0,-1
-50.0,2052.0,1,0.5,2.25,71,900.0,0.0,1
64.0,1765.0,2,1.5,2.25,71,900.0,0.0,1
413.0,1409.5,17,15.9,0.89,67,900.0,0.0,1
65.0,2301.5,4,0.5,5.25,95,900.0,0.0,1
140.0,1136.0,-2,-2.1,0.09,99,900.0,0.0,0
-3.0,2026.5,-10,-1.8,7.56,90,900.0,0.0,-1
236.0,1737.0,11,6.5,2.25,123,900.0,0.0,1
-171.0,2248.5,-3,-3.0,0.0,80,900.0,0.0,-1
-230.0,1737.0,-5,-4.3,0.21000000000000002,114,900.0,0.0,-1
-13.0,2026.5,0,0.0,0.0,37,900.0,0.0,1
-3.0,2026.5,3,3.0,0.0,89,900.0,0.0,1
-284.0,1604.0,4,3.7,0.21000000000000002,109,900.0,0.0,1
-13.0,2026.5,5,5.0,0.0,171,900.0,0.0,1
-50.0,1609.0,8,0.4,8.639999999999999,61,900.0,0.0,1
282.0,2119.0,-1,-1.1,0.09,91,1980.0,33.0,1
157.0,1545.5,10,5.6,3.04,87,900.0,0.0,1
93.0,1674.5,14,8.4,13.440000000000001,151,900.0,0.0,1
-81.0,1674.5,-8,-8.0,0.0,144,900.0,0.0,-1
-40.0,1773.0,-3,-4.4,8.64,62,900.0,0.0,-1
101.0,1674.5,2,2.5,0.25,38,900.0,0.0,-1
-181.0,1545.5,-1,1.7,5.61,73,900.0,0.0,1
-89.0,1674.5,-8,-6.2,2.16,84,900.0,0.0,-1
373.0,1604.5,7,5.8,0.96,77,600.0,12.0,1
134.0,1961.0,12,9.2,9.959999999999999,89,900.0,0.0,1
-390.0,1406.0,-6,-4.4,0.64,80,900.0,2.0,-1
-77.0,1819.5,1,0.2,2.7600000000000002,87,900.0,0.0,1
-21.0,1436.5,-6,-6.2,6.959999999999999,132,600.0,12.0,-1
97.0,1819.5,-9,-8.5,0.25,82,900.0,0.0,-1
385.0,1406.5,11,2.6,8.64,51,900.0,2.0,1
-380.0,1407.0,0,-1.4,8.639999999999999,64,900.0,2.0,-1
375.0,1407.5,3,0.3,0.8100000000000002,37,900.0,2.0,1
-191.0,1725.5,-6,-6.1,0.09,65,900.0,0.0,1
108.0,1674.0,-4,-3.1,13.889999999999997,52,900.0,0.0,-1
-156.0,1961.0,9,8.5,0.25,133,900.0,0.0,1
28.0,1625.0,-16,-11.5,20.25,106,900.0,0.0,-1
250.0,1969.0,1,1.9,6.090000000000001,109,900.0,0.0,1
48.0,1907.0,21,12.3,24.81,51,900.0,0.0,1
-30.0,1625.0,0,1.6,7.039999999999999,207,900.0,0.0,0
-91.0,1942.5,3,3.0,5.0,80,2700.0,45.0,1
14.0,1625.0,3,3.0,0.0,129,900.0,0.0,1
146.0,1961.0,2,1.5,0.25,79,900.0,0.0,1
-6.0,1584.0,-13,-9.0,16.0,110,900.0,2.0,-1
212.0,1595.0,2,4.0,1.2,59,900.0,0.0,1
91.0,1745.5,-2,-2.0,0.0,42,900.0,0.0,-1
-204.0,1595.0,-7,-7.0,0.0,36,900.0,0.0,-1
669.0,1385.5,-5,-3.5,5.25,30,900.0,0.0,-1
196.0,1595.0,7,4.4,13.24,69,900.0,0.0,1
-220.0,1595.0,10,9.9,0.09,73,900.0,0.0,1
69.0,1815.5,2,0.1,0.49000000000000005,35,900.0,0.0,1
-55.0,1815.5,-4,-3.5,0.25,80,900.0,0.0,-1
3.0,1827.5,12,8.0,16.0,149,900.0,0.0,1
212.0,1595.0,2,0.7,2.6100000000000003,39,900.0,0.0,1
-13.0,1789.5,0,0.0,0.0,31,900.0,0.0,1
-94.0,1542.0,-3,-2.9,0.09,66,900.0,0.0,-1
13.0,1827.5,-14,-10.2,14.559999999999999,112,900.0,0.0,-1
82.0,1542.0,13,12.5,0.25,77,900.0,0.0,1
-102.0,1542.0,28,19.7,17.61,93,900.0,0.0,1
-88.0,1652.0,6,5.2,1.7600000000000002,127,900.0,0.0,1
90.0,1542.0,9,9.0,0.0,131,900.0,0.0,1
76.0,1652.0,12,6.4,13.440000000000001,173,900.0,0.0,1
-78.0,1542.0,-1,-0.1,1.49,54,900.0,0.0,-1
-62.0,1652.0,-6,-1.5,2.25,122,900.0,0.0,-1
64.0,1542.0,11,6.6,2.2399999999999998,79,900.0,0.0,1
82.0,1652.0,1,0.2,0.16000000000000003,178,900.0,0.0,-1
-50.0,1542.0,-3,-1.8,2.16,36,900.0,0.0,-1
3.0,1827.5,-5,-3.8,0.36,164,900.0,0.0,-1
-70.0,1652.0,-11,-8.5,3.05,92,900.0,0.0,-1
36.0,1542.0,8,8.2,0.16,119,900.0,0.0,1
74.0,1652.0,0,1.0,7.2,196,900.0,0.0,0
-22.0,1542.0,-9,-2.1,7.290000000000001,54,900.0,0.0,-1
-60.0,1652.0,-6,-6.5,2.25,134,900.0,0.0,-1
412.0,1429.0,-1,-0.9,0.09,14,900.0,0.0,1
-40.0,1890.0,5,1.3,1.61,81,900.0,5.0,1
46.0,1652.0,3,-3.3,17.009999999999998,109,900.0,0.0,1
40.0,1542.0,-4,-4.0,0.0,86,900.0,0.0,-1
-32.0,1652.0,-7,-5.7,4.01,78,900.0,0.0,-1
-58.0,1542.0,5,5.0,0.0,267,900.0,0.0,1
50.0,1652.0,-3,-1.5,1.05,68,900.0,0.0,-1
-36.0,1652.0,-8,-3.9,4.090000000000001,138,900.0,0.0,-1
13.0,1827.5,4,1.4,2.24,32,900.0,0.0,-1
181.0,1726.5,19,15.0,8.4,83,900.0,0.0,1
60.0,1542.0,-22,-21.1,1.8900000000000001,108,900.0,0.0,0
-80.0,1542.0,18,17.1,1.8900000000000001,93,900.0,0.0,1
-556.0,2038.0,-6,-2.8,5.76,32,900.0,5.0,-1
192.0,1550.0,-14,-8.4,13.440000000000001,138,900.0,0.0,-1
-173.0,1726.5,-12,-11.1,1.89,54,900.0,0.0,-1
741.0,1560.5,16,13.3,17.01,51,900.0,0.0,1
11.0,1637.5,-2,2.3,4.41,32,900.0,0.0,-1
-7.0,1771.5,-2,-2.0,0.0,92,900.0,0.0,-1
5.0,1637.5,-16,-16.0,0.6,94,900.0,0.0,-1
-741.0,1560.5,-7,-7.0,0.0,78,900.0,0.0,-1
23.0,1584.5,-10,-1.4,9.84,70,900.0,2.0,-1
741.0,1560.5,8,1.7,7.01,27,900.0,0.0,1
378.0,2141.0,-2,-2.1,0.09,128,900.0,5.0,-1
128.0,1656.0,2,1.6,2.24,65,900.0,0.0,1
-15.0,2326.5,0,0.0,0.0,88,900.0,0.0,0
11.0,1637.5,-8,-6.7,1.01,90,900.0,0.0,-1
-741.0,1560.5,-6,-5.1,1.29,28,900.0,0.0,-1
-56.0,1815.0,15,15.0,0.0,155,900.0,0.0,1
741.0,1560.5,13,11.4,6.04,49,900.0,0.0,1
8.0,1779.0,1,0.7,0.8100000000000002,70,900.0,0.0,-1
-98.0,1713.0,-1,-0.9,0.09,80,900.0,0.0,-1
-2.0,1639.0,18,14.4,13.040000000000001,107,900.0,0.0,1
512.0,1759.0,9,5.2,14.559999999999999,103,900.0,0.0,1
2.0,1639.0,2,2.0,0.0,102,900.0,0.0,0
47.0,1678.5,-8,-0.8,5.76,108,900.0,0.0,-1
-309.0,1751.5,-14,-8.4,14.440000000000001,48,900.0,3.0,-1
77.0,1547.5,-6,-2.1,3.8899999999999997,57,900.0,0.0,1
63.0,1825.5,4,3.0,1.0,73,900.0,0.0,1
-159.0,1722.5,-11,-10.8,0.36,90,900.0,0.0,-1
19.0,1598.5,-6,-2.4,8.639999999999999,64,1200.0,5.0,-1
-5.0,1772.5,-3,-2.1,2.4899999999999998,66,900.0,0.0,-1
-51.0,1687.5,-2,-0.7,4.61,46,900.0,0.0,-1
-156.0,1576.0,1,0.1,0.09,81,900.0,0.0,1
-48.0,1628.0,5,4.9,0.09,83,900.0,0.0,1
-391.0,1695.5,-14,-8.5,14.65,56,900.0,0.0,-1
22.0,1942.0,-1,-1.0,0.0,160,900.0,5.0,0
66.0,1628.0,-15,-9.1,26.29,78,900.0,0.0,-1
358.0,1682.0,-2,-1.0,2.8,33,900.0,0.0,1
-309.0,1660.5,-4,-3.2,0.36,56,900.0,0.0,-1
-627.0,2020.5,0,-1.8,2.16,25,900.0,0.0,-1
-86.0,1628.0,9,8.2,0.36,135,900.0,0.0,1
209.0,1615.5,23,19.0,16.0,105,900.0,0.0,1
627.0,2020.5,3,1.5,0.65,41,900.0,0.0,1
311.0,2172.5,2,1.1,7.289999999999999,55,900.0,0.0,1
342.0,1758.0,2,2.0,0.0,137,900.0,0.0,1
35.0,1818.5,3,2.7,0.21000000000000002,105,900.0,0.0,1
156.0,1604.0,-9,-6.6,13.440000000000001,138,900.0,0.0,-1
-339.0,2172.5,8,7.7,0.8099999999999999,113,900.0,0.0,1
150.0,1643.0,-5,-5.0,1.2,74,1200.0,5.0,-1
-146.0,1604.0,-3,0.3,9.809999999999999,22,900.0,0.0,-1
-338.0,1758.0,-4,-2.3,1.61,40,900.0,0.0,-1
136.0,1604.0,3,1.8,0.76,39,900.0,0.0,1
-126.0,1604.0,-11,-2.9,8.489999999999998,34,900.0,0.0,-1
334.0,1758.0,16,11.5,4.05,67,900.0,0.0,1
-79.0,1548.5,-18,-13.2,15.36,125,900.0,0.0,0
116.0,1604.0,5,2.0,1.2,49,900.0,0.0,1
-53.0,1818.5,0,0.2,0.16000000000000003,79,900.0,0.0,1
-57.0,1626.5,-7,-6.3,0.21000000000000002,90,900.0,0.0,-1
287.0,1748.5,6,6.1,0.29,89,900.0,5.0,1
-145.0,1128.5,-23,-23.0,0.0,106,900.0,0.0,-1
-46.0,1576.0,-2,-2.8,0.15999999999999998,34,1800.0,0.0,-1
-42.0,1742.0,-4,-3.9,0.09,114,900.0,0.0,-1
31.0,1575.5,3,0.0,1.2,45,1800.0,0.0,1
-51.0,1576.5,19,16.4,11.84,95,1800.0,0.0,1
41.0,1887.5,-10,-4.7,3.81,74,900.0,0.0,-1
67.0,1548.5,10,9.0,0.4,50,900.0,0.0,1
-38.0,1681.0,-18,-10.0,7.2,58,900.0,0.0,-1
35.0,1575.5,2,1.1,0.09,89,1800.0,0.0,1
52.0,1903.0,0,-1.0,1.0,70,1200.0,0.0,1
214.0,1532.0,8,5.3,0.8099999999999999,119,900.0,0.0,1
136.0,1719.0,8,5.4,0.8400000000000001,75,900.0,0.0,1
-192.0,1482.0,-2,-1.3,0.21000000000000002,32,900.0,0.0,-1
-56.0,1577.0,6,3.9,1.89,43,1800.0,0.0,1
-62.0,1587.0,-2,-1.1,1.09,74,900.0,0.0,-1
290.0,1530.0,-11,-9.7,3.6100000000000003,98,900.0,0.0,-1
-284.0,1530.0,-15,-10.6,6.24,66,900.0,0.0,-1
176.0,1486.0,9,4.4,15.440000000000001,37,900.0,0.0,1
-36.0,1778.0,3,3.0,0.0,97,900.0,0.0,1
-340.0,1862.0,1,-1.8,2.1599999999999997,58,900.0,0.0,-1
48.0,1587.0,0,-2.7,0.8099999999999999,37,900.0,0.0,1
5.0,1807.5,0,-0.6,8.64,27,900.0,0.0,-1
547.0,1993.5,4,4.9,1.29,33,900.0,0.0,1
-24.0,1592.0,-24,-20.3,10.809999999999999,108,2700.0,0.0,-1
-149.0,1665.5,5,3.9,0.89,107,1800.0,0.0,1
38.0,1903.0,6,2.3,6.21,47,1200.0,0.0,1
131.0,1617.5,-11,-10.3,0.21000000000000002,98,900.0,0.0,-1
61.0,1758.5,5,4.0,1.4,59,900.0,0.0,1
-15.0,1744.5,0,-0.1,0.09,19,900.0,0.0,-1
-121.0,1617.5,-3,-0.2,0.96,26,900.0,0.0,-1
88.0,1975.0,2,2.0,0.0,127,900.0,0.0,1
11.0,1738.5,-2,-1.3,0.61,102,900.0,0.0,1
-76.0,1975.0,-4,-4.0,0.0,104,900.0,0.0,-1
62.0,1975.0,5,3.4,1.44,61,900.0,0.0,1
-48.0,1975.0,-4,-3.8,0.15999999999999998,108,900.0,0.0,-1
34.0,1975.0,5,3.4,1.44,61,900.0,0.0,1
-18.0,1975.0,-5,-3.9,0.6900000000000001,100,900.0,0.0,-1
2.0,1975.0,5,4.8,2.1599999999999997,67,900.0,0.0,1
-18.0,1975.0,9,0.6,8.64,17,900.0,0.0,1
2.0,1975.0,4,3.5,0.25,105,900.0,0.0,1
-184.0,1543.0,-19,-16.9,4.49,92,900.0,0.0,-1
94.0,1625.0,15,14.7,0.21000000000000002,73,900.0,0.0,1
-18.0,1975.0,-1,-0.7,0.8099999999999999,47,900.0,0.0,1
36.0,1975.0,-5,-4.1,0.09,154,900.0,0.0,-1
42.0,1817.0,6,4.9,3.69,77,900.0,0.0,1
224.0,1539.0,9,5.8,4.5600000000000005,51,900.0,0.0,1
-272.0,1549.0,4,2.6,2.4399999999999995,63,900.0,0.0,1
-54.0,1975.0,2,-1.2,3.96,55,900.0,0.0,1
170.0,1639.0,8,6.6,2.44,69,900.0,0.0,1
40.0,1975.0,5,3.4,1.44,61,900.0,0.0,1
-42.0,1991.0,13,6.3,19.21,93,900.0,0.0,1
300.0,1549.0,-7,-6.1,7.290000000000001,58,900.0,0.0,-1
21.0,2013.5,-4,-1.6,5.040000000000001,43,900.0,0.0,1
-60.0,1817.0,3,0.4,9.639999999999999,63,900.0,0.0,1
-5.0,2013.5,-6,-1.0,5.0,68,900.0,0.0,-1
256.0,1766.0,14,8.1,15.690000000000001,173,900.0,0.0,1
58.0,1544.0,4,3.7,0.8099999999999999,69,1200.0,0.0,1
101.0,1667.5,9,1.8,5.76,105,900.0,0.0,1
-274.0,1888.0,3,1.3,10.610000000000001,53,900.0,0.0,1
73.0,1744.5,-3,-2.5,0.85,107,900.0,0.0,1
-167.0,1611.5,-6,-6.0,0.0,102,900.0,0.0,-1
-385.0,2147.5,-4,-2.3,3.81,134,900.0,5.0,-1
-11.0,2013.5,4,1.3,1.4100000000000001,49,900.0,0.0,1
326.0,1860.0,1,1.7,0.21000000000000002,72,900.0,0.0,1
-564.0,1811.0,-3,-0.3,0.8100000000000002,36,900.0,0.0,-1
271.0,1637.5,-9,-9.9,7.290000000000001,86,900.0,0.0,-1
562.0,1811.0,7,0.6,6.840000000000001,41,900.0,0.0,1
-67.0,1757.5,-6,-6.2,0.15999999999999998,64,900.0,0.0,-1
29.0,2013.5,2,1.9,0.49000000000000005,59,900.0,0.0,-1
155.0,1722.5,18,17.2,5.76,145,900.0,0.0,1
-173.0,1576.5,-2,-3.8,1.16,39,900.0,0.0,1
25.0,1843.5,-10,-4.4,13.440000000000001,130,900.0,0.0,-1
40.0,2050.0,4,2.0,8.4,45,900.0,0.0,1
73.0,1971.5,-1,0.5,1.65,66,2700.0,45.0,-1
381.0,2147.5,15,10.6,4.24,69,900.0,5.0,1
-171.0,1880.5,-3,-0.5,6.25,66,900.0,0.0,-1
-300.0,1621.0,-2,-2.1,0.09,50,900.0,0.0,-1
-63.0,1685.5,-3,-1.9,3.4900000000000007,44,900.0,0.0,-1
119.0,1554.5,4,3.8,0.15999999999999998,75,900.0,0.0,1
-26.0,2050.0,-5,-5.0,0.0,84,900.0,0.0,-1
-377.0,2147.5,-3,-3.4,0.8400000000000001,34,900.0,5.0,-1
294.0,1621.0,0,0.0,0.0,59,900.0,0.0,1
373.0,2147.5,2,1.7,0.8100000000000002,141,900.0,5.0,1
122.0,1561.0,9,0.6,8.040000000000001,91,900.0,0.0,1
-88.0,1745.0,-6,-6.3,0.21000000000000002,100,900.0,0.0,-1
10.0,2050.0,2,2.0,2.0,57,900.0,0.0,1
-99.0,2005.5,5,5.8,7.56,59,900.0,0.0,1
156.0,1465.0,-15,-8.2,20.16,104,1200.0,0.0,-1
121.0,2005.5,-8,-4.0,2.0,80,900.0,0.0,-1
-161.0,1615.5,-10,-1.6,8.64,52,900.0,0.0,-1
-94.0,1480.0,0,0.0,0.0,10,900.0,0.0,-1
-369.0,2147.5,-3,-2.2,0.36,88,900.0,5.0,-1
-1.0,1653.5,-8,-8.0,0.0,124,900.0,0.0,-1
27.0,1795.5,4,2.9,2.4899999999999998,58,900.0,0.0,-1
-135.0,1466.5,0,0.9,0.09,22,1200.0,0.0,-1
85.0,1605.5,-8,-5.9,15.690000000000001,38,900.0,0.0,-1
-188.0,1155.0,-9,-4.5,2.25,88,900.0,0.0,-1
-217.0,1792.5,2,1.5,0.25,121,900.0,0.0,1
111.0,1468.5,1,0.6,2.4399999999999995,115,1200.0,0.0,1
616.0,2026.0,2,0.7,2.4099999999999997,46,900.0,0.0,1
209.0,1792.5,14,6.7,6.01,81,900.0,0.0,1
-201.0,1792.5,-13,-5.7,6.01,108,900.0,0.0,-1
365.0,2147.5,9,0.5,9.05,119,900.0,5.0,1
-189.0,1549.5,-9,-8.6,0.64,72,900.0,0.0,-1
193.0,1792.5,14,6.7,6.01,81,900.0,0.0,1
-201.0,1792.5,-1,-1.0,0.0,151,900.0,0.0,0
349.0,1822.5,-5,-5.0,0.0,95,900.0,0.0,1
193.0,1792.5,14,6.7,6.01,81,900.0,0.0,1
-49.0,1531.5,-9,-3.1,15.09,84,900.0,0.0,-1
-273.0,1556.5,-6,-2.9,11.49,42,900.0,0.0,-1
262.0,1559.0,2,-2.7,6.8100000000000005,71,900.0,0.0,1
35.0,1531.5,0,-0.4,0.44000000000000006,59,900.0,0.0,1
162.0,1525.0,0,-1.3,2.61,51,900.0,0.0,-1
-250.0,1562.0,-3,-0.3,0.8100000000000002,30,900.0,0.0,-1
237.0,1565.5,4,-0.7,3.21,17,900.0,0.0,1
-19.0,1531.5,-8,-3.7,12.610000000000001,54,900.0,0.0,-1
-222.0,1569.0,-2,-1.7,0.8100000000000002,34,900.0,0.0,-1
177.0,2037.5,6,4.8,2.76,67,900.0,0.0,1
3.0,1531.5,-2,-0.5,1.05,11,900.0,0.0,1
205.0,1573.5,5,1.0,2.6,49,900.0,0.0,1
-187.0,1578.5,-7,-3.6,2.44,76,900.0,0.0,-1
-80.0,1576.0,4,6.5,6.25,54,900.0,0.0,-1
-146.0,1706.0,-2,-0.7,2.6100000000000003,55,900.0,0.0,1
165.0,1584.5,3,1.4,0.44000000000000006,27,900.0,0.0,1
-228.0,1565.0,10,8.7,7.209999999999999,91,900.0,0.0,1
-169.0,2037.5,-4,-0.9,1.49,72,900.0,0.0,-1
66.0,1576.0,4,4.0,0.0,77,900.0,0.0,1
-28.0,1428.0,6,4.5,10.05,31,900.0,0.0,1
177.0,2037.5,0,5.7,4.41,144,900.0,0.0,0
537.0,1685.5,0,0.6,0.6399999999999999,41,900.0,0.0,1
149.0,1505.5,-9,-0.9,7.290000000000001,64,900.0,0.0,-1
594.0,2565.0,7,5.0,5.0,97,900.0,1.0,1
-41.0,2008.5,2,-0.5,1.65,74,900.0,0.0,1
-67.0,1828.5,0,0.1,0.09,44,900.0,0.0,-1
518.0,1305.0,24,17.4,11.04,68,900.0,0.0,-1
194.0,2237.0,-8,-8.0,0.0,83,900.0,0.0,0
-169.0,2037.5,-4,-1.3,0.8100000000000002,100,900.0,0.0,-1
53.0,1828.5,-16,-14.7,6.21,97,900.0,0.0,1
-100.0,1487.0,0,0.0,0.0,10,900.0,0.0,-1
88.0,1487.0,4,4.3,0.8099999999999999,41,900.0,0.0,1
4.0,1707.0,6,3.9,8.89,39,900.0,0.0,1
288.0,1678.0,11,4.7,11.61,79,900.0,0.0,1
-78.0,2010.0,-4,-3.9,0.09,90,900.0,5.0,-1
159.0,2037.5,6,5.0,0.6,89,900.0,0.0,1
-276.0,1675.0,-10,-8.4,0.43999999999999995,82,900.0,0.0,-1
82.0,1661.0,-6,-4.6,0.64,83,900.0,0.0,-1
35.0,1629.5,4,3.8,10.760000000000002,69,900.0,0.0,1
53.0,1819.5,-2,-2.1,1.29,66,900.0,0.0,-1
-37.0,1546.5,-13,-13.0,0.0,71,900.0,0.0,1
58.0,1699.0,-4,-3.9,0.49000000000000005,82,900.0,0.0,-1
-44.0,1699.0,1,0.4,0.64,46,900.0,0.0,-1
268.0,1672.0,5,1.8,1.3600000000000003,63,900.0,0.0,1
-53.0,1629.5,5,0.5,5.25,63,900.0,0.0,1
21.0,1546.5,12,10.2,8.959999999999999,183,900.0,0.0,1
33.0,1632.5,3,2.6,0.8400000000000001,31,900.0,0.0,1
574.0,1980.0,7,3.4,8.639999999999999,55,900.0,0.0,1
-51.0,1632.5,9,1.2,7.56,37,900.0,0.0,1
42.0,1630.0,6,6.0,0.6,77,900.0,0.0,1
-110.0,1610.0,0,-0.1,0.09,70,900.0,0.0,0
-26.0,1674.0,-5,-2.2,6.16,40,900.0,0.0,-1
232.0,1783.0,14,6.7,6.01,81,900.0,0.0,1
-258.0,1783.0,11,11.0,0.0,141,900.0,0.0,1
59.0,2008.5,-7,-5.1,1.69,106,900.0,0.0,-1
-764.0,1572.0,-14,-7.2,10.76,58,900.0,0.0,-1
252.0,1783.0,14,6.7,6.01,81,900.0,0.0,1
-2.0,1660.0,0,-0.7,0.8099999999999999,118,900.0,0.0,-1
-117.0,1560.5,-17,-12.0,10.8,112,1200.0,10.0,-1
-246.0,1783.0,-8,-7.9,0.09,130,900.0,0.0,-1
98.0,2010.0,0,0.0,0.0,74,900.0,5.0,-1
240.0,1783.0,14,6.7,6.01,81,900.0,0.0,1
-234.0,1783.0,-21,-7.3,30.809999999999995,78,900.0,0.0,-1
42.0,1631.0,14,4.7,13.410000000000002,47,900.0,0.0,1
-30.0,1646.0,2,2.0,0.0,77,900.0,0.0,1
80.0,1691.0,-6,-2.4,3.2399999999999998,64,900.0,0.0,-1
-18.0,1632.0,13,7.4,13.440000000000001,105,900.0,0.0,1
-100.0,1610.0,-20,-11.2,8.76,98,900.0,0.0,-1
-457.0,1430.5,-8,-5.2,12.360000000000001,32,900.0,0.0,-1
-45.0,2008.5,-8,-7.1,0.09,76,900.0,0.0,-1
55.0,1624.5,0,0.0,0.0,120,900.0,0.0,0
255.0,1823.5,8,4.7,14.01,97,900.0,0.0,1
93.0,1485.5,4,4.0,0.0,87,900.0,0.0,1
-174.0,1780.0,-4,-4.0,0.0,51,900.0,0.0,1
410.0,2128.0,10,5.7,13.41,113,900.0,0.0,1
-420.0,1907.0,-3,-3.2,0.15999999999999998,44,900.0,0.0,-1
63.0,2008.5,-1,-0.1,0.09,178,900.0,0.0,-1
-81.0,1485.5,0,0.7,0.21000000000000002,26,900.0,0.0,-1
60.0,1631.0,-3,-1.2,2.16,68,900.0,0.0,-1
101.0,1485.5,-13,-8.6,9.84,80,900.0,0.0,-1
-46.0,1631.0,-5,-1.4,5.04,39,900.0,0.0,-1
111.0,1574.5,0,0.3,0.20999999999999996,38,1200.0,10.0,-1
64.0,1631.0,0,-0.3,0.8100000000000002,34,900.0,0.0,-1
-49.0,2008.5,-5,-5.0,0.0,162,900.0,0.0,-1
-408.0,1601.0,-16,-7.4,9.24,42,900.0,0.0,-1
-761.0,1570.5,-12,-9.7,14.010000000000002,46,900.0,0.0,-1
8.0,1675.0,3,2.7,0.8099999999999999,63,900.0,0.0,1
143.0,1598.5,-9,-8.5,2.25,142,900.0,0.0,-1
9.0,1674.5,-2,-0.9,0.89,48,900.0,0.0,-1
761.0,1570.5,7,6.8,0.15999999999999998,65,900.0,0.0,1
-122.0,1947.0,-9,-9.0,0.0,91,2700.0,45.0,1
-8.0,1665.0,6,3.4,12.239999999999998,47,900.0,0.0,1
-239.0,1547.5,-7,-5.1,0.49000000000000005,56,900.0,0.0,-1
-357.0,1624.5,-8,-8.0,0.0,134,900.0,0.0,-1
396.0,2133.0,9,6.6,5.64,75,900.0,0.0,1
2.0,1660.0,1,1.0,0.0,63,900.0,0.0,1
35.0,2008.5,8,6.9,14.09,65,900.0,0.0,1
85.0,1525.5,5,5.2,0.96,59,900.0,0.0,1
465.0,2100.5,7,0.7,5.609999999999999,99,900.0,0.0,1
-19.0,2008.5,-6,-1.6,6.040000000000001,80,900.0,0.0,-1
-24.0,1642.0,-2,-2.4,4.4399999999999995,84,900.0,0.0,-1
-761.0,1570.5,-5,-3.9,2.8900000000000006,74,900.0,0.0,-1
299.0,1489.5,9,7.5,3.45,53,1800.0,0.0,1
424.0,2126.0,1,1.1,0.09,136,900.0,0.0,0
-330.0,2174.0,-3,0.8,4.359999999999999,94,900.0,0.0,0
21.0,1648.5,11,8.5,6.25,83,900.0,0.0,1
-5.0,1648.5,-3,-2.5,0.25,96,900.0,0.0,-1
326.0,2174.0,2,1.9,2.29,87,900.0,0.0,1
-213.0,2227.5,-6,-3.9,7.089999999999999,70,900.0,0.0,-1
-106.0,1713.0,-3,-0.6,1.44,26,900.0,0.0,-1
95.0,2064.5,-1,-0.4,0.24000000000000005,73,900.0,0.0,-1
404.0,1600.0,7,2.2,11.16,26,900.0,0.0,1
-132.0,1747.0,14,13.2,5.76,141,900.0,0.0,1
-24.0,2014.0,3,3.4,0.24,87,900.0,0.0,1
3.0,2008.5,9,5.7,2.81,109,900.0,0.0,1
422.0,1909.0,4,4.0,0.0,81,900.0,0.0,1
-61.0,1850.5,-11,-8.6,13.440000000000001,116,900.0,0.0,-1
42.0,2014.0,0,0.0,0.0,66,900.0,0.0,-1
47.0,1850.5,9,8.0,3.0,111,900.0,0.0,1
-98.0,2065.0,-4,-1.8,2.7600000000000002,60,900.0,0.0,-1
-65.0,1850.5,13,7.9,22.29,89,900.0,0.0,1
-5.0,1828.5,-3,-3.1,0.09,62,900.0,0.0,-1
215.0,1539.5,5,5.0,0.0,63,900.0,0.0,1
78.0,1608.0,-9,-0.9,7.290000000000001,28,900.0,0.0,-1
205.0,1661.5,2,2.7,0.21000000000000002,59,900.0,0.0,1
-443.0,1424.5,-8,-3.1,13.09,60,900.0,0.0,-1
441.0,1424.5,10,5.4,2.44,49,900.0,0.0,1
74.0,1688.0,10,5.0,8.4,85,900.0,0.0,1
288.0,1791.0,-5,-5.2,0.15999999999999998,156,900.0,0.0,-1
-97.0,1689.5,4,1.3,0.8100000000000002,99,900.0,0.0,1
85.0,1689.5,9,9.0,0.0,125,900.0,0.0,1
-27.0,2011.5,8,3.8,5.96,59,900.0,0.0,1
11.0,2011.5,8,5.5,6.25,237,900.0,0.0,1
53.0,2300.5,4,3.9,0.09,119,900.0,0.0,1
-29.0,2011.5,3,3.4,2.2399999999999998,48,900.0,0.0,1
-249.0,1740.5,-12,-10.7,9.81,104,900.0,0.0,-1
-284.0,1571.0,-7,-5.8,2.7600000000000002,68,600.0,12.0,-1
-307.0,1773.5,14,8.8,3.1599999999999997,109,900.0,0.0,1
303.0,1773.5,14,7.6,4.640000000000001,99,900.0,0.0,1
-8.0,2323.0,1,1.3,0.8100000000000002,177,900.0,0.0,1
-136.0,1940.0,10,6.4,5.64,109,900.0,0.0,1
-299.0,1773.5,-10,-5.1,16.89,114,900.0,0.0,-1
-150.0,1668.0,-8,-8.0,0.0,84,900.0,2.0,0
293.0,1773.5,14,7.6,4.640000000000001,99,900.0,0.0,1
156.0,1668.0,0,14.2,59.96,160,900.0,2.0,0
-287.0,1773.5,-15,-7.1,20.69,60,900.0,0.0,-1
144.0,1947.0,-1,-0.5,2.25,142,2700.0,45.0,-1
281.0,1773.5,8,8.0,0.0,99,900.0,0.0,1
-275.0,1773.5,-14,-8.4,13.440000000000001,86,900.0,0.0,-1
269.0,1773.5,8,8.0,0.0,101,900.0,0.0,1
-263.0,1773.5,-9,-8.2,0.36,94,900.0,0.0,-1
257.0,1773.5,8,8.0,0.0,101,900.0,0.0,1
-251.0,1773.5,-5,-4.9,0.09,100,900.0,0.0,-1
109.0,1800.5,-1,-1.0,0.0,159,900.0,5.0,0
245.0,1773.5,7,6.9,0.09,113,900.0,0.0,1
-239.0,1773.5,1,-0.1,1.8900000000000001,66,900.0,0.0,-1
265.0,1773.5,-15,-14.7,0.21000000000000002,158,900.0,0.0,-1
-259.0,1773.5,-8,-7.9,0.09,88,900.0,0.0,-1
253.0,1773.5,13,6.9,18.09,87,900.0,0.0,1
-247.0,1773.5,-13,-5.8,5.76,100,900.0,0.0,-1
241.0,1773.5,8,8.0,0.0,101,900.0,0.0,1
-235.0,1773.5,-5,-5.0,0.0,120,900.0,0.0,-1
229.0,1773.5,15,7.7,6.01,87,900.0,0.0,1
-223.0,1773.5,-13,-6.9,18.09,96,900.0,0.0,-1
34.0,1528.0,8,7.4,0.44000000000000006,95,600.0,12.0,1
-56.0,1674.0,0,0.0,0.0,129,900.0,0.0,0
112.0,1497.0,10,4.6,23.240000000000002,77,600.0,12.0,1
197.0,2216.5,4,2.9,1.29,101,900.0,0.0,1
62.0,1819.0,1,0.5,2.25,97,900.0,0.0,1
-134.0,1497.0,0,-0.3,0.8100000000000002,25,600.0,12.0,1
124.0,1497.0,6,3.0,5.4,35,600.0,12.0,1
-114.0,1497.0,-15,-6.4,10.440000000000001,52,600.0,12.0,-1
136.0,1497.0,0,-1.4,0.64,60,600.0,12.0,-1
-126.0,1497.0,-5,-4.1,0.6900000000000001,52,600.0,12.0,-1
116.0,1497.0,9,9.0,0.0,93,600.0,12.0,1
-138.0,1497.0,0,1.1,1.09,33,600.0,12.0,1
-57.0,1823.5,-19,-19.0,0.0,168,900.0,0.0,-1
-286.0,1521.0,-2,-1.4,2.24,107,600.0,12.0,-1
-8.0,1519.0,1,0.3,0.20999999999999996,53,600.0,12.0,1
141.0,1599.5,-1,-0.9,0.09,78,600.0,12.0,1
84.0,1422.0,3,3.0,0.0,42,600.0,12.0,-1
208.0,1560.0,1,-0.5,8.25,56,600.0,12.0,1
12.0,1533.0,4,4.5,1.05,54,600.0,12.0,1
-106.0,1544.0,-1,0.2,2.76,58,600.0,12.0,-1
-31.0,1581.5,-4,-3.9,0.09,84,600.0,12.0,-1
-382.0,1815.0,-7,-5.5,1.05,46,900.0,0.0,-1
182.0,1757.0,6,5.2,3.16,91,900.0,0.0,1
-49.0,1763.5,-14,-10.2,8.16,76,900.0,0.0,-1
671.0,1979.5,0,0.0,1.8,31,900.0,0.0,1
131.0,1611.5,-9,-5.2,15.760000000000002,52,900.0,0.0,-1
-121.0,1611.5,-4,0.8,2.76,40,900.0,0.0,-1
-669.0,1980.5,-7,-2.5,2.25,66,900.0,0.0,-1
194.0,1725.0,-4,-4.8,0.76,101,900.0,0.0,1
208.0,1638.0,14,7.7,15.41,94,900.0,0.0,1
46.0,1686.0,-10,-9.2,5.76,104,900.0,0.0,-1
-64.0,1686.0,7,0.2,12.959999999999999,67,900.0,0.0,1
43.0,1618.5,7,6.9,0.09,119,900.0,2.0,1
761.0,1570.5,11,12.0,9.6,77,900.0,0.0,1
397.0,2114.5,10,7.0,4.0,93,900.0,0.0,1
-549.0,2061.5,-5,-1.5,2.45,54,900.0,0.0,-1
-2.0,1647.0,4,3.7,0.21000000000000002,81,900.0,0.0,1
547.0,2061.5,2,1.7,0.21000000000000002,58,900.0,0.0,1
130.0,1718.0,0,-0.1,0.09,95,900.0,0.0,1
-545.0,2061.5,-4,-3.2,0.15999999999999998,40,900.0,0.0,-1
67.0,1646.5,-3,-5.2,1.3599999999999999,85,900.0,0.0,1
295.0,2200.5,-10,-10.3,0.8099999999999999,38,900.0,0.0,-1
446.0,2537.0,10,2.8,12.959999999999999,58,900.0,0.0,1
-9.0,1649.5,10,4.3,14.01,101,900.0,0.0,1
-57.0,1719.5,-5,-4.4,0.44000000000000006,98,900.0,0.0,-1
128.0,1714.0,0,0.0,0.0,57,900.0,0.0,1
57.0,1786.5,0,-0.5,0.25,39,900.0,0.0,1
3.0,2320.5,-18,-9.9,7.290000000000001,92,900.0,0.0,-1
-52.0,1646.0,-5,-4.9,9.09,60,900.0,0.0,-1
-41.0,1681.5,1,1.0,0.0,29,900.0,0.0,1
7.0,1946.5,6,5.1,7.290000000000001,77,900.0,0.0,1
5.0,1655.5,-1,-3.3,4.41,74,900.0,0.0,-1
13.0,1776.5,-6,-1.1,3.4900000000000007,32,900.0,0.0,-1
-152.0,1734.0,-20,-17.6,25.439999999999998,72,900.0,0.0,-1
37.0,1645.5,7,1.7,5.209999999999999,45,900.0,0.0,1
-27.0,1945.5,3,2.9,0.09,71,900.0,0.0,1
-367.0,2170.5,0,0.0,0.0,81,900.0,0.0,0
59.0,1819.5,1,0.1,0.09,103,900.0,0.0,1
107.0,1813.5,-9,-0.9,7.290000000000001,58,900.0,0.0,-1
305.0,1804.5,0,0.0,0.0,94,900.0,0.0,0
-448.0,1429.0,-3,0.0,1.8,24,900.0,0.0,-1
-167.0,1125.5,-28,-28.2,0.16,122,900.0,0.0,0
-57.0,1646.5,8,3.5,13.05,57,900.0,0.0,1
142.0,1734.0,9,6.4,8.84,63,900.0,0.0,1
9.0,1946.5,1,0.3,0.20999999999999996,61,900.0,0.0,1
-341.0,1443.5,2,2.0,0.0,135,300.0,15.0,1
40.0,1626.0,8,7.5,2.25,93,900.0,0.0,1
96.0,1706.0,0,-0.3,0.8100000000000002,47,900.0,0.0,1
-29.0,1619.5,20,20.0,0.0,156,900.0,0.0,-1
363.0,2170.5,3,1.8,2.7600000000000002,71,900.0,0.0,1
6.0,1658.0,-10,-6.0,16.0,100,900.0,0.0,-1
-508.0,2019.0,-15,-14.3,0.21000000000000002,72,900.0,0.0,-1
-6.0,1658.0,-4,-4.0,0.0,113,900.0,0.0,0
-10.0,1658.0,18,14.4,3.2399999999999998,89,900.0,0.0,1
-4.0,1652.0,6,1.0,3.0,27,900.0,0.0,1
-132.0,1734.0,-12,-2.1,13.89,28,900.0,0.0,-1
92.0,1702.0,-1,-1.0,0.0,73,900.0,0.0,1
47.0,1619.5,-7,-6.9,0.09,76,900.0,0.0,-1
69.0,1948.5,16,6.1,20.69,63,900.0,0.0,1
-84.0,2085.0,3,0.3,0.8100000000000002,69,900.0,0.0,1
213.0,1542.5,8,4.9,9.89,95,900.0,0.0,1
72.0,2085.0,4,3.6,2.24,69,900.0,0.0,1
-75.0,1681.5,11,9.9,2.49,73,900.0,0.0,1
-65.0,1619.5,14,6.8,5.76,127,900.0,0.0,1
-80.0,1702.0,0,0.3,0.20999999999999996,84,900.0,0.0,-1
61.0,1681.5,1,0.6,2.24,87,900.0,0.0,1
124.0,1916.0,2,1.1,0.09,49,900.0,0.0,1
-108.0,1975.0,3,1.5,0.65,93,2700.0,45.0,1
85.0,1616.5,2,2.0,0.6,49,900.0,0.0,1
-92.0,2085.0,0,0.0,0.0,77,900.0,0.0,1
-47.0,1681.5,-8,-1.9,5.489999999999999,50,900.0,0.0,-1
-112.0,1916.0,-8,-1.8,8.16,32,900.0,0.0,-1
89.0,1683.5,-7,-6.7,0.21000000000000002,64,900.0,0.0,-1
85.0,1619.5,-9,-5.2,22.360000000000003,72,900.0,0.0,-1
49.0,1681.5,1,1.0,0.0,97,900.0,0.0,0
-77.0,1683.5,-9,-9.0,0.0,220,900.0,0.0,-1
68.0,1702.0,5,3.5,1.65,77,900.0,0.0,1
80.0,2085.0,0,-0.4,0.8400000000000001,99,900.0,0.0,1
160.0,1829.0,8,0.8,5.76,91,900.0,0.0,1
63.0,1683.5,12,2.7,30.21,69,900.0,0.0,1
-152.0,1639.0,6,1.0,3.0,33,1200.0,0.0,1
-35.0,1681.5,4,3.9,0.09,58,900.0,0.0,-1
-99.0,1701.5,-5,-2.3,4.01,64,900.0,0.0,-1
-100.0,2085.0,1,0.7,0.21000000000000002,57,900.0,0.0,1
-61.0,1614.5,-12,-9.9,1.89,96,900.0,0.0,-1
350.0,1623.0,12,6.7,3.81,129,900.0,0.0,1
20.0,1666.0,1,0.9,0.09,68,900.0,0.0,-1
-23.0,1717.5,-6,-1.1,9.690000000000001,30,900.0,0.0,-1
7.0,1717.5,7,6.1,0.09,81,900.0,0.0,1
88.0,2085.0,9,1.8,5.76,121,900.0,0.0,1
47.0,1614.5,0,0.0,0.0,33,900.0,0.0,1
-33.0,1614.5,-12,-6.9,13.49,112,900.0,0.0,-1
-63.0,1698.5,18,12.7,33.61,83,900.0,2.0,1
-92.0,2085.0,2,2.0,0.0,97,900.0,0.0,0
17.0,1614.5,2,0.8,0.76,31,900.0,0.0,1
-17.0,1614.5,2,2.0,0.0,80,900.0,0.0,0
9.0,1745.5,4,4.5,0.25,62,900.0,0.0,1
-32.0,1679.0,-6,-2.3,6.01,38,900.0,0.0,-1
-347.0,1781.5,-4,-2.3,1.21,72,900.0,0.0,-1
-42.0,1634.0,-5,-6.0,4.2,80,900.0,0.0,-1
112.0,2085.0,-3,-2.5,2.25,84,900.0,0.0,-1
-30.0,1645.0,-9,-4.4,10.440000000000001,66,900.0,0.0,-1
-100.0,2085.0,-12,-3.6,8.64,50,900.0,0.0,-1
-35.0,1626.5,4,3.7,0.21000000000000002,77,900.0,0.0,1
88.0,2085.0,7,1.3,4.41,33,900.0,0.0,1
-4.0,1740.0,-5,-2.3,0.8099999999999999,40,900.0,0.0,-1
14.0,1645.0,11,5.9,11.290000000000001,85,900.0,0.0,1
-76.0,2085.0,-2,-2.0,0.0,144,900.0,0.0,-1
-37.0,1688.5,0,0.0,0.0,86,900.0,0.0,-1
22.0,1740.0,0,0.3,0.8100000000000002,28,900.0,0.0,-1
-40.0,1740.0,0,0.0,0.0,11,900.0,0.0,1
-106.0,1769.0,5,3.6,1.04,102,900.0,0.0,1
-27.0,1631.5,-6,-5.3,0.21000000000000002,81,900.0,0.0,-1
53.0,1626.5,-9,-8.1,7.290000000000001,82,900.0,0.0,-1
23.0,1688.5,-1,-5.0,4.0,71,900.0,0.0,1
96.0,2085.0,-3,-3.3,0.21000000000000002,56,900.0,0.0,-1
-84.0,2085.0,-2,-2.6,5.639999999999999,44,900.0,0.0,-1
-25.0,1688.5,2,2.0,0.0,104,900.0,0.0,0
104.0,2085.0,-5,-2.3,0.8099999999999999,76,900.0,0.0,-1
-273.0,1761.5,9,0.0,21.6,63,900.0,0.0,1
-767.0,1876.5,-10,-5.9,23.89,39,1980.0,33.0,-1
383.0,2128.5,19,15.0,16.0,117,900.0,0.0,1
267.0,1761.5,7,7.0,0.0,95,900.0,0.0,1
-261.0,1761.5,-11,-7.7,16.41,82,900.0,0.0,-1
9.0,1688.5,1,0.1,0.09,49,900.0,0.0,1
255.0,1761.5,8,8.0,0.0,101,900.0,0.0,1
-92.0,2085.0,-4,-1.3,3.01,40,900.0,0.0,-1
199.0,1551.5,17,12.5,2.25,67,900.0,0.0,1
-249.0,1761.5,-6,-6.0,0.0,138,900.0,0.0,-1
113.0,2085.5,-9,-2.2,13.16,90,900.0,0.0,-1
-27.0,1688.5,18,16.5,4.85,83,900.0,0.0,1
243.0,1761.5,8,8.0,0.0,101,900.0,0.0,1
45.0,1688.5,-9,-4.5,2.25,92,900.0,0.0,-1
-237.0,1761.5,-6,-6.0,0.0,128,900.0,0.0,-1
231.0,1761.5,7,7.0,0.0,101,900.0,0.0,1
-257.0,1761.5,0,0.0,0.0,153,900.0,0.0,1
-142.0,1418.0,-4,-4.4,0.8400000000000001,84,1800.0,15.0,-1
251.0,1761.5,14,6.8,5.76,107,900.0,0.0,1
22.0,1663.0,1,0.2,4.16,59,900.0,0.0,1
-63.0,1688.5,3,3.0,0.0,83,900.0,0.0,1
-32.0,1775.0,-6,-5.9,1.89,86,900.0,0.0,-1
-26.0,1941.0,3,1.3,1.4100000000000001,48,900.0,5.0,-1
83.0,1688.5,-9,-2.6,4.640000000000001,70,900.0,0.0,-1
540.0,2591.0,4,3.2,7.959999999999999,76,900.0,1.0,1
-86.0,1760.0,8,-0.1,7.290000000000001,41,900.0,0.0,1
19.0,1649.5,-8,-5.4,7.040000000000001,46,900.0,0.0,-1
-71.0,1688.5,-9,0.5,12.25,44,900.0,0.0,-1
44.0,1941.0,-1,-0.1,0.29000000000000004,54,900.0,5.0,-1
16.0,1775.0,11,8.0,6.0,53,900.0,0.0,1
133.0,1548.5,-14,-10.7,15.810000000000002,164,2700.0,0.0,-1
-37.0,1649.5,14,8.1,16.89,67,900.0,0.0,1
308.0,1873.0,5,-0.9,5.890000000000001,43,900.0,0.0,1
42.0,1798.0,-3,-0.3,0.8100000000000002,80,900.0,0.0,-1
-306.0,1874.0,-1,-0.8,0.9599999999999997,32,2700.0,45.0,-1
21.0,2045.5,3,3.0,0.0,103,900.0,0.0,1
-586.0,2567.0,-11,-4.2,19.96,92,900.0,1.0,-1
105.0,1407.5,10,9.2,2.1599999999999997,51,1800.0,15.0,1
-277.0,1761.5,-4,-3.5,0.85,69,900.0,0.0,1
55.0,1649.5,-4,-4.4,0.64,50,900.0,0.0,-1
-281.0,1811.5,-8,-3.5,2.25,84,900.0,0.0,-1
271.0,1761.5,8,8.0,0.0,101,900.0,0.0,1
-151.0,1702.5,14,9.0,16.8,136,900.0,0.0,-1
-265.0,1761.5,-7,-7.0,0.0,130,900.0,0.0,-1
23.0,1581.5,3,1.8,3.96,59,900.0,0.0,1
-250.0,1907.0,-7,-6.1,0.09,104,900.0,0.0,-1
259.0,1761.5,8,6.5,1.45,115,900.0,0.0,1
-25.0,1462.5,-1,-1.0,1.4,70,900.0,0.0,-1
-253.0,1761.5,-9,-6.1,6.890000000000001,132,900.0,0.0,-1
247.0,1761.5,8,8.0,0.0,99,900.0,0.0,1
-241.0,1761.5,-11,-3.1,7.090000000000001,102,900.0,0.0,-1
-87.0,1852.5,0,0.9,0.09,108,900.0,0.0,-1
194.0,1551.0,10,2.4,8.639999999999999,71,900.0,0.0,1
235.0,1761.5,7,7.0,0.0,101,900.0,0.0,1
-22.0,1780.0,-2,-1.0,2.8,25,900.0,0.0,1
-67.0,2297.5,5,4.0,7.2,104,900.0,0.0,1
-261.0,1761.5,0,0.0,0.0,47,900.0,0.0,1
-304.0,1852.0,-5,-5.9,1.29,42,900.0,0.0,-1
255.0,1761.5,7,7.0,0.0,95,900.0,0.0,1
321.0,1789.5,3,2.5,2.25,73,900.0,0.0,1
-217.0,1564.5,-8,-8.0,0.0,202,900.0,0.0,-1
20.0,1650.0,-8,-0.8,6.36,56,900.0,0.0,-1
40.0,1780.0,0,0.3,0.8100000000000002,16,900.0,0.0,-1
154.0,1938.0,-9,-6.6,19.44,42,900.0,0.0,-1
176.0,1668.0,1,1.2,0.16,121,900.0,0.0,1
-39.0,1464.5,19,10.9,7.290000000000001,75,900.0,0.0,1
-144.0,1938.0,-2,-2.0,0.0,150,900.0,0.0,-1
-132.0,1838.0,-4,-2.6,0.44000000000000006,106,900.0,0.0,-1
-10.0,1637.0,9,6.6,3.2399999999999998,63,900.0,0.0,1
-315.0,1604.5,-3,-2.6,0.44000000000000006,86,900.0,0.0,-1
-67.0,1636.5,3,3.0,4.8,31,900.0,0.0,1
636.0,1774.0,5,4.7,0.21000000000000002,63,900.0,0.0,1
-6.0,1637.0,0,0.2,0.16000000000000003,115,900.0,0.0,1
142.0,1951.0,-5,-2.0,5.6,36,2700.0,45.0,1
-11.0,2045.5,1,1.0,0.0,108,900.0,0.0,-1
9.0,2030.5,0,0.0,0.0,158,900.0,0.0,0
185.0,1769.5,14,8.4,13.440000000000001,157,900.0,0.0,1
311.0,1604.5,8,2.6,10.44,55,900.0,0.0,1
122.0,1838.0,0,-0.1,0.09,23,900.0,0.0,1
-123.0,1573.5,-10,-7.9,4.29,54,900.0,5.0,-1
-306.0,1795.0,-4,-3.6,0.24,74,900.0,0.0,-1
-161.0,1534.5,-5,-2.8,3.16,39,900.0,0.0,-1
-202.0,1545.0,10,9.7,0.21000000000000002,129,900.0,0.0,1
151.0,1534.5,10,1.6,8.64,57,900.0,0.0,1
328.0,1926.0,1,1.0,0.0,75,900.0,0.0,1
-221.0,2224.5,0,0.0,0.0,284,900.0,0.0,0
20.0,1644.0,-12,-7.1,7.69,72,900.0,0.0,-1
43.0,2047.5,-8,-8.8,2.16,58,900.0,0.0,-1
-177.0,1769.5,-2,0.1,3.0900000000000003,42,900.0,0.0,-1
-8.0,1641.0,-5,-4.0,4.0,58,900.0,0.0,-1
-97.0,2001.5,6,5.2,3.16,67,900.0,5.0,1
-157.0,1534.5,-1,-1.0,0.0,118,900.0,0.0,0
26.0,1641.0,-3,-3.4,6.639999999999999,78,900.0,0.0,-1
-4.0,1644.0,-10,-8.1,0.49000000000000005,56,900.0,0.0,-1
9.0,2029.5,-2,-1.0,3.4,62,900.0,0.0,-1
-85.0,2018.5,1,0.5,2.25,61,900.0,0.0,1
-52.0,1626.0,-10,-10.0,0.0,128,900.0,0.0,-1
27.0,1674.5,0,-1.9,2.69,53,900.0,0.0,1
-79.0,2004.5,-1,-1.5,2.25,39,900.0,0.0,1
-632.0,1774.0,-10,-5.7,9.010000000000002,38,900.0,0.0,-1
22.0,1644.0,-11,-10.1,0.09,126,900.0,0.0,-1
-19.0,1663.5,-1,-0.8,0.7600000000000001,64,900.0,0.0,-1
-18.0,1662.0,7,2.2,3.3600000000000003,37,900.0,0.0,1
1.0,1661.5,3,2.5,2.25,99,900.0,0.0,1
-6.0,1644.0,-8,-7.2,0.36,78,900.0,0.0,-1
38.0,1626.0,4,3.0,0.8,70,900.0,0.0,1
-132.0,1951.0,-5,-1.5,9.05,58,2700.0,45.0,-1
51.0,1640.5,-1,-0.5,1.05,22,900.0,0.0,1
-10.0,1644.0,2,2.4,0.24,83,900.0,0.0,1
329.0,1781.5,2,2.4,0.8400000000000001,47,900.0,0.0,1
-108.0,1712.0,4,3.7,0.21000000000000002,97,900.0,0.0,1
157.0,1125.5,6,3.6,13.439999999999998,143,900.0,0.0,1
-325.0,1781.5,-3,-4.4,1.64,56,900.0,0.0,-1
44.0,1632.0,4,4.0,0.0,89,900.0,0.0,1
-412.0,1907.0,0,0.3,0.8100000000000002,23,900.0,0.0,-1
410.0,1907.0,6,4.5,2.25,59,900.0,0.0,1
205.0,1751.5,2,2.0,0.0,59,900.0,3.0,1
130.0,1712.0,-14,-5.9,31.690000000000005,112,900.0,0.0,-1
-10.0,1657.0,4,1.3,1.0100000000000002,53,900.0,0.0,1
-23.0,1588.5,0,0.6,2.24,68,900.0,0.0,-1
28.0,1657.0,-1,-1.3,0.8100000000000002,98,900.0,0.0,-1
-754.0,1567.0,-15,-11.7,19.81,80,900.0,0.0,-1
176.0,1532.0,-3,-2.7,0.8099999999999999,24,900.0,0.0,-1
28.0,1644.0,1,1.0,0.0,138,900.0,0.0,-1
-3.0,1656.5,-16,-13.6,13.440000000000001,124,900.0,0.0,-1
1.0,1679.5,4,-0.1,12.690000000000001,67,900.0,0.0,1
41.0,1588.5,-4,-4.4,3.2399999999999998,54,900.0,0.0,-1
52.0,1646.0,6,6.0,0.0,99,900.0,0.0,1
-83.0,1677.5,-12,-4.8,5.76,122,900.0,0.0,-1
19.0,1656.5,-7,-7.4,2.44,66,900.0,0.0,-1
103.0,1677.5,-6,-2.6,14.84,56,900.0,0.0,-1
0.0,2018.0,-12,-4.8,5.76,150,900.0,0.0,-1
-584.0,1720.0,-18,-15.9,3.09,64,5400.0,0.0,-1
-244.0,1652.0,-3,-1.7,2.0100000000000002,28,900.0,0.0,-1
-257.0,1757.5,-10,-2.8,5.76,142,900.0,0.0,-1
-36.0,1936.0,1,1.0,0.0,147,900.0,5.0,0
251.0,1757.5,8,7.7,0.21000000000000002,103,900.0,0.0,1
-243.0,1774.5,6,4.1,1.49,59,900.0,0.0,1
124.0,1581.0,-14,-7.8,8.16,86,900.0,0.0,-1
507.0,2589.5,4,4.3,0.21000000000000002,78,900.0,0.0,1
16.0,2018.0,-3,2.8,16.560000000000002,59,900.0,0.0,-1
-279.0,1769.5,4,4.0,0.0,173,900.0,0.0,1
-27.0,1588.5,-1,0.1,0.6900000000000001,58,900.0,0.0,-1
754.0,1567.0,5,5.0,1.8,57,900.0,0.0,1
273.0,1769.5,15,9.4,13.440000000000001,101,900.0,0.0,1
79.0,1744.5,-12,-4.3,6.8100000000000005,126,900.0,0.0,-1
-441.0,2114.5,-10,-3.8,25.76,40,900.0,0.0,-1
-283.0,1769.5,0,-4.1,4.090000000000001,273,900.0,0.0,0
-29.0,1631.5,0,0.0,0.0,10,900.0,0.0,-1
172.0,2249.0,6,2.2,1.7600000000000002,67,900.0,0.0,1
8.0,1650.0,-8,-6.5,2.25,126,900.0,0.0,-1
-54.0,1636.0,-4,-3.7,0.21000000000000002,78,900.0,0.0,-1
277.0,1769.5,7,7.0,0.0,101,900.0,0.0,1
-67.0,1744.5,-7,-1.5,13.25,25,900.0,0.0,-1
8.0,1650.0,-3,-2.7,0.21000000000000002,82,900.0,0.0,-1
-160.0,1529.0,-2,-2.1,0.09,98,900.0,0.0,-1
136.0,1666.0,2,3.0,0.2,42,900.0,0.0,-1
-8.0,1650.0,17,12.7,33.81,49,900.0,0.0,1
278.0,1591.0,3,2.5,2.25,27,900.0,0.0,1
-66.0,1630.0,8,5.3,3.81,93,900.0,0.0,1
-33.0,1638.5,0,0.0,0.0,205,900.0,0.0,1
-754.0,1567.0,-11,-6.7,8.41,78,900.0,0.0,-1
419.0,1654.5,8,8.8,0.16,117,900.0,0.0,1
0.0,2018.0,-6,-5.9,0.09,134,900.0,0.0,-1
181.0,1700.5,2,2.0,0.0,36,900.0,0.0,-1
-173.0,1700.5,-11,-9.4,0.43999999999999995,40,900.0,0.0,-1
163.0,1700.5,11,5.4,13.440000000000001,139,900.0,0.0,1
90.0,1714.0,5,2.5,8.25,38,900.0,10.0,1
-153.0,1700.5,-11,-3.8,29.560000000000002,124,900.0,0.0,-1
563.0,2060.5,3,4.5,1.05,65,900.0,0.0,1
-535.0,1491.5,-4,-4.8,0.15999999999999998,52,900.0,0.0,-1
-210.0,1554.0,-4,-0.5,6.05,36,900.0,0.0,-1
533.0,1491.5,5,5.6,8.639999999999999,35,1200.0,0.0,1
-682.0,2000.0,9,4.2,26.76,42,900.0,0.0,-1
-150.0,1938.0,-19,-19.0,0.0,144,900.0,0.0,-1
-72.0,1711.0,-3,-2.0,6.4,38,900.0,0.0,-1
681.0,1999.5,3,0.3,0.8100000000000002,31,900.0,0.0,1
-680.0,1999.0,-15,-11.6,22.04,60,900.0,0.0,-1
-93.0,1676.5,-11,-7.5,5.85,78,900.0,0.0,-1
-11.0,2015.5,-4,-4.0,0.0,101,900.0,0.0,1
-147.0,1125.5,-30,-22.8,5.76,118,900.0,0.0,-1
-429.0,1414.5,-18,-9.6,8.04,86,900.0,0.0,-1
679.0,1998.5,8,6.6,0.64,77,900.0,0.0,1
-138.0,1126.0,-33,-29.0,16.0,100,900.0,0.0,-1
749.0,1569.5,16,8.7,23.21,45,900.0,0.0,1
-307.0,1768.5,18,14.0,16.0,115,900.0,0.0,1
-5.0,2015.5,0,0.0,1.6,52,900.0,0.0,1
754.0,1567.0,6,5.5,2.25,49,900.0,0.0,1
303.0,1768.5,15,7.8,5.76,99,900.0,0.0,1
-299.0,1768.5,-9,-7.5,0.65,130,900.0,0.0,-1
293.0,1768.5,8,7.9,0.09,97,900.0,0.0,1
140.0,1938.0,0,0.1,0.09,13,900.0,0.0,1
-82.0,2065.0,-2,0.2,4.36,57,900.0,0.0,-1
-287.0,1768.5,-8,-7.6,0.43999999999999995,132,900.0,0.0,-1
-557.0,1728.5,-29,-26.5,4.65,58,900.0,0.0,-1
1.0,2052.5,4,2.5,1.45,111,900.0,0.0,1
281.0,1768.5,8,8.0,0.0,103,900.0,0.0,1
-275.0,1768.5,-12,-6.4,13.440000000000001,82,900.0,0.0,-1
269.0,1768.5,8,8.0,0.0,103,900.0,0.0,1
-35.0,2015.5,7,2.9,5.49,84,900.0,0.0,1
-263.0,1768.5,-11,-9.7,1.01,112,900.0,0.0,-1
257.0,1768.5,8,8.0,0.0,107,900.0,0.0,1
506.0,2589.0,14,7.4,20.64,85,900.0,0.0,1
-283.0,1768.5,14,10.1,6.09,95,900.0,0.0,1
277.0,1768.5,8,8.0,0.0,107,900.0,0.0,1
53.0,2015.5,-10,-4.5,9.05,99,900.0,0.0,-1
-14.0,1451.0,28,25.4,3.04,69,900.0,0.0,1
-271.0,1768.5,-13,-5.8,5.76,100,900.0,0.0,-1
281.0,1768.5,6,6.0,0.0,107,900.0,0.0,0
-275.0,1768.5,-8,-8.0,0.0,102,900.0,0.0,-1
269.0,1768.5,13,5.3,8.81,125,900.0,0.0,1
-263.0,1768.5,-13,-5.8,5.76,108,900.0,0.0,-1
-84.0,2074.0,5,3.0,8.4,75,900.0,0.0,1
154.0,1139.0,24,23.2,5.76,85,900.0,0.0,1
1044.0,1738.0,1,0.7,1.4099999999999997,10,1980.0,33.0,1
-440.0,1416.0,-4,1.1,3.69,42,900.0,0.0,-1
438.0,1416.0,12,7.2,3.3600000000000003,65,900.0,0.0,1
-59.0,1799.5,-3,1.5,2.25,96,900.0,0.0,-1
112.0,1733.0,7,4.7,8.610000000000001,64,900.0,10.0,-1
173.0,2249.5,2,-0.3,8.209999999999999,47,900.0,0.0,1
-35.0,2327.5,8,3.7,12.21,88,900.0,0.0,1
-351.0,1774.5,-13,-7.4,9.440000000000001,112,900.0,2.0,-1
45.0,1799.5,15,4.9,14.09,125,900.0,0.0,1
-100.0,1733.0,0,-0.6,2.04,48,900.0,10.0,-1
-754.0,1567.0,-10,-7.5,7.65,102,900.0,0.0,-1
122.0,1733.0,-4,-4.3,5.8100000000000005,68,900.0,10.0,-1
-73.0,1787.5,0,-0.1,0.09,97,900.0,0.0,0
43.0,1606.5,2,0.8,0.9599999999999997,41,900.0,0.0,1
-29.0,1606.5,-10,-5.2,11.360000000000001,146,900.0,0.0,-1
13.0,1606.5,14,8.7,3.81,129,900.0,0.0,1
-31.0,1606.5,11,6.8,22.36,85,900.0,0.0,1
77.0,1787.5,-3,-2.1,0.6900000000000001,127,900.0,0.0,0
272.0,1761.0,14,6.8,5.76,91,900.0,0.0,1
-266.0,1761.0,-6,-5.5,0.25,130,900.0,0.0,-1
154.0,1951.0,5,4.4,1.44,54,2700.0,45.0,-1
-97.0,1787.5,2,1.9,0.09,105,900.0,0.0,1
260.0,1761.0,10,7.1,6.890000000000001,99,900.0,0.0,1
-254.0,1761.0,-10,-9.4,0.24,112,900.0,0.0,-1
248.0,1761.0,11,7.7,10.41,61,900.0,0.0,1
-242.0,1761.0,-7,-6.6,0.43999999999999995,122,900.0,0.0,-1
236.0,1761.0,6,6.0,0.0,91,900.0,0.0,1
16.0,1755.0,-2,-0.5,1.05,13,1200.0,10.0,1
-230.0,1761.0,-6,-6.0,0.0,156,900.0,0.0,-1
223.0,1761.5,13,7.5,16.45,101,900.0,0.0,1
52.0,1744.0,0,0.0,0.0,29,900.0,0.0,1
-215.0,1761.5,-14,-10.5,5.25,84,900.0,0.0,-1
-38.0,1744.0,0,0.3,0.8100000000000002,22,900.0,0.0,-1
56.0,1744.0,-1,-0.3,0.20999999999999996,38,900.0,0.0,-1
55.0,1688.5,15,9.1,16.490000000000002,131,900.0,0.0,1
-49.0,1867.5,-12,-7.9,2.0900000000000003,98,900.0,0.0,-1
-75.0,1688.5,3,0.9,23.69,79,900.0,0.0,1
33.0,1739.5,-3,-2.0,1.2,17,900.0,0.0,1
79.0,1688.5,0,0.0,0.0,70,900.0,0.0,0
-99.0,1688.5,25,25.0,0.0,57,900.0,0.0,1
-158.0,1759.0,-2,-2.3,0.8099999999999999,68,900.0,0.0,-1
-89.0,1841.5,-1,-1.8,0.16,98,900.0,0.0,-1
-7.0,1593.5,2,1.5,0.25,67,900.0,0.0,1
100.0,1790.0,3,3.0,0.0,71,900.0,0.0,0
-9.0,1593.5,2,4.0,8.2,48,900.0,0.0,1
52.0,1772.0,0,0.9,7.290000000000001,144,1200.0,0.0,0
-489.0,1368.5,-1,-1.6,0.44000000000000006,31,900.0,2.0,1
-30.0,1653.0,5,5.0,0.0,195,900.0,0.0,1
-7.0,1593.5,0,-0.4,2.4399999999999995,89,900.0,0.0,1
120.0,1821.0,6,0.7,4.41,95,900.0,0.0,1
-17.0,1638.5,10,4.4,13.440000000000001,119,900.0,0.0,1
50.0,1856.0,-1,-0.9,0.09,90,900.0,0.0,-1
1.0,1638.5,19,18.9,0.09,71,900.0,0.0,1
15.0,1638.5,-4,-4.3,0.21000000000000002,84,900.0,0.0,-1
-103.0,1688.5,-2,-2.0,0.0,106,900.0,0.0,-1
292.0,1795.0,12,10.6,1.8399999999999999,53,900.0,0.0,1
240.0,1913.0,1,1.0,0.2,115,2700.0,45.0,0
70.0,1691.0,-9,-8.4,0.44000000000000006,98,1200.0,5.0,-1
-286.0,1795.0,-13,-7.3,14.01,76,900.0,0.0,-1
25.0,1593.5,-11,-9.5,5.25,122,900.0,0.0,-1
-32.0,1451.0,-2,-1.9,1.29,73,1200.0,0.0,1
48.0,1649.0,3,3.0,0.0,95,900.0,0.0,1
37.0,1896.5,11,5.1,5.6899999999999995,71,1200.0,0.0,1
748.0,1564.0,7,6.1,0.09,65,900.0,0.0,1
62.0,1710.0,0,-3.7,1.61,117,900.0,0.0,0
44.0,1860.0,3,2.0,1.6,55,900.0,0.0,1
-63.0,1598.5,-21,-9.0,16.8,88,900.0,0.0,-1
-107.0,2902.5,1,-0.9,7.889999999999999,107,1800.0,30.0,-1
143.0,1591.5,19,8.1,20.889999999999997,49,900.0,0.0,1
181.0,1535.5,2,1.2,0.7600000000000001,33,900.0,0.0,1
-9.0,1593.5,-4,-3.9,0.49000000000000005,60,900.0,0.0,-1
-748.0,1564.0,-17,-16.2,1.3599999999999999,96,900.0,0.0,-1
-37.0,2327.5,0,0.0,0.0,153,900.0,0.0,0
-122.0,1570.0,3,-3.4,19.440000000000005,85,900.0,0.0,1
-29.0,1859.5,1,1.0,0.0,94,900.0,0.0,-1
132.0,1723.0,16,10.9,3.29,81,900.0,0.0,1
182.0,1955.0,14,14.0,0.0,103,900.0,0.0,1
748.0,1564.0,16,11.6,2.2399999999999998,65,900.0,0.0,1
27.0,1593.5,-9,-8.4,9.84,102,900.0,0.0,-1
15.0,1641.5,11,5.5,20.65,39,900.0,0.0,1
-146.0,1719.0,3,2.1,0.09,137,900.0,0.0,0
47.0,1859.5,-1,-1.3,1.4100000000000001,38,900.0,0.0,-1
-206.0,1955.0,-1,-1.2,0.9600000000000002,75,900.0,0.0,1
-184.0,1803.0,5,4.9,2.6900000000000004,105,900.0,0.0,1
-11.0,1593.5,0,0.0,0.0,70,900.0,0.0,-1
-94.0,1687.0,-18,-12.4,13.440000000000001,150,900.0,0.0,-1
82.0,1687.0,-2,-1.3,0.21000000000000002,57,900.0,0.0,1
-70.0,1687.0,-11,-9.7,6.8100000000000005,154,900.0,0.0,-1
11.0,1593.5,14,11.6,13.440000000000001,151,900.0,0.0,0
-748.0,1564.0,-3,-1.2,2.16,24,900.0,0.0,-1
-43.0,1943.5,-13,-11.8,6.36,90,1200.0,0.0,-1
90.0,1844.0,2,1.7,0.8100000000000002,59,900.0,0.0,1
269.0,1920.5,3,1.8,1.36,45,900.0,0.0,1
153.0,1754.5,7,1.5,5.65,39,900.0,0.0,1
-78.0,1844.0,-8,-4.5,2.05,50,900.0,0.0,-1
748.0,1564.0,12,12.1,1.29,63,900.0,0.0,1
-261.0,1921.5,-4,-2.9,3.8899999999999997,98,900.0,0.0,-1
-142.0,1755.0,-3,0.1,2.29,42,900.0,0.0,-1
-748.0,1564.0,0,0.0,0.0,24,900.0,0.0,-1
-357.0,1808.5,-8,-2.4,5.839999999999999,48,900.0,0.0,-1
120.0,2003.0,-1,-0.7,0.21000000000000002,68,900.0,5.0,-1
-264.0,1707.0,8,8.0,0.0,89,900.0,0.0,1
-484.0,1873.0,-1,-0.5,1.05,32,900.0,0.0,-1
17.0,1635.5,0,1.0,0.4,125,900.0,0.0,1
-108.0,2003.0,-5,-1.3,16.810000000000002,44,900.0,5.0,-1
-35.0,1635.5,10,5.2,11.360000000000001,165,900.0,0.0,1
19.0,1635.5,4,4.3,0.21000000000000002,75,900.0,0.0,1
15.0,1933.5,1,0.6,0.8400000000000001,57,900.0,5.0,1
63.0,1800.5,2,1.5,1.25,56,900.0,0.0,1
-38.0,1635.0,10,5.5,2.25,87,900.0,0.0,1
-33.0,1933.5,13,10.6,6.840000000000001,105,900.0,5.0,1
58.0,1634.0,-6,-4.6,0.44000000000000006,112,900.0,0.0,-1
48.0,1640.0,-1,-1.0,0.0,133,900.0,0.0,0
-43.0,1634.5,-17,-8.9,7.290000000000001,90,900.0,0.0,-1
106.0,1731.0,8,0.5,6.85,39,900.0,0.0,1
74.0,1838.0,8,6.9,2.49,101,900.0,0.0,1
96.0,1778.0,9,9.0,0.0,201,900.0,0.0,1
27.0,1635.5,10,7.2,13.36,85,900.0,0.0,1
-94.0,1731.0,1,-1.4,1.44,48,900.0,0.0,-1
-411.0,1908.5,-12,-8.6,1.44,46,900.0,0.0,-1
51.0,1933.5,-9,-9.0,0.0,243,900.0,5.0,-1
-9.0,1636.5,-2,-1.9,0.09,94,900.0,0.0,-1
14.0,1649.0,6,6.0,0.0,159,900.0,0.0,1
278.0,1845.0,0,0.1,0.09,14,900.0,0.0,1
-306.0,1845.0,10,2.7,19.009999999999998,39,900.0,0.0,1
-442.0,1419.0,-14,-7.8,8.16,54,900.0,0.0,-1
302.0,1845.0,5,4.9,0.09,61,900.0,0.0,1
32.0,1707.0,2,1.2,0.16,41,900.0,0.0,1
-56.0,1610.0,-1,-0.2,0.16000000000000003,77,900.0,0.0,-1
-21.0,1642.5,12,11.5,0.85,89,900.0,0.0,1
-16.0,1707.0,-3,-0.3,0.8100000000000002,78,900.0,0.0,-1
42.0,1644.0,-7,-2.4,2.4399999999999995,92,900.0,0.0,-1
0.0,1707.0,8,2.6,6.640000000000001,37,900.0,0.0,1
16.0,1707.0,-7,-1.8,3.7600000000000002,42,900.0,0.0,-1
0.0,1707.0,-8,-3.2,3.3600000000000003,44,900.0,0.0,-1
126.0,1130.0,18,18.0,0.0,111,900.0,0.0,1
-64.0,1646.0,4,-1.0,15.6,53,900.0,0.0,1
88.0,1648.0,-7,-7.0,0.0,86,900.0,0.0,-1
57.0,1617.5,1,1.3,0.8100000000000002,53,1200.0,0.0,1
41.0,1695.5,-2,-3.2,7.359999999999999,56,900.0,0.0,-1
-59.0,1695.5,-1,-0.6,0.24000000000000005,17,900.0,0.0,1
231.0,1501.5,-19,-9.5,18.05,140,900.0,0.0,-1
-123.0,1587.5,1,0.3,0.41,47,900.0,0.0,1
8.0,1796.0,-19,-19.0,0.0,122,900.0,0.0,-1
-25.0,1721.5,2,1.4,1.44,59,900.0,0.0,1
-225.0,1501.5,-16,-13.9,1.09,90,900.0,0.0,-1
277.0,2226.5,-2,-2.5,2.25,90,900.0,0.0,-1
-37.0,1933.5,4,1.6,1.44,44,900.0,5.0,-1
260.0,1805.0,2,1.9,0.09,43,900.0,0.0,1
14.0,1991.0,4,0.8,3.3600000000000003,79,900.0,0.0,1
-411.0,2552.5,-5,-2.6,1.44,117,900.0,0.0,-1
-6.0,1729.0,1,0.7,0.21000000000000002,39,900.0,0.0,1
251.0,1501.5,9,10.0,1.2,34,900.0,0.0,-1
-245.0,1501.5,3,3.0,0.0,92,900.0,0.0,-1
-550.0,1720.0,-18,-11.4,6.24,66,5400.0,0.0,-1
-29.0,1720.5,1,-0.2,0.96,39,900.0,0.0,1
-208.0,1590.0,6,3.4,0.8400000000000001,33,600.0,12.0,1
105.0,2002.5,0,0.0,0.0,112,900.0,5.0,0
8.0,1988.0,-6,-2.3,9.809999999999999,50,900.0,0.0,-1
-6.0,1730.0,4,4.0,0.2,59,900.0,0.0,1
-115.0,1438.5,8,6.2,2.16,47,600.0,12.0,1
-299.0,1370.5,-5,-4.8,0.96,56,1800.0,0.0,-1
-13.0,1510.5,-9,-1.8,7.5600000000000005,60,600.0,12.0,-1
429.0,1408.5,4,0.5,1.65,19,900.0,0.0,1
-34.0,1719.0,3,0.9,1.29,29,900.0,0.0,1
428.0,2132.0,12,11.2,5.76,135,900.0,0.0,1
-287.0,1369.5,-6,-2.5,1.65,52,1800.0,0.0,-1
-5.0,1730.5,0,0.3,1.2099999999999997,37,900.0,0.0,1
-142.0,1740.0,10,7.5,10.45,79,900.0,0.0,1
-14.0,2056.0,9,2.8,17.76,67,900.0,0.0,1
20.0,1751.0,-6,-3.3,0.8099999999999999,90,900.0,0.0,-1
-5.0,1509.5,9,7.3,8.41,55,600.0,12.0,1
-79.0,1457.5,1,-0.1,3.09,48,1800.0,0.0,-1
17.0,1744.5,-2,0.2,1.36,53,900.0,0.0,1
-2.0,2056.0,0,0.3,2.21,63,900.0,0.0,1
197.0,1546.5,2,0.7,0.61,40,900.0,0.0,1
-240.0,1746.0,-10,-7.1,6.890000000000001,104,900.0,0.0,-1
234.0,1746.0,6,6.0,0.0,97,900.0,0.0,1
37.0,1932.5,-1,-1.0,0.0,94,900.0,5.0,0
-244.0,1746.0,-1,-1.0,0.0,135,900.0,0.0,0
238.0,1746.0,8,7.5,0.25,111,900.0,0.0,1
-264.0,1746.0,-1,-0.5,0.25,89,900.0,0.0,1
155.0,1728.5,23,16.8,16.759999999999998,117,900.0,0.0,1
258.0,1746.0,10,6.2,13.959999999999999,97,900.0,0.0,1
-190.0,1557.0,-21,-14.4,5.04,84,900.0,0.0,-1
-164.0,1812.0,-3,-3.3,1.01,59,900.0,0.0,1
-252.0,1746.0,-10,-10.0,0.0,144,900.0,0.0,-1
-21.0,1932.5,-1,1.5,7.65,66,900.0,5.0,-1
246.0,1746.0,10,8.1,9.69,71,900.0,0.0,1
154.0,1812.0,5,4.1,0.09,95,900.0,0.0,1
-72.0,1778.0,1,1.0,0.0,144,900.0,0.0,-1
-176.0,1667.0,-9,-7.3,6.01,100,900.0,0.0,-1
48.0,1837.0,10,7.6,6.840000000000001,129,900.0,0.0,1
178.0,1700.0,-3,-0.4,2.04,50,900.0,0.0,-1
-170.0,1700.0,-4,-4.0,0.0,88,900.0,0.0,-1
-287.0,1594.5,-4,-0.1,4.29,48,900.0,0.0,-1
160.0,1700.0,-1,-1.9,2.4899999999999998,95,900.0,0.0,1
-167.0,1580.5,6,3.9,1.89,103,900.0,0.0,1
-150.0,1700.0,-10,-10.0,0.0,54,900.0,0.0,-1
58.0,1778.0,9,0.7,7.8100000000000005,59,900.0,0.0,1
51.0,1467.5,-8,0.4,8.040000000000001,40,900.0,0.0,-1
44.0,1638.0,-17,-9.8,5.76,124,900.0,0.0,-1
-34.0,1837.0,0,0.0,1.2,34,900.0,0.0,-1
-78.0,1778.0,6,6.1,2.4899999999999998,57,900.0,0.0,1
-30.0,1638.0,-5,-0.7,8.41,78,900.0,0.0,-1
18.0,1837.0,-7,-4.3,8.010000000000002,61,900.0,0.0,1
48.0,1638.0,-5,-4.5,2.25,30,900.0,0.0,-1
191.0,1580.5,-4,-0.8,9.559999999999999,68,900.0,0.0,-1
-66.0,1638.0,12,11.2,5.76,107,900.0,0.0,1
64.0,1778.0,3,0.7,1.4099999999999997,39,900.0,0.0,1
-50.0,1778.0,-7,-1.1,6.890000000000001,72,900.0,0.0,-1
-36.0,1837.0,0,0.8,6.160000000000001,77,900.0,0.0,1
314.0,1644.0,0,0.3,0.8100000000000002,47,900.0,0.0,1
-23.0,1673.5,13,5.8,5.76,103,900.0,0.0,1
55.0,2327.5,-3,-3.0,0.0,111,900.0,0.0,-1
-310.0,1644.0,-3,-1.4,2.64,76,900.0,0.0,-1
54.0,1837.0,-4,-6.7,5.01,64,900.0,0.0,-1
223.0,1694.5,3,3.8,7.56,27,900.0,0.0,1
-711.0,1579.5,-3,-3.3,0.8099999999999999,32,900.0,0.0,-1
86.0,1842.0,-4,-3.3,0.61,96,900.0,0.0,-1
-77.0,1633.5,9,8.2,5.76,151,900.0,0.0,1
-126.0,1135.0,-21,-21.0,1.2,54,900.0,0.0,-1
63.0,1633.5,10,8.8,0.96,81,900.0,0.0,1
492.0,2602.0,5,4.9,0.09,94,900.0,0.0,1
122.0,1930.0,12,11.8,3.3600000000000003,129,900.0,0.0,1
14.0,1590.0,0,0.0,0.0,128,900.0,0.0,0
71.0,1576.5,-14,-6.8,5.76,86,900.0,0.0,-1
-55.0,1650.5,-2,-1.3,9.410000000000002,92,900.0,0.0,-1
-304.0,2211.0,-5,-3.5,3.05,47,900.0,5.0,-1
135.0,1737.5,15,14.2,5.76,119,900.0,0.0,1
-568.0,1979.0,-5,-3.5,5.25,56,900.0,0.0,-1
5.0,1588.5,-4,-1.3,2.8099999999999996,54,900.0,0.0,-1
300.0,2211.0,0,0.3,0.8100000000000002,43,900.0,5.0,1
16.0,1662.0,3,0.2,8.36,41,900.0,0.0,1
15.0,1590.5,-4,-2.4,3.0400000000000005,73,900.0,0.0,-1
417.0,1904.5,0,0.0,0.0,19,900.0,0.0,1
57.0,1634.5,-3,-3.5,1.05,42,2700.0,0.0,-1
-26.0,1674.0,11,7.2,6.959999999999999,95,900.0,0.0,1
179.0,1705.5,16,6.8,22.36,37,900.0,0.0,1
200.0,1717.0,-9,-7.4,6.24,74,900.0,0.0,-1
-113.0,1645.5,1,1.2,2.76,58,900.0,0.0,-1
-565.0,1979.5,-8,-8.2,2.7600000000000002,60,900.0,0.0,-1
50.0,1655.0,12,6.7,6.21,67,900.0,0.0,1
-115.0,1504.5,0,-0.5,0.25,52,900.0,0.0,-1
119.0,1645.5,0,0.8,0.56,125,900.0,0.0,0
563.0,1979.5,4,3.4,1.44,33,900.0,0.0,1
103.0,1504.5,5,5.6,2.2399999999999998,62,900.0,0.0,1
-146.0,1739.0,-10,-9.5,0.25,122,900.0,0.0,-1
110.0,1677.0,9,8.3,0.21000000000000002,101,900.0,0.0,1
-91.0,1504.5,-2,-0.3,0.61,76,900.0,0.0,-1
-69.0,2101.5,-4,-4.9,7.290000000000001,102,900.0,0.0,-1
-62.0,1644.0,17,16.2,5.76,143,900.0,0.0,1
476.0,1825.0,1,0.2,0.16000000000000003,88,900.0,0.0,1
89.0,2101.5,-4,-1.6,8.040000000000001,64,900.0,0.0,-1
-43.0,1667.5,16,9.5,14.65,145,900.0,0.0,1
-93.0,2101.5,-1,-1.1,0.09,113,900.0,0.0,0
22.0,1569.0,-4,-4.0,0.0,85,900.0,0.0,1
175.0,1550.5,3,2.1,0.09,89,900.0,0.0,1
-148.0,1953.0,-4,-1.9,2.09,68,2700.0,45.0,-1
-35.0,1728.5,-18,-6.9,13.89,72,900.0,0.0,-1
81.0,2101.5,1,0.8,2.16,55,900.0,0.0,1
9.0,1666.5,0,0.3,0.8100000000000002,30,900.0,0.0,-1
745.0,1562.5,16,6.8,41.36,33,900.0,0.0,1
59.0,1725.5,-5,-4.9,0.09,32,900.0,0.0,-1
-13.0,1728.5,4,4.0,0.0,96,900.0,0.0,-1
-10.0,2058.0,0,-0.9,7.290000000000001,87,900.0,0.0,1
-302.0,1782.0,-5,-5.0,0.0,82,900.0,0.0,-1
297.0,1781.5,15,3.5,16.85,53,900.0,0.0,1
-6.0,2058.0,1,2.7,8.010000000000002,147,900.0,0.0,1
-55.0,1729.5,-4,-4.5,0.25,35,900.0,0.0,1
41.0,1729.5,10,6.9,3.29,74,900.0,0.0,1
-58.0,2328.0,-2,-2.0,0.0,171,900.0,0.0,0
-27.0,1650.5,-4,-2.4,1.24,72,1200.0,0.0,-1
-413.0,1905.5,-3,1.5,2.25,36,900.0,0.0,-1
-417.0,1403.5,-10,-9.9,0.09,48,900.0,0.0,-1
-197.0,1610.5,-9,-8.7,19.21,84,900.0,0.0,-1
-59.0,1729.5,-2,-0.8,2.16,87,900.0,0.0,1
11.0,1745.5,14,13.0,0.2,43,900.0,0.0,1
-227.0,1495.5,-5,-5.3,0.8099999999999999,52,900.0,0.0,-1
-29.0,1745.5,10,1.4,8.44,45,900.0,0.0,1
253.0,1495.5,-16,-7.6,18.240000000000002,104,900.0,0.0,-1
-247.0,1495.5,-7,-6.3,0.21000000000000002,76,900.0,0.0,-1
219.0,1575.5,18,17.1,3.69,69,900.0,0.0,1
46.0,1730.0,12,11.2,0.76,51,900.0,0.0,1
128.0,1467.0,22,17.7,2.21,91,900.0,0.0,1
-32.0,1730.0,-9,-4.6,2.2399999999999998,90,900.0,0.0,-1
84.0,2309.0,5,3.8,0.76,91,900.0,0.0,1
273.0,1495.5,3,2.6,0.24,96,900.0,0.0,-1
43.0,1649.5,0,0.5,0.85,60,900.0,0.0,-1
-740.0,1560.0,-10,-9.4,0.44000000000000006,54,900.0,0.0,-1
-47.0,1516.5,15,5.2,26.96,43,900.0,0.0,1
-267.0,1495.5,3,3.7,0.21000000000000002,92,900.0,0.0,-1
-77.0,1656.5,11,5.3,14.41,89,900.0,0.0,1
82.0,1571.0,-3,-2.7,0.8099999999999999,54,900.0,0.0,-1
-202.0,1860.0,-1,-1.0,0.0,68,900.0,0.0,-1
261.0,1495.5,1,0.8,0.16,27,900.0,0.0,1
154.0,1953.0,0,0.0,0.0,101,2700.0,45.0,0
54.0,2325.0,5,5.1,0.09,82,900.0,0.0,0
-84.0,1786.0,-1,-1.0,0.0,142,900.0,0.0,0
76.0,1715.0,4,1.3,4.01,67,900.0,0.0,1
-4.0,1636.0,-7,-7.0,0.0,124,900.0,0.0,-1
-166.0,1725.0,-2,-2.0,0.2,94,900.0,0.0,-1
163.0,1704.5,-9,-0.9,7.290000000000001,30,900.0,0.0,-1
-187.0,1704.5,0,0.5,2.85,67,900.0,0.0,1
179.0,1704.5,9,8.9,0.09,99,900.0,0.0,1
398.0,2161.0,2,1.9,0.09,85,900.0,0.0,1
87.0,1744.5,11,8.3,17.01,87,900.0,0.0,1
-27.0,2011.5,-5,-4.5,2.25,182,900.0,0.0,-1
178.0,1735.0,2,2.0,0.0,107,900.0,0.0,1
591.0,2563.5,8,5.3,5.61,67,900.0,1.0,1
-394.0,2161.0,-3,-0.6,1.44,62,900.0,0.0,-1
886.0,1909.0,22,17.5,2.25,55,900.0,0.0,1
-29.0,1687.5,9,9.0,0.0,106,900.0,0.0,0
45.0,2011.5,-10,-1.9,8.489999999999998,68,900.0,0.0,-1
-15.0,1630.5,-11,-11.0,0.0,150,900.0,0.0,-1
-14.0,2056.0,2,2.0,0.0,59,900.0,0.0,1
-63.0,2011.5,11,2.9,7.289999999999999,67,900.0,0.0,1
-403.0,1605.5,-8,-3.0,3.0,64,900.0,0.0,-1
740.0,1560.0,0,0.0,0.0,47,900.0,0.0,1
141.0,1748.5,1,1.3,0.21000000000000002,79,900.0,0.0,1
-80.0,2818.0,4,4.0,0.0,156,900.0,15.0,1
81.0,1983.5,11,10.1,1.89,93,2700.0,45.0,1
96.0,1677.0,11,4.6,4.640000000000001,109,900.0,0.0,1
41.0,1846.5,4,2.2,2.16,45,900.0,0.0,1
-139.0,1751.5,-1,-0.4,0.24000000000000005,112,900.0,0.0,-1
-740.0,1560.0,-9,-4.9,4.290000000000001,72,900.0,0.0,-1
432.0,1412.0,13,12.5,0.25,75,900.0,0.0,1
-430.0,1412.0,-10,-10.4,2.44,76,900.0,0.0,-1
740.0,1560.0,9,11.2,6.16,75,900.0,0.0,1
635.0,2019.5,9,7.4,1.44,43,900.0,0.0,1
-740.0,1560.0,-7,-3.1,10.89,32,900.0,0.0,-1
129.0,1751.5,1,0.6,0.8400000000000001,25,900.0,0.0,1
177.0,1550.5,0,-0.3,0.8100000000000002,18,900.0,0.0,-1
-169.0,1550.5,-9,-0.9,7.290000000000001,42,900.0,0.0,-1
159.0,1550.5,9,0.9,7.290000000000001,45,900.0,0.0,1
-149.0,1550.5,-2,-2.7,0.21000000000000002,68,900.0,0.0,-1
-524.0,1490.0,-18,-18.0,0.0,96,900.0,0.0,-1
139.0,1550.5,3,2.3,5.21,61,900.0,0.0,1
115.0,1134.5,19,17.2,12.959999999999999,69,900.0,0.0,1
-129.0,1550.5,2,1.8,0.16,100,900.0,0.0,-1
521.0,1490.5,0,-0.1,0.09,37,900.0,0.0,1
-616.0,2449.0,0,0.0,0.0,13,900.0,5.0,-1
-634.0,2019.0,-9,-6.6,2.6399999999999997,70,900.0,0.0,-1
151.0,1550.5,0,-0.3,0.8100000000000002,20,900.0,0.0,-1
-141.0,1550.5,2,-0.3,1.4099999999999997,30,900.0,0.0,-1
-84.0,1719.0,6,3.3,0.8099999999999999,81,900.0,0.0,1
131.0,1550.5,10,6.5,1.65,83,900.0,0.0,1
-121.0,1550.5,-5,-1.6,1.44,74,900.0,0.0,-1
109.0,1550.5,4,0.6,1.44,43,900.0,0.0,1
-97.0,1550.5,-11,-7.6,16.44,38,900.0,0.0,-1
119.0,1550.5,-14,-8.4,13.440000000000001,126,900.0,0.0,-1
-107.0,1550.5,-2,-1.7,0.8100000000000002,132,900.0,0.0,-1
65.0,2011.5,1,1.0,0.0,114,900.0,0.0,0
740.0,1560.0,5,2.5,6.25,61,900.0,0.0,1
129.0,1550.5,-17,-8.4,9.440000000000001,134,900.0,0.0,-1
-151.0,1550.5,9,9.0,0.0,115,900.0,0.0,1
-103.0,1134.5,-38,-36.8,0.36,94,900.0,0.0,-1
141.0,1550.5,5,4.2,0.15999999999999998,87,900.0,0.0,1
-131.0,1550.5,-2,1.0,1.8,22,900.0,0.0,-1
153.0,1550.5,0,-0.3,0.8100000000000002,18,900.0,0.0,-1
-143.0,1550.5,-10,-2.7,6.01,102,900.0,0.0,-1
-85.0,2011.5,13,5.2,27.359999999999996,109,900.0,0.0,1
-505.0,2604.5,-4,-3.6,0.24,89,900.0,0.0,-1
-53.0,1705.5,-5,-5.0,0.0,88,900.0,0.0,-1
-62.0,1783.0,4,3.1,0.09,83,900.0,0.0,1
-407.0,2147.5,-13,-8.1,8.290000000000001,76,900.0,0.0,-1
-434.0,1404.0,-7,-5.7,0.61,86,900.0,0.0,-1
-92.0,1673.0,-11,-2.1,38.290000000000006,48,900.0,0.0,-1
39.0,1705.5,7,6.2,0.76,75,900.0,0.0,1
59.0,1608.5,-1,-0.4,0.64,29,900.0,0.0,1
71.0,2309.5,2,2.0,0.0,125,900.0,0.0,1
-122.0,1919.0,9,5.3,14.41,159,900.0,0.0,1
-408.0,2550.0,-10,-3.9,10.889999999999999,103,900.0,0.0,-1
259.0,1938.5,0,-0.6,1.44,35,900.0,0.0,0
506.0,1834.0,0,-0.9,1.8900000000000001,69,900.0,0.0,1
68.0,1701.0,-1,-2.6,1.8399999999999999,94,900.0,0.0,-1
-119.0,1742.5,0,0.1,0.09,96,900.0,0.0,-1
450.0,2120.0,14,3.4,15.040000000000001,41,900.0,0.0,1
297.0,1583.5,20,14.7,17.81,58,900.0,0.0,1
-424.0,2132.0,-17,-13.0,16.0,104,900.0,0.0,-1
-8.0,1738.0,-10,-9.3,0.21000000000000002,84,1200.0,5.0,-1
-44.0,2083.0,0,-0.8,0.36,85,900.0,0.0,-1
-285.0,1938.5,1,1.0,1.2,61,900.0,0.0,1
-89.0,1592.5,4,-0.5,20.25,75,900.0,0.0,1
-22.0,1530.0,-4,-3.8,0.96,34,600.0,12.0,-1
-39.0,1492.5,-2,-2.9,1.29,36,600.0,12.0,-1
-275.0,1593.5,-1,-0.5,0.25,30,1200.0,5.0,-1
-101.0,2020.5,1,0.5,0.85,15,900.0,0.0,1
123.0,2020.5,-1,-1.8,0.16,102,900.0,0.0,-1
244.0,1605.0,0,0.4,0.8400000000000001,51,1200.0,5.0,1
-113.0,2020.5,0,0.3,0.20999999999999996,106,900.0,0.0,-1
135.0,2020.5,1,1.0,0.0,124,900.0,0.0,-1
-128.0,1679.0,12,4.0,8.4,41,900.0,0.0,1
117.0,1738.5,0,-0.3,0.8100000000000002,57,900.0,0.0,1
118.0,1679.0,3,0.9,3.0900000000000007,59,900.0,0.0,1
185.0,1621.5,-11,-9.0,11.2,38,900.0,0.0,-1
-70.0,1678.0,-7,-2.5,7.05,68,900.0,0.0,-1
-157.0,2020.5,3,3.0,0.0,72,900.0,0.0,1
-177.0,1621.5,-2,-1.8,0.16,37,900.0,0.0,-1
-139.0,1738.5,5,5.0,0.0,167,900.0,0.0,1
169.0,1621.5,-1,-1.0,0.0,53,900.0,0.0,1
65.0,1682.5,11,9.1,3.29,87,900.0,0.0,1
-51.0,1682.5,-4,0.5,2.25,42,900.0,0.0,-1
181.0,2020.5,-1,-0.8,0.36,50,900.0,0.0,-1
-159.0,1621.5,-2,-1.0,0.2,48,900.0,0.0,-1
125.0,1709.5,-3,-3.1,1.29,46,1200.0,10.0,-1
-4.0,1663.0,5,5.0,0.0,145,900.0,0.0,1
149.0,1621.5,0,-0.2,0.7600000000000001,49,900.0,0.0,1
171.0,1734.5,-11,-3.8,5.76,104,900.0,0.0,-1
-139.0,1621.5,1,0.3,0.20999999999999996,79,900.0,0.0,-1
29.0,1820.5,8,4.9,10.69,81,900.0,0.0,1
-216.0,1626.0,-11,-8.4,0.8400000000000001,80,900.0,0.0,-1
-197.0,1733.5,2,0.9,0.89,53,900.0,0.0,1
-275.0,1789.5,-17,-14.2,8.56,90,900.0,0.0,-1
184.0,1569.0,5,5.0,0.0,69,900.0,0.0,1
-176.0,1569.0,-14,-13.5,2.25,74,900.0,0.0,-1
253.0,1947.5,-10,-0.3,11.41,70,900.0,0.0,-1
195.0,1720.5,1,1.0,0.0,58,900.0,0.0,-1
-66.0,1681.0,1,-3.0,6.0,63,900.0,0.0,1
347.0,1656.5,13,7.6,5.04,61,900.0,0.0,1
-138.0,1950.0,0,0.0,0.0,68,2700.0,45.0,-1
-247.0,1947.5,-12,-7.6,23.240000000000002,78,900.0,0.0,-1
-27.0,1635.5,-6,-6.0,0.0,64,900.0,0.0,0
45.0,1635.5,-13,-7.1,18.490000000000002,66,900.0,0.0,-1
274.0,1947.0,-2,-2.0,0.0,132,900.0,0.0,-1
129.0,1764.5,0,0.0,0.0,76,900.0,0.0,-1
-103.0,1772.5,1,0.7,0.8100000000000002,100,900.0,0.0,-1
-115.0,1659.5,12,9.5,6.25,63,900.0,0.0,1
-41.0,1685.5,-11,-5.0,13.8,68,900.0,0.0,-1
56.0,2309.0,3,3.0,0.0,107,900.0,0.0,1
25.0,1671.5,12,11.4,0.24,95,900.0,0.0,1
-31.0,1523.5,-1,-0.7,0.8100000000000002,20,600.0,12.0,-1
-49.0,1633.5,4,4.0,0.0,90,900.0,0.0,-1
249.0,1956.5,0,0.2,2.76,35,900.0,0.0,1
-424.0,2161.0,-4,-4.0,0.0,173,900.0,0.0,1
69.0,1633.5,-6,-5.9,0.09,106,900.0,0.0,-1
-513.0,1823.5,0,0.0,0.0,114,900.0,0.0,-1
-89.0,1633.5,2,-0.7,0.8100000000000002,69,900.0,0.0,1
199.0,1720.5,3,3.0,0.0,103,900.0,0.0,1
-114.0,1558.0,0,-1.0,1.8,20,600.0,12.0,-1
-11.0,1714.5,4,0.7,1.6099999999999999,33,900.0,0.0,1
422.0,2161.0,3,0.3,0.8100000000000002,11,900.0,0.0,1
337.0,1759.5,-1,-1.0,0.0,99,900.0,0.0,1
-79.0,1471.5,1,0.2,0.7600000000000001,19,600.0,12.0,1
-23.0,1849.5,11,11.0,1.8,87,900.0,0.0,1
-221.0,1705.5,2,2.8,0.15999999999999998,64,900.0,0.0,-1
-329.0,1852.5,-2,-1.6,2.24,40,2700.0,45.0,-1
71.0,1636.5,-1,-0.9,0.09,83,900.0,0.0,1
105.0,2356.5,3,3.8,2.56,75,900.0,0.0,1
-91.0,1636.5,15,8.3,7.210000000000001,113,900.0,0.0,1
211.0,1970.5,0,0.5,2.25,75,900.0,0.0,1
17.0,2320.5,5,3.2,1.56,153,900.0,0.0,1
737.0,1558.5,5,5.1,0.29,113,900.0,0.0,1
217.0,1703.5,-3,-4.5,5.25,63,900.0,0.0,1
-118.0,1746.0,-11,-6.2,3.3600000000000003,66,900.0,0.0,-1
-12.0,1686.0,3,3.0,0.0,123,900.0,10.0,1
-80.0,1641.0,-1,-0.9,0.09,122,900.0,0.0,-1
526.0,2593.0,4,3.2,0.15999999999999998,114,900.0,0.0,1
30.0,1623.0,1,1.0,0.0,57,900.0,0.0,1
-443.0,2157.5,0,-0.4,5.64,123,900.0,5.0,0
-217.0,2217.5,-8,-1.8,12.559999999999999,78,900.0,0.0,-1
159.0,1748.5,0,0.0,1.8,43,1680.0,12.0,1
-4.0,1686.0,5,2.6,1.44,33,900.0,10.0,1
-59.0,1644.5,-4,-4.0,0.0,94,900.0,0.0,-1
203.0,1970.5,10,10.8,0.16,109,900.0,0.0,1
98.0,1390.0,-1,-1.0,0.0,134,1800.0,15.0,-1
187.0,1586.5,7,6.1,1.89,51,900.0,0.0,1
441.0,2157.5,17,13.9,15.09,129,900.0,5.0,1
92.0,1135.0,27,19.9,25.889999999999997,117,900.0,0.0,1
45.0,1644.5,-7,-7.0,0.0,115,900.0,0.0,1
-301.0,1774.5,-3,-3.0,0.0,80,900.0,0.0,-1
528.0,2591.0,3,2.4,0.24,118,900.0,0.0,1
-298.0,1516.0,-5,-4.2,2.1599999999999997,120,900.0,0.0,-1
-44.0,1651.0,-1,-2.4,0.8400000000000001,62,900.0,0.0,-1
2.0,1944.0,-10,-5.7,12.41,93,900.0,5.0,-1
-92.0,1586.0,-4,-4.0,0.0,88,900.0,0.0,-1
-68.0,1683.0,9,4.2,2.7600000000000002,77,900.0,0.0,1
-112.0,1135.0,5,1.4,12.84,121,900.0,0.0,1
292.0,1516.0,7,8.1,0.89,59,900.0,0.0,1
-379.0,2135.5,-19,-16.0,21.6,100,900.0,0.0,-1
85.0,1762.5,0,0.1,0.09,14,900.0,0.0,1
5.0,2077.5,-4,-1.9,1.89,114,900.0,0.0,-1
-286.0,1516.0,-9,-8.7,0.21000000000000002,96,900.0,0.0,-1
119.0,1604.5,2,0.6,0.43999999999999995,87,1200.0,0.0,1
86.0,1678.0,14,9.5,2.25,147,1200.0,5.0,1
42.0,1769.0,0,0.0,0.0,125,900.0,0.0,1
-18.0,1944.0,6,3.7,5.41,145,900.0,5.0,1
-42.0,1687.0,-6,-6.0,0.0,136,900.0,0.0,-1
60.0,1687.0,-12,-9.4,8.24,76,900.0,0.0,-1
-28.0,1712.0,1,1.0,1.2,165,900.0,0.0,1
-185.0,1641.5,-20,-18.2,10.16,60,900.0,0.0,-1
213.0,1546.5,8,1.2,5.359999999999999,93,900.0,0.0,1
103.0,1590.5,-2,-0.4,0.44000000000000006,76,900.0,0.0,-1
-33.0,1696.5,-10,-8.5,1.45,98,900.0,0.0,-1
36.0,1644.0,-8,-8.0,0.0,96,900.0,0.0,-1
-148.0,1618.0,-21,-18.4,5.040000000000001,66,900.0,0.0,-1
426.0,2539.0,5,2.7,2.6100000000000003,74,900.0,0.0,1
155.0,1618.5,0,6.5,10.65,130,900.0,0.0,0
-20.0,1644.0,5,4.4,2.2399999999999998,80,900.0,0.0,-1
-48.0,1649.0,0,0.0,0.0,138,900.0,0.0,-1
-3.0,1730.5,-15,-4.4,18.04,90,1200.0,5.0,-1
-163.0,1619.5,-23,-17.9,5.090000000000001,78,900.0,0.0,0
32.0,2319.0,-4,-3.6,0.24,133,900.0,0.0,-1
38.0,1644.0,0,-0.8,0.96,52,900.0,0.0,-1
47.0,1711.5,-4,-0.2,2.1599999999999997,92,900.0,0.0,-1
57.0,1981.5,15,15.0,0.0,107,2700.0,45.0,1
-32.0,1526.0,17,9.9,5.6899999999999995,133,600.0,12.0,0
-24.0,1644.0,1,1.9,1.49,66,900.0,0.0,-1
-71.0,1709.5,5,5.5,2.45,43,900.0,0.0,1
143.0,1612.5,-1,-2.0,1.8,48,900.0,0.0,-1
-79.0,1879.5,-5,-0.9,7.489999999999999,52,900.0,0.0,-1
13.0,1668.5,-7,1.0,7.2,50,900.0,0.0,-1
-39.0,1615.5,-2,-1.0,0.2,42,900.0,0.0,-1
86.0,1878.0,0,0.0,0.0,103,900.0,0.0,0
518.0,2595.0,5,3.6,5.84,98,900.0,0.0,1
-44.0,1619.0,4,3.2,2.7600000000000002,51,900.0,0.0,1
-94.0,1876.0,0,0.0,0.0,228,900.0,0.0,0
51.0,1623.5,11,10.5,0.25,127,900.0,0.0,1
109.0,1598.5,9,6.9,1.89,38,900.0,0.0,1
-56.0,1710.0,-2,-1.1,0.09,22,900.0,0.0,-1
-111.0,1595.5,0,0.0,0.0,28,900.0,0.0,0
20.0,1542.0,-5,-4.2,3.16,90,900.0,0.0,-1
74.0,1579.0,-6,-6.1,0.09,126,2700.0,0.0,-1
70.0,1707.0,4,3.2,0.15999999999999998,68,900.0,0.0,1
-6.0,1646.0,2,2.0,0.0,63,900.0,0.0,1
33.0,1937.5,0,-1.4,2.4399999999999995,67,900.0,5.0,0
6.0,1521.0,9,6.1,9.49,37,600.0,12.0,1
-215.0,1574.5,-3,-0.6,1.44,48,900.0,0.0,-1
-225.0,1519.5,-6,-5.1,2.49,66,900.0,0.0,-1
10.0,1521.0,-12,-12.5,2.25,52,600.0,12.0,-1
-203.0,1974.5,-5,-4.9,0.09,116,900.0,0.0,-1
-105.0,1701.5,0,1.3,1.81,152,900.0,0.0,0
-400.0,1631.0,-1,-0.6,0.8400000000000001,38,900.0,0.0,-1
56.0,2371.0,5,4.4,0.24,132,900.0,0.0,1
89.0,1703.5,9,3.3,7.409999999999999,49,900.0,0.0,1
396.0,1631.0,1,0.5,0.25,69,900.0,0.0,1
247.0,1706.5,2,4.1,1.89,54,900.0,0.0,-1
-45.0,1638.5,-2,-2.0,0.0,93,900.0,0.0,0
-94.0,1840.0,2,1.0,6.2,59,900.0,0.0,0
-149.0,1579.5,17,11.4,17.44,87,900.0,0.0,1
-94.0,1579.0,-3,-0.9,1.8900000000000001,47,2700.0,0.0,1
113.0,2004.5,-2,-2.1,0.09,81,900.0,5.0,0
162.0,1600.0,4,1.5,2.85,54,900.0,0.0,-1
-52.0,1917.0,0,-1.9,1.6900000000000002,84,900.0,5.0,-1
-292.0,1681.0,-3,-2.1,0.09,66,900.0,0.0,-1
134.0,2007.0,4,3.1,0.09,99,900.0,0.0,1
66.0,1833.0,-3,-2.2,0.15999999999999998,107,900.0,0.0,1
-196.0,1605.0,10,10.0,0.0,87,900.0,0.0,1
145.0,1660.5,1,1.2,3.3600000000000003,75,900.0,0.0,1
79.0,1580.5,6,2.3,5.01,27,2700.0,0.0,1
-169.0,1660.5,-4,-2.3,5.41,43,900.0,0.0,1
200.0,1970.0,12,12.0,0.0,119,900.0,0.0,1
48.0,2111.0,7,5.7,0.61,89,900.0,0.0,1
-77.0,1585.5,-8,-5.9,2.69,74,1200.0,10.0,-1
-550.0,1720.0,-10,-7.9,1.89,46,5400.0,0.0,-1
135.0,1883.5,1,0.9,0.6900000000000001,70,900.0,0.0,-1
190.0,1646.0,4,3.9,0.09,87,900.0,0.0,1
8.0,1882.0,3,3.0,0.0,123,900.0,0.0,1
550.0,1720.0,12,9.3,11.61,35,5400.0,0.0,1
61.0,1778.5,1,0.1,0.09,25,900.0,0.0,1
-59.0,1546.5,-3,-2.3,0.21000000000000002,77,600.0,12.0,1
-509.0,2598.5,0,-0.2,1.7600000000000002,56,900.0,0.0,-1
35.0,2078.5,-4,-4.3,7.409999999999999,76,900.0,0.0,-1
79.0,1546.5,3,2.3,1.41,102,600.0,12.0,-1
-47.0,1778.5,-2,-2.0,0.0,86,900.0,0.0,-1
-550.0,1720.0,1,0.2,0.56,16,5400.0,0.0,-1
-67.0,1546.5,-10,-2.7,16.009999999999998,38,600.0,12.0,-1
53.0,1546.5,6,6.0,0.0,51,600.0,12.0,1
550.0,1720.0,7,6.6,0.24,69,5400.0,0.0,1
-39.0,1546.5,-11,-3.9,7.889999999999999,44,600.0,12.0,-1
25.0,1546.5,12,12.6,11.040000000000001,63,600.0,12.0,1
-285.0,1931.5,3,-0.9,16.889999999999997,73,900.0,0.0,1
-9.0,1546.5,-11,-11.0,0.0,58,600.0,12.0,-1
-162.0,1924.0,1,0.5,0.65,33,2700.0,45.0,-1
27.0,1546.5,-1,-1.1,0.09,84,600.0,12.0,-1
5.0,1927.5,-13,-13.0,0.0,118,1200.0,0.0,-1
10.0,1731.0,0,-0.2,0.16000000000000003,82,900.0,5.0,-1
501.0,1865.5,-2,-2.7,0.21000000000000002,88,900.0,0.0,0
-45.0,1546.5,-10,-7.4,3.44,57,600.0,12.0,1
-232.0,1670.0,-11,-11.1,0.09,64,900.0,0.0,-1
3.0,1798.5,-5,-4.7,1.41,86,900.0,0.0,-1
226.0,1670.0,10,9.7,0.8099999999999999,77,900.0,0.0,1
50.0,1698.0,-2,-2.6,2.24,80,900.0,0.0,-1
-407.0,1723.5,-8,-2.0,5.2,56,900.0,0.0,-1
284.0,1778.0,2,1.3,0.21000000000000002,57,900.0,0.0,1
-218.0,1670.0,-9,0.9,20.290000000000003,132,900.0,0.0,-1
-202.0,2030.0,-1,-1.9,0.29,66,900.0,0.0,-1
-126.0,2044.0,2,1.4,0.24,79,900.0,0.0,1
210.0,1670.0,-1,-0.1,0.6900000000000001,31,900.0,0.0,1
-202.0,1670.0,0,0.3,0.8100000000000002,36,900.0,0.0,-1
156.0,1587.0,-10,-8.1,9.69,96,900.0,0.0,-1
89.0,1892.5,-8,-7.2,0.36,86,900.0,0.0,-1
-54.0,1603.0,-13,-4.6,18.240000000000002,60,900.0,0.0,-1
39.0,1602.5,12,3.9,7.289999999999999,97,900.0,0.0,1
162.0,2029.0,1,0.7,0.8100000000000002,75,900.0,5.0,0
-59.0,1603.5,4,3.3,0.21000000000000002,73,900.0,0.0,1
-322.0,2215.0,4,2.7,1.01,62,900.0,0.0,-1
44.0,1603.0,12,6.4,25.240000000000002,47,900.0,0.0,1
-83.0,2312.5,4,2.3,0.8099999999999999,90,900.0,0.0,1
-54.0,2092.0,-1,-0.5,1.85,53,900.0,0.0,1
86.0,1722.0,6,3.3,0.8099999999999999,67,900.0,0.0,1
154.0,1766.0,11,6.6,19.240000000000002,71,900.0,0.0,1
150.0,1585.0,1,-0.5,2.45,83,900.0,0.0,1
170.0,1492.0,5,3.5,2.25,83,900.0,0.0,1
-258.0,1591.0,-9,-5.0,7.0,78,900.0,0.0,-1
352.0,1941.0,2,1.2,0.36,83,900.0,0.0,1
339.0,2220.5,-1,1.3,7.81,52,900.0,5.0,-1
-158.0,1493.0,0,0.6,4.639999999999999,48,900.0,0.0,-1
224.0,1604.0,13,10.7,5.41,79,900.0,0.0,1
170.0,1552.0,-2,-0.7,1.21,44,900.0,0.0,-1
-49.0,2085.5,-3,-2.2,2.1599999999999997,66,900.0,0.0,-1
-55.0,1713.5,-6,-1.1,4.090000000000001,52,900.0,0.0,-1
145.0,1494.5,2,2.0,0.0,45,900.0,0.0,1
72.0,1663.0,-14,-6.7,17.410000000000004,46,900.0,0.0,-1
-335.0,2220.5,2,1.7,0.8100000000000002,54,900.0,5.0,-1
-302.0,1957.0,-6,1.5,7.05,78,900.0,0.0,-1
4.0,2028.0,-5,-3.8,6.959999999999999,110,900.0,0.0,-1
241.0,1547.5,2,2.4,2.44,61,900.0,0.0,1
12.0,1700.0,2,1.9,0.09,71,900.0,0.0,1
-43.0,1595.5,-1,-1.0,0.0,70,1200.0,10.0,-1
-98.0,1998.0,0,-0.9,7.290000000000001,22,900.0,0.0,-1
28.0,1595.0,5,-0.1,3.69,99,1200.0,10.0,1
100.0,1999.0,0,0.8,7.56,108,900.0,0.0,0
-47.0,1595.5,3,1.9,2.4899999999999998,87,1200.0,10.0,1
-1.0,1736.5,4,0.8,5.5600000000000005,43,900.0,0.0,1
-88.0,1999.0,-6,-6.2,0.15999999999999998,46,900.0,0.0,-1
-198.0,1596.0,-3,-3.0,0.2,90,900.0,0.0,-1
-116.0,2208.0,0,0.3,0.8100000000000002,18,900.0,0.0,-1
-399.0,2153.5,-21,-17.0,16.0,122,900.0,0.0,-1
-19.0,1734.5,-2,-2.2,0.76,59,900.0,0.0,1
76.0,1999.0,12,3.6,9.84,97,900.0,0.0,1
68.0,1596.0,-7,-4.1,1.09,32,1200.0,10.0,-1
-452.0,1710.0,-11,-11.0,0.0,90,900.0,0.0,-1
190.0,1596.0,2,0.6,8.04,67,900.0,0.0,1
-213.0,1467.5,-1,-1.8,1.3600000000000003,35,900.0,0.0,1
415.0,1907.5,8,7.5,2.05,97,900.0,0.0,1
-139.0,1616.5,-4,-0.8,1.9600000000000002,26,900.0,0.0,-1
7.0,1732.5,4,-2.7,5.41,65,900.0,0.0,1
-99.0,1741.5,-3,-1.5,2.25,42,900.0,0.0,-1
-212.0,1550.0,-7,-4.3,0.8099999999999999,96,900.0,0.0,-1
205.0,1467.5,5,2.7,0.8099999999999999,107,900.0,0.0,1
-44.0,1749.0,3,2.9,0.09,75,900.0,0.0,1
-190.0,1600.0,1,1.0,0.0,128,900.0,0.0,-1
257.0,1540.5,-2,-0.7,17.01,50,900.0,0.0,-1
5.0,1737.5,7,1.7,10.209999999999999,87,900.0,0.0,1
22.0,2113.0,1,1.0,0.0,286,900.0,0.0,-1
-208.0,1561.0,-9,-0.9,7.290000000000001,16,900.0,0.0,-1
121.0,1598.5,0,-3.2,1.36,83,900.0,0.0,1
-66.0,1662.0,8,8.0,0.0,133,900.0,0.0,1
92.0,1471.0,0,0.0,0.0,128,900.0,0.0,-1
-262.0,1818.0,1,0.6,0.8400000000000001,79,900.0,0.0,1
-125.0,1518.5,18,13.3,15.809999999999999,91,900.0,0.0,1
-112.0,1471.0,15,11.1,1.89,85,900.0,0.0,1
227.0,1740.5,10,2.5,21.45,59,900.0,3.0,1
155.0,1749.5,-2,-2.0,0.0,107,1200.0,0.0,-1
115.0,1518.5,1,1.0,0.0,117,900.0,0.0,1
-52.0,1662.0,-10,-5.7,2.21,98,900.0,0.0,-1
-319.0,2226.5,-6,-2.9,6.090000000000001,44,900.0,0.0,-1
-103.0,1518.5,-4,-4.0,0.0,100,900.0,0.0,-1
223.0,2238.5,19,5.6,23.839999999999996,133,900.0,0.0,1
-297.0,1220.5,-36,-35.2,5.76,108,900.0,0.0,-1
91.0,1518.5,9,1.5,6.45,99,900.0,0.0,1
-563.0,1784.5,-8,-7.4,7.44,80,900.0,0.0,-1
-268.0,1522.0,-9,-0.9,7.290000000000001,30,900.0,0.0,-1
154.0,2184.0,2,1.1,0.09,27,900.0,0.0,1
-90.0,2205.0,0,0.0,0.0,34,1980.0,33.0,-1
-101.0,2004.5,-10,-8.5,5.25,130,900.0,5.0,-1
-111.0,1518.5,13,6.0,28.2,71,900.0,0.0,1
-38.0,1662.0,0,0.7,0.21000000000000002,38,900.0,0.0,-1
99.0,1518.5,2,-0.7,0.8100000000000002,97,900.0,0.0,1
541.0,1783.5,14,4.9,22.29,31,900.0,0.0,1
-253.0,1697.5,-14,-5.3,24.81,26,1200.0,0.0,-1
189.0,1582.5,11,12.5,3.05,75,900.0,0.0,1
220.0,1550.0,3,3.0,0.0,168,900.0,0.0,0
-380.0,1599.0,-12,-7.2,16.56,19,900.0,0.0,-1
-113.0,1886.5,-4,-2.1,3.4899999999999998,48,900.0,0.0,-1
-40.0,1816.0,-7,-0.4,18.839999999999996,78,900.0,0.0,-1
144.0,2031.0,15,6.5,22.25,93,900.0,5.0,1
148.0,2028.0,4,4.0,0.0,139,900.0,0.0,1
339.0,1917.5,8,7.1,2.29,57,900.0,0.0,1
58.0,1816.0,-11,-5.2,14.560000000000002,78,900.0,0.0,-1
-13.0,1691.5,-10,-7.7,3.6100000000000003,66,900.0,0.0,-1
-197.0,1789.5,3,1.2,7.56,141,1980.0,33.0,0
-44.0,1816.0,-18,-8.2,30.96,100,900.0,0.0,-1
-134.0,2031.0,-4,-2.8,0.96,122,900.0,5.0,-1
427.0,2135.5,14,5.6,8.639999999999999,77,900.0,0.0,1
-312.0,1672.0,-13,-12.8,2.1599999999999997,66,900.0,0.0,-1
124.0,2031.0,3,1.4,0.44000000000000006,101,900.0,5.0,1
-175.0,1584.5,15,9.4,13.440000000000001,171,900.0,0.0,1
32.0,2326.0,7,3.5,5.25,97,900.0,0.0,1
-569.0,1964.5,-2,-2.3,0.8099999999999999,46,1980.0,33.0,-1
596.0,1529.0,4,4.0,0.0,84,900.0,0.0,1
-31.0,2145.5,0,0.0,0.0,32,900.0,0.0,0
-173.0,1614.5,-11,-10.1,1.89,86,600.0,12.0,-1
9.0,2114.5,5,2.3,0.8099999999999999,69,900.0,0.0,1
30.0,1816.0,8,3.6,6.040000000000001,83,900.0,0.0,1
16.0,2326.0,6,-0.1,6.489999999999999,89,900.0,0.0,1
-108.0,1484.0,14,13.5,0.25,117,600.0,12.0,1
294.0,1222.0,30,27.3,3.81,55,900.0,0.0,1
145.0,1892.5,-1,-1.0,2.6,46,900.0,0.0,-1
556.0,1419.0,-4,-0.5,4.85,64,1980.0,33.0,-1
-27.0,2114.5,8,7.9,0.09,149,900.0,0.0,1
-31.0,1678.5,18,7.0,26.4,105,900.0,0.0,1
247.0,2210.5,5,3.2,5.96,115,900.0,0.0,1
-255.0,2042.5,6,5.8,0.15999999999999998,110,900.0,0.0,0
11.0,2114.5,5,3.5,3.25,45,900.0,0.0,1
550.0,1973.0,4,1.3,2.6100000000000003,20,1980.0,33.0,1
-437.0,2114.5,-6,-3.6,3.2399999999999998,52,900.0,0.0,-1
170.0,1661.0,14,6.9,9.89,63,900.0,0.0,1
-148.0,1655.0,-7,-1.6,14.040000000000001,50,900.0,0.0,-1
138.0,1655.0,10,1.2,10.360000000000003,31,900.0,0.0,1
134.0,2037.0,-4,-2.7,2.41,69,900.0,0.0,1
-128.0,1655.0,-6,-5.1,7.290000000000001,94,900.0,0.0,-1
-33.0,1583.5,13,5.6,28.04,51,900.0,0.0,1
-37.0,1709.5,4,4.4,6.640000000000001,69,900.0,0.0,1
416.0,2542.0,8,1.0,11.0,57,900.0,0.0,1
610.0,1496.0,9,7.8,7.56,57,900.0,0.0,1
-20.0,1690.0,-9,-9.0,0.0,136,900.0,0.0,-1
55.0,1709.5,-1,-0.8,0.36,98,900.0,0.0,-1
4.0,1690.0,5,3.6,0.44000000000000006,75,900.0,0.0,1
-22.0,1690.0,4,0.0,16.0,131,900.0,0.0,1
-428.0,2127.0,0,0.0,0.0,30,900.0,0.0,0
19.0,1773.5,-2,-1.7,1.0100000000000002,60,900.0,0.0,-1
34.0,2112.0,-3,-0.4,13.440000000000001,56,900.0,0.0,-1
-158.0,1653.0,-3,-2.6,0.8400000000000001,132,900.0,0.0,-1
-3.0,1773.5,-9,-1.9,9.489999999999998,40,900.0,0.0,-1
-18.0,2112.0,-2,-1.9,6.29,61,900.0,0.0,-1
37.0,1688.5,-7,-2.5,11.25,46,900.0,0.0,-1
647.0,1923.5,13,8.4,2.44,83,1980.0,33.0,1
-140.0,1895.0,-6,-4.4,2.6399999999999997,38,900.0,0.0,-1
148.0,1653.0,-2,-2.0,0.0,109,900.0,0.0,1
443.0,2118.5,3,2.9,0.09,127,900.0,0.0,1
130.0,1895.0,14,5.5,12.25,53,900.0,0.0,1
-14.0,1773.0,2,2.0,0.0,101,900.0,0.0,1
-138.0,1653.0,0,0.0,0.0,52,900.0,0.0,-1
-3.0,1773.5,-2,-2.3,0.8099999999999999,67,900.0,0.0,1
-33.0,1705.5,0,0.0,0.0,44,1200.0,5.0,-1
128.0,1653.0,1,1.0,0.0,59,900.0,0.0,1
36.0,2112.0,-8,-3.6,6.040000000000001,100,900.0,0.0,-1
-277.0,1951.5,-1,-2.2,0.96,93,900.0,0.0,-1
-105.0,1658.5,-6,-6.0,0.0,104,900.0,0.0,-1
17.0,1705.5,0,0.8,0.16,111,1200.0,5.0,1
271.0,1951.5,-1,-0.4,0.8400000000000001,30,900.0,0.0,1
88.0,1555.0,3,3.6,0.44000000000000006,82,600.0,12.0,-1
29.0,1793.5,0,-0.9,0.29000000000000004,57,900.0,0.0,1
93.0,1658.5,6,4.5,0.65,55,900.0,0.0,1
-12.0,1793.0,-1,0.2,0.96,50,900.0,0.0,-1
-81.0,1658.5,-5,-0.2,2.76,60,900.0,0.0,-1
31.0,1793.5,3,-0.2,2.7600000000000007,94,900.0,0.0,-1
-110.0,1573.0,14,14.4,5.04,145,600.0,12.0,1
132.0,1730.0,13,12.9,0.09,109,900.0,0.0,1
-97.0,1753.5,-5,0.3,3.81,26,900.0,0.0,-1
6.0,1789.0,11,3.4,6.639999999999999,71,900.0,0.0,1
-197.0,1685.5,4,4.0,0.0,75,1860.0,1.0,1
98.0,1573.0,3,3.1,0.69,59,600.0,12.0,1
189.0,1685.5,1,2.4,1.04,39,1860.0,1.0,1
124.0,2027.0,39,36.6,13.440000000000001,207,900.0,0.0,1
-103.0,1663.5,5,4.7,0.21000000000000002,87,900.0,0.0,1
-5.0,1601.5,-4,0.5,2.25,50,900.0,0.0,-1
114.0,1944.0,8,7.2,5.76,113,2700.0,45.0,1
-138.0,1546.0,5,3.5,9.45,161,900.0,0.0,1
80.0,1478.0,0,0.0,0.0,10,600.0,12.0,1
55.0,1688.5,-13,-7.6,5.84,72,900.0,0.0,-1
-66.0,1478.0,1,1.3,0.21000000000000002,49,600.0,12.0,-1
-54.0,1687.0,0,0.0,0.0,91,900.0,0.0,0
106.0,2028.0,11,8.6,4.04,47,900.0,5.0,1
-112.0,2027.0,0,0.1,0.09,56,900.0,0.0,-1
209.0,1585.5,16,14.8,7.76,83,900.0,0.0,1
-94.0,2028.0,-7,-2.5,2.25,72,900.0,5.0,-1
-108.0,1555.0,-5,-4.5,1.65,63,600.0,12.0,1
98.0,1560.0,6,3.4,1.44,53,900.0,0.0,1
130.0,1555.0,0,-0.2,0.16000000000000003,58,600.0,12.0,-1
-171.0,1600.5,-10,-6.8,8.16,70,900.0,0.0,-1
-150.0,1724.0,0,0.0,0.0,37,900.0,0.0,1
-120.0,1555.0,-1,0.0,7.2,82,600.0,12.0,-1
140.0,1724.0,9,9.0,0.0,119,900.0,0.0,1
100.0,2027.0,4,4.0,0.0,147,900.0,0.0,1
235.0,1729.5,0,0.1,0.09,43,900.0,0.0,1
-130.0,1724.0,-7,-7.0,0.0,106,900.0,0.0,-1
-122.0,1730.0,-4,0.6,11.24,70,900.0,0.0,-1
152.0,1724.0,-6,-1.2,3.3600000000000003,58,900.0,0.0,-1
-142.0,1724.0,-13,-10.6,2.04,52,900.0,0.0,-1
-440.0,1833.0,-4,-3.6,0.44000000000000006,92,900.0,0.0,-1
166.0,1724.0,-6,-1.6,3.2400000000000007,60,900.0,0.0,-1
35.0,1677.5,-12,-4.8,5.76,106,900.0,0.0,-1
-108.0,1555.0,-1,3.2,2.1599999999999997,66,600.0,12.0,-1
18.0,1614.0,-6,-1.5,2.45,78,900.0,0.0,-1
-329.0,2219.5,-7,-4.3,5.21,56,900.0,5.0,-1
96.0,1555.0,7,6.0,3.4,81,600.0,12.0,1
-88.0,2027.0,-5,-2.8,4.5600000000000005,70,900.0,0.0,-1
325.0,2219.5,2,5.1,5.89,68,900.0,5.0,1
-80.0,1671.0,-3,-2.6,2.04,51,900.0,0.0,1
60.0,1732.0,17,7.9,11.489999999999998,79,900.0,0.0,1
68.0,1671.0,10,9.3,0.21000000000000002,103,900.0,0.0,1
-412.0,1812.0,-8,-3.8,2.76,40,900.0,0.0,-1
-47.0,1776.5,-4,-1.3,8.010000000000002,39,900.0,0.0,1
33.0,1776.5,5,0.9,2.69,21,900.0,0.0,1
-54.0,1855.0,-5,-5.3,0.8099999999999999,80,900.0,0.0,-1
115.0,1867.5,5,3.6,8.040000000000001,37,1200.0,0.0,1
-92.0,1650.0,-5,-3.5,1.65,67,900.0,0.0,-1
76.0,2027.0,11,4.1,17.490000000000002,45,900.0,0.0,1
102.0,2000.0,3,2.9,0.09,83,900.0,0.0,1
-253.0,2213.5,-6,-5.3,0.21000000000000002,50,900.0,0.0,-1
80.0,1650.0,14,12.8,0.76,83,900.0,0.0,1
-97.0,1468.5,10,0.9,12.29,59,600.0,12.0,1
-63.0,1675.5,-12,-4.8,5.76,98,900.0,0.0,-1
102.0,1736.0,3,2.8,0.76,83,900.0,0.0,1
-52.0,1627.0,11,8.5,3.05,143,900.0,0.0,1
0.0,1698.0,7,5.6,0.44000000000000006,99,900.0,0.0,1
-19.0,1731.5,4,4.0,0.0,84,1200.0,5.0,-1
-146.0,1973.0,-8,-8.4,2.44,88,900.0,0.0,-1
72.0,1627.0,-8,-7.7,0.21000000000000002,142,900.0,0.0,-1
177.0,2251.5,7,3.7,6.81,71,900.0,0.0,1
85.0,1876.5,6,6.5,2.25,121,1200.0,0.0,1
-92.0,1627.0,0,0.0,0.0,41,900.0,0.0,1
112.0,1627.0,-8,-8.0,0.2,82,900.0,0.0,-1
101.0,1460.5,1,0.1,0.09,13,600.0,12.0,1
-134.0,1627.0,8,8.0,0.0,119,900.0,0.0,1
459.0,1907.5,-2,-2.0,0.0,91,900.0,0.0,0
156.0,1627.0,-7,-7.0,0.0,160,900.0,0.0,-1
-146.0,1627.0,-15,-10.5,2.25,64,900.0,0.0,-1
136.0,1627.0,-4,-4.4,0.44000000000000006,91,900.0,0.0,1
40.0,2329.0,0,-1.2,6.959999999999999,135,900.0,0.0,-1
-158.0,1627.0,7,5.0,6.0,37,900.0,0.0,1
148.0,1627.0,18,6.4,18.84,97,900.0,0.0,1
-63.0,1666.5,6,0.8,3.1600000000000006,41,900.0,5.0,1
-154.0,1627.0,-9,-8.2,5.76,130,900.0,0.0,0
144.0,1627.0,1,0.2,0.36000000000000004,47,900.0,0.0,1
-134.0,1627.0,-13,-9.0,4.0,116,900.0,0.0,-1
-235.0,1726.5,-18,-17.9,0.09,138,900.0,0.0,-1
124.0,1627.0,7,6.4,0.44000000000000006,107,900.0,0.0,1
-145.0,1602.5,3,2.2,1.36,55,600.0,15.0,1
-112.0,1627.0,-7,-7.0,0.0,92,900.0,0.0,-1
36.0,1853.0,-2,-1.1,1.49,54,900.0,0.0,1
134.0,1627.0,3,3.6,2.24,42,900.0,0.0,-1
-124.0,1627.0,-1,-1.8,0.16,76,900.0,0.0,-1
114.0,1627.0,28,20.7,26.21,75,900.0,0.0,1
229.0,1726.5,12,7.3,3.81,59,900.0,0.0,1
43.0,1749.5,2,0.9,1.6900000000000002,30,900.0,0.0,1
-359.0,1901.5,3,3.0,0.0,160,900.0,0.0,0
-127.0,1718.5,5,0.5,2.25,35,900.0,0.0,1
-255.0,1726.5,0,-0.7,0.21000000000000002,75,900.0,0.0,1
-220.0,2243.0,-1,-1.0,0.0,117,900.0,0.0,0
145.0,1644.5,-4,-2.8,2.16,74,1200.0,5.0,1
175.0,1690.5,4,0.1,2.69,29,900.0,0.0,1
355.0,1901.5,2,0.4,2.6399999999999997,31,900.0,0.0,1
109.0,1663.5,12,6.4,13.440000000000001,137,900.0,0.0,1
12.0,1905.0,3,-0.8,5.76,47,1200.0,0.0,1
578.0,1699.0,3,2.7,0.8099999999999999,35,900.0,0.0,1
173.0,1615.5,-3,-2.1,0.09,142,900.0,0.0,0
-41.0,1798.5,0,0.0,0.0,32,900.0,0.0,1
-39.0,1638.5,-3,-7.1,12.49,93,900.0,0.0,1
-315.0,1524.5,-2,-2.6,0.24,110,900.0,0.0,-1
-86.0,1560.0,-9,-8.3,2.41,68,600.0,12.0,-1
-62.0,2331.0,-7,-5.8,2.16,89,900.0,0.0,1
296.0,1837.0,6,4.9,1.89,66,900.0,0.0,1
-286.0,1221.0,-38,-32.3,14.01,90,900.0,0.0,-1
158.0,1606.0,-2,-2.0,0.0,94,900.0,0.0,0
-51.0,2062.5,1,-0.4,2.64,43,900.0,0.0,1
280.0,1221.0,21,20.2,2.56,75,900.0,0.0,1
8.0,1615.0,-3,-2.1,7.289999999999999,66,900.0,0.0,-1
-182.0,1606.0,-3,-2.5,4.05,49,900.0,0.0,1
-274.0,1221.0,-41,-35.8,11.760000000000002,86,900.0,0.0,-1
206.0,1624.0,8,4.7,11.010000000000002,83,600.0,12.0,1
174.0,1606.0,1,0.3,0.20999999999999996,35,900.0,0.0,1
61.0,1664.5,11,5.5,4.45,55,900.0,0.0,1
-315.0,1877.5,-2,-0.3,1.41,86,900.0,0.0,-1
-166.0,1606.0,-3,-0.2,1.56,22,900.0,0.0,-1
156.0,1606.0,10,2.0,7.2,43,900.0,0.0,1
-520.0,1986.0,-3,-3.9,1.29,68,1980.0,33.0,-1
-117.0,2024.5,-3,-2.7,0.8099999999999999,72,900.0,0.0,-1
-180.0,1606.0,9,6.0,7.2,129,900.0,0.0,1
172.0,1606.0,3,1.7,0.41,55,900.0,0.0,1
134.0,1683.0,2,1.3,0.21000000000000002,77,900.0,0.0,1
-164.0,1606.0,-4,-0.5,1.65,56,900.0,0.0,-1
154.0,1953.0,-1,-1.6,1.44,45,900.0,0.0,1
56.0,1632.0,7,6.5,2.45,99,900.0,0.0,1
17.0,1695.5,-10,-9.2,1.3599999999999999,46,900.0,0.0,-1
-223.0,2247.5,-8,-2.6,12.640000000000002,160,900.0,0.0,-1
188.0,1606.0,-8,-8.3,7.010000000000001,42,900.0,0.0,-1
139.0,2024.5,-7,-7.0,0.0,70,900.0,0.0,-1
-180.0,1606.0,-3,-0.1,1.8900000000000001,20,900.0,0.0,-1
172.0,1606.0,5,4.5,0.25,67,900.0,0.0,1
179.0,1969.5,7,6.0,0.2,51,900.0,0.0,1
-344.0,1655.0,-16,-14.5,6.25,80,900.0,0.0,-1
-164.0,1606.0,-3,-0.3,0.8100000000000002,20,900.0,0.0,-1
154.0,1606.0,1,0.7,1.0099999999999998,31,900.0,0.0,1
-178.0,1606.0,11,7.8,4.76,115,900.0,0.0,1
-108.0,1565.0,3,-1.6,10.64,65,600.0,12.0,1
-261.0,1960.5,-7,-2.2,2.7600000000000002,30,900.0,0.0,-1
64.0,1960.0,0,-0.1,0.09,73,2700.0,45.0,1
-61.0,1992.5,-3,-2.9,0.09,74,900.0,0.0,-1
-39.0,1697.5,5,3.0,0.6,95,900.0,0.0,1
295.0,1979.5,10,8.1,13.09,81,900.0,0.0,1
27.0,1798.5,1,-2.1,2.6900000000000004,29,900.0,0.0,1
202.0,1606.0,-11,-5.6,12.64,140,900.0,0.0,-1
-26.0,1746.0,6,3.2,12.36,77,900.0,0.0,1
47.0,1992.5,8,7.1,0.09,129,900.0,0.0,1
-52.0,1652.0,-12,-11.3,0.21000000000000002,128,900.0,0.0,-1
-54.0,2109.0,0,1.5,1.85,81,900.0,0.0,1
348.0,1672.0,-2,1.9,1.89,92,900.0,0.0,-1
-228.0,1606.0,-1,-2.5,2.25,79,900.0,0.0,1
95.0,1137.5,40,38.5,1.05,89,900.0,0.0,1
63.0,1700.5,8,3.3,16.41,24,900.0,0.0,-1
220.0,1606.0,8,-0.1,7.290000000000001,35,900.0,0.0,1
-87.0,1576.5,-8,-2.7,4.61,48,900.0,0.0,-1
-212.0,1606.0,-1,0.0,0.2,28,900.0,0.0,-1
22.0,1635.0,2,-2.0,2.6,53,900.0,0.0,1
204.0,1606.0,4,0.9,1.8900000000000001,35,900.0,0.0,1
74.0,2109.0,7,6.1,3.69,30,900.0,0.0,-1
107.0,1576.5,2,3.9,0.49000000000000005,60,900.0,0.0,-1
-227.0,1980.5,-3,-4.0,7.2,87,900.0,0.0,1
-60.0,2109.0,-1,-1.0,0.0,58,900.0,0.0,-1
18.0,1631.0,0,0.3,0.8100000000000002,28,900.0,0.0,-1
87.0,1572.5,13,7.8,19.56,51,900.0,0.0,1
145.0,2077.5,-9,-3.7,3.41,148,900.0,0.0,-1
-61.0,1550.5,2,2.3,0.41,69,900.0,0.0,1
217.0,1979.5,8,7.9,0.09,93,900.0,0.0,1
-133.0,1687.5,-5,-4.6,10.440000000000001,80,900.0,0.0,-1
18.0,1734.0,-2,-2.0,0.0,102,900.0,0.0,-1
-3.0,1747.5,2,2.5,2.25,59,900.0,0.0,1
-79.0,2057.5,8,2.7,12.21,85,900.0,0.0,1
83.0,2057.5,0,0.8,2.16,74,900.0,0.0,0
-71.0,2057.5,0,-0.5,6.45,130,900.0,0.0,-1
-88.0,2047.0,0,0.0,0.0,112,900.0,0.0,0
91.0,2057.5,-5,-4.2,0.36,82,900.0,0.0,-1
-111.0,2057.5,10,4.4,13.440000000000001,129,900.0,0.0,1
-66.0,1703.0,-3,-2.3,7.8100000000000005,32,900.0,0.0,-1
99.0,2057.5,0,-0.4,1.44,49,900.0,0.0,1
-27.0,1664.5,8,4.6,6.840000000000001,81,900.0,0.0,1
-121.0,2057.5,5,3.6,2.4399999999999995,109,900.0,0.0,1
109.0,2057.5,2,1.0,7.2,35,900.0,0.0,1
-18.0,1986.0,-2,-1.3,0.21000000000000002,51,900.0,0.0,-1
-131.0,2057.5,5,3.4,1.24,111,900.0,0.0,1
215.0,2247.5,5,3.2,8.16,61,900.0,0.0,1
121.0,2057.5,0,4.0,4.0,87,900.0,0.0,1
-170.0,1180.0,-24,-22.5,5.25,66,900.0,0.0,-1
32.0,1988.0,-4,-3.1,0.09,96,900.0,0.0,-1
-109.0,2057.5,0,-0.1,0.09,42,900.0,0.0,-1
28.0,1741.0,-4,-3.9,0.09,80,900.0,0.0,-1
97.0,2057.5,3,0.3,0.8100000000000002,17,900.0,0.0,1
0.0,1103.0,2,1.7,0.8100000000000002,43,900.0,0.0,1
-119.0,2057.5,11,3.8,5.76,117,900.0,0.0,1
124.0,2028.0,-3,-3.0,0.0,77,900.0,0.0,-1
57.0,1655.5,15,13.4,0.43999999999999995,77,2700.0,0.0,1
-53.0,1654.5,-11,-11.3,0.21000000000000002,72,900.0,0.0,-1
107.0,2057.5,7,3.8,6.16,79,900.0,0.0,1
-456.0,2126.0,-6,-4.8,4.76,70,900.0,0.0,-1
-12.0,1741.0,-4,1.1,4.89,52,900.0,0.0,-1
-111.0,2057.5,0,0.1,2.6900000000000004,77,900.0,0.0,0
99.0,2057.5,6,5.1,0.09,67,900.0,0.0,1
75.0,1655.5,-4,-3.8,0.76,38,900.0,0.0,-1
-4.0,1741.0,1,0.4,0.8400000000000001,69,900.0,0.0,1
-114.0,2028.0,3,3.0,0.0,142,900.0,0.0,-1
76.0,1964.0,5,3.4,1.44,61,900.0,0.0,1
-62.0,1964.0,-5,-3.9,0.49000000000000005,90,900.0,0.0,-1
-246.0,1229.0,-33,-26.2,20.16,78,900.0,0.0,-1
48.0,1964.0,5,4.1,0.09,67,900.0,0.0,1
-66.0,1964.0,-2,-2.0,0.0,73,900.0,0.0,1
86.0,1964.0,-4,-3.3,0.21000000000000002,46,900.0,0.0,-1
497.0,2603.5,1,2.8,7.56,62,900.0,0.0,1
20.0,1741.0,-1,-0.4,0.8400000000000001,42,900.0,0.0,-1
-29.0,1702.5,-2,-2.0,0.0,53,900.0,0.0,1
-74.0,1964.0,-5,-3.8,0.36,90,900.0,0.0,-1
56.0,1973.0,4,2.2,2.16,98,2700.0,45.0,-1
20.0,1713.0,3,2.0,0.2,41,900.0,0.0,1
30.0,1656.0,9,8.7,0.21000000000000002,65,900.0,0.0,1
451.0,1853.5,12,11.9,0.09,63,2700.0,0.0,1
102.0,2028.0,5,3.4,9.24,60,900.0,0.0,1
-208.0,1908.0,-1,-0.9,0.09,96,900.0,0.0,-1
-292.0,1930.0,-9,-8.6,15.24,46,900.0,0.0,-1
-46.0,2007.0,-7,-6.3,0.21000000000000002,116,900.0,0.0,-1
111.0,1669.5,1,1.0,0.0,126,900.0,0.0,0
-22.0,1802.0,10,2.2,7.76,31,900.0,0.0,1
418.0,1677.0,3,2.9,0.09,77,900.0,0.0,1
-151.0,1684.5,-5,-2.1,3.69,176,900.0,0.0,-1
32.0,2007.0,3,3.0,0.0,143,900.0,0.0,1
75.0,1848.5,0,0.0,0.0,138,900.0,0.0,0
-1.0,1716.5,3,5.0,8.2,130,900.0,0.0,0
158.0,1739.0,-2,-1.1,0.09,70,900.0,0.0,-1
-60.0,1986.0,-2,-0.2,2.16,50,900.0,0.0,-1
-286.0,1614.0,-2,-1.4,2.6399999999999997,38,900.0,0.0,-1
-15.0,1716.5,7,1.3,4.41,101,900.0,0.0,1
-50.0,1843.0,2,2.0,0.0,96,900.0,0.0,-1
-148.0,1739.0,-8,-6.5,3.65,76,900.0,0.0,-1
81.0,1710.5,5,2.1,6.29,85,1200.0,0.0,1
52.0,1587.0,19,16.9,4.09,59,900.0,0.0,1
-204.0,1603.0,-4,-1.3,0.8100000000000002,56,900.0,0.0,-1
-51.0,1466.5,-1,-1.9,0.09,37,900.0,0.0,1
-5.0,1694.5,-8,-4.1,5.89,90,900.0,0.0,-1
91.0,2040.5,-2,-1.3,0.21000000000000002,66,900.0,0.0,-1
-101.0,1710.5,0,-1.8,2.7600000000000002,41,1200.0,0.0,1
55.0,1844.5,-10,-11.4,13.64,129,900.0,0.0,0
-117.0,2307.5,4,4.0,0.0,100,900.0,0.0,1
-11.0,1694.5,11,10.2,0.76,71,900.0,0.0,1
-249.0,1537.5,2,2.6,0.8400000000000001,22,900.0,0.0,-1
594.0,2102.0,14,10.8,7.959999999999999,129,900.0,0.0,1
-5.0,1694.5,10,7.3,7.409999999999999,91,900.0,0.0,1
-90.0,2051.0,4,4.0,0.0,83,900.0,0.0,1
179.0,1920.5,-4,-2.0,2.8,72,900.0,0.0,-1
21.0,1694.5,-9,-3.6,6.24,66,900.0,0.0,-1
-269.0,1647.5,-11,-1.8,12.16,124,900.0,0.0,-1
-207.0,1922.5,16,16.0,0.0,109,900.0,0.0,1
-5.0,1694.5,-5,-5.1,0.09,64,900.0,0.0,-1
110.0,2051.0,-4,-3.9,0.09,90,900.0,0.0,-1
-11.0,1694.5,19,8.8,12.959999999999999,93,900.0,0.0,1
198.0,1922.0,3,2.5,0.25,91,900.0,0.0,1
37.0,1652.5,-15,-10.5,17.05,106,900.0,0.0,-1
29.0,1694.5,-8,-3.4,2.4399999999999995,86,900.0,0.0,-1
52.0,1734.0,-4,0.4,2.24,60,900.0,0.0,-1
-13.0,1694.5,-11,-6.7,13.809999999999999,124,900.0,0.0,-1
-228.0,1989.0,-8,0.1,7.290000000000001,78,900.0,0.0,-1
259.0,1633.5,6,1.2,2.76,41,900.0,0.0,1
-188.0,1921.0,0,0.0,0.0,188,900.0,0.0,-1
-38.0,1734.0,-8,-7.7,1.61,64,900.0,0.0,-1
13.0,1694.5,6,6.0,0.0,107,900.0,0.0,0
-118.0,2033.0,10,4.9,3.29,67,900.0,0.0,1
-91.0,1711.5,2,0.2,2.16,48,900.0,0.0,-1
-31.0,1694.5,6,4.6,2.04,129,900.0,0.0,1
-11.0,1993.5,8,4.3,9.610000000000001,69,900.0,0.0,1
-110.0,2042.0,0,-2.4,4.04,92,900.0,5.0,-1
178.0,1920.0,7,7.1,1.09,40,900.0,0.0,1
15.0,1694.5,17,7.5,12.45,111,900.0,0.0,1
-737.0,1558.5,-9,-8.7,8.610000000000001,60,900.0,0.0,-1
-168.0,1919.0,-6,-2.7,4.8100000000000005,142,900.0,0.0,-1
1.0,1694.5,-5,3.5,19.05,60,900.0,0.0,-1
-5.0,1993.5,1,0.7,1.0100000000000002,65,900.0,0.0,1
16.0,1695.0,-12,-5.9,21.29,120,900.0,0.0,-1
-49.0,1725.5,-4,-2.8,9.36,42,900.0,0.0,-1
737.0,1558.5,3,0.0,1.8,35,900.0,0.0,1
-3.0,1751.5,-6,-6.0,0.0,150,900.0,0.0,0
-34.0,1695.0,6,4.6,6.640000000000001,115,900.0,0.0,1
156.0,1918.0,4,3.2,0.15999999999999998,26,900.0,0.0,1
-144.0,1917.0,-5,-2.6,2.2399999999999998,85,900.0,0.0,-1
-160.0,2081.0,1,1.5,2.25,44,900.0,0.0,-1
-223.0,1586.5,-9,-3.5,3.85,108,900.0,0.0,-1
170.0,2008.0,2,1.6,0.24,113,900.0,0.0,1
18.0,1695.0,8,8.0,0.0,119,900.0,0.0,1
131.0,1915.5,5,2.1,3.69,65,900.0,0.0,1
-1.0,1694.5,-10,-6.5,5.25,166,900.0,0.0,-1
-116.0,1914.0,-1,-1.0,0.0,116,900.0,0.0,-1
-13.0,1751.5,4,2.8,0.36,45,900.0,0.0,1
-133.0,1749.5,11,5.4,13.440000000000001,101,900.0,0.0,1
145.0,1917.5,-6,-4.0,2.4,98,900.0,0.0,-1
-177.0,1921.5,-8,-7.5,0.25,73,900.0,0.0,1
365.0,1597.5,5,4.4,0.64,58,900.0,0.0,1
164.0,1920.0,5,2.2,0.96,73,900.0,0.0,1
122.0,1750.0,8,3.4,2.4399999999999995,95,900.0,0.0,1
-150.0,1918.0,-4,-4.5,8.45,46,900.0,0.0,-1
-313.0,1831.5,8,7.7,0.8099999999999999,93,900.0,0.0,1
135.0,1916.5,1,1.1,0.09,75,900.0,0.0,1
-105.0,2307.5,-3,-3.0,0.0,86,900.0,0.0,-1
737.0,1558.5,2,1.3,0.8099999999999999,37,900.0,0.0,1
-12.0,2015.0,-10,-3.0,5.6,82,900.0,0.0,-1
-109.0,1750.5,-14,-13.2,0.36,124,900.0,0.0,-1
81.0,1775.5,-2,-0.6,3.2400000000000007,58,900.0,0.0,-1
-69.0,1775.5,-2,-1.0,0.6,64,900.0,0.0,-1
14.0,1656.0,2,2.8,0.15999999999999998,61,900.0,0.0,1
46.0,1664.0,4,1.2,1.3599999999999999,75,900.0,0.0,1
322.0,1833.0,-8,-5.1,6.890000000000001,156,900.0,0.0,0
-32.0,1664.0,-9,-4.0,5.0,76,900.0,0.0,-1
-132.0,1725.0,10,3.9,7.089999999999999,51,900.0,0.0,1
147.0,2079.5,1,-0.7,1.21,117,900.0,0.0,0
16.0,1664.0,-1,-1.0,0.0,97,900.0,0.0,1
133.0,1749.5,-19,-19.0,0.0,140,900.0,0.0,-1
-32.0,1656.0,10,6.1,3.29,109,900.0,0.0,1
-318.0,1833.0,1,1.1,0.09,16,900.0,0.0,-1
331.0,1807.5,2,1.2,1.7600000000000002,87,900.0,0.0,1
-121.0,1750.5,-1,-1.0,0.0,130,900.0,0.0,-1
-93.0,2307.5,-7,-4.4,3.04,78,900.0,0.0,-1
138.0,1918.0,4,3.7,0.8099999999999999,77,900.0,0.0,1
371.0,1902.5,4,4.9,2.69,53,900.0,0.0,1
596.0,2560.0,6,0.5,5.05,61,900.0,1.0,1
438.0,2134.0,-4,0.0,4.0,99,900.0,0.0,1
463.0,1907.5,0,1.7,7.409999999999999,51,900.0,0.0,1
-309.0,1830.5,-2,-1.3,0.21000000000000002,40,900.0,0.0,-1
-320.0,1924.0,-6,-4.9,6.890000000000001,78,900.0,0.0,-1
0.0,1709.0,-2,-2.0,7.2,122,900.0,0.0,-1
346.0,1883.0,3,0.5,6.25,71,900.0,0.0,1
-28.0,1677.0,-8,-0.7,6.609999999999999,70,900.0,0.0,-1
-67.0,1145.5,-33,-33.6,0.24,84,900.0,0.0,-1
-491.0,1425.5,-5,-4.9,0.09,90,900.0,0.0,-1
13.0,1509.5,-1,0.2,0.96,48,600.0,12.0,-1
-106.0,1768.0,-1,-0.5,2.25,102,900.0,0.0,-1
299.0,1263.5,25,23.4,8.04,45,900.0,0.0,1
-26.0,1667.0,5,5.0,0.0,117,900.0,0.0,1
-282.0,2100.0,-1,-1.5,2.25,49,1980.0,33.0,-1
2.0,1663.0,-1,-1.3,0.21000000000000002,61,900.0,0.0,1
18.0,1714.0,-7,-6.1,5.49,50,900.0,0.0,-1
86.0,1772.0,2,2.0,0.0,55,900.0,0.0,1
261.0,1546.5,12,11.1,0.09,87,900.0,0.0,1
337.0,1830.5,-2,-2.0,0.0,116,900.0,0.0,-1
-137.0,2079.5,-1,-0.7,2.01,136,900.0,0.0,-1
206.0,2246.0,21,12.4,10.440000000000001,69,900.0,0.0,1
139.0,1736.5,2,0.1,1.49,23,900.0,0.0,1
127.0,2079.5,3,-0.1,1.8900000000000001,67,900.0,0.0,1
-322.0,1836.0,-3,-3.1,0.49000000000000005,70,900.0,0.0,-1
-172.0,1741.0,6,6.0,0.0,91,900.0,0.0,1
63.0,1747.5,5,0.5,2.25,57,900.0,0.0,1
-117.0,2079.5,-5,-2.3,0.8099999999999999,74,900.0,0.0,-1
141.0,1730.5,0,0.8,0.16,55,900.0,0.0,1
431.0,2132.5,7,6.7,0.21000000000000002,121,900.0,0.0,1
-153.0,1725.5,0,0.6,1.44,21,900.0,0.0,1
263.0,1368.5,15,9.9,9.09,45,600.0,12.0,1
495.0,1428.5,7,4.6,18.84,31,900.0,0.0,1
-493.0,1428.5,-5,-4.3,0.21000000000000002,38,900.0,0.0,-1
41.0,1704.5,0,0.9,1.8900000000000001,88,900.0,0.0,-1
458.0,1722.0,1,1.0,0.0,125,600.0,12.0,0
-297.0,1868.5,-4,-4.4,14.64,94,900.0,0.0,-1
8.0,1737.0,8,1.0,6.4,43,900.0,0.0,1
247.0,1366.5,3,3.0,0.0,81,600.0,12.0,1
-17.0,1779.5,1,2.2,7.56,83,1200.0,0.0,1
-237.0,1368.5,-1,-0.3,0.20999999999999996,28,600.0,12.0,-1
-428.0,2133.0,-8,-7.1,1.89,54,900.0,0.0,-1
-64.0,2104.0,-6,-3.0,6.2,89,900.0,0.0,-1
-12.0,1731.0,2,2.7,1.61,95,900.0,0.0,1
14.0,1690.0,8,8.0,0.0,137,900.0,0.0,1
400.0,2146.0,9,9.0,0.0,159,900.0,0.0,1
2.0,1690.0,-1,-1.0,0.0,52,900.0,0.0,-1
14.0,1690.0,-13,-3.4,19.44,48,900.0,0.0,-1
16.0,1690.0,12,4.4,8.64,57,900.0,0.0,1
50.0,2104.0,21,11.0,15.2,81,900.0,0.0,1
0.0,1690.0,-13,-7.4,13.440000000000001,94,900.0,0.0,-1
30.0,1731.0,-2,-2.8,0.15999999999999998,98,900.0,0.0,-1
-157.0,1913.5,-4,-4.0,0.0,140,900.0,0.0,-1
16.0,1690.0,2,2.0,0.0,132,900.0,0.0,-1
-245.0,1801.5,-4,-2.8,1.7600000000000002,68,900.0,0.0,-1
637.0,1921.5,-2,-2.0,0.0,37,1980.0,33.0,1
147.0,1738.5,-25,-22.1,21.29,72,900.0,0.0,-1
184.0,1593.0,-3,-3.0,0.0,76,900.0,0.0,-1
-78.0,1687.0,7,-0.3,7.409999999999999,31,900.0,0.0,1
163.0,1913.5,0,-1.8,0.36,173,900.0,0.0,0
-154.0,1730.0,-2,-6.0,16.8,84,900.0,0.0,-1
-18.0,1668.0,-3,-2.1,0.49000000000000005,42,900.0,0.0,-1
2.0,1668.0,13,13.0,0.0,121,900.0,0.0,1
72.0,2037.0,-4,-4.0,0.0,71,900.0,0.0,1
158.0,1748.0,7,5.7,9.209999999999997,27,900.0,0.0,1
0.0,1661.0,-4,-3.6,0.24,105,900.0,0.0,1
-285.0,1646.5,-8,-7.6,0.24,88,900.0,0.0,-1
-157.0,1734.5,6,5.7,0.21000000000000002,109,900.0,0.0,1
64.0,1769.0,-5,-5.0,5.4,93,900.0,0.0,-1
-207.0,1715.5,2,1.3,0.21000000000000002,59,3600.0,30.0,1
16.0,1661.0,1,0.1,3.09,86,900.0,0.0,-1
-48.0,1768.0,-3,-1.7,1.81,54,900.0,0.0,-1
56.0,1688.0,-2,-0.8,0.9599999999999997,30,900.0,0.0,-1
2036.0,1732.0,18,15.8,2.56,39,900.0,5.0,1
-58.0,2037.0,-13,-3.6,11.440000000000001,86,900.0,0.0,-1
-76.0,1688.0,10,9.5,0.25,61,900.0,0.0,1
51.0,1768.5,1,1.0,0.0,124,900.0,0.0,0
96.0,1688.0,-8,-7.6,0.43999999999999995,56,900.0,0.0,-1
-34.0,1661.0,-3,-2.2,0.15999999999999998,79,900.0,0.0,1
-75.0,1770.5,11,9.9,2.29,60,900.0,0.0,1
-247.0,1939.5,-8,-6.1,1.69,106,900.0,0.0,-1
-389.0,1811.5,-3,-1.0,2.4,38,900.0,0.0,-1
58.0,1769.0,8,2.9,9.69,29,900.0,0.0,1
-40.0,1767.0,-4,-4.0,0.0,122,900.0,0.0,-1
-56.0,1659.0,0,0.3,2.21,53,900.0,0.0,1
42.0,1659.0,10,9.2,0.36,101,900.0,0.0,1
-79.0,1709.5,3,3.1,0.09,64,900.0,0.0,0
211.0,1592.5,4,4.1,0.09,61,600.0,12.0,1
-28.0,1659.0,-14,-8.1,15.89,70,900.0,0.0,-1
162.0,1574.0,-15,-7.8,5.76,122,900.0,0.0,-1
12.0,1659.0,5,2.6,8.84,59,900.0,0.0,1
9.0,1803.5,-1,-0.5,0.85,41,900.0,0.0,1
4.0,1659.0,-11,-5.0,19.0,78,900.0,0.0,-1
133.0,1414.5,1,0.7,3.41,43,600.0,12.0,1
93.0,2048.5,0,0.0,0.0,92,900.0,0.0,0
-140.0,1677.0,1,1.8,0.16,97,900.0,0.0,1
-20.0,1659.0,17,6.7,57.61,59,900.0,0.0,1
4.0,1659.0,-1,-1.0,0.0,99,900.0,0.0,1
-170.0,1574.0,1,1.3,0.8100000000000002,36,900.0,0.0,0
116.0,1544.0,9,8.2,7.5600000000000005,71,600.0,12.0,1
-225.0,2162.5,19,15.0,16.0,159,900.0,0.0,1
160.0,1574.0,-2,-1.2,2.16,54,900.0,0.0,1
12.0,1659.0,-7,-7.0,0.0,74,900.0,0.0,-1
-104.0,1544.0,-1,3.5,20.25,88,600.0,12.0,-1
-150.0,1574.0,-3,-2.9,0.69,35,900.0,0.0,-1
140.0,1574.0,-2,-1.0,0.4,59,900.0,0.0,1
-30.0,1659.0,-3,-2.8,0.15999999999999998,99,900.0,0.0,1
-13.0,1594.5,6,5.4,1.44,79,1800.0,0.0,1
217.0,2162.5,1,0.7,0.21000000000000002,73,900.0,0.0,1
14.0,1659.0,4,3.0,0.2,57,900.0,0.0,1
33.0,1595.5,-4,-3.9,2.09,88,1800.0,0.0,-1
-172.0,1578.0,2,0.9,1.29,53,900.0,0.0,1
446.0,2122.0,7,-1.1,15.690000000000001,113,900.0,0.0,1
-78.0,1637.0,1,1.4,0.24,65,900.0,0.0,1
196.0,1578.0,-15,-7.5,6.45,108,900.0,0.0,-1
117.0,1938.5,17,15.9,7.090000000000001,105,900.0,0.0,1
-220.0,1578.0,10,9.6,0.43999999999999995,101,900.0,0.0,1
400.0,2547.0,11,5.0,16.2,96,900.0,0.0,1
-167.0,1766.5,1,-0.9,3.09,57,900.0,7.0,1
30.0,1682.0,-11,-7.1,7.890000000000001,54,900.0,0.0,-1
-95.0,2091.5,12,7.0,12.0,57,900.0,0.0,1
65.0,2323.5,-10,-4.6,19.44,97,900.0,0.0,-1
-14.0,1682.0,-1,-0.9,0.09,90,900.0,0.0,-1
99.0,2091.5,-3,-2.1,0.09,136,900.0,0.0,0
-105.0,1938.5,-4,-3.0,7.2,54,900.0,0.0,-1
32.0,1682.0,-11,-8.5,6.25,72,900.0,0.0,-1
-50.0,1682.0,0,-0.4,0.24000000000000005,49,900.0,0.0,1
-269.0,1716.5,-12,-12.0,0.0,66,900.0,0.0,-1
-123.0,1940.5,5,5.0,0.0,103,900.0,0.0,1
-87.0,2091.5,-4,-4.0,0.0,46,900.0,0.0,-1
36.0,1682.0,5,5.0,0.0,103,900.0,0.0,1
-241.0,1237.5,-31,-25.2,13.36,46,900.0,0.0,-1
107.0,2091.5,-7,-5.5,0.65,86,900.0,0.0,-1
104.0,1944.0,-6,-3.6,1.44,69,900.0,0.0,1
198.0,1773.0,-1,-0.5,0.85,33,900.0,0.0,1
-149.0,1728.5,-6,-4.9,2.4899999999999998,92,900.0,0.0,-1
-54.0,1682.0,11,7.9,6.6899999999999995,73,900.0,0.0,1
193.0,2259.5,5,2.3,5.8100000000000005,119,900.0,0.0,1
-243.0,2154.5,0,0.0,0.0,128,900.0,0.0,0
40.0,1682.0,-2,-2.9,0.09,81,900.0,0.0,1
-7.0,1882.5,0,-0.9,0.09,87,900.0,3.0,1
489.0,1899.5,3,3.3,0.8099999999999999,37,900.0,0.0,1
28.0,1894.0,-2,-1.7,0.8100000000000002,41,900.0,5.0,-1
237.0,2154.5,0,0.0,0.0,15,900.0,0.0,1
-172.0,1729.0,-2,-1.6,0.24,53,900.0,0.0,1
-26.0,1682.0,-4,-3.7,0.8099999999999999,78,900.0,0.0,-1
-231.0,2154.5,-3,-0.4,0.8400000000000001,46,900.0,0.0,-1
-52.0,1753.0,-2,-1.7,0.8100000000000002,78,900.0,0.0,-1
-58.0,1705.0,-5,-1.5,5.65,70,900.0,0.0,-1
19.0,1909.5,-13,-11.4,0.43999999999999995,98,1200.0,0.0,-1
52.0,1548.0,12,6.2,4.76,53,900.0,0.0,1
79.0,1756.5,-6,-6.5,2.25,70,900.0,0.0,-1
-38.0,1548.0,-19,-16.7,3.0100000000000002,70,900.0,0.0,-1
499.0,1893.5,0,-0.1,0.09,61,900.0,0.0,1
293.0,1266.5,25,23.4,8.04,45,900.0,0.0,1
37.0,1685.5,-2,-2.2,0.5599999999999999,56,900.0,0.0,-1
-84.0,1757.0,8,8.0,0.0,190,900.0,0.0,0
-23.0,1685.5,-3,-3.0,0.0,60,900.0,0.0,-1
24.0,1548.0,11,9.6,3.04,91,900.0,0.0,1
274.0,1784.0,1,-0.3,1.0100000000000002,37,900.0,0.0,1
-268.0,1784.0,-3,-4.1,1.09,46,900.0,0.0,-1
34.0,1689.0,-12,-6.4,13.440000000000001,92,900.0,0.0,-1
-60.0,1681.0,-18,-6.8,28.159999999999997,84,900.0,0.0,-1
-42.0,1548.0,1,0.1,0.09,43,900.0,0.0,1
-52.0,1689.0,9,9.0,0.0,109,900.0,0.0,1
-52.0,1727.0,10,2.0,7.2,61,1200.0,5.0,1
38.0,1741.0,6,4.8,7.56,33,900.0,0.0,1
205.0,1532.5,5,3.7,1.81,131,900.0,5.0,1
-17.0,2022.5,-9,-4.6,10.24,66,900.0,0.0,-1
-22.0,1741.0,0,1.2,0.9599999999999997,42,900.0,0.0,-1
72.0,1689.0,-15,-9.4,13.440000000000001,106,900.0,0.0,-1
-27.0,1646.5,8,7.7,0.21000000000000002,55,900.0,0.0,1
-645.0,2033.5,-6,-5.2,0.76,80,900.0,0.0,-1
-92.0,1689.0,10,5.0,7.4,49,900.0,0.0,1
620.0,1837.0,8,7.1,4.89,88,900.0,0.0,1
-54.0,1694.0,-8,-6.6,3.04,72,900.0,0.0,-1
360.0,1832.0,1,3.0,2.4,66,900.0,0.0,1
38.0,1727.0,13,12.9,0.09,101,1200.0,5.0,1
70.0,1684.0,0,0.1,6.69,69,900.0,0.0,1
-122.0,1792.0,-2,-2.0,0.0,82,900.0,0.0,-1
-253.0,1605.5,-3,0.9,1.89,80,900.0,0.0,-1
73.0,1876.5,6,5.0,4.0,49,1200.0,0.0,1
230.0,1593.0,4,3.3,0.61,69,900.0,0.0,1
35.0,1691.5,18,11.5,21.85,57,900.0,0.0,1
232.0,1612.0,5,3.0,2.2,55,900.0,0.0,1
99.0,1786.5,1,0.6,0.8400000000000001,29,900.0,0.0,1
-48.0,1151.0,-20,-20.0,0.0,128,900.0,0.0,-1
110.0,1588.0,7,6.3,0.21000000000000002,69,900.0,0.0,1
-240.0,1593.0,0,0.0,0.0,89,900.0,0.0,0
-208.0,1620.0,-5,-4.7,0.21000000000000002,88,900.0,0.0,-1
50.0,1151.0,22,21.3,0.21000000000000002,83,900.0,0.0,0
-14.0,1689.0,-10,-7.8,8.16,114,900.0,0.0,-1
-332.0,1844.0,0,-0.3,0.8100000000000002,21,900.0,0.0,-1
161.0,1654.5,2,2.0,0.0,59,900.0,0.0,1
-56.0,1727.0,1,1.0,0.0,35,1200.0,5.0,1
82.0,1760.0,3,3.0,0.0,51,900.0,0.0,1
179.0,1630.5,3,3.1,0.29,61,900.0,0.0,1
-54.0,1737.0,4,1.9,4.29,75,900.0,0.0,1
-102.0,1760.0,11,2.8,7.56,57,900.0,0.0,1
-132.0,1588.0,-2,-2.0,0.0,63,900.0,0.0,1
-141.0,1644.5,4,3.6,0.24,106,900.0,0.0,-1
-8.0,1686.0,12,11.1,1.89,91,900.0,0.0,1
-284.0,1271.0,-11,-4.6,17.64,76,900.0,0.0,-1
7.0,1752.5,13,5.2,6.959999999999999,77,900.0,0.0,1
-354.0,1831.0,-3,-3.6,0.24,66,900.0,0.0,-1
455.0,1410.5,14,7.1,5.89,53,900.0,0.0,1
138.0,1745.0,-14,-15.6,1.04,106,900.0,0.0,0
588.0,1974.0,3,3.1,2.8899999999999997,43,900.0,0.0,1
382.0,1831.0,-9,-6.3,3.41,132,900.0,0.0,-1
-10.0,1732.0,6,2.9,6.090000000000001,29,900.0,0.0,1
28.0,1732.0,-8,-2.9,15.089999999999998,42,900.0,0.0,-1
43.0,1661.5,7,6.1,7.290000000000001,77,900.0,0.0,1
-12.0,1878.0,-16,-2.5,23.85,66,900.0,0.0,-1
-89.0,1674.5,-4,-4.9,1.29,84,900.0,0.0,-1
-61.0,1661.5,9,8.1,2.49,77,900.0,0.0,1
-130.0,2041.0,3,3.0,0.0,123,900.0,5.0,1
-56.0,1647.0,2,0.7,1.0100000000000002,59,2700.0,0.0,1
-67.0,1152.5,-6,-3.0,3.6,39,900.0,0.0,1
-144.0,1795.0,1,0.9,0.09,58,900.0,0.0,-1
-280.0,1556.0,-14,-13.7,0.8099999999999999,82,900.0,0.0,-1
-44.0,2001.0,1,1.0,0.0,122,900.0,0.0,-1
-308.0,1482.0,-11,-8.3,7.01,31,900.0,0.0,-1
200.0,1763.0,-12,-12.0,0.0,63,900.0,0.0,1
-1.0,1983.5,3,0.7,3.01,57,900.0,5.0,1
17.0,1983.5,-4,-3.3,0.21000000000000002,130,900.0,5.0,-1
274.0,1556.0,7,2.5,2.25,61,1200.0,5.0,1
-7.0,1734.5,-5,-3.8,1.56,74,900.0,0.0,-1
-19.0,1692.5,-2,-2.0,0.0,118,1200.0,0.0,-1
-1.0,1983.5,-7,-6.2,1.56,65,900.0,5.0,-1
193.0,1514.5,-3,-2.3,0.21000000000000002,92,900.0,0.0,-1
93.0,1761.5,5,4.6,2.44,91,900.0,0.0,1
-452.0,1588.0,-9,-8.9,0.09,70,900.0,0.0,-1
552.0,1641.0,13,8.5,4.65,53,900.0,0.0,1
3.0,1692.5,3,-0.5,10.45,75,900.0,0.0,1
-81.0,1761.5,-9,-0.2,8.760000000000002,48,900.0,0.0,-1
224.0,1714.0,-9,-5.4,1.44,110,900.0,0.0,-1
47.0,1661.5,0,-0.1,0.09,23,900.0,0.0,1
340.0,1543.0,18,13.7,4.41,73,900.0,0.0,1
71.0,1775.5,0,-0.3,0.8100000000000002,47,900.0,0.0,1
-329.0,1546.5,-10,-9.1,0.09,94,900.0,0.0,-1
110.0,2045.0,5,4.1,0.09,97,900.0,5.0,1
-49.0,1661.5,1,1.0,0.0,101,900.0,0.0,0
-378.0,1831.0,-6,-3.9,7.290000000000001,61,900.0,0.0,-1
317.0,1550.5,16,16.0,0.0,83,900.0,0.0,1
-91.0,1775.5,3,3.0,0.0,107,900.0,0.0,1
77.0,1692.5,1,1.6,0.24,77,900.0,0.0,1
-98.0,2045.0,0,0.0,0.0,76,900.0,5.0,-1
-15.0,1826.5,8,7.5,0.25,101,900.0,0.0,1
-34.0,1714.0,0,0.1,0.09,76,900.0,0.0,0
-152.0,1902.0,18,12.1,8.889999999999999,106,900.0,0.0,-1
21.0,1712.5,0,-0.2,0.16000000000000003,49,900.0,0.0,1
-71.0,1779.5,0,0.0,0.0,42,900.0,0.0,-1
-39.0,1712.5,4,1.7,0.8099999999999999,43,900.0,0.0,1
-11.0,1998.5,1,1.0,0.0,147,2700.0,45.0,1
-195.0,1480.5,-7,-4.7,0.8099999999999999,78,900.0,0.0,-1
25.0,1712.5,-3,3.1,12.69,59,900.0,0.0,1
-43.0,1712.5,8,0.8,6.960000000000001,31,900.0,0.0,1
29.0,1712.5,2,1.1,1.29,79,900.0,0.0,1
132.0,2067.0,4,1.3,0.8100000000000002,67,900.0,0.0,1
171.0,1487.5,6,1.5,4.05,21,900.0,0.0,1
48.0,1721.0,0,-0.7,0.21000000000000002,125,900.0,0.0,0
17.0,1573.5,0,0.6,0.8400000000000001,34,900.0,0.0,-1
-122.0,2067.0,-15,-6.9,7.290000000000001,118,900.0,0.0,-1
1.0,1716.5,-4,-2.7,6.01,60,900.0,0.0,-1
-355.0,1537.5,1,1.4,0.8400000000000001,88,900.0,0.0,-1
-66.0,1589.0,5,1.7,7.409999999999999,71,900.0,0.0,1
110.0,2067.0,0,0.0,0.0,63,900.0,0.0,1
86.0,1589.0,-2,-2.4,2.44,94,900.0,0.0,-1
-63.0,2055.5,-1,-1.0,0.0,86,900.0,0.0,-1
-98.0,2067.0,-8,-6.6,4.84,64,900.0,0.0,-1
-307.0,1677.5,-12,-3.9,7.289999999999999,82,900.0,0.0,-1
40.0,1664.0,5,5.0,0.0,53,1200.0,0.0,1
50.0,1731.0,-11,-3.5,6.45,74,900.0,0.0,-1
354.0,2203.0,0,0.0,0.0,39,900.0,0.0,1
86.0,2067.0,3,1.2,7.56,65,900.0,0.0,1
-58.0,1664.0,6,5.7,0.8099999999999999,81,1200.0,0.0,1
-278.0,2001.0,-1,-0.4,0.8400000000000001,34,900.0,0.0,-1
542.0,1967.0,5,6.4,4.04,81,3600.0,30.0,1
6.0,1711.0,-2,-1.9,0.09,54,900.0,0.0,-1
-383.0,1723.5,-9,-9.0,0.0,84,900.0,0.0,-1
-74.0,2067.0,-5,-4.4,0.44000000000000006,66,900.0,0.0,-1
-24.0,1711.0,7,7.1,0.09,75,900.0,0.0,1
-725.0,1552.5,-9,-3.8,9.360000000000001,46,900.0,0.0,-1
-118.0,1738.0,-4,-3.2,2.7600000000000002,56,900.0,0.0,-1
53.0,1703.5,-2,-1.7,0.21000000000000002,78,900.0,0.0,-1
-20.0,2028.0,3,1.1,7.489999999999999,65,900.0,0.0,1
-102.0,2095.0,0,-0.9,1.29,48,900.0,0.0,-1
103.0,2045.5,-3,-3.1,0.09,98,900.0,5.0,-1
47.0,1741.5,1,-0.3,1.21,46,900.0,0.0,-1
243.0,1738.5,1,1.0,0.0,83,900.0,0.0,1
-290.0,1484.0,-3,-2.4,0.8400000000000001,60,900.0,0.0,-1
-39.0,1703.5,-8,-7.7,0.8099999999999999,42,900.0,0.0,-1
44.0,1855.0,-2,-2.0,0.0,103,900.0,0.0,1
-128.0,1940.0,1,1.0,0.0,97,2700.0,45.0,1
299.0,1944.5,3,2.1,2.4899999999999998,67,900.0,0.0,1
25.0,1703.5,8,1.8,8.16,45,900.0,0.0,1
108.0,1789.0,1,1.0,0.0,106,900.0,0.0,-1
458.0,1910.0,1,1.0,0.0,85,900.0,0.0,1
-588.0,2563.0,-4,-4.8,0.15999999999999998,98,900.0,1.0,-1
-104.0,2044.0,-1,-1.0,0.0,137,900.0,5.0,0
643.0,1785.5,0,0.0,0.0,11,900.0,0.0,1
209.0,2247.5,6,3.3,0.8099999999999999,35,900.0,0.0,1
139.0,2066.5,-2,0.4,5.84,51,900.0,5.0,1
-122.0,2063.0,-9,-8.2,5.76,60,900.0,5.0,-1
-374.0,1831.0,-3,-0.3,0.8100000000000002,26,900.0,0.0,-1
94.0,1965.0,-13,-5.8,5.76,134,900.0,5.0,-1
404.0,1831.0,1,2.0,1.2,66,900.0,0.0,-1
-14.0,1507.0,-13,-10.5,3.05,80,900.0,0.0,-1
8.0,1711.0,29,20.9,9.09,89,900.0,0.0,1
94.0,1682.0,-3,3.8,11.76,63,900.0,0.0,1
729.0,1550.5,14,8.3,24.81,25,900.0,0.0,1
71.0,1152.5,22,19.9,1.8900000000000001,107,900.0,0.0,0
201.0,2247.5,13,7.3,7.81,77,900.0,0.0,1
42.0,1663.0,5,6.2,7.56,61,900.0,0.0,1
-66.0,1689.0,-11,-2.4,10.639999999999999,26,900.0,0.0,-1
-374.0,1687.0,13,4.7,8.010000000000002,67,900.0,0.0,1
-65.0,2308.5,-8,-4.2,6.36,88,900.0,0.0,-1
-298.0,1268.0,-2,1.6,6.840000000000001,118,900.0,0.0,-1
370.0,1687.0,4,0.8,9.559999999999999,68,900.0,0.0,1
239.0,1626.5,4,2.2,2.96,40,900.0,0.0,-1
-24.0,1673.0,-3,-0.3,6.81,140,900.0,0.0,0
440.0,2120.0,2,2.0,0.0,101,900.0,0.0,1
-119.0,1571.5,-5,-1.3,3.41,54,900.0,0.0,-1
358.0,2199.0,1,-1.1,10.89,43,900.0,0.0,1
-354.0,2199.0,-1,-0.4,1.04,52,900.0,0.0,-1
42.0,1673.0,-11,-5.4,13.440000000000001,150,900.0,0.0,-1
-390.0,2143.0,-10,-8.5,2.25,62,900.0,0.0,-1
-67.0,1683.5,-4,-4.0,0.0,139,900.0,0.0,0
30.0,1825.0,-12,-9.6,13.440000000000001,132,900.0,0.0,-1
-186.0,1597.0,-6,-5.0,0.6,56,900.0,0.0,-1
4.0,1684.0,0,0.2,0.96,34,1980.0,33.0,1
195.0,1605.5,11,11.1,4.090000000000001,67,900.0,0.0,1
-71.0,1683.5,0,0.5,6.45,143,900.0,0.0,0
-48.0,1825.0,1,0.3,0.20999999999999996,39,900.0,0.0,1
34.0,1825.0,14,11.9,10.889999999999999,125,900.0,0.0,1
-70.0,1755.0,-4,-3.4,0.44000000000000006,86,900.0,0.0,-1
242.0,1996.0,5,6.2,0.5599999999999999,93,900.0,0.0,1
-33.0,2314.5,-7,-4.9,3.09,112,900.0,0.0,-1
-480.0,1906.0,-6,0.2,5.5600000000000005,48,900.0,0.0,-1
51.0,1508.5,-3,-0.3,0.8100000000000002,14,600.0,12.0,-1
-82.0,1965.0,0,0.0,0.0,96,900.0,5.0,-1
-301.0,1901.5,-9,-7.4,0.43999999999999995,124,900.0,0.0,-1
379.0,2139.5,3,2.5,0.25,75,900.0,0.0,1
241.0,1611.5,-11,-9.6,2.44,54,900.0,0.0,-1
-400.0,1847.0,5,5.2,0.36,113,900.0,0.0,1
-103.0,2088.5,0,0.5,3.65,90,900.0,0.0,-1
-1.0,1702.5,1,0.9,0.09,65,900.0,0.0,1
-506.0,1720.0,-5,-5.0,0.0,112,5400.0,0.0,-1
73.0,2064.5,3,0.9,1.8900000000000001,137,900.0,0.0,1
-38.0,1609.0,3,0.8,8.96,48,900.0,0.0,-1
39.0,2302.5,7,5.8,1.56,89,900.0,0.0,1
-344.0,2202.0,-1,-0.9,0.09,56,900.0,0.0,-1
340.0,2202.0,1,1.0,0.0,63,900.0,0.0,1
-336.0,2202.0,0,0.0,0.0,38,900.0,0.0,-1
89.0,1153.5,-4,-0.5,5.25,72,900.0,0.0,-1
-77.0,1153.5,-35,-35.0,0.2,92,900.0,0.0,-1
-159.0,1666.5,5,2.3,8.010000000000002,64,900.0,0.0,-1
-399.0,2120.5,-7,-4.9,1.89,178,900.0,0.0,-1
-91.0,2088.5,-5,-3.8,7.760000000000001,82,900.0,0.0,-1
-3.0,1893.5,1,-0.2,0.96,25,900.0,0.0,1
139.0,1820.5,6,3.3,0.8099999999999999,47,900.0,0.0,1
213.0,2213.5,6,3.8,3.56,63,900.0,0.0,1
-176.0,1794.0,-1,-1.1,0.09,82,900.0,0.0,-1
-63.0,1726.5,-1,-0.9,14.49,130,900.0,10.0,-1
97.0,1558.5,4,2.5,2.05,83,900.0,2.0,1
216.0,1620.0,9,8.7,0.8099999999999999,93,900.0,0.0,1
-85.0,1558.5,-9,-2.1,8.09,80,900.0,2.0,-1
530.0,2586.0,4,3.4,0.24,80,900.0,0.0,1
113.0,2088.5,-8,-5.7,23.81,74,900.0,0.0,-1
296.0,1946.0,3,2.5,2.25,99,900.0,0.0,1
-135.0,2088.5,6,5.5,0.25,197,900.0,0.0,1
-164.0,1819.0,9,4.6,2.44,63,900.0,0.0,1
-294.0,1913.0,5,1.3,13.01,73,900.0,0.0,1
-290.0,1946.0,-4,-2.4,8.040000000000001,80,900.0,0.0,-1
-419.0,2110.5,-7,-1.2,4.16,132,900.0,0.0,-1
-5.0,1717.5,-27,-20.8,17.759999999999998,92,900.0,0.0,-1
125.0,2088.5,3,2.5,0.45,110,900.0,0.0,1
286.0,1914.0,1,-2.1,1.49,97,900.0,0.0,1
154.0,1819.0,-1,-1.5,0.25,53,900.0,0.0,1
464.0,1682.0,0,0.1,0.09,15,900.0,0.0,1
68.0,1560.0,4,1.3,0.8100000000000002,19,900.0,2.0,1
-395.0,2120.5,-10,-8.5,8.25,50,900.0,0.0,-1
-178.0,1819.0,2,2.6,4.040000000000001,47,900.0,0.0,1
-93.0,1667.5,-1,-0.4,0.43999999999999995,36,900.0,0.0,-1
-397.0,1855.5,-12,-8.0,7.0,36,900.0,0.0,-1
150.0,1940.0,-2,-1.1,0.09,74,2700.0,45.0,-1
-115.0,2088.5,-4,-1.4,2.64,15,900.0,0.0,-1
-91.0,2088.5,-22,-9.9,44.29,52,900.0,0.0,-1
-74.0,1637.0,-1,-1.2,1.7599999999999998,40,900.0,2.0,-1
331.0,1885.5,3,1.5,1.45,25,900.0,0.0,1
124.0,1723.0,2,2.8,2.96,41,900.0,0.0,1
240.0,1591.0,0,-0.3,0.8100000000000002,25,900.0,0.0,1
-234.0,1591.0,-2,-1.0,0.6,72,900.0,0.0,-1
228.0,1591.0,2,0.1,1.49,41,900.0,0.0,1
-220.0,1591.0,-6,-2.0,2.4,42,900.0,0.0,-1
-47.0,1675.5,0,0.0,0.0,83,900.0,0.0,1
212.0,1591.0,4,-0.1,10.09,37,900.0,0.0,1
44.0,1743.0,1,0.2,0.16000000000000003,96,900.0,0.0,-1
-220.0,1591.0,0,0.0,0.0,24,900.0,0.0,0
246.0,1591.0,-9,-8.6,7.040000000000001,42,900.0,0.0,-1
-240.0,1591.0,-3,-2.9,0.09,44,900.0,0.0,-1
234.0,1591.0,3,0.3,8.610000000000003,51,900.0,0.0,1
-228.0,1591.0,-3,-0.6,0.8400000000000001,24,900.0,0.0,-1
531.0,2584.5,13,7.0,28.2,85,900.0,0.0,1
220.0,1591.0,1,1.1,0.09,35,900.0,0.0,1
-212.0,1591.0,-3,-0.3,0.8100000000000002,12,900.0,0.0,-1
220.0,1591.0,0,0.0,0.0,39,900.0,0.0,0
115.0,1725.5,2,2.9,1.6900000000000002,71,1200.0,10.0,1
-212.0,1591.0,-11,-1.7,10.610000000000001,26,900.0,0.0,-1
-391.0,917.5,-4,-2.4,2.64,38,900.0,0.0,-1
204.0,1591.0,3,0.2,0.96,111,900.0,0.0,1
-249.0,1916.5,-5,-4.0,2.4,74,900.0,0.0,-1
-196.0,1591.0,-2,-1.1,0.09,26,900.0,0.0,-1
188.0,1591.0,2,2.0,0.0,61,900.0,0.0,1
-180.0,1591.0,-4,-0.1,9.09,30,900.0,0.0,-1
-311.0,1883.5,-6,-3.3,0.8099999999999999,48,900.0,0.0,-1
172.0,1591.0,0,-0.8,1.56,45,900.0,0.0,1
-164.0,1591.0,-3,0.7,1.61,80,900.0,0.0,-1
491.0,1792.5,13,12.3,2.21,54,900.0,0.0,1
-184.0,1625.0,-13,-9.0,16.0,104,900.0,0.0,-1
188.0,1591.0,2,1.2,2.7600000000000002,42,900.0,0.0,-1
111.0,2088.5,-1,-0.9,0.09,140,900.0,0.0,-1
237.0,1668.5,4,3.7,0.21000000000000002,81,900.0,0.0,1
-180.0,1591.0,-3,-0.8,2.7600000000000002,46,900.0,0.0,-1
172.0,1591.0,3,0.0,1.8,39,900.0,0.0,1
176.0,1625.0,21,19.0,7.0,57,900.0,0.0,1
-53.0,1583.5,1,2.7,3.6100000000000003,44,900.0,0.0,-1
-180.0,1591.0,3,1.6,0.44000000000000006,113,900.0,0.0,0
126.0,1731.0,-7,-3.8,5.16,62,900.0,0.0,-1
-4.0,1547.0,-10,-9.4,1.44,78,900.0,0.0,-1
204.0,1591.0,-11,-5.4,13.440000000000001,108,900.0,0.0,-1
20.0,1547.0,-7,-6.6,0.8400000000000001,78,900.0,0.0,-1
-196.0,1591.0,-3,-0.6,1.44,18,900.0,0.0,-1
-4.0,1547.0,-20,-19.2,2.1599999999999997,92,900.0,0.0,-1
188.0,1591.0,3,0.6,1.44,43,900.0,0.0,1
-180.0,1591.0,-7,-2.0,3.8,20,900.0,0.0,-1
172.0,1591.0,8,1.0,8.2,19,900.0,0.0,1
-180.0,1591.0,-2,-2.0,0.0,45,900.0,0.0,0
-12.0,1547.0,14,14.0,0.0,85,900.0,0.0,1
172.0,1591.0,3,2.4,0.8400000000000001,45,900.0,0.0,1
-120.0,1973.0,-4,-3.3,0.21000000000000002,68,900.0,0.0,-1
-162.0,1591.0,-6,-0.5,10.45,40,900.0,0.0,-1
-4.0,1547.0,15,14.2,5.76,135,900.0,0.0,1
208.0,1836.0,6,2.4,5.04,44,900.0,10.0,1
186.0,1591.0,-8,-8.3,7.010000000000001,42,900.0,0.0,-1
-178.0,1591.0,-9,-0.9,7.290000000000001,16,900.0,0.0,-1
170.0,1591.0,11,2.1,9.49,29,900.0,0.0,1
-194.0,1591.0,12,4.8,5.76,109,900.0,0.0,1
-21.0,2308.5,-2,-2.0,0.0,161,900.0,0.0,0
-12.0,1547.0,25,23.4,6.04,77,900.0,0.0,1
186.0,1591.0,2,-0.4,7.039999999999999,19,900.0,0.0,1
-178.0,1591.0,-3,0.0,2.4,28,900.0,0.0,-1
122.0,1666.0,19,13.1,16.69,57,900.0,2.0,1
170.0,1591.0,5,1.7,2.0100000000000002,23,900.0,0.0,1
-4.0,1547.0,-2,-1.5,0.25,55,900.0,0.0,1
-160.0,1591.0,-8,0.4,8.64,28,900.0,0.0,-1
22.0,1547.0,-6,-0.1,11.890000000000002,100,900.0,0.0,-1
-140.0,1940.0,4,2.0,7.0,38,2700.0,45.0,-1
123.0,1718.5,18,16.8,0.96,101,900.0,0.0,1
-36.0,2042.0,8,2.6,15.24,51,900.0,0.0,1
-6.0,1547.0,-9,-8.3,0.21000000000000002,82,900.0,0.0,-1
23.0,1858.5,8,2.5,4.45,83,900.0,0.0,1
24.0,1547.0,-5,-0.5,2.25,172,900.0,0.0,-1
22.0,2042.0,10,0.7,10.21,83,900.0,0.0,1
537.0,2049.5,13,9.5,5.25,81,900.0,0.0,1
-8.0,1547.0,-13,-13.0,0.0,140,900.0,0.0,-1
50.0,1815.0,6,6.0,0.0,121,900.0,10.0,1
-6.0,2042.0,-1,-1.0,0.0,108,900.0,0.0,-1
-135.0,1755.5,-7,-5.1,8.49,73,900.0,0.0,1
118.0,1607.0,10,9.6,0.43999999999999995,97,900.0,0.0,1
24.0,2042.0,-13,-6.0,17.4,102,900.0,0.0,-1
74.0,1578.0,-11,-11.0,0.0,136,900.0,2.0,-1
31.0,1686.5,2,2.0,0.0,94,1200.0,5.0,-1
-147.0,1619.5,-5,-2.6,4.24,66,900.0,0.0,-1
177.0,1749.5,12,8.9,7.090000000000001,75,900.0,0.0,1
124.0,1641.0,-4,-0.6,1.44,34,900.0,10.0,-1
90.0,1581.0,-15,-9.9,3.29,114,2700.0,0.0,-1
142.0,1721.0,-2,-2.0,0.0,310,900.0,0.0,-1
136.0,2087.0,-3,-1.3,1.41,82,900.0,0.0,-1
-56.0,1748.0,-1,1.1,0.69,94,900.0,0.0,-1
231.0,1654.5,0,0.4,0.8400000000000001,25,900.0,0.0,1
-139.0,1820.5,7,7.0,0.0,93,900.0,0.0,1
-126.0,2087.0,-4,-1.3,0.8100000000000002,78,900.0,0.0,-1
-84.0,1618.0,-4,-2.8,1.7600000000000002,86,900.0,0.0,-1
-5.0,1662.5,2,2.8,2.16,59,900.0,0.0,1
72.0,1618.0,13,7.8,26.160000000000004,107,900.0,0.0,1
-92.0,1618.0,1,0.0,2.0,65,900.0,0.0,1
-3.0,1568.5,-18,-10.8,5.76,116,900.0,0.0,-1
-239.0,1731.5,-1,0.0,0.2,34,1200.0,0.0,-1
-22.0,1727.0,2,2.0,1.2,78,900.0,0.0,1
207.0,1833.5,-22,-19.6,13.440000000000001,146,900.0,0.0,-1
80.0,1618.0,12,8.3,8.610000000000001,67,900.0,0.0,1
-100.0,1618.0,4,3.4,2.24,61,900.0,0.0,1
88.0,1618.0,18,16.9,4.69,115,900.0,0.0,1
-76.0,1618.0,-3,-3.0,0.0,98,900.0,0.0,-1
71.0,1605.5,-11,-3.7,6.01,54,900.0,0.0,-1
62.0,1618.0,7,6.5,0.25,81,900.0,0.0,1
138.0,1808.0,14,8.5,3.85,53,900.0,0.0,1
-116.0,2087.0,-2,-0.9,2.6900000000000004,46,900.0,0.0,-1
80.0,1748.0,-2,-1.9,0.09,112,900.0,0.0,-1
-55.0,1580.5,0,0.7,1.4099999999999997,26,900.0,2.0,-1
41.0,1580.5,16,12.4,5.4399999999999995,70,900.0,2.0,1
104.0,2087.0,0,-0.5,0.25,55,900.0,0.0,1
48.0,1901.0,16,8.8,5.76,75,900.0,0.0,1
-27.0,1580.5,-10,-6.9,2.69,70,900.0,2.0,-1
54.0,1667.0,0,0.0,0.0,98,900.0,0.0,-1
62.0,1980.0,1,1.0,0.0,81,2700.0,45.0,0
-126.0,2087.0,3,2.6,0.44000000000000006,131,900.0,0.0,1
-28.0,1898.0,-5,-3.8,0.96,54,900.0,0.0,-1
-36.0,1763.0,1,1.4,0.8400000000000001,62,900.0,0.0,-1
-19.0,1686.5,12,8.4,18.64,39,900.0,0.0,1
-126.0,1740.0,4,-0.5,2.25,99,900.0,0.0,1
54.0,1763.0,-3,-3.5,2.25,46,900.0,0.0,-1
54.0,1902.0,3,3.0,0.0,70,900.0,0.0,-1
446.0,1416.0,11,8.1,6.890000000000001,71,900.0,0.0,1
68.0,1153.0,28,17.4,110.84,61,900.0,0.0,1
116.0,2087.0,4,4.0,0.0,58,900.0,0.0,1
-68.0,1663.0,8,8.0,0.0,101,900.0,0.0,1
-147.0,1488.5,-7,-7.0,0.0,46,900.0,0.0,-1
-83.0,1906.5,18,10.8,5.76,135,900.0,0.0,1
65.0,1601.5,5,4.2,2.1599999999999997,54,900.0,0.0,1
151.0,1738.5,-5,-5.0,0.0,164,900.0,0.0,-1
74.0,1664.0,3,3.0,0.0,160,900.0,0.0,0
-5.0,1702.5,6,4.1,0.49000000000000005,107,900.0,0.0,1
304.0,1415.0,7,-0.5,7.05,41,900.0,0.0,1
40.0,1669.0,8,3.0,5.2,77,900.0,0.0,1
-365.0,1449.5,-3,0.3,2.6100000000000003,24,900.0,0.0,-1
45.0,1580.5,-23,-15.8,5.76,132,900.0,2.0,-1
87.0,1661.5,-2,-0.9,1.29,13,900.0,0.0,1
-108.0,1671.0,0,0.2,0.16000000000000003,109,900.0,0.0,1
-11.0,1702.5,5,1.8,1.3600000000000003,77,900.0,0.0,1
87.0,1666.5,18,7.9,17.29,113,900.0,0.0,1
-65.0,1993.5,4,4.7,2.41,86,900.0,0.0,-1
29.0,1702.5,-5,2.5,6.85,90,900.0,0.0,-1
-124.0,1573.0,-9,-1.2,7.56,18,900.0,5.0,-1
-138.0,2087.0,4,2.0,6.2,75,900.0,0.0,1
-63.0,1661.5,-13,-4.3,9.209999999999997,134,900.0,0.0,-1
21.0,1858.5,9,2.2,5.959999999999999,103,900.0,0.0,1
30.0,1564.0,3,3.0,0.0,92,900.0,0.0,-1
-13.0,1702.5,-5,-3.8,0.36,152,900.0,0.0,-1
43.0,1997.5,10,10.0,0.0,137,900.0,0.0,1
37.0,1655.5,10,4.4,13.440000000000001,155,900.0,0.0,1
-10.0,1702.0,-17,-7.6,24.04,64,900.0,0.0,-1
-1.0,1856.5,-2,-1.4,0.8400000000000001,64,900.0,0.0,-1
-108.0,1791.0,-4,-4.0,0.0,116,900.0,0.0,-1
448.0,1412.0,11,7.0,7.4,65,900.0,0.0,1
-55.0,1153.5,-21,-14.3,43.010000000000005,158,900.0,0.0,-1
31.0,1702.5,-3,-0.6,1.44,30,900.0,0.0,-1
160.0,2087.0,-5,-3.4,0.44000000000000006,136,900.0,0.0,-1
43.0,1884.5,1,6.7,14.01,123,1200.0,0.0,1
70.0,1965.0,3,3.0,0.0,123,900.0,5.0,1
227.0,1854.5,11,10.5,0.25,81,900.0,0.0,1
-660.0,1724.0,-4,-2.5,2.25,50,900.0,0.0,-1
77.0,1658.5,-6,-6.6,1.44,66,900.0,0.0,-1
-150.0,2087.0,-1,-0.7,0.8100000000000002,36,900.0,0.0,-1
-92.0,1551.0,-12,-4.9,5.6899999999999995,94,900.0,2.0,-1
-130.0,2087.0,-2,-2.3,0.8099999999999999,66,900.0,0.0,-1
80.0,1511.0,1,1.0,0.0,201,900.0,0.0,0
78.0,1552.0,15,14.4,2.2399999999999998,64,900.0,2.0,1
-438.0,1618.0,2,0.1,2.29,20,900.0,0.0,-1
-220.0,1850.0,-2,-1.9,1.29,57,900.0,0.0,-1
-62.0,1553.0,-5,-4.0,2.4,100,900.0,2.0,-1
-224.0,1226.0,-6,-2.0,8.2,19,900.0,0.0,1
-23.0,1678.5,-7,-2.5,2.25,56,900.0,0.0,-1
207.0,1847.5,9,1.0,7.2,23,900.0,0.0,1
70.0,1782.0,2,2.2,0.15999999999999998,91,900.0,0.0,1
653.0,1727.5,11,8.8,6.36,51,900.0,0.0,1
271.0,1252.5,27,27.0,0.0,61,900.0,0.0,1
-129.0,1620.5,-2,-2.3,0.21000000000000002,78,900.0,0.0,-1
26.0,1999.0,-1,-1.0,0.0,141,900.0,0.0,1
-403.0,1850.5,-8,-6.0,1.6,42,900.0,0.0,-1
59.0,1519.5,11,9.2,1.56,43,600.0,12.0,1
64.0,1510.0,3,3.5,0.25,67,900.0,0.0,1
-44.0,2091.0,1,1.0,0.0,125,900.0,0.0,1
58.0,1454.0,5,-0.1,4.29,41,600.0,12.0,1
156.0,1731.0,4,-0.5,2.25,73,900.0,0.0,1
4.0,1827.0,0,0.0,1.2,38,900.0,0.0,1
-101.0,1970.5,2,1.2,0.16,85,2700.0,45.0,1
-218.0,1517.0,-5,-4.6,2.04,98,1200.0,10.0,-1
-52.0,1702.0,0,0.0,0.0,47,900.0,0.0,1
-135.0,1410.5,-3,-4.1,1.89,40,600.0,12.0,-1
-18.0,1495.0,-4,-4.5,2.25,70,900.0,0.0,-1
1.0,1970.5,-9,-7.8,7.760000000000001,88,900.0,0.0,-1
67.0,2051.5,0,0.0,0.0,91,900.0,0.0,1
-119.0,1568.5,-5,-4.9,0.09,80,900.0,0.0,-1
121.0,1610.5,11,9.4,2.44,61,900.0,0.0,1
24.0,2094.0,5,0.5,3.85,47,900.0,0.0,1
124.0,1411.0,6,5.0,0.2,33,1800.0,15.0,1
182.0,1588.0,-3,-3.3,0.8099999999999999,92,900.0,0.0,-1
-49.0,2090.5,1,0.1,0.09,39,900.0,0.0,1
-103.0,2027.5,1,1.1,0.09,52,900.0,0.0,-1
-37.0,1645.5,1,0.2,0.56,88,900.0,0.0,-1
28.0,2094.0,1,-0.8,8.760000000000002,100,900.0,0.0,1
91.0,2027.5,4,4.2,0.96,71,900.0,0.0,1
-24.0,1531.0,-18,-15.6,13.440000000000001,118,900.0,0.0,-1
135.0,1756.5,9,5.4,5.64,23,900.0,0.0,1
191.0,1725.5,7,5.5,2.05,63,2700.0,0.0,1
-34.0,1816.0,13,8.5,20.25,63,900.0,0.0,1
-704.0,2504.0,-8,-5.5,6.25,86,900.0,1.0,-1
-79.0,2027.5,-3,-3.0,0.0,82,900.0,0.0,-1
22.0,1645.0,1,0.0,0.2,15,900.0,0.0,1
601.0,1981.5,5,5.1,0.09,63,900.0,0.0,1
-6.0,1645.0,-9,-0.9,7.290000000000001,22,900.0,0.0,-1
-618.0,1411.0,-1,-1.1,0.09,61,900.0,0.0,1
-103.0,1584.5,4,1.6,5.840000000000001,51,900.0,0.0,1
-157.0,1735.5,0,-0.5,2.25,79,1800.0,30.0,1
212.0,1967.0,12,12.0,38.4,161,900.0,0.0,1
-8.0,1529.0,3,3.0,0.2,85,900.0,0.0,1
52.0,1816.0,-7,-6.9,0.09,96,900.0,0.0,-1
83.0,1141.5,-1,-1.0,0.0,73,900.0,0.0,0
67.0,2027.5,0,3.7,5.61,107,900.0,0.0,1
-65.0,1673.5,12,4.7,6.01,111,900.0,0.0,1
-38.0,1816.0,-18,-15.0,12.0,120,900.0,0.0,-1
-4.0,2046.0,1,1.0,0.0,91,900.0,0.0,1
-191.0,1552.5,8,7.7,4.41,55,900.0,0.0,1
-69.0,1838.5,5,5.0,0.0,143,1800.0,30.0,1
51.0,1673.5,10,12.8,11.36,93,900.0,0.0,1
183.0,1552.5,4,1.3,0.8100000000000002,65,900.0,0.0,1
93.0,1577.5,6,5.6,0.8400000000000001,67,2700.0,0.0,1
134.0,1922.0,0,-0.4,0.44000000000000006,55,900.0,0.0,1
-175.0,1552.5,-5,-4.5,4.05,46,900.0,0.0,-1
167.0,1552.5,0,-0.1,0.09,31,900.0,0.0,1
56.0,1816.0,0,0.8,0.16,64,900.0,0.0,-1
-175.0,1552.5,0,0.0,6.4,116,900.0,0.0,0
50.0,2002.0,-1,-0.5,2.25,64,900.0,0.0,-1
167.0,1552.5,3,0.2,1.3599999999999999,27,900.0,0.0,1
-157.0,1552.5,-10,-9.9,0.09,76,900.0,0.0,-1
207.0,1953.5,1,-0.3,2.21,65,900.0,0.0,1
90.0,2032.0,-6,-6.0,0.0,98,900.0,0.0,0
163.0,1552.5,-7,0.2,5.76,162,900.0,0.0,0
-180.0,1567.0,-12,-3.0,15.8,48,600.0,12.0,-1
-185.0,1728.5,6,6.0,0.0,139,900.0,0.0,1
-88.0,1717.0,-1,0.1,1.09,49,900.0,0.0,1
-76.0,1816.0,8,7.0,0.6,97,900.0,0.0,1
-199.0,1953.5,-1,-0.9,0.09,90,900.0,0.0,-1
-13.0,1652.5,5,3.6,8.44,111,900.0,0.0,1
-153.0,1552.5,-3,-1.5,1.85,66,900.0,0.0,-1
-36.0,2002.0,2,2.0,0.0,90,900.0,0.0,-1
143.0,1552.5,3,0.6,1.44,13,900.0,0.0,1
-133.0,1552.5,-7,-7.1,1.29,70,900.0,0.0,-1
136.0,1506.0,6,5.5,0.65,67,900.0,0.0,1
-75.0,2080.5,2,-0.4,0.8400000000000001,63,900.0,0.0,1
155.0,1552.5,-2,0.7,0.8100000000000002,98,900.0,0.0,-1
175.0,1623.5,2,2.0,0.0,112,900.0,0.0,-1
-145.0,1552.5,-10,-9.9,3.09,46,900.0,0.0,-1
135.0,1552.5,7,0.2,5.359999999999999,141,900.0,0.0,1
62.0,1816.0,13,4.2,24.560000000000002,91,900.0,0.0,1
-65.0,2075.5,1,1.0,0.0,147,900.0,0.0,0
55.0,1838.5,9,0.9,7.290000000000001,15,1800.0,30.0,1
-125.0,1552.5,-1,0.7,2.01,66,900.0,0.0,-1
66.0,1787.0,-5,-2.9,1.89,150,1800.0,30.0,-1
147.0,1552.5,-11,-7.8,5.16,60,900.0,0.0,-1
-171.0,1552.5,11,7.5,5.25,111,900.0,0.0,1
65.0,1959.5,0,-0.7,0.21000000000000002,119,900.0,5.0,1
210.0,2213.0,4,2.2,2.76,53,900.0,0.0,1
17.0,1676.5,8,-0.8,9.960000000000003,37,1200.0,0.0,1
-17.0,2003.5,-3,-3.3,8.81,122,900.0,0.0,-1
306.0,1499.0,-8,-3.3,15.61,40,900.0,0.0,-1
-302.0,1499.0,-14,-9.5,2.25,52,900.0,0.0,-1
298.0,1499.0,13,9.5,5.25,39,900.0,0.0,1
-52.0,2018.0,1,1.0,0.0,83,900.0,5.0,0
-5.0,1860.5,-1,-2.2,0.96,99,900.0,7.0,1
-244.0,1225.0,-2,-1.7,0.8100000000000002,82,900.0,0.0,-1
12.0,1998.0,-2,-0.3,0.8099999999999999,133,900.0,0.0,1
-118.0,1584.0,0,0.3,0.8100000000000002,39,900.0,0.0,1
270.0,1225.0,-6,2.4,8.64,22,900.0,0.0,-1
-282.0,1504.0,-5,-4.2,1.36,32,900.0,0.0,-1
276.0,1504.0,6,4.8,0.36,117,900.0,0.0,1
35.0,2019.5,2,6.1,4.090000000000001,96,900.0,0.0,1
-28.0,2025.0,-10,-9.1,2.29,54,900.0,0.0,-1
-107.0,1951.5,0,0.0,0.0,96,900.0,0.0,-1
-112.0,1670.0,7,2.5,2.25,61,1200.0,10.0,1
-269.0,1906.5,-5,-5.2,0.5599999999999999,40,900.0,0.0,-1
-74.0,1843.0,0,0.5,2.25,68,2700.0,45.0,1
-19.0,2019.5,-6,-5.1,0.09,104,900.0,0.0,-1
30.0,1799.0,7,5.2,8.16,47,900.0,0.0,1
83.0,2098.5,0,1.2,0.9599999999999997,56,900.0,0.0,-1
58.0,1738.0,7,6.9,0.09,112,900.0,0.0,-1
16.0,2018.0,3,2.2,0.76,61,900.0,0.0,1
-78.0,1738.0,4,3.1,0.09,135,900.0,0.0,1
100.0,1591.0,10,7.6,17.04,99,900.0,0.0,1
93.0,2078.5,1,0.1,0.09,33,900.0,0.0,1
20.0,2300.0,5,5.0,0.0,109,900.0,0.0,1
-70.0,2073.0,0,0.4,0.8400000000000001,34,900.0,0.0,-1
-169.0,1949.5,-12,-11.7,0.21000000000000002,124,900.0,0.0,-1
64.0,1738.0,8,0.7,6.01,39,900.0,0.0,1
-50.0,1738.0,-1,-2.6,2.04,48,900.0,0.0,-1
250.0,1913.0,5,0.3,11.010000000000002,51,900.0,0.0,1
177.0,1949.5,2,2.0,0.0,120,900.0,0.0,0
-165.0,2013.5,-2,-0.1,1.6900000000000002,46,900.0,0.0,-1
36.0,1738.0,0,0.3,0.8100000000000002,41,900.0,0.0,1
-244.0,1913.0,-20,-14.4,13.440000000000001,120,900.0,0.0,-1
-55.0,1914.5,-4,-2.1,3.4900000000000007,54,2700.0,30.0,-1
-22.0,1738.0,-5,-0.1,2.8900000000000006,108,900.0,0.0,-1
51.0,1499.5,-14,-2.5,20.65,50,900.0,0.0,-1
404.0,1890.0,4,3.7,0.8099999999999999,43,1980.0,33.0,1
99.0,1998.5,-2,0.6,3.84,100,900.0,0.0,-1
209.0,1533.5,4,0.8,1.3600000000000003,97,900.0,0.0,1
-174.0,1565.0,-5,-4.9,6.29,63,900.0,0.0,-1
238.0,1913.0,13,12.4,0.24,81,900.0,0.0,1
6.0,1738.0,1,1.0,0.0,45,900.0,0.0,1
147.0,2236.5,1,1.0,0.0,143,900.0,0.0,0
164.0,1565.0,8,0.4,6.639999999999999,29,900.0,0.0,1
4.0,1751.0,3,1.1,0.89,83,900.0,0.0,1
-95.0,1772.5,0,0.0,0.0,73,900.0,0.0,1
-469.0,1916.5,-5,-5.2,0.15999999999999998,54,900.0,0.0,-1
-232.0,1913.0,-9,-1.5,6.85,34,900.0,0.0,-1
55.0,2010.5,-4,-3.0,0.2,114,900.0,5.0,-1
42.0,1737.0,-8,-5.3,2.6100000000000003,62,900.0,0.0,-1
226.0,1913.0,9,8.2,5.76,115,900.0,0.0,1
-28.0,1737.0,-9,-1.9,5.6899999999999995,132,900.0,0.0,-1
83.0,1679.5,-9,-4.8,12.360000000000001,54,900.0,0.0,-1
-103.0,1998.5,-3,0.7,1.61,138,900.0,0.0,0
-103.0,1679.5,15,6.4,10.440000000000001,83,900.0,0.0,1
-218.0,1913.0,-11,-8.5,1.65,85,900.0,0.0,-1
-137.0,1564.5,-6,-9.0,6.0,92,900.0,0.0,-1
-20.0,1721.0,2,1.6,0.8400000000000001,119,900.0,0.0,1
159.0,1564.5,-7,-7.0,0.0,74,900.0,0.0,-1
91.0,1679.5,7,5.6,3.6399999999999997,73,900.0,0.0,1
-52.0,1714.0,1,0.4,0.8400000000000001,39,900.0,0.0,1
-20.0,1704.0,3,3.0,0.0,129,1200.0,5.0,1
28.0,1639.0,-13,-7.4,13.440000000000001,118,900.0,0.0,-1
51.0,1723.5,-10,-2.5,7.65,76,900.0,0.0,-1
383.0,2176.5,5,5.0,0.0,47,900.0,5.0,1
336.0,1852.0,1,1.3,0.21000000000000002,79,900.0,0.0,1
-316.0,1509.0,12,9.5,1.65,89,900.0,0.0,1
57.0,1784.5,5,4.3,2.21,59,900.0,0.0,1
301.0,1513.5,7,-1.1,7.289999999999999,35,900.0,0.0,1
-284.0,1519.0,-4,-3.3,1.41,44,900.0,0.0,-1
-147.0,1735.5,1,0.7,0.8100000000000002,50,900.0,0.0,-1
264.0,1526.0,3,0.6,1.44,39,900.0,0.0,1
25.0,1733.5,6,1.8,8.760000000000002,55,900.0,0.0,1
-240.0,1534.0,-7,-4.6,1.44,52,900.0,0.0,-1
211.0,1544.5,1,-1.7,0.8100000000000002,31,900.0,0.0,1
-333.0,1497.5,15,6.3,9.209999999999997,133,900.0,0.0,1
310.0,1506.0,2,2.2,1.7600000000000002,47,900.0,0.0,1
-282.0,1517.0,-4,-0.3,1.61,170,900.0,0.0,-1
37.0,1673.5,5,5.5,2.25,93,900.0,0.0,1
-411.0,2192.5,-9,-8.2,2.7600000000000002,66,900.0,5.0,-1
-539.0,1538.5,-11,-11.0,0.0,78,900.0,0.0,-1
-179.0,1735.5,6,-4.1,17.29,141,900.0,0.0,1
171.0,1735.5,5,3.6,2.6399999999999997,123,900.0,0.0,1
404.0,2191.0,2,0.8,2.16,55,900.0,5.0,1
-161.0,1735.5,-13,-3.5,13.05,70,900.0,0.0,-1
151.0,1735.5,19,8.8,16.560000000000002,109,900.0,0.0,1
-141.0,1735.5,-6,-6.0,0.0,136,900.0,0.0,-1
131.0,1735.5,9,9.0,0.0,123,900.0,0.0,1
198.0,1622.0,4,2.5,3.65,73,900.0,0.0,1
64.0,1824.0,-11,-6.7,19.81,44,900.0,0.0,-1
-381.0,1827.5,-2,-2.5,2.25,62,900.0,0.0,-1
-249.0,1218.5,-27,-26.9,0.09,94,900.0,0.0,-1
262.0,2156.0,0,0.4,0.8400000000000001,14,900.0,0.0,1
-256.0,2156.0,-3,-2.0,1.8,176,900.0,0.0,-1
-235.0,1549.5,-1,-1.0,0.0,118,900.0,0.0,-1
72.0,1679.0,7,4.1,7.890000000000001,49,900.0,0.0,1
195.0,1196.5,11,8.6,13.440000000000001,133,900.0,0.0,1
500.0,2059.0,19,17.4,12.64,101,900.0,0.0,1
-254.0,1784.0,-1,-1.0,0.0,82,900.0,0.0,-1
720.0,1658.0,0,-0.9,0.09,17,900.0,0.0,1
104.0,1704.0,-2,-1.9,0.09,46,900.0,0.0,-1
-546.0,1582.0,1,0.2,0.16000000000000003,30,900.0,0.0,-1
-42.0,1694.0,2,1.4,0.64,58,1980.0,33.0,1
41.0,1914.5,0,0.1,4.090000000000001,97,2700.0,30.0,1
250.0,2156.0,11,4.1,12.690000000000001,76,900.0,0.0,1
-371.0,1830.5,-4,-2.4,0.44000000000000006,58,900.0,0.0,-1
-454.0,1880.0,-1,-0.8,0.9599999999999997,60,900.0,0.0,-1
-205.0,1608.5,-6,-1.5,9.45,43,900.0,0.0,-1
30.0,2044.0,-2,-1.2,6.16,94,900.0,0.0,-1
-244.0,2156.0,-3,-1.4,1.24,55,900.0,0.0,-1
367.0,1830.5,8,7.1,1.29,58,900.0,0.0,1
238.0,2156.0,0,0.4,0.8400000000000001,14,900.0,0.0,1
-232.0,2156.0,-3,-1.6,0.64,76,900.0,0.0,-1
-79.0,1726.5,7,6.1,0.09,91,900.0,0.0,1
-200.0,1751.0,-2,-2.1,1.89,50,900.0,0.0,-1
326.0,1849.0,0,0.1,0.09,46,900.0,0.0,1
-146.0,1731.0,0,-0.1,0.09,26,900.0,0.0,-1
-187.0,1930.5,1,0.1,7.290000000000001,65,900.0,0.0,1
211.0,1930.5,0,-0.1,0.09,14,900.0,0.0,-1
-59.0,1741.5,5,2.2,3.3600000000000003,121,900.0,0.0,1
-203.0,1930.5,0,-0.6,1.44,44,900.0,0.0,-1
195.0,1930.5,3,7.9,11.89,125,900.0,0.0,1
-117.0,2095.5,0,0.0,0.0,157,900.0,0.0,0
-503.0,2056.5,-19,-18.1,5.6899999999999995,68,900.0,0.0,-1
65.0,1827.5,1,2.2,0.96,50,900.0,0.0,-1
-85.0,1827.5,13,9.0,16.0,161,900.0,0.0,1
-61.0,1554.5,13,10.3,0.8099999999999999,105,900.0,2.0,0
-405.0,2104.5,-7,-1.9,13.290000000000001,62,900.0,0.0,-1
-421.0,1482.5,-3,-1.1,0.49000000000000005,48,1200.0,5.0,-1
417.0,1483.5,3,2.7,0.21000000000000002,103,1200.0,5.0,1
-82.0,1744.0,5,5.0,0.0,165,900.0,0.0,1
237.0,1906.5,5,4.9,0.09,103,900.0,0.0,1
-79.0,1712.5,-3,-3.0,0.0,144,900.0,0.0,-1
283.0,1243.5,30,26.7,14.010000000000002,73,900.0,0.0,1
-231.0,1906.5,-20,-13.3,27.610000000000003,42,900.0,0.0,-1
-4.0,1702.0,-5,-5.0,0.0,180,1200.0,5.0,-1
-253.0,1231.5,-17,-16.1,1.8900000000000001,60,900.0,0.0,-1
225.0,1906.5,14,14.0,0.0,175,900.0,0.0,1
103.0,1744.5,-1,-1.4,0.24,84,900.0,0.0,-1
-217.0,1906.5,-3,-1.2,5.160000000000001,44,900.0,0.0,-1
293.0,1451.5,-6,-6.6,1.44,36,900.0,2.0,-1
209.0,1906.5,1,0.0,2.4,21,900.0,0.0,1
-201.0,1906.5,-14,-13.1,1.89,90,900.0,0.0,-1
23.0,1690.5,-10,-1.9,7.289999999999999,116,900.0,0.0,-1
193.0,1906.5,20,12.7,6.01,83,900.0,0.0,1
-109.0,1961.5,-6,-3.2,3.16,56,2700.0,45.0,-1
-25.0,1690.5,-1,-1.0,0.0,85,900.0,0.0,0
-185.0,1906.5,-7,-5.7,1.01,140,900.0,0.0,-1
23.0,1600.5,1,0.1,7.290000000000001,120,900.0,2.0,-1
9.0,1690.5,5,5.0,2.0,45,900.0,0.0,1
-380.0,2115.0,-19,-13.4,13.440000000000001,138,900.0,0.0,-1
-87.0,1744.5,-2,-0.8,1.7599999999999998,70,900.0,0.0,-1
85.0,1671.5,4,0.8,7.760000000000001,91,900.0,0.0,1
244.0,1602.0,2,2.0,1.8,27,600.0,12.0,1
177.0,1906.5,16,14.4,2.6399999999999997,95,900.0,0.0,1
-41.0,1600.5,1,3.0,11.4,161,900.0,2.0,1
498.0,2055.0,-4,-2.3,2.0100000000000002,53,900.0,0.0,1
-169.0,1906.5,-16,-15.2,5.76,128,900.0,0.0,-1
99.0,1712.5,-4,-1.6,0.8400000000000001,60,900.0,0.0,-1
-149.0,1708.5,0,-0.7,0.41,46,1200.0,10.0,-1
139.0,1708.5,2,0.3,0.61,23,1200.0,10.0,1
134.0,1652.0,18,14.0,16.0,109,900.0,2.0,1
-139.0,2095.5,8,4.4,1.44,185,900.0,0.0,1
159.0,1906.5,-1,2.9,3.8899999999999997,69,900.0,0.0,1
-79.0,1630.5,0,0.0,0.0,30,900.0,2.0,-1
-149.0,1906.5,-18,-11.1,18.490000000000002,38,900.0,0.0,-1
-26.0,1920.0,-1,-0.5,0.25,60,2700.0,30.0,-1
145.0,2095.5,0,0.0,0.0,209,900.0,0.0,0
166.0,1663.0,0,0.3,0.8100000000000002,36,900.0,2.0,-1
169.0,1613.5,8,0.8,6.960000000000001,51,900.0,0.0,1
-159.0,1613.5,-16,-16.0,0.0,66,900.0,0.0,-1
-10.0,2301.0,2,1.1,7.889999999999999,121,900.0,0.0,1
157.0,1617.5,6,3.8,2.16,67,900.0,0.0,1
-147.0,1617.5,-15,-14.1,12.09,64,900.0,0.0,-1
137.0,1617.5,14,9.5,2.25,65,900.0,0.0,1
77.0,1971.5,9,9.0,0.0,151,2700.0,45.0,1
277.0,2164.5,0,1.9,1.6900000000000002,93,900.0,0.0,1
-159.0,1617.5,-6,-4.8,2.16,71,900.0,0.0,1
134.0,1933.0,9,8.9,0.09,105,900.0,0.0,1
-112.0,1459.0,1,0.1,0.6900000000000001,24,1200.0,0.0,-1
-327.0,1640.5,-9,-7.2,8.959999999999999,62,900.0,0.0,-1
179.0,1599.5,4,5.2,0.5599999999999999,105,900.0,0.0,1
-37.0,1739.5,-3,-2.8,0.15999999999999998,95,900.0,3.0,-1
133.0,2229.5,2,-0.4,1.44,57,900.0,0.0,1
-219.0,1610.5,4,2.6,5.64,89,1200.0,0.0,1
-168.0,1626.0,-18,-14.1,8.49,70,900.0,0.0,-1
7.0,2299.5,-5,-5.0,0.0,140,900.0,0.0,0
66.0,1882.0,0,0.0,0.0,112,1200.0,0.0,-1
-203.0,1599.5,1,0.9,2.0900000000000003,65,900.0,0.0,1
21.0,1739.5,3,1.3,11.61,26,900.0,3.0,1
239.0,1638.5,1,1.0,0.0,67,1200.0,20.0,1
-166.0,2097.0,10,0.7,14.210000000000003,61,900.0,0.0,1
99.0,1665.5,6,0.8,3.1600000000000006,63,900.0,0.0,1
-146.0,2097.0,-4,-0.3,1.61,66,900.0,0.0,-1
552.0,2573.0,4,4.3,2.6100000000000003,68,900.0,0.0,1
152.0,2097.0,1,1.0,0.0,79,900.0,0.0,0
214.0,1606.0,1,1.9,4.290000000000001,50,900.0,0.0,-1
81.0,2349.5,1,0.7,0.61,49,900.0,0.0,1
-206.0,1606.0,0,0.8,0.16,43,900.0,0.0,-1
-142.0,2097.0,-3,-2.2,0.15999999999999998,111,900.0,0.0,-1
198.0,1606.0,4,-0.2,2.7600000000000002,17,900.0,0.0,1
119.0,1491.5,6,3.6,10.440000000000001,25,900.0,0.0,1
-414.0,1937.0,-5,-5.1,9.49,38,900.0,3.0,-1
-224.0,1606.0,8,7.2,0.36,105,900.0,0.0,1
142.0,1806.0,8,5.1,3.8899999999999997,41,900.0,3.0,1
132.0,2097.0,3,-0.1,4.49,61,900.0,0.0,1
126.0,1753.0,8,5.3,0.8099999999999999,57,1200.0,0.0,1
-122.0,2097.0,-1,-0.2,2.56,66,900.0,0.0,-1
-5.0,1994.5,8,8.0,0.0,107,900.0,5.0,1
-261.0,1529.5,-6,2.1,7.289999999999999,74,900.0,0.0,-1
255.0,1529.5,7,7.0,0.0,77,900.0,0.0,1
16.0,1899.0,4,3.5,2.25,85,1200.0,0.0,1
-249.0,1529.5,-17,-9.2,6.959999999999999,42,900.0,0.0,-1
242.0,1530.0,10,1.6,8.040000000000001,29,900.0,0.0,1
-235.0,1530.5,-6,-6.0,0.0,56,900.0,0.0,-1
21.0,1994.5,-9,-9.0,0.0,122,900.0,5.0,-1
110.0,2097.0,1,0.7,1.4099999999999997,30,900.0,0.0,1
-5.0,1994.5,-5,-2.8,2.16,46,900.0,5.0,-1
-129.0,1649.5,-11,-7.5,8.85,62,900.0,2.0,-1
85.0,1961.5,1,1.0,0.0,61,900.0,0.0,1
-98.0,2097.0,-11,-4.3,13.41,77,900.0,0.0,-1
135.0,1649.5,16,13.9,1.09,67,900.0,2.0,0
391.0,2099.5,9,5.0,16.0,101,900.0,0.0,1
-141.0,1649.5,-3,-8.6,37.24,148,900.0,2.0,0
-54.0,1974.0,8,5.1,6.890000000000001,89,900.0,0.0,1
47.0,1617.5,2,1.5,0.25,95,900.0,0.0,1
132.0,2229.0,3,3.3,0.21000000000000002,59,900.0,0.0,1
-33.0,1617.5,-11,-4.7,17.21,94,900.0,0.0,-1
147.0,1649.5,9,9.0,0.0,185,900.0,2.0,0
17.0,1617.5,8,4.2,6.36,51,900.0,0.0,1
86.0,2097.0,2,0.5,2.45,81,900.0,0.0,1
-35.0,1617.5,4,-0.3,8.41,57,900.0,0.0,1
-64.0,1144.0,-11,-10.7,0.21000000000000002,76,900.0,0.0,-1
-86.0,1767.0,-10,-10.2,4.36,50,900.0,0.0,-1
-200.0,1584.0,-10,-3.1,7.290000000000001,76,600.0,12.0,-1
-106.0,2097.0,2,2.0,0.0,115,900.0,0.0,1
-552.0,2572.0,-5,-2.4,8.64,115,900.0,0.0,-1
119.0,1854.5,-1,-0.7,0.8100000000000002,78,900.0,0.0,1
19.0,1617.5,11,2.7,7.810000000000002,43,900.0,0.0,1
-3.0,1617.5,-14,-14.2,0.16,106,900.0,0.0,-1
233.0,1603.5,6,5.0,2.4,41,600.0,12.0,1
-122.0,1916.0,6,4.7,1.01,109,900.0,0.0,1
-13.0,1617.5,11,7.0,2.0,81,900.0,0.0,1
-3.0,1617.5,-3,-3.0,0.0,81,900.0,0.0,1
-189.0,1585.5,-13,-4.3,8.609999999999998,44,600.0,12.0,-1
-13.0,1617.5,5,-0.5,5.25,69,900.0,0.0,1
-95.0,1686.5,5,5.0,0.0,57,900.0,0.0,1
94.0,2097.0,2,0.7,1.21,52,900.0,0.0,1
-3.0,1617.5,-1,-0.4,2.64,101,900.0,0.0,1
64.0,1765.0,3,2.3,0.21000000000000002,67,900.0,0.0,1
221.0,1605.5,7,-1.1,18.69,54,600.0,12.0,1
179.0,1525.5,11,6.0,5.0,107,900.0,0.0,1
99.0,1910.5,-3,-1.3,0.8099999999999999,55,900.0,0.0,1
-12.0,1999.0,2,2.0,0.0,119,900.0,5.0,1
-343.0,1696.5,-16,-16.0,5.6,128,900.0,0.0,-1
70.0,1679.0,-9,-0.9,9.89,48,900.0,0.0,-1
-50.0,1765.0,-5,-5.1,0.09,76,900.0,0.0,-1
-45.0,1465.5,0,-0.9,9.290000000000001,70,600.0,12.0,-1
-145.0,1922.5,9,9.0,0.0,153,900.0,0.0,1
13.0,1629.5,12,8.5,5.25,101,900.0,0.0,1
242.0,1610.0,19,11.1,7.090000000000001,57,900.0,0.0,1
173.0,1906.5,-12,1.6,51.44,72,900.0,0.0,-1
149.0,1496.5,4,2.6,1.24,93,900.0,2.0,1
-224.0,1615.0,-3,-1.8,0.9599999999999997,24,900.0,0.0,-1
3.0,1629.5,-10,-8.8,1.7599999999999998,66,900.0,0.0,-1
-209.0,1759.5,0,-0.1,0.09,12,900.0,0.0,-1
203.0,1621.5,0,0.0,0.0,21,900.0,0.0,1
-456.0,1915.0,-4,-3.1,7.289999999999999,100,900.0,0.0,-1
-40.0,1774.0,0,-1.7,3.2099999999999995,132,900.0,0.0,-1
-19.0,1629.5,9,7.9,2.49,61,900.0,0.0,1
125.0,1722.5,0,0.0,0.0,21,900.0,0.0,1
-163.0,1906.5,-15,-11.0,16.0,186,900.0,0.0,-1
-83.0,1691.5,5,4.2,2.56,75,900.0,0.0,1
37.0,1629.5,-13,-7.5,5.65,52,900.0,0.0,-1
-21.0,1629.5,-2,-1.9,0.09,66,900.0,0.0,-1
-609.0,1991.5,-3,-0.9,1.8900000000000001,22,900.0,0.0,-1
308.0,1698.0,10,10.0,0.0,141,900.0,0.0,1
-204.0,1639.0,-1,-0.4,0.24000000000000005,74,900.0,0.0,-1
153.0,1906.5,15,10.2,11.36,109,900.0,0.0,1
-304.0,1698.0,-15,-15.0,0.0,118,900.0,0.0,-1
110.0,1815.0,3,0.7,1.41,17,900.0,0.0,1
-65.0,1663.5,-6,-4.0,6.0,98,2700.0,0.0,-1
-44.0,1669.0,-9,-8.3,0.21000000000000002,136,900.0,0.0,-1
118.0,1842.0,-3,-0.4,5.040000000000001,70,1200.0,0.0,-1
179.0,1639.5,1,1.2,0.7600000000000001,33,900.0,0.0,1
110.0,1805.0,-4,-2.6,2.4399999999999995,94,900.0,0.0,-1
30.0,1669.0,5,1.9,9.489999999999998,77,900.0,0.0,1
-143.0,1906.5,-17,-14.6,13.440000000000001,124,900.0,0.0,-1
-14.0,1669.0,-10,-9.2,0.76,116,900.0,0.0,-1
-7.0,1902.5,6,3.4,3.04,73,1200.0,0.0,1
32.0,1669.0,-11,-7.3,4.21,48,900.0,0.0,-1
-4.0,1999.0,5,4.1,0.09,99,900.0,5.0,1
-386.0,2109.0,0,0.0,0.0,64,900.0,0.0,0
125.0,1717.5,6,2.6,3.6399999999999997,61,900.0,0.0,1
-178.0,1746.0,-9,-6.8,1.3599999999999999,138,900.0,0.0,-1
167.0,1906.5,4,3.3,1.21,48,900.0,0.0,-1
4.0,1789.0,0,-1.2,1.16,32,1200.0,0.0,-1
201.0,1759.5,5,4.9,0.09,56,900.0,0.0,1
-122.0,1794.0,-8,-5.9,1.49,86,900.0,0.0,-1
-191.0,1906.5,6,6.0,0.0,125,900.0,0.0,1
104.0,1539.0,0,-0.3,0.8100000000000002,52,900.0,0.0,-1
162.0,1743.0,11,8.1,6.890000000000001,77,900.0,0.0,1
-40.0,2019.0,0,-0.1,0.09,22,900.0,0.0,-1
-3.0,2003.5,2,2.7,3.21,40,2700.0,45.0,1
-187.0,1564.5,-3,-0.3,0.8100000000000002,24,900.0,0.0,-1
179.0,1564.5,9,8.0,0.2,41,900.0,0.0,1
-193.0,1759.5,-3,-0.4,2.04,78,900.0,0.0,-1
107.0,1701.5,1,0.3,0.20999999999999996,133,900.0,0.0,1
-126.0,1539.0,-4,-3.8,0.15999999999999998,75,900.0,0.0,1
-171.0,1564.5,1,1.3,2.0100000000000002,42,900.0,0.0,-1
-63.0,1752.5,-5,2.6,7.239999999999999,58,900.0,0.0,-1
195.0,1564.5,0,-0.3,0.8100000000000002,18,900.0,0.0,-1
-187.0,1564.5,-7,-0.9,5.089999999999999,18,900.0,0.0,-1
179.0,1564.5,5,4.0,2.8,73,900.0,0.0,1
-171.0,1564.5,-11,-4.9,10.49,60,900.0,0.0,-1
161.0,1564.5,2,2.1,0.09,63,900.0,0.0,1
215.0,1906.5,-14,-7.1,18.09,134,900.0,0.0,-1
-185.0,1564.5,9,7.7,4.01,167,900.0,0.0,1
116.0,1539.0,8,5.9,1.89,53,900.0,0.0,1
177.0,1564.5,12,4.7,6.01,53,900.0,0.0,1
-169.0,1564.5,-4,-0.4,1.6400000000000001,94,900.0,0.0,-1
159.0,1564.5,9,4.3,4.61,87,900.0,0.0,1
-149.0,1564.5,-8,-1.0,8.2,34,900.0,0.0,-1
139.0,1564.5,5,2.3,0.8099999999999999,91,900.0,0.0,1
-129.0,1564.5,0,0.1,0.09,38,900.0,0.0,-1
151.0,1564.5,-13,-7.4,13.440000000000001,134,900.0,0.0,-1
-141.0,1564.5,-15,-10.2,8.76,38,900.0,0.0,-1
-207.0,1906.5,-10,-10.4,0.24,104,900.0,0.0,-1
442.0,1885.0,14,6.0,7.2,55,900.0,0.0,1
131.0,1564.5,6,2.1,6.29,59,900.0,0.0,1
-21.0,1766.5,0,0.7,2.8100000000000005,128,900.0,0.0,0
-440.0,1885.0,-1,-1.1,0.09,144,900.0,0.0,-1
-121.0,1564.5,-7,0.4,7.24,50,900.0,0.0,-1
143.0,1564.5,0,-0.3,0.8100000000000002,32,900.0,0.0,-1
-133.0,1564.5,-5,-3.0,0.6,66,900.0,0.0,-1
123.0,1564.5,6,2.1,10.89,37,900.0,0.0,1
-86.0,1695.0,6,0.0,5.4,31,900.0,0.0,1
-145.0,1564.5,13,6.1,6.090000000000001,95,900.0,0.0,1
371.0,1346.5,-11,-3.0,39.0,46,2400.0,40.0,-1
169.0,1564.5,0,-0.3,0.8100000000000002,20,900.0,0.0,-1
-159.0,1564.5,-10,-1.9,7.289999999999999,182,900.0,0.0,-1
-8.0,2017.0,-13,-10.3,0.8099999999999999,136,900.0,5.0,-1
199.0,1906.5,7,5.3,0.61,87,900.0,0.0,1
5.0,1766.5,-3,-1.3,5.01,51,900.0,0.0,1
149.0,1564.5,-1,-1.6,1.44,51,900.0,0.0,1
-139.0,1564.5,-1,-0.2,1.56,60,900.0,0.0,-1
-81.0,1682.5,-15,-10.6,6.04,96,900.0,0.0,-1
-197.0,2203.5,0,0.0,1.0,42,900.0,0.0,-1
129.0,1564.5,3,2.5,0.25,35,900.0,0.0,1
-151.0,1564.5,13,7.5,13.05,105,900.0,0.0,1
175.0,1564.5,0,-0.3,0.8100000000000002,20,900.0,0.0,-1
-21.0,1766.5,2,1.6,0.44000000000000006,29,900.0,0.0,1
-167.0,1564.5,-1,2.0,1.8,40,900.0,0.0,-1
191.0,1564.5,0,0.0,0.0,26,900.0,0.0,-1
-183.0,1564.5,0,0.0,1.8,46,900.0,0.0,-1
175.0,1564.5,10,5.6,3.84,51,900.0,0.0,1
-167.0,1564.5,-6,0.4,5.040000000000001,18,900.0,0.0,-1
-191.0,1906.5,-16,-14.8,2.1599999999999997,50,900.0,0.0,-1
103.0,1722.5,12,11.7,0.21000000000000002,95,900.0,0.0,1
157.0,1564.5,3,2.7,2.0100000000000002,65,900.0,0.0,1
-181.0,1564.5,9,8.9,0.09,127,900.0,0.0,1
5.0,1766.5,5,0.1,3.4900000000000007,23,900.0,0.0,1
173.0,1564.5,0,-0.5,2.25,53,900.0,0.0,1
11.0,1766.5,0,-0.2,0.96,44,900.0,0.0,-1
-165.0,1564.5,-4,-0.1,3.8899999999999997,42,900.0,0.0,-1
189.0,1564.5,0,-0.3,0.8100000000000002,20,900.0,0.0,-1
-181.0,1564.5,-4,-0.9,3.4900000000000007,86,900.0,0.0,-1
183.0,1906.5,8,3.2,3.3600000000000003,141,900.0,0.0,1
195.0,1770.5,-12,-7.5,2.25,116,900.0,0.0,-1
173.0,1564.5,2,0.9,2.09,21,900.0,0.0,1
5.0,1766.5,-2,-1.3,0.21000000000000002,134,900.0,0.0,-1
-163.0,1564.5,-5,-5.0,0.0,48,900.0,0.0,-1
153.0,1564.5,4,2.8,0.96,47,900.0,0.0,1
101.0,1682.5,-9,-7.6,0.44000000000000006,142,900.0,0.0,-1
-143.0,1564.5,-5,-4.1,0.09,78,900.0,0.0,-1
133.0,1564.5,2,-0.6,3.04,91,900.0,0.0,1
-123.0,1564.5,-1,-0.7,0.8100000000000002,104,900.0,0.0,-1
111.0,1564.5,5,1.4,2.44,67,900.0,0.0,1
-99.0,1564.5,-8,-1.8,5.5600000000000005,40,900.0,0.0,-1
121.0,1564.5,0,-0.3,0.8100000000000002,20,900.0,0.0,-1
-109.0,1564.5,-6,-3.8,5.76,38,900.0,0.0,-1
97.0,1564.5,4,1.3,1.41,49,900.0,0.0,1
167.0,1906.5,-1,-0.4,0.64,41,900.0,0.0,1
-85.0,1564.5,-4,-0.7,2.0100000000000002,20,900.0,0.0,-1
105.0,1564.5,0,-0.3,0.8100000000000002,20,900.0,0.0,-1
-93.0,1564.5,0,-0.3,1.41,34,900.0,0.0,-1
115.0,1564.5,0,-0.3,0.8100000000000002,20,900.0,0.0,-1
-103.0,1564.5,-3,-3.0,1.8,86,900.0,0.0,-1
14.0,2287.0,12,11.8,22.56,81,900.0,0.0,1
-230.0,1750.0,-8,-7.0,9.6,40,900.0,0.0,-1
37.0,1664.5,3,1.4,0.44000000000000006,61,1200.0,0.0,1
91.0,1564.5,7,2.0,13.8,49,900.0,0.0,1
-157.0,1906.5,-1,-2.7,0.8099999999999999,60,900.0,0.0,-1
-79.0,1564.5,1,1.5,0.25,46,900.0,0.0,-1
83.0,1564.5,-3,-2.4,0.8400000000000001,136,900.0,0.0,0
-71.0,1564.5,-5,-2.3,0.8099999999999999,74,900.0,0.0,-1
44.0,1709.0,8,0.0,9.8,71,900.0,0.0,1
289.0,1585.5,5,3.8,0.5599999999999999,48,900.0,0.0,1
91.0,1564.5,0,-0.3,0.8100000000000002,18,900.0,0.0,-1
-79.0,1564.5,-12,-5.0,6.4,38,900.0,0.0,-1
-19.0,2002.5,0,1.0,5.8,81,900.0,0.0,1
67.0,1564.5,1,0.9,0.09,73,900.0,0.0,1
147.0,1906.5,10,1.7,7.8100000000000005,39,900.0,0.0,1
-53.0,1564.5,-9,-6.0,1.2,78,900.0,0.0,-1
73.0,1564.5,0,-0.3,0.8100000000000002,18,900.0,0.0,-1
-59.0,1564.5,-2,-1.9,0.09,48,900.0,0.0,-1
79.0,1564.5,0,-0.3,0.8100000000000002,20,900.0,0.0,-1
-67.0,1564.5,-5,-5.0,0.0,76,900.0,0.0,-1
-123.0,1507.5,-2,0.7,4.01,46,900.0,5.0,-1
-137.0,1906.5,-4,-2.4,2.64,54,900.0,0.0,-1
86.0,1832.0,-6,-6.0,0.0,114,900.0,0.0,-1
123.0,2062.5,-3,1.4,2.4400000000000004,76,900.0,0.0,-1
42.0,2013.0,0,-0.1,0.09,70,900.0,0.0,0
-51.0,2017.5,3,3.0,0.0,67,900.0,0.0,1
-90.0,1970.0,1,1.6,0.24,155,900.0,5.0,0
-117.0,1666.5,-3,-2.2,0.76,44,900.0,0.0,-1
71.0,2017.5,-8,-5.5,6.25,72,900.0,0.0,-1
231.0,1873.5,16,5.8,12.959999999999999,49,900.0,0.0,1
143.0,1583.5,-11,-9.9,1.09,59,1800.0,0.0,-1
-339.0,1817.5,1,0.4,0.24000000000000005,52,900.0,0.0,-1
454.0,1915.0,6,5.3,0.21000000000000002,83,900.0,0.0,1
-484.0,1671.0,1,0.7,0.8100000000000002,38,900.0,0.0,-1
-221.0,1872.5,-13,-5.8,5.76,136,900.0,0.0,-1
-93.0,1978.5,-5,-5.0,0.0,94,900.0,0.0,-1
15.0,2301.5,0,0.0,0.0,131,900.0,0.0,0
-35.0,2031.5,1,1.0,0.0,95,900.0,5.0,0
-97.0,1686.5,-3,-2.4,1.44,59,900.0,0.0,1
-279.0,1573.5,-1,-1.6,1.44,82,900.0,0.0,-1
-14.0,1763.0,-2,-6.5,2.25,123,900.0,0.0,1
-13.0,1684.5,2,1.5,0.25,113,1200.0,0.0,1
-105.0,1656.5,-10,-7.3,11.61,52,900.0,0.0,-1
-10.0,2054.0,0,0.0,0.0,111,900.0,0.0,0
552.0,2571.0,5,1.2,10.56,60,900.0,0.0,1
100.0,1564.0,-10,-4.4,13.440000000000001,154,900.0,0.0,-1
55.0,1856.5,-14,-8.1,15.690000000000001,68,900.0,0.0,-1
-2.0,1763.0,3,0.8,0.7600000000000001,43,900.0,0.0,1
-14.0,1763.0,-7,-2.2,15.360000000000003,125,900.0,0.0,1
31.0,1684.5,0,-0.1,0.09,12,1200.0,0.0,-1
-300.0,1823.0,-4,-3.8,0.96,90,900.0,0.0,-1
-41.0,1856.5,0,0.5,0.25,78,900.0,0.0,-1
231.0,1616.5,7,5.5,4.05,49,900.0,0.0,1
-88.0,1564.0,-5,-4.1,7.290000000000001,198,900.0,0.0,-1
241.0,1993.5,1,-0.4,1.8400000000000003,45,900.0,7.0,1
32.0,1763.0,-9,-8.9,0.09,76,900.0,0.0,-1
-225.0,1616.5,-5,-3.2,0.96,58,900.0,0.0,-1
-30.0,1678.0,3,1.8,2.16,66,1200.0,0.0,-1
296.0,1823.0,-1,-1.0,0.0,69,900.0,0.0,1
27.0,1856.5,8,7.3,1.21,139,900.0,0.0,1
246.0,1577.0,-1,0.0,0.2,58,1200.0,0.0,-1
-339.0,1937.5,-2,-0.4,2.6399999999999997,50,900.0,0.0,-1
-50.0,1763.0,9,4.5,2.25,57,900.0,0.0,1
217.0,1616.5,1,0.4,0.24000000000000005,30,900.0,0.0,1
70.0,1763.0,-14,-6.9,22.69,58,900.0,0.0,-1
-209.0,1616.5,-9,-7.4,2.6399999999999997,56,900.0,0.0,-1
-136.0,1717.0,17,10.1,22.490000000000002,65,900.0,0.0,1
-56.0,1763.0,2,2.4,0.24,68,900.0,0.0,-1
42.0,1763.0,0,0.0,0.0,43,900.0,0.0,1
162.0,1715.0,-15,-14.7,0.8099999999999999,102,900.0,0.0,-1
-122.0,1763.0,3,0.6,1.44,37,900.0,0.0,1
-68.0,1659.0,-3,-2.4,0.24,112,900.0,0.0,-1
84.0,1144.0,0,0.0,0.0,14,900.0,0.0,-1
-1.0,1616.5,-12,-4.8,5.76,116,900.0,0.0,-1
70.0,1783.0,0,-0.2,0.96,37,900.0,0.0,1
-311.0,1829.5,13,7.4,27.439999999999998,69,900.0,0.0,1
-73.0,1678.5,0,0.0,0.0,14,900.0,0.0,-1
-221.0,1587.5,0,0.0,0.0,75,900.0,0.0,0
-428.0,1401.0,0,0.0,0.0,96,900.0,0.0,-1
-73.0,1144.5,-28,-24.9,3.8899999999999997,84,900.0,0.0,-1
-14.0,2302.0,1,1.0,0.0,58,900.0,0.0,0
98.0,1692.0,-3,0.4,4.040000000000001,84,900.0,0.0,-1
48.0,1446.0,-2,-1.1,0.29,21,900.0,0.0,1
776.0,1923.0,-2,-2.3,0.21000000000000002,99,900.0,0.0,-1
44.0,1644.0,11,10.2,0.36,123,900.0,0.0,1
-117.0,1421.5,-2,-0.5,1.05,13,900.0,0.0,1
-543.0,2583.5,-13,-3.8,26.159999999999997,71,900.0,1.0,-1
23.0,1681.5,9,5.2,14.559999999999999,99,1200.0,5.0,1
82.0,1831.0,0,0.3,0.20999999999999996,116,900.0,0.0,0
2.0,2079.0,1,-0.4,0.64,47,900.0,10.0,1
573.0,2567.5,13,5.7,25.410000000000004,87,900.0,1.0,1
171.0,1532.5,4,-0.3,7.8100000000000005,91,900.0,0.0,1
721.0,1550.5,13,6.1,7.290000000000001,61,900.0,0.0,1
13.0,2310.5,-2,-2.0,0.0,84,900.0,0.0,-1
61.0,1752.5,2,1.6,2.44,43,900.0,0.0,1
-721.0,1550.5,-15,-13.8,0.36,56,900.0,0.0,-1
721.0,1550.5,1,0.7,0.8100000000000002,39,900.0,0.0,1
120.0,2012.0,1,0.9,1.2900000000000003,24,900.0,10.0,1
-189.0,1773.5,-8,-3.1,22.09,67,900.0,0.0,-1
-107.0,2011.5,-1,-1.5,0.25,80,900.0,10.0,-1
265.0,1660.5,11,13.3,1.4100000000000001,85,900.0,0.0,1
-34.0,1717.0,-5,-4.8,0.36,70,1200.0,5.0,-1
-721.0,1550.5,-29,-17.2,36.56,48,900.0,0.0,-1
721.0,1550.5,6,3.4,0.8400000000000001,45,900.0,0.0,1
-48.0,1666.0,0,0.6,2.24,172,720.0,10.0,0
-136.0,1991.0,-5,-5.1,2.6900000000000004,74,900.0,0.0,-1
213.0,1773.5,4,0.7,2.8099999999999996,58,900.0,0.0,-1
314.0,1826.0,6,6.5,0.25,69,900.0,0.0,1
-310.0,1826.0,-5,-5.0,0.0,70,900.0,0.0,-1
181.0,1828.5,7,3.1,4.29,53,900.0,0.0,1
367.0,2118.5,18,10.9,31.689999999999998,87,900.0,0.0,1
-101.0,1544.5,-3,-0.5,8.25,72,600.0,12.0,-1
186.0,1625.0,3,3.0,0.0,61,900.0,0.0,1
338.0,1826.0,-4,-4.0,0.0,112,900.0,0.0,-1
128.0,1547.0,-7,-3.7,3.0100000000000002,52,600.0,12.0,-1
-113.0,1545.5,-2,-1.6,13.440000000000001,54,600.0,12.0,-1
-435.0,1399.5,-1,-0.3,0.20999999999999996,52,900.0,0.0,-1
-152.0,1914.0,-5,-4.5,0.25,62,900.0,0.0,-1
33.0,2309.5,-5,-4.1,0.09,102,900.0,0.0,-1
39.0,1861.5,-1,-1.0,0.0,105,900.0,0.0,0
29.0,1510.5,4,3.4,0.24,101,600.0,12.0,1
176.0,1914.0,-6,-4.9,2.29,120,900.0,0.0,-1
89.0,2008.5,2,2.0,0.0,105,900.0,0.0,1
-41.0,1861.5,1,1.0,0.0,160,900.0,0.0,0
-168.0,1914.0,-2,-1.0,4.4,66,900.0,0.0,-1
-94.0,1145.0,10,6.6,6.04,55,900.0,0.0,1
116.0,1145.0,-11,-7.9,2.4899999999999998,54,900.0,0.0,-1
412.0,1410.0,1,0.9,0.09,55,900.0,0.0,1
-109.0,2008.5,2,1.1,3.29,43,900.0,0.0,1
192.0,1914.0,-10,-6.6,6.840000000000001,158,900.0,0.0,-1
27.0,1861.5,15,13.3,5.41,69,900.0,0.0,1
340.0,1890.0,13,5.4,16.04,65,900.0,0.0,1
-11.0,1861.5,-12,-9.2,7.959999999999999,76,900.0,0.0,-1
-200.0,1914.0,2,2.0,0.0,64,900.0,0.0,0
12.0,1921.0,0,0.5,2.25,47,2700.0,30.0,1
-5.0,1861.5,12,6.5,4.85,105,900.0,0.0,1
66.0,1698.0,3,3.2,6.959999999999999,87,900.0,0.0,1
192.0,1914.0,-2,0.5,1.85,65,900.0,0.0,1
-184.0,1914.0,-3,-0.6,1.44,46,900.0,0.0,-1
-17.0,2309.5,-2,-2.5,2.25,101,900.0,0.0,-1
-81.0,1662.5,-5,-3.8,0.76,94,900.0,0.0,-1
307.0,1726.5,10,10.0,0.0,137,900.0,2.0,1
-60.0,1552.0,8,1.9,18.089999999999996,135,900.0,2.0,1
335.0,1938.5,3,3.2,2.96,41,1200.0,0.0,1
46.0,1552.0,10,8.8,0.36,141,900.0,2.0,1
370.0,2114.0,18,15.1,16.09,103,900.0,0.0,1
-317.0,1932.5,0,0.1,1.49,28,1200.0,0.0,-1
-64.0,1552.0,10,8.5,2.25,67,900.0,2.0,1
185.0,1621.5,10,5.2,3.56,41,900.0,0.0,1
50.0,1552.0,5,5.0,0.0,113,900.0,2.0,1
-177.0,1621.5,6,0.7,8.809999999999999,22,900.0,0.0,-1
-36.0,1552.0,-12,-6.7,17.61,180,900.0,2.0,-1
180.0,1825.0,2,0.0,0.8,35,900.0,0.0,1
988.0,1216.0,23,19.6,1.44,53,900.0,0.0,1
112.0,1849.0,10,8.6,1.8399999999999999,49,900.0,0.0,1
96.0,1740.0,-9,-7.7,17.21,48,1200.0,10.0,-1
137.0,1623.5,4,4.8,0.15999999999999998,149,900.0,0.0,1
-490.0,2529.0,2,1.0,0.2,43,900.0,0.0,1
-466.0,1768.0,-4,-2.5,1.45,48,2700.0,45.0,-1
-127.0,1623.5,-25,-23.8,8.76,76,900.0,0.0,-1
133.0,1623.5,15,15.0,0.0,147,900.0,0.0,0
-341.0,1742.5,-20,-17.3,17.01,60,900.0,0.0,-1
-162.0,1692.0,14,5.2,8.760000000000002,59,900.0,0.0,1
-123.0,1623.5,-18,-15.3,0.8099999999999999,78,900.0,0.0,-1
182.0,1651.0,0,0.0,0.0,30,900.0,2.0,-1
56.0,1948.0,0,0.0,0.0,79,900.0,0.0,1
111.0,1623.5,12,11.3,0.21000000000000002,61,900.0,0.0,1
-138.0,1626.0,0,0.9,7.290000000000001,140,900.0,2.0,0
-99.0,1623.5,-11,-11.0,0.0,128,900.0,0.0,-1
464.0,1768.0,4,2.8,3.96,39,2700.0,45.0,1
87.0,1623.5,1,0.3,0.20999999999999996,57,900.0,0.0,1
390.0,1805.0,11,6.4,2.44,73,900.0,0.0,1
36.0,1874.0,6,6.1,0.09,103,1200.0,0.0,1
-75.0,1623.5,-11,-11.0,0.0,110,900.0,0.0,-1
-275.0,1835.5,-2,-2.0,0.2,82,900.0,0.0,-1
-84.0,1742.0,3,1.2,7.56,63,900.0,0.0,1
95.0,1623.5,-11,-8.4,10.24,80,900.0,0.0,-1
19.0,2282.5,-4,-3.7,2.21,75,900.0,0.0,-1
112.0,2096.0,-14,-12.2,4.56,118,900.0,0.0,-1
-56.0,1824.0,-6,-6.9,7.290000000000001,68,900.0,0.0,-1
479.0,2532.5,9,2.2,13.559999999999999,82,900.0,0.0,1
20.0,1874.0,16,2.4,22.439999999999998,73,1200.0,0.0,1
148.0,1714.0,5,6.9,2.4899999999999998,101,900.0,0.0,1
-134.0,2096.0,5,5.0,0.0,161,900.0,0.0,1
124.0,2096.0,3,2.4,0.8400000000000001,55,900.0,0.0,1
-172.0,1714.0,-1,-1.0,0.0,185,900.0,0.0,1
127.0,1663.5,-4,-2.5,1.05,104,900.0,0.0,-1
-715.0,1547.5,-23,-15.9,12.290000000000001,64,900.0,0.0,-1
-112.0,2096.0,-1,-0.8,0.16,80,900.0,0.0,-1
-203.0,1943.5,-1,-1.0,0.0,84,900.0,0.0,-1
-73.0,1957.5,-3,-2.4,0.8400000000000001,54,2700.0,45.0,-1
134.0,2096.0,-6,0.5,18.45,86,900.0,0.0,-1
164.0,1714.0,4,6.4,1.44,117,900.0,0.0,1
476.0,2532.0,9,1.2,15.36,82,900.0,0.0,1
-124.0,2096.0,-3,-3.8,0.76,91,900.0,0.0,-1
-339.0,1828.5,0,0.8,0.7600000000000001,24,900.0,0.0,-1
232.0,1854.0,-4,-1.6,1.44,31,900.0,0.0,1
-226.0,1854.0,-11,-5.2,13.36,68,900.0,0.0,-1
-125.0,1603.5,-7,-7.5,2.25,66,900.0,0.0,-1
335.0,1828.5,0,-0.1,0.09,14,900.0,0.0,1
-331.0,1828.5,-2,-0.2,2.16,58,900.0,0.0,-1
72.0,1575.0,0,1.0,2.0,160,900.0,0.0,0
-68.0,1560.0,-13,-12.9,0.09,78,900.0,0.0,-1
-386.0,1399.0,-2,-0.5,0.45,14,900.0,0.0,-1
234.0,1785.0,9,0.3,9.809999999999999,37,900.0,0.0,1
218.0,1479.0,9,9.2,0.16,101,900.0,0.0,1
114.0,2096.0,4,0.6,2.6399999999999997,33,900.0,0.0,1
-92.0,1575.0,4,3.5,0.25,47,900.0,0.0,1
-154.0,1714.0,-14,-8.7,3.41,90,900.0,0.0,-1
-102.0,2096.0,-1,-1.0,0.0,76,900.0,0.0,-1
176.0,1760.0,2,0.5,2.25,51,900.0,0.0,1
343.0,1828.5,-1,-1.0,0.0,133,900.0,0.0,0
-210.0,1479.0,-10,-8.0,0.6,106,900.0,0.0,-1
46.0,1543.0,-15,-15.0,0.0,122,900.0,2.0,-1
-473.0,2531.5,-5,-4.2,0.5599999999999999,105,900.0,0.0,-1
24.0,1874.0,13,8.2,15.36,140,1200.0,0.0,0
-32.0,1543.0,-11,-9.5,5.25,80,900.0,2.0,-1
51.0,1961.5,8,6.0,10.8,113,2700.0,45.0,1
83.0,1668.5,-8,-6.5,2.25,66,900.0,0.0,-1
374.0,1395.0,-1,-2.0,2.4,53,900.0,0.0,1
-44.0,1949.0,2,2.0,2.4,42,900.0,0.0,-1
76.0,1554.0,-7,-6.1,1.89,90,900.0,0.0,-1
-61.0,1537.5,1,0.3,0.20999999999999996,31,900.0,2.0,1
-124.0,1643.0,-17,-5.7,19.21,26,900.0,0.0,-1
19.0,1609.5,3,1.0,1.8,83,900.0,0.0,1
-37.0,1609.5,17,15.5,5.25,65,900.0,0.0,1
-14.0,1706.0,9,9.0,0.0,147,900.0,0.0,1
21.0,1609.5,4,1.2,3.56,45,900.0,0.0,1
147.0,1904.5,-9,-6.9,6.290000000000001,124,900.0,0.0,-1
-171.0,1904.5,7,1.6,23.240000000000002,91,900.0,0.0,1
6.0,2284.0,8,5.3,0.8099999999999999,71,900.0,0.0,1
-77.0,1721.5,1,0.3,0.20999999999999996,75,1200.0,0.0,1
-80.0,1579.0,-5,-5.0,0.0,118,900.0,0.0,-1
-91.0,1962.5,8,8.8,1.56,57,900.0,0.0,1
68.0,1579.0,6,6.2,0.96,37,900.0,0.0,1
-88.0,1579.0,-3,-0.6,1.44,41,900.0,0.0,1
97.0,1721.5,-5,2.3,6.610000000000001,46,1200.0,0.0,-1
-378.0,1726.0,-7,-2.6,4.640000000000001,54,900.0,0.0,-1
374.0,1726.0,10,2.4,6.639999999999999,69,900.0,0.0,1
198.0,1642.0,3,1.3,1.01,55,900.0,0.0,1
36.0,1922.0,1,0.6,0.64,42,900.0,0.0,-1
-86.0,1592.0,-18,-12.8,3.1599999999999997,34,900.0,0.0,-1
-339.0,1828.5,1,0.3,0.20999999999999996,136,900.0,0.0,-1
-39.0,1594.5,-7,-6.2,0.76,60,900.0,2.0,-1
-44.0,1562.0,13,5.8,5.76,111,900.0,2.0,1
30.0,1562.0,14,9.6,16.64,63,900.0,2.0,1
271.0,1685.5,-8,-9.6,16.04,45,900.0,0.0,1
61.0,1781.5,7,-0.2,23.16,35,900.0,0.0,1
97.0,1927.5,2,0.0,0.6,33,900.0,0.0,1
478.0,2527.0,1,1.0,0.0,120,900.0,0.0,1
-119.0,1927.5,2,2.0,0.0,93,900.0,0.0,1
122.0,1647.0,14,13.6,1.8399999999999999,67,900.0,0.0,1
90.0,2096.0,1,1.8,0.16,83,900.0,0.0,1
56.0,1673.0,9,7.1,2.69,65,900.0,0.0,1
-9.0,1602.5,5,4.5,2.25,67,900.0,0.0,1
-125.0,1498.5,17,13.4,1.44,143,900.0,0.0,1
121.0,2052.5,-1,-1.0,0.0,83,900.0,0.0,1
77.0,1553.5,15,11.2,6.36,71,1800.0,0.0,1
-78.0,2096.0,-3,-2.2,0.36,86,900.0,0.0,-1
-48.0,1781.0,-3,-1.5,1.65,78,900.0,0.0,-1
-495.0,2039.5,-8,-7.5,2.25,54,900.0,0.0,-1
-109.0,2052.5,-3,-2.1,7.289999999999999,68,900.0,0.0,-1
165.0,1910.5,4,2.0,1.6,61,900.0,0.0,1
64.0,2096.0,-2,0.7,0.8100000000000002,186,900.0,0.0,1
62.0,1773.0,0,-0.6,6.24,46,900.0,0.0,-1
320.0,2014.0,-3,-2.1,0.09,116,900.0,7.0,-1
97.0,2052.5,4,4.0,0.0,151,900.0,0.0,1
-8.0,1668.0,-1,-1.0,0.2,90,900.0,0.0,-1
181.0,1606.5,2,2.0,0.0,61,900.0,0.0,1
-48.0,1773.0,-4,-3.4,1.44,54,900.0,0.0,-1
-189.0,1910.5,-2,-2.5,0.25,47,900.0,0.0,1
-373.0,1603.5,-13,-11.1,6.890000000000001,76,900.0,0.0,-1
103.0,1503.5,2,2.0,0.0,65,900.0,0.0,1
-173.0,1606.5,-2,-1.8,7.159999999999999,60,900.0,0.0,-1
327.0,1839.5,0,0.0,0.0,27,900.0,0.0,1
-14.0,1562.0,0,-0.7,0.21000000000000002,105,900.0,0.0,0
-68.0,2096.0,0,0.0,0.0,216,900.0,0.0,0
93.0,1969.5,-2,-2.0,0.0,128,900.0,5.0,0
-148.0,1514.0,9,8.9,0.09,179,900.0,2.0,1
34.0,1781.0,-2,-2.3,2.21,84,900.0,0.0,1
-310.0,1640.0,-5,-5.0,0.0,102,900.0,0.0,-1
-101.0,2052.5,-1,-0.1,7.290000000000001,167,900.0,0.0,0
-203.0,1760.5,-7,-2.5,2.25,70,900.0,7.0,-1
-2.0,1562.0,13,12.3,0.21000000000000002,67,900.0,0.0,1
101.0,1628.5,-11,-6.0,3.2,54,900.0,2.0,-1
-156.0,1690.0,-7,-6.8,2.1599999999999997,88,900.0,0.0,-1
306.0,1640.0,-2,-0.1,0.49000000000000005,30,900.0,0.0,1
-138.0,1621.0,2,-0.8,1.9600000000000002,43,900.0,0.0,1
-52.0,1781.0,3,2.5,2.25,49,900.0,0.0,1
-42.0,1692.0,-5,-4.9,0.09,92,900.0,0.0,-1
-302.0,1640.0,-4,-2.2,7.56,38,900.0,0.0,-1
128.0,1621.0,-6,-6.4,0.8400000000000001,45,900.0,0.0,1
42.0,1783.0,1,0.1,0.09,117,900.0,0.0,1
-150.0,1621.0,5,0.5,2.25,99,900.0,0.0,1
-81.0,1969.5,0,0.2,0.96,42,900.0,5.0,-1
265.0,2048.5,1,0.7,0.8100000000000002,78,3600.0,30.0,-1
28.0,1692.0,4,4.6,0.24,109,900.0,0.0,1
140.0,1621.0,0,-1.2,3.96,25,900.0,0.0,1
236.0,1610.0,0,-0.5,2.25,93,900.0,0.0,1
-100.0,1591.0,2,-0.5,6.25,211,2700.0,0.0,1
39.0,1696.5,12,11.3,0.21000000000000002,71,900.0,0.0,1
43.0,1719.5,7,0.9,18.089999999999996,97,900.0,0.0,1
-12.0,1692.0,-3,-3.5,2.25,80,900.0,0.0,-1
124.0,2225.0,4,3.8,2.16,91,900.0,0.0,1
-29.0,1719.5,-8,-8.0,0.0,148,900.0,0.0,-1
162.0,1647.0,2,1.4,0.24,92,1200.0,0.0,1
27.0,1665.5,7,6.1,0.09,67,900.0,0.0,1
13.0,1719.5,1,1.2,1.7599999999999998,65,900.0,0.0,1
-58.0,1662.0,-7,-5.8,1.3599999999999999,55,900.0,0.0,-1
558.0,2567.0,4,4.0,0.0,94,900.0,0.0,1
-31.0,1719.5,4,4.0,0.0,105,900.0,0.0,1
42.0,1707.0,5,3.6,6.639999999999999,117,900.0,0.0,1
-195.0,1593.5,-5,-3.8,2.16,81,900.0,0.0,-1
-183.0,2196.5,-6,-3.0,3.0,56,900.0,0.0,-1
-95.0,1603.5,3,1.4,3.6399999999999997,27,2700.0,0.0,1
49.0,1719.5,-3,-1.5,2.45,42,900.0,0.0,-1
-28.0,1707.0,-7,-5.5,8.25,73,900.0,0.0,-1
-35.0,1719.5,-1,-0.9,0.09,70,900.0,0.0,-1
45.0,1466.5,6,4.6,0.44000000000000006,63,900.0,0.0,1
374.0,1856.0,4,1.8,1.56,51,900.0,0.0,1
-125.0,2225.5,-3,-2.5,0.25,82,900.0,0.0,-1
38.0,1822.0,2,-0.3,0.8099999999999999,59,900.0,0.0,1
-73.0,1462.5,7,2.4,2.4399999999999995,59,900.0,0.0,1
143.0,1974.5,-2,-2.0,0.0,115,900.0,0.0,0
95.0,1552.5,2,-3.0,5.0,49,900.0,0.0,1
-80.0,1551.0,-2,-1.4,0.24,53,900.0,0.0,-1
174.0,1764.0,2,1.6,2.4399999999999995,65,900.0,0.0,1
-4.0,2052.0,1,0.5,2.25,57,900.0,0.0,1
486.0,1886.0,7,7.5,0.25,47,900.0,0.0,1
-5.0,1682.5,-1,-1.2,1.5600000000000003,78,900.0,0.0,-1
-36.0,1860.0,2,1.0,0.2,47,900.0,0.0,1
22.0,1860.0,2,2.0,0.0,95,900.0,0.0,1
24.0,1512.0,8,5.5,15.25,115,900.0,0.0,1
213.0,1730.5,5,4.1,0.09,55,900.0,0.0,1
16.0,1673.0,-1,-4.7,4.21,66,1200.0,0.0,-1
-496.0,2039.0,-17,-14.3,12.209999999999999,92,900.0,0.0,-1
-68.0,1636.0,9,8.1,7.290000000000001,45,900.0,0.0,1
-484.0,1886.0,-5,-5.3,0.8099999999999999,84,900.0,0.0,-1
145.0,1573.5,-14,-14.0,0.0,128,900.0,0.0,-1
-205.0,1730.5,-10,-5.2,2.7600000000000002,66,900.0,0.0,-1
-34.0,1995.0,-3,-3.0,1.2,45,2700.0,45.0,1
93.0,1907.5,-5,0.3,5.8100000000000005,60,900.0,0.0,-1
-118.0,1785.0,-6,-2.4,3.2399999999999998,62,900.0,0.0,-1
-42.0,1512.0,-9,-8.0,4.0,73,900.0,0.0,1
89.0,1650.5,0,0.0,0.0,126,900.0,0.0,-1
10.0,1615.0,-3,-3.8,1.3599999999999999,53,900.0,0.0,1
195.0,1705.5,-27,-23.8,28.160000000000004,138,900.0,0.0,-1
201.0,1605.5,4,0.5,5.65,43,900.0,0.0,1
367.0,1676.5,9,6.7,7.01,91,900.0,7.0,1
-51.0,1521.5,1,1.1,0.09,87,900.0,0.0,1
4.0,1675.0,-1,-1.5,2.05,56,1200.0,0.0,-1
166.0,1523.0,13,8.5,2.25,67,900.0,0.0,1
52.0,2095.0,3,2.3,0.8099999999999999,35,900.0,0.0,1
-215.0,1721.5,-7,0.4,6.24,86,900.0,0.0,-1
-78.0,1906.0,-8,-1.5,10.65,25,900.0,0.0,-1
-288.0,1755.0,-14,-6.8,8.36,68,900.0,0.0,-1
19.0,1494.5,-7,-2.6,3.4400000000000004,62,900.0,0.0,-1
-79.0,1821.5,-3,-3.0,0.0,66,900.0,0.0,-1
-3.0,1494.5,-1,0.2,0.96,32,900.0,0.0,-1
181.0,1937.5,-1,-1.9,1.89,77,900.0,0.0,1
-129.0,1625.5,5,5.0,0.0,112,900.0,0.0,-1
68.0,1702.0,3,3.0,0.0,98,900.0,0.0,-1
108.0,1666.0,7,4.2,10.16,87,900.0,0.0,1
-15.0,1611.5,15,10.0,10.8,95,900.0,0.0,1
236.0,1724.0,-17,-11.5,33.25,186,900.0,0.0,-1
-34.0,2062.0,3,3.6,1.44,48,900.0,0.0,1
-119.0,1721.5,1,-0.1,2.89,63,900.0,10.0,1
571.0,2567.5,12,5.0,6.8,105,900.0,1.0,1
-83.0,1951.5,-3,-2.7,0.21000000000000002,62,900.0,0.0,-1
-392.0,1406.0,-4,-3.9,0.09,76,900.0,0.0,-1
164.0,1606.0,14,7.1,7.890000000000001,63,900.0,0.0,1
388.0,1406.0,9,10.1,1.29,59,900.0,0.0,1
-384.0,1406.0,-5,-2.9,7.090000000000001,44,900.0,0.0,-1
-72.0,2095.0,1,-9.2,12.959999999999999,73,900.0,0.0,1
-8.0,1602.0,16,7.1,37.89,89,900.0,0.0,1
71.0,1951.5,1,0.3,0.20999999999999996,49,900.0,0.0,1
-197.0,1700.5,-12,-7.5,14.45,68,900.0,0.0,-1
-172.0,1938.0,12,4.8,5.76,127,900.0,0.0,1
20.0,1604.0,0,-0.3,0.8100000000000002,22,900.0,0.0,-1
20.0,1752.0,-4,-2.3,0.8099999999999999,65,900.0,10.0,1
-76.0,1468.0,-1,-0.9,0.09,81,900.0,0.0,1
162.0,1938.0,4,4.0,0.0,67,900.0,0.0,1
-37.0,1671.5,-2,-2.6,1.44,41,1200.0,0.0,1
-154.0,1606.0,-11,-6.5,2.25,112,900.0,0.0,-1
-152.0,1938.0,-17,-16.9,0.09,94,900.0,0.0,-1
17.0,1669.5,8,5.3,4.01,53,1200.0,0.0,1
-57.0,2017.5,0,0.0,0.0,59,900.0,0.0,0
178.0,1606.0,-2,-2.2,0.76,72,900.0,0.0,-1
338.0,1998.0,0,0.4,0.8400000000000001,30,900.0,0.0,-1
43.0,2017.5,-5,-0.6,6.44,43,900.0,0.0,1
13.0,1615.5,-11,-5.4,13.440000000000001,84,900.0,0.0,-1
-29.0,2017.5,-3,-2.9,0.09,70,900.0,0.0,-1
142.0,1938.0,4,6.1,1.89,60,900.0,0.0,1
-367.0,2101.5,-14,-2.4,20.44,56,900.0,0.0,-1
-106.0,1565.0,-8,-0.7,6.01,62,900.0,0.0,-1
13.0,2017.5,1,2.7,7.609999999999999,141,900.0,0.0,1
106.0,1576.0,9,9.0,0.0,195,900.0,0.0,1
-31.0,1615.5,-4,-8.5,9.45,75,900.0,0.0,1
-114.0,1569.0,-13,-4.2,10.96,94,900.0,0.0,-1
-329.0,1842.5,-9,-6.8,1.9600000000000002,91,900.0,0.0,-1
102.0,1569.0,11,9.4,10.24,117,900.0,0.0,1
59.0,1700.5,14,13.4,0.44000000000000006,81,900.0,0.0,1
23.0,1520.5,-3,-3.0,0.0,110,900.0,0.0,-1
105.0,1788.5,1,1.0,0.0,115,900.0,0.0,1
377.0,2094.5,3,3.0,0.0,85,900.0,0.0,1
220.0,1734.0,6,5.2,3.16,91,900.0,0.0,1
-65.0,1663.5,-5,-3.1,0.89,98,900.0,0.0,-1
-142.0,1592.0,3,3.0,0.0,95,900.0,0.0,1
-163.0,1550.5,12,11.2,5.76,95,900.0,0.0,1
-345.0,1849.5,1,0.8,0.16,40,900.0,0.0,-1
-93.0,1788.5,-2,-2.4,2.04,56,900.0,0.0,-1
152.0,1550.0,10,7.3,0.8099999999999999,77,900.0,0.0,1
46.0,1772.0,1,1.0,0.0,77,900.0,0.0,1
-172.0,1926.0,3,2.2,0.15999999999999998,102,900.0,0.0,-1
-15.0,1615.5,-7,-3.0,7.0,66,900.0,0.0,-1
-32.0,1772.0,-2,-2.4,0.24,130,900.0,15.0,-1
16.0,1679.0,-5,-5.1,0.09,61,900.0,0.0,1
64.0,1806.0,-13,-9.0,16.0,156,900.0,0.0,-1
-1.0,1615.5,3,-1.6,2.4399999999999995,59,900.0,0.0,1
317.0,1944.5,3,1.8,7.5600000000000005,27,900.0,0.0,1
-120.0,1550.0,-8,-4.6,14.040000000000001,40,900.0,0.0,-1
108.0,1550.0,9,4.2,3.3600000000000003,35,900.0,0.0,1
-78.0,1697.0,1,0.9,0.09,79,900.0,0.0,1
-561.0,2564.5,-1,-1.7,0.21000000000000002,111,900.0,0.0,-1
50.0,1772.0,0,0.0,0.0,70,900.0,15.0,-1
173.0,1442.5,7,2.5,2.25,63,1800.0,15.0,1
-105.0,1974.5,0,-1.2,0.76,28,900.0,0.0,-1
69.0,1963.5,8,4.8,1.36,39,900.0,0.0,1
-142.0,1903.0,-2,-4.1,11.09,78,900.0,0.0,-1
-126.0,1788.0,4,0.2,4.96,47,900.0,0.0,1
-386.0,1409.0,-10,-9.3,6.01,92,900.0,0.0,-1
119.0,1880.5,0,-0.3,0.8100000000000002,48,900.0,0.0,-1
148.0,1608.0,1,0.1,0.09,13,900.0,0.0,1
83.0,1898.5,3,0.0,1.8,43,900.0,0.0,1
-6.0,1810.0,2,2.9,1.89,76,900.0,0.0,-1
-374.0,2095.0,-5,-3.0,6.8,64,900.0,0.0,-1
-177.0,1949.5,-3,-1.5,2.05,60,900.0,0.0,-1
77.0,1862.5,10,6.7,3.21,49,900.0,0.0,1
-36.0,1838.0,-8,-8.0,0.0,138,900.0,0.0,-1
360.0,2100.0,-2,-2.6,0.44000000000000006,59,900.0,0.0,1
-311.0,1973.5,-12,-4.8,5.76,96,900.0,0.0,-1
181.0,1912.5,4,3.3,0.21000000000000002,105,900.0,0.0,1
-49.0,1709.5,-1,0.4,0.6399999999999999,101,900.0,0.0,1
-428.0,1621.0,20,20.0,0.0,95,900.0,0.0,1
-141.0,2204.5,-7,-3.1,1.89,92,900.0,0.0,-1
-24.0,2041.0,-4,-3.7,1.01,112,900.0,0.0,-1
-201.0,1914.5,-1,-0.8,2.3600000000000003,83,900.0,0.0,1
363.0,2091.5,6,4.4,8.04,59,900.0,0.0,1
382.0,1409.0,10,10.1,0.09,77,900.0,0.0,1
209.0,1914.5,4,4.0,0.0,84,900.0,0.0,0
-126.0,1150.0,-15,-14.0,1.2,86,900.0,0.0,-1
-198.0,1837.0,-1,-0.1,0.09,24,900.0,0.0,-1
190.0,1837.0,4,1.3,0.8100000000000002,15,900.0,0.0,1
26.0,2041.0,0,0.6,0.8400000000000001,88,900.0,0.0,0
154.0,1753.0,2,2.1,0.09,82,900.0,0.0,1
-238.0,1932.0,-3,-2.9,0.09,88,900.0,0.0,-1
-185.0,1749.5,8,3.5,13.85,71,900.0,0.0,1
232.0,1932.0,7,4.3,0.8099999999999999,81,900.0,0.0,1
-19.0,1769.5,3,0.8,4.76,25,900.0,0.0,1
49.0,1810.5,2,0.6,1.44,35,900.0,0.0,1
-138.0,1608.0,-25,-23.4,2.6399999999999997,68,900.0,0.0,-1
95.0,1797.5,-8,-8.5,2.25,86,900.0,0.0,-1
45.0,1756.5,-1,-1.2,1.1600000000000001,43,900.0,0.0,1
-83.0,1797.5,-2,-2.0,0.0,78,900.0,0.0,-1
243.0,1903.5,5,0.8,5.16,59,900.0,0.0,1
-194.0,1515.0,1,1.0,0.0,73,900.0,0.0,1
-176.0,1943.0,17,8.2,10.959999999999999,143,900.0,0.0,1
-148.0,1759.0,-4,-0.3,8.610000000000001,26,900.0,0.0,-1
168.0,1943.0,13,8.9,7.290000000000001,71,900.0,0.0,1
-113.0,1640.5,-14,-12.8,3.3600000000000003,130,900.0,2.0,-1
-291.0,1690.5,-5,-5.2,0.15999999999999998,56,900.0,0.0,-1
7.0,2277.5,-3,-3.0,0.0,185,900.0,0.0,-1
82.0,1789.0,12,4.2,7.56,27,900.0,0.0,1
-102.0,1789.0,7,9.1,7.290000000000001,61,900.0,0.0,1
-130.0,1729.0,2,5.3,13.209999999999999,104,900.0,0.0,-1
-192.0,1943.0,7,5.5,2.25,139,900.0,0.0,1
146.0,1690.0,11,5.4,13.440000000000001,107,900.0,0.0,1
207.0,2166.5,3,0.8,2.56,76,900.0,0.0,1
-186.0,1835.0,-3,-0.1,1.8900000000000001,32,900.0,0.0,-1
658.0,2006.0,14,7.4,18.84,57,900.0,0.0,1
-657.0,2005.5,-14,-10.3,17.21,60,900.0,0.0,-1
-248.0,1817.0,9,8.8,5.76,111,900.0,0.0,1
95.0,1637.5,18,18.0,0.0,89,900.0,2.0,1
193.0,1755.5,-5,-0.7,9.01,118,900.0,0.0,-1
-117.0,1637.5,10,8.7,2.0100000000000002,129,900.0,2.0,1
59.0,1824.5,1,0.5,2.25,101,900.0,0.0,1
