elo_diff,avg_elo,material_diff_last,material_diff_avg,material_diff_var,ply_count,time_base,time_increment,outcome
139.0,1637.5,-15,-5.8,13.959999999999999,20,900.0,2.0,-1
-79.0,1631.5,-25,-15.8,45.160000000000004,88,900.0,0.0,-1
124.0,1600.0,0,1.5,1.85,138,900.0,0.0,0
178.0,2192.0,3,3.0,0.0,83,900.0,0.0,1
-65.0,1656.5,-15,-7.8,5.76,128,900.0,0.0,-1
99.0,1631.5,-12,-11.7,0.8099999999999999,36,900.0,0.0,-1
-113.0,1600.5,-9,-7.5,6.45,136,900.0,0.0,-1
42.0,2051.0,-9,-5.2,6.36,76,900.0,0.0,-1
-87.0,1631.5,0,1.1,7.290000000000001,26,900.0,0.0,-1
101.0,1600.5,22,18.0,16.0,133,900.0,0.0,1
7.0,1670.5,-3,-2.7,0.8099999999999999,134,900.0,0.0,-1
-51.0,1656.5,-15,-7.8,5.76,126,900.0,0.0,-1
-28.0,2051.0,-6,-6.0,0.0,136,900.0,0.0,-1
-104.0,1983.0,8,4.0,16.0,161,900.0,0.0,1
-89.0,1600.5,-8,-8.0,0.0,98,900.0,0.0,-1
181.0,1932.5,0,0.2,3.3600000000000003,50,900.0,0.0,-1
12.0,2051.0,0,-0.9,0.09,33,900.0,0.0,1
-46.0,1526.0,-4,-3.4,0.24,52,900.0,0.0,-1
32.0,1526.0,7,5.6,3.2399999999999998,109,600.0,12.0,1
22.0,1664.0,-10,-7.5,10.45,94,900.0,0.0,-1
92.0,1983.0,10,7.3,0.8099999999999999,47,900.0,0.0,1
203.0,1736.5,11,6.2,3.3600000000000003,63,900.0,0.0,1
-307.0,1871.5,-7,-3.1,11.489999999999998,30,900.0,0.0,-1
44.0,1555.0,0,-0.8,2.36,42,900.0,2.0,-1
7.0,1521.5,3,-2.2,4.36,77,600.0,12.0,1
-77.0,1949.5,-1,-2.2,7.56,67,2700.0,45.0,1
-92.0,1752.0,-15,-8.2,21.96,108,1200.0,5.0,-1
143.0,1637.5,-19,-13.4,13.440000000000001,94,900.0,2.0,-1
-25.0,1521.5,10,3.4,7.239999999999999,29,600.0,12.0,1
-149.0,1637.5,0,-4.5,2.25,221,900.0,2.0,0
-99.0,1589.5,-9,-8.5,2.25,86,900.0,0.0,-1
709.0,1544.5,18,16.4,3.04,47,900.0,0.0,1
-89.0,1810.5,5,4.9,0.09,106,900.0,0.0,-1
97.0,2095.5,-6,-5.2,0.15999999999999998,86,900.0,0.0,-1
60.0,1577.0,13,10.4,2.84,73,900.0,0.0,1
18.0,2046.0,-2,-2.0,0.8,47,900.0,0.0,-1
101.0,1655.5,19,17.7,6.8100000000000005,121,1200.0,5.0,1
-163.0,1746.5,-8,-8.3,5.41,87,900.0,0.0,-1
-36.0,2046.0,4,1.9,1.29,65,900.0,0.0,1
-708.0,1545.0,-11,-8.9,3.0900000000000003,48,900.0,0.0,-1
262.0,1413.0,5,0.9,2.69,19,900.0,0.0,1
-251.0,1415.5,-9,-9.0,0.0,126,900.0,0.0,-1
22.0,2046.0,4,1.7,8.41,69,900.0,0.0,1
299.0,1404.5,-4,-3.1,0.09,92,900.0,0.0,-1
69.0,1634.5,15,14.9,0.09,85,900.0,0.0,1
177.0,1743.5,-2,-2.0,0.0,85,900.0,0.0,0
-40.0,2046.0,-3,1.5,2.25,128,900.0,0.0,1
37.0,1579.5,7,3.4,8.639999999999999,71,900.0,0.0,1
152.0,1872.0,0,-0.1,0.6900000000000001,38,900.0,0.0,-1
-186.0,1697.0,-1,-0.1,0.09,10,900.0,0.0,-1
-21.0,1579.5,-9,-5.8,2.16,86,1200.0,5.0,-1
-159.0,1747.5,-14,-3.8,23.16,72,900.0,0.0,-1
26.0,2046.0,0,0.2,0.7600000000000001,37,900.0,0.0,1
98.0,1816.0,-10,-10.0,0.0,104,900.0,0.0,-1
-44.0,2046.0,2,5.9,1.89,80,900.0,0.0,1
76.0,1904.0,2,-0.3,1.4099999999999997,51,900.0,0.0,1
5.0,1579.5,13,1.9,18.29,69,1200.0,5.0,1
65.0,1756.5,2,-1.1,1.49,77,900.0,0.0,1
299.0,1714.5,11,9.4,10.84,33,900.0,2.0,1
139.0,1752.5,5,4.9,0.09,87,900.0,0.0,1
-22.0,2006.0,0,0.8,2.7600000000000002,70,2700.0,45.0,-1
19.0,1659.5,-11,-5.6,16.84,90,1200.0,0.0,-1
5.0,2275.5,-7,-5.3,0.61,108,900.0,0.0,-1
-23.0,1579.5,-4,-5.2,1.7600000000000002,93,1200.0,5.0,1
-76.0,1593.0,-4,-3.7,0.8099999999999999,51,900.0,2.0,1
-96.0,2106.0,9,3.9,4.89,51,900.0,0.0,1
50.0,1651.0,-12,-2.2,14.960000000000003,122,900.0,0.0,-1
33.0,1544.5,6,4.8,2.16,69,900.0,0.0,1
-35.0,1650.5,-7,-6.4,0.24,56,900.0,0.0,-1
84.0,2106.0,0,0.7,0.8099999999999999,18,900.0,0.0,1
-72.0,2106.0,-1,-3.1,7.290000000000001,64,900.0,0.0,-1
96.0,1593.0,-17,-15.4,1.24,62,900.0,2.0,-1
-118.0,1593.0,0,-0.5,2.25,99,900.0,2.0,1
92.0,2106.0,-9,-9.0,0.0,234,900.0,0.0,-1
255.0,1691.5,9,7.4,8.040000000000001,69,1680.0,12.0,1
-10.0,1744.0,3,3.0,0.0,61,900.0,0.0,1
-6.0,1744.0,2,-0.5,6.25,57,900.0,0.0,1
-114.0,2106.0,4,1.2,12.360000000000001,75,900.0,0.0,1
-51.0,1596.5,-7,-7.1,0.09,56,900.0,0.0,-1
71.0,1596.5,-3,-0.1,1.6900000000000002,40,900.0,0.0,-1
67.0,1722.5,-1,-1.0,0.0,74,900.0,0.0,-1
-146.0,1803.0,13,10.1,5.09,71,900.0,0.0,1
-91.0,1596.5,2,-0.6,2.04,49,900.0,0.0,1
570.0,2559.0,2,-1.9,3.8899999999999997,74,900.0,0.0,1
36.0,1765.0,3,2.6,1.6400000000000001,73,900.0,0.0,1
111.0,1596.5,-3,-0.3,2.6100000000000003,22,900.0,0.0,-1
136.0,1803.0,4,7.1,1.89,48,900.0,0.0,1
-204.0,1647.0,-14,-13.1,1.89,68,900.0,10.0,-1
-119.0,1799.5,-3,-0.5,7.05,12,900.0,7.0,-1
-36.0,1731.0,-2,-1.5,2.25,66,900.0,0.0,-1
-74.0,1650.0,-4,-4.1,0.09,88,900.0,0.0,-1
-197.0,1604.5,-2,-0.8,0.9599999999999997,22,600.0,12.0,-1
153.0,1821.5,5,4.8,2.1599999999999997,111,900.0,2.0,1
189.0,1604.5,2,1.5,0.25,75,600.0,12.0,1
64.0,1710.0,5,5.0,0.0,69,900.0,0.0,1
-54.0,1765.0,14,16.4,1.44,87,900.0,0.0,1
8.0,1872.0,15,3.4,18.84,87,1200.0,0.0,1
66.0,1668.0,3,0.0,2.4,62,900.0,5.0,-1
-181.0,1604.5,-9,-6.6,1.04,68,600.0,12.0,-1
30.0,2296.0,2,2.0,0.0,158,900.0,0.0,1
-41.0,1717.5,-1,-1.0,0.0,130,900.0,0.0,-1
173.0,1604.5,4,4.3,0.8099999999999999,39,600.0,12.0,1
-31.0,1719.5,-5,-3.9,1.8900000000000001,68,900.0,0.0,-1
-165.0,1604.5,2,4.5,3.05,66,600.0,12.0,-1
-6.0,1887.0,-14,-10.5,7.05,88,1200.0,0.0,-1
15.0,1719.5,6,3.3,0.8099999999999999,49,900.0,0.0,1
189.0,1604.5,-10,-4.4,13.440000000000001,76,600.0,12.0,-1
1.0,1719.5,-1,-0.6,0.24000000000000005,86,900.0,0.0,-1
125.0,1145.5,27,26.2,5.76,147,900.0,0.0,1
-181.0,1604.5,-21,-16.1,31.690000000000005,98,600.0,12.0,-1
-17.0,1719.5,3,0.4,0.8400000000000001,69,900.0,0.0,1
1.0,1719.5,2,1.9,0.09,61,900.0,0.0,1
70.0,1473.0,2,0.3,1.01,35,600.0,12.0,1
-17.0,1719.5,-2,-0.2,2.16,37,900.0,0.0,1
296.0,1560.0,-3,-0.2,2.56,48,900.0,0.0,-1
-32.0,1629.0,0,0.0,0.0,146,900.0,0.0,-1
43.0,1760.5,5,0.5,2.25,73,900.0,0.0,1
35.0,1719.5,-2,-2.0,0.0,142,900.0,0.0,-1
-16.0,2033.0,-8,-8.0,0.2,122,900.0,0.0,-1
-288.0,1561.0,-5,-4.7,0.8099999999999999,68,900.0,0.0,-1
4.0,1816.0,1,1.1,0.09,88,900.0,0.0,-1
166.0,1579.0,-1,-1.8,1.5600000000000003,58,600.0,12.0,-1
9.0,1673.5,3,-0.8,4.359999999999999,183,900.0,0.0,0
-19.0,1719.5,-6,-5.7,0.8099999999999999,36,900.0,0.0,-1
34.0,2033.0,-3,-2.5,0.25,50,900.0,0.0,-1
19.0,1719.5,5,5.0,0.0,67,900.0,0.0,0
-31.0,1719.5,-2,-2.0,0.0,118,900.0,0.0,-1
10.0,1887.0,1,1.0,0.0,70,1200.0,0.0,-1
-36.0,1714.0,11,2.8,7.56,91,900.0,0.0,1
-3.0,1719.5,0,0.8,2.7600000000000002,52,900.0,0.0,-1
-174.0,1646.0,-15,-6.8,7.56,66,1200.0,0.0,-1
84.0,2063.0,0,0.1,0.09,89,900.0,0.0,0
7.0,1673.5,-7,-6.9,0.09,116,900.0,0.0,-1
19.0,1719.5,-9,-5.7,14.01,102,900.0,0.0,-1
15.0,1719.5,3,0.4,0.8400000000000001,15,900.0,0.0,1
-290.0,1794.0,1,1.1,1.8900000000000001,38,900.0,0.0,-1
-18.0,1711.0,12,10.9,0.49000000000000005,101,900.0,0.0,1
376.0,1749.0,2,0.2,0.56,35,900.0,0.0,1
-72.0,2063.0,-8,-2.8,3.16,130,900.0,0.0,-1
-101.0,2106.5,1,1.1,0.09,72,900.0,0.0,-1
-12.0,1731.0,2,1.2,0.76,37,900.0,0.0,1
120.0,1577.0,0,0.0,0.0,51,900.0,0.0,1
-840.0,2346.0,-2,-0.6,0.43999999999999995,74,900.0,5.0,-1
30.0,1731.0,-3,-3.3,0.8099999999999999,46,900.0,0.0,-1
2.0,1711.0,5,0.8,8.760000000000002,31,900.0,0.0,1
-18.0,1711.0,2,2.2,0.15999999999999998,71,900.0,0.0,1
86.0,1962.0,-3,-3.2,0.15999999999999998,114,2700.0,45.0,-1
207.0,1525.5,3,0.5,3.45,63,900.0,0.0,1
45.0,1495.5,-1,-1.0,0.0,127,900.0,0.0,0
36.0,1711.0,-2,-0.8,2.56,74,900.0,0.0,-1
92.0,2063.0,1,2.0,1.2,52,900.0,0.0,-1
-20.0,1711.0,-8,-0.5,6.65,54,900.0,0.0,-1
-80.0,2063.0,-9,-3.4,4.639999999999999,82,900.0,0.0,-1
50.0,1790.0,-2,-2.0,0.0,118,900.0,0.0,0
38.0,1711.0,-3,-3.9,1.49,48,900.0,0.0,-1
8.0,1694.0,1,0.1,7.290000000000001,155,1200.0,5.0,1
-162.0,2079.0,1,1.5,0.85,99,900.0,0.0,0
5.0,1462.5,6,5.0,0.6,55,900.0,0.0,1
598.0,1978.0,7,2.3,7.209999999999999,31,900.0,0.0,1
-56.0,1711.0,7,5.8,0.36,69,900.0,0.0,1
-402.0,1590.0,-12,-6.5,3.85,46,900.0,0.0,-1
54.0,2005.0,-6,-3.4,3.04,44,900.0,0.0,-1
400.0,1590.0,0,0.0,0.2,11,900.0,0.0,1
70.0,1724.0,9,1.5,7.65,33,900.0,0.0,1
-56.0,2005.0,2,2.0,0.0,125,900.0,0.0,0
152.0,2079.0,2,1.3,0.21000000000000002,51,900.0,0.0,1
-56.0,1650.0,10,10.0,0.0,89,900.0,0.0,1
-90.0,1724.0,-2,-2.1,2.8900000000000006,77,900.0,0.0,1
444.0,2161.0,2,1.7,0.8100000000000002,50,900.0,0.0,-1
-98.0,2332.0,-3,-3.0,0.0,122,900.0,0.0,-1
263.0,1875.5,0,-0.2,0.96,33,900.0,5.0,1
78.0,1724.0,-5,-3.4,4.04,59,900.0,0.0,1
92.0,1951.0,5,4.8,2.1599999999999997,67,900.0,0.0,1
-80.0,1951.0,-4,-3.5,0.25,94,900.0,0.0,-1
245.0,1907.5,-1,-1.0,0.0,61,900.0,0.0,1
68.0,1951.0,5,4.5,2.25,87,900.0,0.0,1
-54.0,1951.0,-5,-4.4,0.44000000000000006,100,900.0,0.0,-1
149.0,1806.5,1,0.7,0.8100000000000002,61,900.0,0.0,1
74.0,1951.0,1,1.5,0.85,50,900.0,0.0,-1
211.0,1627.5,1,0.4,0.24000000000000005,26,900.0,0.0,1
-60.0,1951.0,-5,-3.8,0.76,94,900.0,0.0,-1
80.0,1951.0,-1,-1.9,7.289999999999999,80,900.0,0.0,-1
62.0,1484.0,-2,-0.9,1.29,15,900.0,0.0,1
-77.0,1713.5,6,2.2,3.7600000000000002,73,900.0,0.0,1
-68.0,1951.0,-5,-3.9,0.6900000000000001,96,900.0,0.0,-1
55.0,1709.5,3,2.1,0.09,69,900.0,0.0,1
32.0,1675.0,10,8.4,1.24,97,1200.0,5.0,1
-267.0,1635.5,2,2.0,0.0,117,900.0,0.0,1
52.0,2344.0,4,3.1,4.290000000000001,59,900.0,0.0,1
-185.0,1701.5,6,4.5,15.45,120,900.0,0.0,0
-173.0,1602.5,8,6.6,0.44000000000000006,97,900.0,0.0,1
193.0,1931.5,-4,-3.3,0.8099999999999999,50,900.0,0.0,-1
-33.0,2341.5,0,3.1,2.29,30,900.0,0.0,-1
261.0,1635.5,1,-0.5,1.05,31,900.0,0.0,1
-185.0,1931.5,-16,-13.3,17.61,134,900.0,0.0,-1
182.0,1572.0,-15,-14.7,0.21000000000000002,96,2700.0,0.0,-1
-39.0,1655.5,-7,-7.0,0.0,106,900.0,0.0,-1
165.0,1602.5,18,11.6,6.640000000000001,59,900.0,0.0,1
425.0,1630.5,21,17.7,16.009999999999998,79,900.0,0.0,1
402.0,1592.0,18,8.5,24.85,63,900.0,0.0,1
57.0,1655.5,-7,1.6,10.44,62,900.0,0.0,-1
-11.0,1752.5,-3,-3.0,0.0,68,900.0,0.0,-1
-423.0,1630.5,-15,-8.9,14.690000000000001,50,900.0,0.0,-1
-220.0,1603.0,5,2.0,3.0,71,900.0,0.0,1
1.0,1677.5,-5,-5.7,2.21,78,900.0,0.0,-1
421.0,1630.5,5,3.9,7.090000000000001,101,900.0,0.0,1
177.0,1931.5,14,10.3,32.010000000000005,137,900.0,0.0,1
212.0,1603.0,9,4.2,18.36,27,900.0,0.0,1
-55.0,1662.5,5,3.9,1.09,51,900.0,5.0,1
-419.0,1630.5,-15,-3.2,20.560000000000002,34,900.0,0.0,-1
-400.0,1592.0,-6,-4.0,5.0,58,900.0,0.0,-1
417.0,1630.5,-1,0.0,1.6,43,900.0,0.0,1
95.0,1785.5,1,0.3,1.0100000000000002,21,900.0,0.0,1
15.0,1677.5,-9,-4.4,2.44,80,900.0,0.0,-1
55.0,1662.5,2,1.4,1.44,64,900.0,5.0,-1
59.0,1745.5,7,0.6,10.240000000000002,120,900.0,0.0,1
-47.0,1895.5,4,3.9,0.09,81,900.0,15.0,1
-117.0,1785.5,0,-0.3,0.20999999999999996,65,900.0,0.0,1
-45.0,1767.5,-1,-1.0,0.0,84,900.0,15.0,-1
-115.0,1145.5,-27,-18.1,44.290000000000006,76,900.0,0.0,-1
-16.0,1685.0,-1,-1.5,0.25,51,900.0,0.0,1
180.0,1698.0,11,10.1,1.89,79,900.0,0.0,1
-55.0,1662.5,0,0.0,0.0,17,900.0,5.0,1
121.0,1145.5,-5,-5.0,0.0,90,900.0,0.0,0
-343.0,1670.5,-2,0.3,3.6100000000000003,50,900.0,0.0,-1
171.0,1700.5,-1,-1.0,0.0,48,900.0,0.0,-1
-195.0,1700.5,11,4.2,20.16,49,900.0,0.0,1
-77.0,1698.5,10,1.1,9.09,39,900.0,0.0,1
219.0,1700.5,-11,-2.4,9.239999999999998,56,900.0,0.0,-1
339.0,1670.5,2,0.0,0.6,23,900.0,0.0,1
134.0,1573.0,2,2.0,0.0,88,900.0,0.0,1
63.0,1767.5,-6,-1.0,3.0,110,900.0,15.0,-1
-229.0,1700.5,-3,-3.0,0.0,71,900.0,0.0,0
223.0,1700.5,11,4.4,9.84,47,900.0,0.0,1
-215.0,1700.5,-14,-10.7,8.610000000000001,60,900.0,0.0,-1
-697.0,2503.5,-5,-2.7,1.01,84,900.0,1.0,-1
-172.0,1698.0,-6,-6.0,0.0,144,900.0,0.0,-1
207.0,1700.5,9,9.5,0.85,63,900.0,0.0,1
-199.0,1700.5,-16,-10.4,13.440000000000001,136,900.0,0.0,-1
33.0,1895.5,8,-0.1,7.290000000000001,27,900.0,15.0,1
-156.0,1573.0,2,-0.1,1.8900000000000001,43,900.0,0.0,1
207.0,1700.5,-3,-3.0,0.0,170,900.0,0.0,0
-51.0,1895.5,7,1.6,12.640000000000002,107,900.0,15.0,1
-120.0,1613.0,-16,-11.2,3.3600000000000003,94,1200.0,0.0,-1
146.0,1573.0,5,2.4,9.04,49,900.0,0.0,1
76.0,1963.0,3,0.4,0.8400000000000001,47,900.0,5.0,1
-199.0,1700.5,-9,-9.0,0.0,62,900.0,0.0,-1
191.0,1700.5,8,5.7,10.01,69,900.0,0.0,1
-183.0,1700.5,-13,-3.2,14.360000000000003,92,900.0,0.0,-1
567.0,2567.5,6,3.2,5.5600000000000005,57,900.0,1.0,1
15.0,1500.5,-1,-0.7,0.21000000000000002,54,900.0,0.0,-1
-96.0,1963.0,14,10.2,1.7599999999999998,63,900.0,5.0,1
207.0,1700.5,-5,-5.0,0.0,58,900.0,0.0,-1
-199.0,1700.5,-16,-10.9,13.290000000000001,120,900.0,0.0,-1
-34.0,1500.0,10,1.1,9.09,73,900.0,0.0,1
164.0,1698.0,-5,1.4,10.240000000000002,155,900.0,0.0,1
-124.0,1787.0,1,1.0,0.0,95,900.0,0.0,1
100.0,1617.0,4,2.0,1.8,39,900.0,0.0,1
-20.0,2038.0,-6,-6.5,15.85,104,900.0,0.0,-1
-142.0,1861.0,-3,-6.7,4.21,96,900.0,0.0,-1
-71.0,1642.5,-12,-5.3,20.009999999999998,136,900.0,0.0,-1
-106.0,1767.0,0,-0.9,0.09,121,900.0,0.0,0
57.0,1642.5,11,9.3,1.01,65,900.0,0.0,1
165.0,1606.5,1,0.2,2.3600000000000003,59,900.0,0.0,1
68.0,2001.0,-10,-1.9,7.289999999999999,66,900.0,0.0,-1
-77.0,1642.5,7,6.6,3.6399999999999997,55,900.0,0.0,1
-154.0,1698.0,-9,-5.4,15.440000000000001,64,900.0,0.0,-1
88.0,1998.0,1,1.0,0.0,117,900.0,0.0,1
-48.0,1744.0,-12,-4.8,5.76,98,900.0,0.0,-1
-59.0,1537.5,5,0.5,2.25,77,900.0,0.0,1
51.0,1816.5,9,5.6,13.040000000000001,107,900.0,0.0,1
-83.0,1556.5,-8,-5.3,0.8099999999999999,48,900.0,0.0,-1
37.0,1895.5,1,0.7,2.21,63,900.0,15.0,1
84.0,1540.0,2,0.3,7.01,72,900.0,0.0,-1
-189.0,1606.5,11,5.4,13.440000000000001,103,900.0,0.0,1
36.0,1750.0,-2,-1.1,0.29,63,900.0,0.0,1
-7.0,1609.5,3,2.2,1.9600000000000002,66,900.0,0.0,-1
-300.0,1765.0,-1,-0.1,0.09,22,900.0,0.0,-1
16.0,1951.0,4,1.3,0.8100000000000002,93,900.0,0.0,1
-398.0,1406.0,-20,-13.7,8.010000000000002,52,900.0,0.0,-1
-68.0,1538.0,-1,-3.9,1.8900000000000001,53,900.0,0.0,-1
213.0,1606.5,-6,-5.2,0.76,78,900.0,0.0,-1
-121.0,1580.5,-7,-6.6,0.43999999999999995,110,900.0,0.0,-1
-54.0,1750.0,18,14.0,16.0,109,900.0,0.0,1
-9.0,1955.5,-7,-1.3,4.41,40,900.0,0.0,1
-39.0,1895.5,3,1.3,0.61,125,900.0,15.0,0
76.0,1796.0,-4,-1.3,0.8100000000000002,36,900.0,0.0,-1
446.0,2254.0,7,3.4,4.44,127,900.0,0.0,1
-233.0,1908.5,-7,-5.5,2.05,56,900.0,0.0,-1
59.0,1653.5,0,0.0,0.0,141,900.0,0.0,0
-131.0,1570.5,-18,-7.1,18.29,76,900.0,0.0,-1
73.0,1562.5,9,3.2,6.16,63,900.0,0.0,1
-62.0,1796.0,-2,-0.6,1.04,34,900.0,0.0,-1
482.0,2523.0,7,4.3,8.010000000000002,82,900.0,0.0,1
40.0,1750.0,2,1.7,0.8100000000000002,49,900.0,0.0,1
-43.0,1654.5,-7,-7.0,0.0,84,900.0,0.0,-1
247.0,1631.5,10,6.9,26.889999999999997,46,900.0,0.0,1
153.0,1585.5,7,6.3,0.21000000000000002,127,900.0,0.0,1
39.0,1800.5,9,-0.4,13.64,75,900.0,0.0,1
-104.0,1890.0,-11,-11.0,0.0,119,900.0,0.0,1
103.0,1583.5,10,2.9,5.6899999999999995,121,900.0,0.0,1
-26.0,1750.0,-5,-5.9,10.690000000000001,66,900.0,0.0,-1
64.0,1653.0,-6,-3.9,2.69,106,900.0,0.0,-1
57.0,1895.5,-8,-0.9,13.49,66,900.0,15.0,-1
-482.0,1847.0,0,0.0,0.0,31,900.0,0.0,1
-41.0,2036.5,1,0.4,0.8400000000000001,57,900.0,0.0,1
68.0,1991.0,0,0.0,0.0,129,900.0,0.0,1
-142.0,1677.0,10,3.3,6.21,53,900.0,0.0,1
115.0,1650.5,11,8.1,4.6899999999999995,47,900.0,0.0,1
-77.0,1895.5,9,6.0,11.4,49,900.0,15.0,1
-9.0,1672.5,-9,-1.1,7.890000000000001,42,900.0,0.0,-1
-143.0,1585.5,-2,-1.9,7.090000000000001,56,900.0,0.0,-1
27.0,1672.5,-7,-2.0,3.0,56,900.0,0.0,-1
213.0,1948.5,4,4.6,1.44,41,900.0,0.0,1
-45.0,1672.5,2,2.4,2.04,43,900.0,0.0,1
-64.0,1996.0,0,0.0,0.0,122,900.0,0.0,-1
4.0,1657.0,1,1.0,0.0,79,900.0,0.0,1
-71.0,1728.5,-1,-1.7,5.81,114,900.0,0.0,0
86.0,1640.0,-1,-1.0,0.0,188,900.0,0.0,0
-102.0,2106.0,2,2.0,0.0,179,900.0,0.0,0
86.0,1699.0,0,-0.1,0.09,25,900.0,0.0,1
-344.0,2108.0,-11,-6.5,20.25,76,900.0,0.0,-1
-5.0,1645.5,1,0.6,0.64,44,900.0,0.0,-1
52.0,1726.0,0,-1.2,0.9599999999999997,45,900.0,0.0,1
50.0,1996.0,1,0.4,2.24,83,900.0,0.0,1
73.0,1754.5,-7,-3.9,1.8900000000000001,60,900.0,0.0,-1
90.0,2106.0,1,0.1,0.09,61,900.0,0.0,1
-355.0,2100.5,-5,-4.7,0.21000000000000002,96,900.0,0.0,-1
18.0,1631.0,10,1.4,9.239999999999998,57,1200.0,10.0,1
-36.0,1996.0,2,2.0,0.0,86,900.0,0.0,-1
-78.0,2106.0,-3,-0.6,1.44,36,900.0,0.0,-1
259.0,1809.5,1,1.1,0.09,19,900.0,0.0,1
-37.0,1816.5,-6,-1.1,3.4900000000000007,64,900.0,0.0,-1
453.0,1687.5,4,3.9,1.09,39,900.0,0.0,1
-229.0,1698.5,-4,-2.7,14.810000000000002,81,900.0,0.0,1
-449.0,1688.5,-3,-4.1,1.09,68,900.0,0.0,-1
445.0,1689.5,4,4.6,0.24,67,900.0,0.0,1
-24.0,1796.0,-6,-6.0,5.0,66,900.0,0.0,-1
-440.0,1691.0,-1,-0.1,0.09,18,900.0,0.0,-1
435.0,1692.5,14,5.8,7.56,57,900.0,0.0,1
-430.0,1694.0,-6,-1.3,3.21,22,900.0,0.0,-1
425.0,1695.5,10,1.4,8.44,27,900.0,0.0,1
-12.0,1611.0,-1,-1.3,0.8100000000000002,71,900.0,0.0,1
-420.0,1697.0,-4,-1.6,1.44,24,900.0,0.0,-1
221.0,1698.5,10,9.9,0.09,119,900.0,0.0,1
-213.0,1698.5,-10,-9.9,0.09,110,900.0,0.0,-1
-215.0,1716.5,-1,-1.0,0.0,89,900.0,0.0,0
-72.0,2731.0,0,0.0,0.0,168,900.0,5.0,0
374.0,1750.0,2,2.0,0.0,41,900.0,0.0,1
42.0,1796.0,-7,-7.0,0.0,90,900.0,0.0,-1
205.0,1698.5,12,6.4,13.440000000000001,127,900.0,0.0,1
-389.0,1924.5,-1,-0.3,0.20999999999999996,13,900.0,10.0,0
-231.0,1698.5,3,1.7,2.01,37,900.0,0.0,1
-288.0,1730.0,19,12.7,8.61,65,900.0,0.0,1
10.0,1811.0,9,7.4,0.43999999999999995,89,900.0,0.0,1
175.0,1540.5,-14,-4.0,12.4,44,900.0,0.0,-1
-46.0,1805.0,-1,-1.5,2.25,58,900.0,0.0,-1
-182.0,1548.0,-7,-2.7,2.81,38,900.0,0.0,-1
268.0,1725.0,6,7.2,0.5599999999999999,85,900.0,0.0,1
716.0,1549.0,2,1.1,0.09,49,900.0,0.0,1
74.0,1720.0,6,1.6,2.24,69,900.0,0.0,1
372.0,1395.0,5,0.4,2.4399999999999995,47,900.0,0.0,1
27.0,1957.5,-2,-2.2,3.3600000000000003,47,900.0,0.0,1
-279.0,1948.5,-3,-3.1,2.69,52,900.0,0.0,-1
317.0,1942.5,0,-0.9,2.49,45,900.0,0.0,1
364.0,2509.0,7,4.6,0.8400000000000001,57,900.0,0.0,1
74.0,1785.0,2,0.5,0.45,59,900.0,0.0,1
-45.0,1957.5,0,1.1,0.49000000000000005,79,900.0,0.0,1
99.0,1896.5,-8,-4.5,5.45,42,900.0,15.0,-1
381.0,1875.5,2,-0.2,2.16,53,1200.0,0.0,1
-105.0,1714.5,10,10.0,0.0,137,900.0,0.0,1
-368.0,1395.0,-6,-1.2,3.3600000000000003,28,900.0,0.0,-1
364.0,1395.0,9,8.8,0.16,77,900.0,0.0,1
-360.0,1395.0,-10,-5.5,2.25,80,900.0,0.0,-1
-357.0,2507.5,-4,-2.4,1.8400000000000003,66,900.0,0.0,-1
-197.0,1929.5,-3,-3.0,0.0,97,900.0,0.0,1
-31.0,1815.5,1,0.1,0.09,21,900.0,0.0,1
350.0,2506.0,9,3.0,6.0,67,900.0,0.0,1
15.0,1511.5,7,7.0,0.0,77,600.0,12.0,1
356.0,1395.0,9,0.9,7.290000000000001,33,900.0,0.0,1
-122.0,1151.0,-18,-18.5,0.25,66,900.0,0.0,-1
-551.0,1780.5,-17,-11.2,4.76,46,600.0,12.0,-1
-87.0,1896.5,2,2.0,0.0,56,900.0,15.0,-1
-97.0,1534.5,-2,-3.4,3.6399999999999997,59,900.0,0.0,1
75.0,1896.5,7,2.8,2.76,41,900.0,15.0,1
-115.0,2220.5,-6,-5.3,0.21000000000000002,76,900.0,0.0,-1
275.0,1889.5,4,4.5,10.45,68,900.0,0.0,-1
-61.0,1896.5,-1,-0.3,1.81,72,900.0,15.0,-1
-370.0,2099.0,2,2.0,0.0,106,900.0,0.0,0
-219.0,1936.5,0,0.0,0.0,77,900.0,0.0,0
-22.0,1733.0,-1,-0.1,0.09,20,900.0,0.0,-1
47.0,1896.5,1,0.0,0.2,59,900.0,15.0,1
144.0,1905.0,3,0.6,1.44,49,900.0,0.0,1
70.0,2013.0,-2,-0.2,0.96,133,900.0,0.0,0
56.0,2319.0,1,-1.5,2.25,59,900.0,0.0,1
-311.0,1885.5,-1,-1.0,0.0,85,900.0,0.0,1
-367.0,1397.5,-17,-7.3,20.81,58,900.0,0.0,-1
-324.0,1882.0,0,-0.3,0.61,32,900.0,0.0,-1
-114.0,1152.0,-36,-32.0,16.0,126,900.0,0.0,-1
118.0,1708.0,-5,-2.6,9.639999999999999,80,1500.0,25.0,-1
-64.0,1707.0,6,6.2,0.96,51,900.0,0.0,1
-191.0,2244.5,-6,-4.1,0.49000000000000005,200,900.0,0.0,-1
-17.0,1816.5,6,6.0,0.0,117,900.0,0.0,1
152.0,1963.0,2,1.1,1.09,47,900.0,0.0,1
-385.0,2097.5,4,4.0,0.0,74,900.0,0.0,0
122.0,1821.0,3,3.8,0.5599999999999999,55,900.0,0.0,1
35.0,1816.5,-2,-1.7,0.21000000000000002,86,900.0,0.0,-1
298.0,1890.0,8,5.5,6.25,77,900.0,0.0,1
227.0,2249.5,-5,-5.0,0.0,82,900.0,0.0,-1
-111.0,1769.5,-9,-7.2,2.16,96,900.0,0.0,-1
-19.0,1816.5,-9,-0.6,8.64,46,900.0,0.0,-1
-63.0,2008.5,3,2.1,1.89,113,900.0,0.0,0
99.0,1769.5,6,6.5,2.25,69,900.0,0.0,1
-65.0,1896.5,8,2.3,10.41,61,900.0,15.0,1
51.0,1896.5,10,1.3,9.209999999999997,39,900.0,15.0,1
-144.0,2213.0,-7,-5.5,2.25,70,900.0,0.0,-1
358.0,1707.0,3,-1.5,2.25,227,900.0,2.0,0
-122.0,2224.0,-2,-2.0,3.0,66,900.0,0.0,-1
47.0,2025.5,-1,-0.9,0.09,82,900.0,5.0,-1
-479.0,2525.5,-7,-2.8,5.76,79,900.0,0.0,-1
11.0,1743.5,-17,-7.4,12.040000000000001,58,900.0,0.0,-1
-203.0,1610.5,-3,-2.3,4.8100000000000005,68,600.0,12.0,-1
354.0,1707.0,14,13.4,4.640000000000001,121,900.0,2.0,1
174.0,1584.0,-6,-6.3,0.8099999999999999,106,600.0,12.0,-1
-42.0,2037.0,2,2.1,0.09,111,900.0,0.0,1
143.0,1783.5,-2,-0.7,1.0100000000000002,84,900.0,5.0,-1
123.0,2224.5,5,-1.9,8.49,41,900.0,0.0,1
28.0,2037.0,1,2.8,5.96,86,900.0,0.0,1
230.0,1379.0,1,-1.3,3.2099999999999995,61,600.0,12.0,1
-517.0,2026.5,-14,-13.3,0.21000000000000002,62,900.0,0.0,-1
286.0,1392.0,0,-0.3,11.610000000000001,110,900.0,2.0,0
169.0,1582.5,12,3.8,12.559999999999999,35,600.0,12.0,1
-316.0,1725.0,18,14.0,16.0,137,900.0,0.0,1
312.0,1725.0,9,9.0,0.0,119,900.0,0.0,1
-215.0,1823.5,-5,-4.2,2.76,50,900.0,0.0,-1
-359.0,2103.5,-9,-5.2,13.36,84,900.0,0.0,-1
-308.0,1725.0,-11,-10.0,0.2,122,900.0,0.0,-1
173.0,1625.5,14,6.8,5.76,111,900.0,2.0,1
304.0,1725.0,14,8.9,13.290000000000001,111,900.0,0.0,1
149.0,1837.5,9,9.0,0.0,159,900.0,0.0,1
-300.0,1725.0,-12,-10.4,0.43999999999999995,202,900.0,0.0,-1
-73.0,1725.5,-9,-7.7,15.61,53,900.0,0.0,-1
-206.0,1605.0,-12,-9.2,2.16,54,600.0,12.0,-1
295.0,1725.5,9,5.0,16.0,107,900.0,0.0,1
-289.0,1725.5,-12,-5.3,7.209999999999999,94,900.0,0.0,-1
-207.0,1601.5,-1,-0.3,2.8100000000000005,46,900.0,0.0,-1
283.0,1725.5,15,8.9,18.09,97,900.0,0.0,1
198.0,1605.0,7,4.3,2.6100000000000003,37,600.0,12.0,1
-277.0,1725.5,-10,-10.0,0.0,140,900.0,0.0,-1
-65.0,1730.5,1,1.1,0.09,78,1200.0,5.0,-1
-222.0,1605.0,-2,-2.0,0.0,99,600.0,12.0,1
199.0,1601.5,2,1.4,2.84,45,900.0,0.0,1
-191.0,1601.5,9,9.1,0.09,76,900.0,0.0,-1
248.0,1605.0,-10,-1.1,21.090000000000003,45,600.0,12.0,-1
-116.0,1958.0,0,-0.5,2.25,49,2700.0,45.0,1
13.0,1601.5,14,8.8,11.76,87,900.0,0.0,1
-41.0,1814.5,-2,1.5,3.25,43,900.0,0.0,1
183.0,1601.5,3,2.0,0.6,67,900.0,0.0,1
-31.0,1601.5,15,13.7,1.01,91,900.0,0.0,1
33.0,1601.5,1,1.0,0.0,187,900.0,0.0,0
-374.0,2094.0,-5,-1.5,5.25,182,900.0,0.0,-1
-26.0,1718.0,-6,-6.0,0.0,84,1200.0,5.0,-1
-175.0,1601.5,-1,-0.5,0.85,35,900.0,0.0,-1
-75.0,1508.5,0,-0.3,0.8100000000000002,52,600.0,12.0,1
242.0,1638.0,6,1.0,3.0,91,900.0,0.0,1
-209.0,1726.5,-10,-7.8,6.959999999999999,84,900.0,0.0,-1
-236.0,1638.0,1,0.5,0.85,26,900.0,0.0,-1
201.0,1726.5,9,4.1,14.09,147,900.0,0.0,1
230.0,1638.0,-1,-0.1,0.6900000000000001,22,900.0,0.0,1
310.0,1902.0,6,6.0,0.0,78,900.0,0.0,0
-222.0,1638.0,1,0.9,0.09,78,900.0,0.0,-1
118.0,1603.0,9,7.5,5.25,119,900.0,2.0,1
-227.0,1726.5,9,8.0,0.6,133,900.0,0.0,1
353.0,2102.5,9,5.0,16.0,103,900.0,0.0,1
214.0,1638.0,0,0.5,2.25,50,900.0,0.0,1
-304.0,1903.0,-3,-2.3,0.21000000000000002,67,900.0,0.0,-1
-31.0,1769.5,-2,-2.0,0.0,104,900.0,0.0,-1
219.0,1726.5,15,12.0,2.4,64,900.0,0.0,1
50.0,2039.0,-1,-1.0,0.0,150,900.0,0.0,-1
-140.0,1603.0,10,9.9,0.09,137,900.0,2.0,1
104.0,1958.0,-1,-1.1,0.49000000000000005,25,2700.0,45.0,1
13.0,1464.5,-4,-3.6,0.44000000000000006,68,600.0,12.0,-1
532.0,2012.0,5,5.0,0.0,47,900.0,0.0,1
14.0,1769.0,19,10.0,27.0,77,900.0,0.0,1
130.0,1603.0,-1,-0.3,1.21,47,900.0,2.0,1
-100.0,1708.0,1,-1.2,1.36,70,900.0,0.0,1
-46.0,1776.0,-6,-4.0,3.6,45,900.0,0.0,1
-348.0,2102.0,-9,-6.3,14.209999999999999,48,900.0,0.0,-1
64.0,1776.0,-4,-3.9,0.09,86,900.0,0.0,-1
-186.0,1755.0,-3,-0.9,1.8900000000000001,26,900.0,0.0,-1
178.0,1755.0,14,6.7,8.01,65,900.0,0.0,1
-716.0,1549.0,-20,-15.6,11.24,50,900.0,0.0,-1
-149.0,1807.5,0,0.8,1.16,39,900.0,0.0,1
139.0,1807.5,4,1.3,0.8100000000000002,37,900.0,0.0,1
-35.0,1799.5,9,8.2,0.36,69,900.0,0.0,1
5.0,1676.5,0,0.0,3.0,97,900.0,0.0,1
-376.0,2102.0,-4,-1.0,2.4,112,900.0,0.0,1
-266.0,1874.0,-4,-2.7,0.61,32,2700.0,45.0,-1
-17.0,1860.5,-7,-5.5,4.05,36,900.0,0.0,-1
-25.0,2047.5,8,2.8,20.759999999999998,72,900.0,0.0,-1
-124.0,1793.0,0,-0.6,0.8400000000000001,147,900.0,0.0,0
-127.0,2226.5,4,-1.1,16.29,70,900.0,0.0,1
-144.0,1660.0,0,1.2,1.7599999999999998,118,1200.0,5.0,0
53.0,1799.5,2,0.4,1.24,42,900.0,0.0,-1
43.0,2047.5,-8,-2.9,6.09,64,900.0,0.0,-1
25.0,1754.5,-4,0.1,5.290000000000001,56,900.0,0.0,-1
120.0,1804.0,6,6.6,0.8400000000000001,72,900.0,0.0,1
84.0,1903.0,9,5.8,8.16,127,900.0,0.0,1
-379.0,2098.5,-18,-10.7,6.01,108,900.0,0.0,-1
-92.0,2105.0,4,0.5,15.05,33,900.0,0.0,1
319.0,1868.5,-8,-3.8,7.5600000000000005,78,900.0,0.0,-1
-311.0,1870.5,-4,0.5,9.45,61,900.0,0.0,-1
-67.0,1564.5,-12,-9.6,13.440000000000001,132,900.0,2.0,-1
113.0,2105.5,-5,-3.3,6.01,142,900.0,0.0,-1
716.0,1549.0,7,5.8,1.7600000000000002,39,900.0,0.0,1
47.0,1830.5,4,2.0,3.4,97,900.0,0.0,1
278.0,1884.0,-1,1.1,1.89,79,900.0,0.0,1
-16.0,2002.0,-1,-1.4,0.8400000000000001,47,900.0,5.0,1
24.0,1681.0,3,3.0,1.8,59,900.0,0.0,1
34.0,2002.0,-6,-6.1,4.89,82,900.0,5.0,-1
-7.0,2037.5,-5,-4.6,0.24,96,900.0,0.0,-1
-18.0,2002.0,-5,-4.3,0.41,74,900.0,5.0,-1
-31.0,1738.5,5,4.3,1.41,63,900.0,0.0,1
49.0,1708.5,-1,-0.9,0.09,54,900.0,0.0,-1
-143.0,2101.5,5,4.5,0.25,93,900.0,0.0,1
-6.0,1749.0,-1,-1.0,0.0,50,900.0,0.0,-1
94.0,1783.0,-1,0.0,0.2,34,900.0,0.0,-1
-303.0,1408.5,-25,-21.8,7.959999999999999,68,900.0,0.0,-1
-35.0,1708.5,-3,-1.9,0.29,94,900.0,0.0,-1
109.0,1701.5,1,0.9,0.09,52,1200.0,0.0,-1
280.0,1417.0,19,12.7,17.009999999999998,31,900.0,0.0,1
-211.0,1897.5,-8,-2.4,13.439999999999998,98,2700.0,45.0,-1
19.0,1708.5,3,0.0,1.8,21,900.0,0.0,1
46.0,1726.0,7,6.2,1.36,131,900.0,2.0,1
147.0,1294.5,-23,-15.8,5.76,82,900.0,0.0,-1
-58.0,1790.0,0,-0.6,0.24000000000000005,86,900.0,0.0,-1
30.0,1755.0,-5,-3.7,3.6100000000000003,58,900.0,0.0,-1
-20.0,1701.0,2,2.0,0.0,139,900.0,0.0,1
64.0,1954.0,0,0.9,1.8900000000000001,41,900.0,5.0,1
-66.0,1954.0,-1,-1.0,0.0,131,900.0,5.0,0
65.0,1779.5,15,5.4,12.24,43,900.0,0.0,1
288.0,1864.0,10,10.0,0.0,117,900.0,0.0,1
-153.0,1503.5,-10,-5.1,3.0900000000000003,58,900.0,0.0,-1
32.0,1678.0,-7,-6.0,1.2,96,900.0,0.0,-1
-21.0,1676.5,5,1.1,3.8899999999999997,57,900.0,0.0,1
4.0,1701.0,3,0.9,1.8900000000000001,49,900.0,0.0,1
130.0,1941.0,1,0.4,0.24000000000000005,57,900.0,0.0,1
143.0,1503.5,7,5.1,9.69,71,900.0,0.0,1
-22.0,1701.0,9,0.9,7.290000000000001,17,900.0,0.0,1
-554.0,2566.0,-5,-0.6,5.040000000000001,89,900.0,0.0,-1
5.0,1679.5,7,6.1,1.89,63,900.0,0.0,1
-229.0,1789.5,0,0.8,0.7600000000000001,32,900.0,0.0,-1
-4.0,1551.0,17,16.2,0.76,85,900.0,0.0,1
52.0,1954.0,0,0.0,0.0,71,900.0,5.0,1
99.0,1825.5,3,2.8,0.96,37,900.0,0.0,1
11.0,1679.5,-3,-2.7,0.21000000000000002,40,900.0,0.0,-1
-158.0,1752.0,-1,-1.6,2.24,63,900.0,0.0,-1
5.0,1679.5,-1,-0.6,0.8400000000000001,44,900.0,0.0,-1
22.0,1551.0,5,6.0,1.4,36,900.0,0.0,-1
-173.0,1598.5,-4,-3.3,2.81,58,900.0,0.0,-1
73.0,1918.5,2,1.1,0.09,107,900.0,7.0,1
308.0,1251.0,25,23.4,8.04,45,900.0,0.0,1
-304.0,1251.0,-29,-22.3,6.610000000000001,84,900.0,0.0,-1
51.0,1714.5,0,-1.9,0.49000000000000005,133,900.0,0.0,1
300.0,1251.0,25,23.4,8.04,45,900.0,0.0,1
-296.0,1251.0,-28,-22.3,14.010000000000002,48,900.0,0.0,-1
-31.0,1789.5,0,0.5,5.25,64,900.0,0.0,-1
163.0,1598.5,2,1.1,0.09,43,900.0,0.0,1
-37.0,1587.5,-9,-9.0,0.0,76,900.0,0.0,-1
133.0,2101.5,1,1.0,0.0,97,900.0,0.0,1
-37.0,1714.5,-5,-3.1,1.49,66,900.0,0.0,-1
-309.0,1725.5,-9,-9.6,8.639999999999999,64,900.0,7.0,-1
47.0,1790.5,-7,-7.0,0.0,124,900.0,0.0,-1
60.0,1964.0,-7,-3.2,12.959999999999999,55,900.0,0.0,1
63.0,1609.5,6,7.9,1.69,77,900.0,0.0,1
-27.0,1691.5,5,0.4,10.440000000000001,61,900.0,0.0,1
39.0,1890.5,-5,-5.5,8.45,52,900.0,5.0,-1
-123.0,2101.5,1,1.0,0.0,146,900.0,0.0,-1
258.0,1413.0,5,2.3,0.8099999999999999,113,600.0,10.0,1
-46.0,1964.0,-6,-1.8,2.7600000000000002,60,900.0,0.0,-1
-108.0,1518.0,-3,0.7,2.0100000000000002,50,900.0,0.0,-1
-133.0,1503.5,-11,-2.3,9.809999999999999,36,900.0,0.0,-1
-33.0,1790.5,-4,-4.0,0.0,52,900.0,0.0,-1
-12.0,1691.0,-23,-23.0,0.0,88,900.0,0.0,-1
205.0,1880.5,7,2.1,3.4900000000000007,35,900.0,0.0,1
-20.0,1959.0,-5,-4.1,7.290000000000001,72,900.0,0.0,-1
30.0,1691.0,-3,-1.5,2.85,36,900.0,0.0,-1
111.0,2101.5,1,0.8,1.9600000000000002,28,900.0,0.0,1
-48.0,1691.0,-4,-3.3,3.0100000000000002,53,900.0,0.0,1
-79.0,1617.5,-16,-6.8,14.16,68,2700.0,0.0,-1
-225.0,1514.5,-15,-7.9,16.69,59,900.0,0.0,-1
64.0,1975.0,-1,-0.6,0.24000000000000005,90,900.0,0.0,-1
66.0,1691.0,-4,-0.8,3.3600000000000003,64,900.0,0.0,-1
-143.0,1517.5,9,4.2,2.7600000000000002,47,900.0,0.0,1
237.0,1567.5,14,8.8,3.1599999999999997,69,900.0,0.0,1
22.0,1776.0,0,-1.2,0.9600000000000002,66,900.0,0.0,-1
217.0,1514.5,2,-2.2,2.1599999999999997,79,1200.0,10.0,1
-1045.0,2242.5,0,-0.1,0.09,12,900.0,5.0,-1
340.0,1564.0,0,-0.5,0.25,13,900.0,0.0,1
179.0,1542.5,1,0.1,0.09,35,900.0,0.0,1
72.0,1528.0,11,7.7,5.61,53,900.0,0.0,1
-118.0,1776.0,-7,-6.9,9.290000000000001,66,900.0,0.0,-1
27.0,1728.5,-2,-1.9,0.09,128,900.0,0.0,-1
-15.0,2018.5,-1,0.2,1.56,56,2700.0,45.0,-1
106.0,1776.0,0,0.5,0.25,43,900.0,0.0,1
36.0,1856.0,11,7.0,16.0,137,900.0,0.0,1
-11.0,1728.5,-2,-2.0,0.0,88,900.0,0.0,-1
-128.0,1776.0,0,0.0,0.0,83,900.0,0.0,1
-336.0,1564.0,0,0.9,1.8900000000000001,52,900.0,0.0,-1
29.0,1728.5,-5,-2.8,11.76,70,900.0,0.0,-1
61.0,1610.5,-9,-8.7,0.8099999999999999,54,900.0,0.0,-1
118.0,1776.0,4,3.4,5.039999999999999,55,900.0,0.0,1
-463.0,1812.5,-7,-3.0,4.0,68,900.0,0.0,-1
-13.0,1728.5,0,-0.8,0.16,104,900.0,0.0,-1
-140.0,1776.0,4,-0.1,4.090000000000001,67,900.0,0.0,1
-115.0,1626.5,-9,-8.3,0.21000000000000002,96,900.0,0.0,-1
412.0,1667.0,3,0.3,0.8100000000000002,29,900.0,5.0,1
21.0,1562.5,5,4.9,0.09,93,900.0,0.0,1
-3.0,1728.5,0,0.0,0.0,77,900.0,0.0,1
227.0,1756.5,5,5.3,0.8099999999999999,87,2700.0,0.0,1
90.0,1410.0,10,8.8,0.76,73,1800.0,15.0,1
59.0,2043.5,-3,-3.4,6.639999999999999,54,900.0,0.0,-1
68.0,1656.0,-5,-4.7,0.8099999999999999,66,900.0,0.0,-1
136.0,1788.0,1,0.5,1.65,52,900.0,0.0,-1
-46.0,1735.0,-5,-3.7,7.209999999999999,142,1200.0,5.0,-1
-13.0,1728.5,12,7.7,3.6100000000000003,61,900.0,0.0,1
203.0,1662.5,-6,-4.5,1.65,46,900.0,0.0,-1
-695.0,1556.5,-9,-2.0,8.2,28,900.0,0.0,-1
112.0,1499.0,1,1.5,2.25,93,900.0,0.0,1
-45.0,2043.5,-10,-2.8,5.76,112,900.0,0.0,-1
-96.0,1501.0,-1,0.2,0.96,44,900.0,0.0,-1
31.0,2043.5,1,0.7,0.8100000000000002,107,900.0,0.0,1
-476.0,1918.0,-4,-2.9,2.4899999999999998,62,900.0,0.0,-1
79.0,1503.5,1,0.2,0.16000000000000003,13,900.0,0.0,1
141.0,1614.5,15,12.9,12.69,59,900.0,0.0,1
-29.0,1492.5,0,-0.5,2.25,92,900.0,0.0,-1
-50.0,1690.0,-4,-2.5,8.25,58,900.0,0.0,-1
-13.0,1772.5,-1,-0.2,1.3599999999999999,44,900.0,0.0,-1
1.0,1534.5,16,9.5,6.25,49,900.0,0.0,1
213.0,1917.5,-2,-2.0,0.0,73,900.0,0.0,1
23.0,1537.5,9,7.3,2.0100000000000002,64,900.0,0.0,-1
-42.0,2011.0,-6,-6.0,0.2,88,900.0,0.0,-1
-1.0,1533.5,-4,-4.0,0.0,83,900.0,0.0,0
62.0,1677.0,1,1.0,0.0,43,900.0,0.0,1
-291.0,1926.5,1,-0.6,0.44000000000000006,49,900.0,0.0,1
-48.0,1677.0,-1,-0.5,2.25,62,900.0,0.0,-1
4.0,2036.0,5,2.1,4.09,61,900.0,0.0,1
1.0,1533.5,-9,-5.8,15.360000000000003,91,900.0,0.0,0
28.0,2011.0,6,1.8,7.5600000000000005,91,900.0,0.0,1
7.0,2028.5,-2,-2.6,2.44,76,900.0,0.0,-1
-83.0,1653.5,8,6.5,5.25,55,900.0,0.0,1
-46.0,2011.0,5,1.8,4.760000000000001,58,900.0,0.0,1
-22.0,2036.0,0,0.6,0.8400000000000001,46,900.0,0.0,1
74.0,1592.0,2,2.3,9.009999999999998,50,900.0,0.0,1
-25.0,2025.5,8,7.5,0.25,167,900.0,0.0,1
24.0,2036.0,-2,-2.0,0.0,72,900.0,0.0,0
34.0,1593.0,10,4.3,22.21,37,900.0,0.0,1
410.0,1818.0,4,2.9,1.29,79,900.0,0.0,1
-14.0,1921.0,4,1.3,0.8100000000000002,161,2700.0,30.0,-1
109.0,1586.5,8,4.9,4.6899999999999995,53,900.0,0.0,1
-61.0,1892.5,6,3.7,3.41,103,900.0,15.0,1
-18.0,1593.0,-11,-8.6,4.24,92,900.0,0.0,-1
-223.0,1920.5,1,0.5,2.25,59,900.0,0.0,0
23.0,2013.5,6,6.0,0.0,83,900.0,0.0,1
253.0,2169.5,0,0.0,0.0,87,900.0,0.0,0
36.0,1593.0,-2,-1.1,0.09,64,900.0,0.0,-1
-22.0,1593.0,-6,-5.9,0.09,174,900.0,0.0,-1
47.0,1823.5,-7,-7.0,0.0,98,900.0,0.0,-1
440.0,1720.0,13,11.5,2.25,57,5400.0,0.0,1
-107.0,1880.5,-10,-9.2,5.76,134,900.0,0.0,-1
-26.0,1528.0,8,7.1,0.6900000000000001,115,900.0,0.0,1
-7.0,2013.5,-7,-7.0,0.0,114,900.0,0.0,-1
101.0,2099.5,0,0.4,0.8400000000000001,13,900.0,0.0,1
-89.0,2099.5,-1,-0.1,0.29000000000000004,117,900.0,0.0,-1
-222.0,1648.0,-1,-4.7,1.61,123,900.0,0.0,0
-93.0,1747.5,-19,-12.1,33.69,90,900.0,0.0,-1
218.0,1927.0,-5,-4.5,0.25,70,900.0,0.0,-1
-376.0,2099.0,-11,-4.0,15.4,112,900.0,0.0,-1
158.0,1850.0,4,0.3,4.21,49,900.0,0.0,1
47.0,1892.5,4,-1.0,5.0,55,900.0,15.0,1
15.0,2024.5,1,1.0,0.0,108,900.0,0.0,0
-324.0,1720.0,-10,-3.8,12.760000000000002,28,5400.0,0.0,-1
-148.0,1850.0,-10,-1.3,9.809999999999999,30,900.0,0.0,-1
207.0,1644.5,14,13.3,0.21000000000000002,117,900.0,0.0,1
-108.0,1667.0,-2,-2.0,0.0,86,900.0,0.0,-1
-33.0,1892.5,-2,-0.3,3.41,38,900.0,15.0,-1
1.0,2024.5,-5,-4.9,0.09,106,900.0,0.0,-1
-3.0,2045.5,-3,-0.4,8.64,78,900.0,0.0,-1
82.0,2041.0,-2,-2.0,0.0,63,900.0,0.0,-1
-1.0,2024.5,0,-0.1,0.09,91,900.0,0.0,0
441.0,2081.5,-5,-2.3,8.010000000000002,73,600.0,10.0,-1
191.0,1640.5,8,7.1,3.29,71,900.0,0.0,1
-243.0,2171.5,-2,-1.0,0.2,46,900.0,0.0,-1
17.0,2024.5,0,0.0,0.0,62,900.0,0.0,-1
-189.0,1615.5,-4,-4.0,0.0,68,900.0,0.0,-1
-70.0,2041.0,-6,-5.3,0.21000000000000002,88,900.0,0.0,-1
253.0,2171.5,-1,-1.0,0.0,261,900.0,0.0,0
93.0,2722.5,-1,-1.0,0.0,152,900.0,5.0,0
59.0,1664.5,3,0.3,0.8100000000000002,77,900.0,0.0,1
-68.0,1885.0,4,2.2,9.959999999999999,75,900.0,15.0,1
-247.0,2171.5,-3,-2.1,1.29,131,900.0,0.0,-1
208.0,1615.0,4,1.5,3.45,37,900.0,0.0,1
758.0,1923.0,19,16.1,1.0899999999999999,51,900.0,0.0,1
338.0,2502.0,3,2.9,0.09,99,900.0,0.0,1
241.0,2171.5,1,1.4,7.239999999999999,17,900.0,0.0,1
-273.0,1561.5,-11,-8.0,2.4,46,900.0,0.0,-1
38.0,1720.0,1,1.0,5.0,61,900.0,0.0,1
29.0,1526.5,-6,-4.2,5.96,108,900.0,0.0,-1
-16.0,1717.0,-9,-1.2,7.56,40,900.0,0.0,-1
-56.0,1563.0,6,6.2,0.15999999999999998,81,900.0,0.0,1
-91.0,1686.5,9,4.1,4.29,43,900.0,10.0,1
-330.0,2500.0,-7,-5.0,1.6,88,900.0,0.0,-1
-338.0,1683.0,-1,-1.5,0.25,52,900.0,0.0,-1
86.0,1758.0,7,-2.9,12.690000000000001,47,900.0,0.0,1
12.0,1439.0,14,14.0,0.0,117,900.0,0.0,1
198.0,1744.0,12,9.8,8.56,63,900.0,0.0,1
-74.0,1758.0,0,0.1,0.09,70,900.0,0.0,-1
97.0,1552.5,-10,-10.0,0.0,148,900.0,0.0,-1
4.0,1439.0,-11,-11.0,0.0,88,900.0,0.0,-1
154.0,1934.0,6,3.9,1.29,111,900.0,0.0,1
-218.0,1931.0,-4,-4.0,0.0,68,900.0,0.0,-1
-143.0,1564.5,-4,-2.9,0.89,42,900.0,0.0,1
622.0,1991.0,9,6.9,2.4899999999999998,75,900.0,0.0,1
60.0,1758.0,1,1.0,0.0,85,900.0,0.0,1
54.0,1885.0,0,0.1,0.09,41,900.0,15.0,1
-86.0,1568.0,6,2.2,6.36,67,900.0,0.0,1
-74.0,1885.0,7,3.6,9.04,53,900.0,15.0,1
210.0,1931.0,7,6.5,0.25,99,900.0,0.0,1
60.0,1885.0,1,0.1,0.09,41,900.0,15.0,1
144.0,1934.0,7,4.3,0.8099999999999999,97,900.0,0.0,1
-202.0,1931.0,-11,-1.2,12.960000000000003,78,900.0,0.0,-1
46.0,1885.0,0,0.8,0.56,55,900.0,15.0,1
777.0,1913.5,2,1.0,1.8,47,900.0,0.0,1
194.0,1931.0,6,5.9,0.09,67,900.0,0.0,1
-64.0,1885.0,2,1.0,0.6,45,900.0,15.0,1
50.0,1885.0,5,0.4,4.84,31,900.0,15.0,1
-70.0,1885.0,3,3.6,0.24,93,900.0,15.0,1
-360.0,1600.0,12,4.7,23.01,19,3600.0,60.0,1
163.0,1611.5,13,11.0,1.8,101,900.0,0.0,1
360.0,1600.0,-26,-26.0,1.8,72,3600.0,60.0,-1
148.0,2223.0,6,1.5,2.25,69,900.0,0.0,1
-207.0,1702.5,-1,-0.6,0.8400000000000001,75,900.0,0.0,1
199.0,1702.5,14,8.8,13.959999999999999,95,900.0,0.0,1
-129.0,1877.5,-1,-1.0,0.0,113,900.0,0.0,0
59.0,1822.5,-12,-11.9,0.09,114,900.0,0.0,-1
360.0,1600.0,-2,-1.3,1.21,16,3600.0,60.0,-1
90.0,1885.0,-7,-3.9,8.690000000000001,28,900.0,15.0,-1
-42.0,1952.0,-5,-3.6,3.6399999999999997,120,900.0,5.0,-1
-110.0,1885.0,3,2.7,0.21000000000000002,131,900.0,15.0,1
98.0,1885.0,0,-0.9,0.09,53,900.0,15.0,1
98.0,1586.0,19,17.2,11.760000000000002,117,900.0,2.0,1
-69.0,1643.5,-9,-9.0,0.0,178,900.0,0.0,-1
-91.0,1572.5,1,0.6,0.8400000000000001,16,900.0,2.0,1
119.0,1575.5,-3,-0.6,3.2399999999999998,51,900.0,2.0,-1
-151.0,1551.5,-6,-0.4,4.4399999999999995,30,600.0,12.0,-1
316.0,1932.0,-5,-4.6,0.24,80,900.0,0.0,-1
-398.0,1409.0,-11,-8.2,0.96,62,900.0,0.0,-1
394.0,1409.0,7,3.9,3.0900000000000003,57,900.0,0.0,1
-86.0,1885.0,-1,-0.4,2.24,50,900.0,15.0,-1
-312.0,1932.0,2,2.4,0.44000000000000006,54,900.0,0.0,-1
178.0,1569.0,1,0.9,0.09,103,600.0,12.0,1
90.0,1885.0,-2,-2.0,0.0,133,900.0,15.0,0
134.0,2230.0,13,2.0,16.2,43,900.0,0.0,1
86.0,2047.0,-1,-1.5,2.25,95,900.0,0.0,0
713.0,1547.5,25,22.0,1.2,63,900.0,0.0,1
-105.0,2046.5,8,3.5,2.25,43,900.0,0.0,1
-713.0,1547.5,-1,-0.4,0.8400000000000001,26,900.0,0.0,-1
-552.0,2574.0,-7,-0.6,12.240000000000002,65,900.0,1.0,-1
713.0,1547.5,2,1.2,0.36,27,900.0,0.0,1
-153.0,1611.5,-1,-0.5,1.45,40,900.0,0.0,-1
83.0,1962.5,-2,-1.6,0.24,70,900.0,0.0,-1
-615.0,1613.5,-2,-0.1,0.49000000000000005,18,900.0,0.0,-1
700.0,2499.0,5,1.8,2.96,85,900.0,1.0,1
1017.0,1729.5,7,2.3,7.8100000000000005,28,1980.0,33.0,1
-555.0,2570.5,-6,-3.1,3.69,114,900.0,1.0,-1
-36.0,1843.0,10,2.8,5.76,105,900.0,0.0,1
-139.0,2223.5,-5,-2.8,2.16,116,900.0,0.0,-1
58.0,1642.0,9,9.0,0.0,167,900.0,0.0,1
-143.0,1611.5,-18,-16.7,6.8100000000000005,100,900.0,0.0,-1
-44.0,1642.0,-12,-6.8,16.759999999999998,70,900.0,0.0,-1
133.0,1611.5,5,5.0,0.0,125,900.0,0.0,1
133.0,1691.5,11,6.0,16.4,133,900.0,0.0,1
-57.0,1644.5,8,7.2,0.36,59,900.0,0.0,1
-116.0,1775.0,-23,-20.8,2.16,90,1200.0,5.0,-1
-97.0,1157.5,-23,-22.4,0.44000000000000006,110,900.0,0.0,-1
101.0,1157.5,12,11.9,0.09,133,900.0,0.0,0
157.0,1777.5,1,0.1,2.09,87,900.0,0.0,1
-123.0,1157.5,6,0.8,9.760000000000002,87,900.0,0.0,1
790.0,1914.0,-7,-5.3,1.81,91,900.0,0.0,-1
364.0,1700.0,10,7.2,8.559999999999999,117,900.0,2.0,1
25.0,1901.5,-1,-1.1,0.09,59,900.0,0.0,1
2.0,1724.0,-13,-10.0,4.6,86,1200.0,5.0,-1
-113.0,1553.5,-10,-1.5,8.85,54,900.0,0.0,-1
-9.0,1901.5,-3,-2.5,2.25,70,900.0,0.0,-1
341.0,1764.5,11,10.2,0.56,148,900.0,10.0,1
119.0,1962.5,-1,-0.7,0.8100000000000002,86,2700.0,45.0,-1
3.0,1524.5,-9,-8.9,0.09,126,900.0,2.0,-1
104.0,1673.0,9,7.8,0.76,93,900.0,0.0,1
-229.0,1926.5,9,4.0,3.0,85,900.0,0.0,1
13.0,1524.5,0,0.9,0.09,100,900.0,2.0,-1
-72.0,1636.0,-5,-0.2,2.76,58,900.0,0.0,-1
223.0,1926.5,4,1.0,1.2,33,900.0,0.0,1
-92.0,1673.0,-5,-7.4,5.04,72,900.0,0.0,-1
10.0,2322.0,2,2.0,0.0,136,900.0,0.0,1
-215.0,1926.5,-14,-7.9,18.09,68,900.0,0.0,-1
28.0,1605.0,1,0.6,1.44,44,900.0,0.0,-1
309.0,1747.5,1,0.2,0.76,61,900.0,0.0,1
207.0,1926.5,25,23.2,2.5599999999999996,71,900.0,0.0,1
-23.0,1725.5,3,1.4,3.0399999999999996,72,900.0,0.0,1
-10.0,1606.0,3,3.0,0.0,98,900.0,0.0,-1
58.0,1734.0,-2,-0.6,2.4399999999999995,122,900.0,0.0,-1
-199.0,1926.5,-7,-5.8,2.16,134,900.0,0.0,-1
-23.0,1894.5,-1,-0.9,0.6900000000000001,35,1200.0,0.0,1
136.0,1566.0,8,7.5,0.25,109,900.0,0.0,1
798.0,1918.0,19,10.5,26.65,107,900.0,0.0,1
57.0,1636.5,-13,-6.6,10.24,81,900.0,0.0,1
95.0,1818.5,-8,-6.4,3.2399999999999998,66,900.0,0.0,-1
191.0,1926.5,7,7.0,2.0,79,900.0,0.0,1
-19.0,1609.5,9,3.7,30.21,69,900.0,0.0,1
-28.0,2322.0,4,3.5,0.25,99,900.0,0.0,1
3.0,1609.5,-3,-2.9,4.090000000000001,97,900.0,0.0,1
118.0,1729.0,6,5.7,0.8099999999999999,83,900.0,0.0,1
231.0,1768.5,-1,-1.0,0.0,102,900.0,7.0,-1
-107.0,1962.5,-14,-5.5,8.85,56,2700.0,45.0,-1
48.0,1639.0,-9,-9.3,5.41,63,900.0,0.0,1
-225.0,1768.5,-1,0.5,1.05,16,900.0,7.0,-1
217.0,1768.5,-1,-1.0,0.0,69,900.0,7.0,1
-132.0,1589.0,-16,-15.3,0.21000000000000002,124,900.0,2.0,-1
-256.0,1735.0,-4,-3.7,0.21000000000000002,76,900.0,0.0,-1
16.0,1795.0,6,1.7,2.21,61,900.0,0.0,1
-92.0,1667.0,2,5.7,7.01,82,900.0,0.0,-1
12.0,1609.0,-5,-4.0,2.8,88,900.0,0.0,-1
45.0,1670.5,8,5.4,2.04,61,1200.0,0.0,1
21.0,1644.5,0,-7.3,6.01,133,900.0,0.0,0
4.0,1609.0,-13,-8.6,13.040000000000001,126,900.0,0.0,-1
-22.0,1609.0,3,-3.9,6.090000000000001,69,900.0,0.0,1
-374.0,2119.0,-5,-4.7,0.21000000000000002,122,900.0,0.0,-1
-281.0,1562.5,-7,-5.9,1.29,56,900.0,0.0,-1
28.0,1642.0,-3,-3.4,0.24,67,900.0,0.0,1
56.0,1515.0,8,4.5,2.05,115,600.0,12.0,1
386.0,1843.0,-1,-0.3,0.20999999999999996,72,900.0,0.0,-1
-469.0,2069.5,-12,-8.9,15.09,62,900.0,0.0,-1
230.0,1745.0,19,16.0,10.4,71,900.0,0.0,1
272.0,1564.0,11,4.7,18.41,49,900.0,0.0,1
247.0,1523.5,10,4.1,10.489999999999998,54,900.0,0.0,-1
-12.0,1642.0,-4,-4.3,0.8099999999999999,68,900.0,0.0,-1
316.0,1813.0,2,1.1,2.6900000000000004,81,900.0,5.0,1
-222.0,1745.0,-13,-12.3,7.010000000000001,82,900.0,0.0,-1
-382.0,1843.0,-7,-6.6,0.8400000000000001,66,900.0,0.0,-1
-344.0,1813.0,1,0.5,0.25,127,900.0,5.0,1
-224.0,1918.0,-1,-1.0,0.0,178,900.0,0.0,-1
-711.0,1546.5,-19,-12.2,23.56,56,900.0,0.0,-1
0.0,1628.0,11,6.9,5.89,45,900.0,0.0,1
-5.0,1633.5,14,13.1,0.49000000000000005,79,900.0,0.0,1
129.0,1946.5,-1,-0.9,2.29,52,2700.0,45.0,1
378.0,1843.0,5,2.6,7.4399999999999995,37,900.0,0.0,1
340.0,1813.0,0,-0.1,0.09,51,900.0,5.0,1
236.0,2172.0,9,1.7,6.21,47,900.0,0.0,1
-374.0,1843.0,-5,-0.2,2.76,46,900.0,0.0,-1
-230.0,2172.0,1,1.3,0.21000000000000002,38,900.0,0.0,-1
27.0,1651.5,-1,-0.1,0.09,62,900.0,0.0,-1
-97.0,1674.5,14,13.2,5.76,79,900.0,0.0,1
-33.0,2006.5,-9,-7.9,7.090000000000001,114,900.0,5.0,-1
224.0,2172.0,1,1.0,0.0,97,900.0,0.0,1
-32.0,2321.0,3,3.0,0.0,183,900.0,0.0,0
-92.0,1664.0,5,5.4,0.24,75,900.0,0.0,1
-129.0,1584.5,2,0.8,0.36,35,900.0,0.0,1
243.0,1914.5,-5,-4.2,0.36,106,900.0,0.0,-1
80.0,1664.0,9,7.4,2.6399999999999997,65,900.0,0.0,1
85.0,1674.5,1,0.7,0.21000000000000002,81,900.0,0.0,1
119.0,1584.5,1,0.1,0.6900000000000001,23,900.0,0.0,1
31.0,2012.5,8,5.9,1.89,57,900.0,5.0,1
-68.0,1664.0,3,2.7,0.8099999999999999,60,900.0,0.0,-1
88.0,1664.0,-19,-7.1,21.89,68,900.0,0.0,-1
-216.0,2172.0,0,-1.2,1.7599999999999998,63,900.0,0.0,-1
74.0,1755.0,-6,-5.7,3.81,59,900.0,0.0,-1
229.0,1917.5,9,4.5,14.25,177,900.0,0.0,1
208.0,2172.0,-3,0.7,1.61,70,900.0,0.0,1
-19.0,1719.5,0,-0.3,0.8100000000000002,62,900.0,0.0,1
-73.0,1674.5,-1,-0.5,0.25,40,900.0,0.0,-1
-128.0,1578.0,2,0.6,0.43999999999999995,41,900.0,0.0,1
91.0,1847.5,-6,-4.7,4.41,68,1200.0,0.0,-1
-388.0,1815.0,-10,-2.1,7.090000000000001,82,2700.0,45.0,-1
-2.0,1629.0,-11,-9.7,0.6100000000000001,84,900.0,0.0,-1
118.0,1578.0,1,-0.2,6.959999999999999,42,900.0,0.0,1
99.0,1733.5,7,5.6,0.44000000000000006,69,900.0,0.0,1
-407.0,1827.5,1,0.2,0.16000000000000003,38,900.0,0.0,-1
-200.0,2172.0,0,0.0,0.0,10,900.0,0.0,-1
177.0,1615.5,0,-2.8,0.96,25,900.0,2.0,1
-106.0,1578.0,1,1.6,1.44,36,900.0,0.0,-1
-123.0,1702.5,-10,-9.9,0.09,76,900.0,0.0,-1
192.0,2172.0,1,-0.3,1.0100000000000002,25,900.0,0.0,1
202.0,1793.0,-7,-5.8,0.76,50,900.0,7.0,-1
-20.0,1666.0,-11,-5.7,4.41,56,900.0,0.0,-1
-369.0,2118.5,-7,-4.5,6.85,66,900.0,0.0,-1
128.0,1578.0,-2,0.2,0.7600000000000001,26,900.0,0.0,-1
-202.0,1632.0,-18,-10.8,5.76,116,900.0,2.0,-1
-184.0,2172.0,-1,-0.5,1.65,124,900.0,0.0,-1
83.0,1741.5,-1,-1.0,0.0,170,900.0,0.0,-1
-118.0,1578.0,-1,-0.8,1.3600000000000003,26,900.0,0.0,-1
288.0,1564.0,5,4.9,0.09,63,900.0,0.0,1
73.0,1690.5,-1,-1.3,0.8100000000000002,51,900.0,0.0,1
-3.0,1634.5,11,9.5,1.45,111,900.0,0.0,1
-101.0,1837.5,-14,-6.0,9.8,80,900.0,0.0,-1
-30.0,1799.0,12,4.7,6.01,109,900.0,0.0,1
183.0,1760.5,3,0.0,12.0,75,900.0,0.0,1
176.0,2172.0,2,1.0,1.8,41,900.0,0.0,1
19.0,1634.5,-14,-6.8,5.76,150,900.0,0.0,-1
-71.0,1741.5,-1,-6.7,14.01,100,900.0,0.0,-1
190.0,1630.0,27,20.3,28.610000000000003,91,900.0,2.0,1
-168.0,2172.0,-1,-1.0,0.0,48,900.0,0.0,-1
-100.0,1611.0,0,0.3,0.8100000000000002,38,900.0,0.0,-1
127.0,1587.5,0,-0.4,0.44000000000000006,83,1200.0,0.0,1
-59.0,1690.5,-14,-6.8,5.76,74,900.0,0.0,-1
-175.0,1760.5,-7,-0.6,5.040000000000001,58,900.0,0.0,-1
-3.0,1634.5,-6,-1.2,3.3600000000000003,70,900.0,0.0,-1
158.0,2172.0,3,3.0,0.2,61,900.0,0.0,1
-32.0,1699.0,-1,-0.2,0.16000000000000003,17,900.0,0.0,1
50.0,1699.0,-1,-0.9,14.49,124,900.0,0.0,-1
-10.0,1673.0,-2,-1.7,0.21000000000000002,54,900.0,0.0,1
320.0,2499.0,6,2.5,2.05,77,900.0,0.0,1
32.0,1464.0,13,12.3,0.21000000000000002,105,600.0,12.0,1
-148.0,2172.0,-2,-1.9,0.09,180,900.0,0.0,-1
19.0,1634.5,-13,-5.8,5.76,132,900.0,0.0,-1
-55.0,1542.5,2,1.1,0.09,53,900.0,0.0,1
45.0,1690.5,12,11.7,0.21000000000000002,139,900.0,0.0,1
-36.0,1699.0,-9,-6.1,6.890000000000001,104,900.0,0.0,-1
418.0,1820.0,9,5.1,3.69,45,900.0,0.0,1
-37.0,1634.5,15,9.9,7.090000000000001,63,900.0,0.0,1
-16.0,1464.0,-5,-7.3,1.41,54,600.0,12.0,-1
244.0,1723.0,2,1.1,7.289999999999999,163,900.0,0.0,1
0.0,1464.0,17,16.2,0.36,61,600.0,12.0,1
21.0,1789.5,5,0.8,2.7600000000000002,61,900.0,0.0,1
20.0,1699.0,12,4.0,7.2,53,900.0,0.0,1
23.0,1634.5,4,2.6,2.4399999999999995,57,900.0,0.0,1
138.0,2172.0,2,1.7,1.6099999999999999,39,900.0,0.0,1
41.0,1542.5,5,0.2,3.3600000000000003,35,900.0,0.0,1
-415.0,1820.5,0,-0.4,1.24,22,900.0,0.0,-1
-16.0,1464.0,2,-0.8,6.960000000000001,55,600.0,12.0,1
111.0,1157.5,15,15.0,0.0,235,900.0,0.0,1
-38.0,1699.0,3,2.2,0.76,71,900.0,0.0,1
-308.0,1552.0,-6,-6.0,0.0,70,900.0,0.0,-1
-41.0,1634.5,3,2.7,0.21000000000000002,53,900.0,0.0,1
0.0,1464.0,12,5.5,14.65,99,600.0,12.0,1
-128.0,2172.0,-7,-0.6,5.040000000000001,62,900.0,0.0,-1
-16.0,1464.0,8,2.1,17.490000000000002,105,600.0,12.0,1
27.0,1634.5,11,8.5,8.45,61,900.0,0.0,1
183.0,1642.5,1,-0.4,0.6399999999999999,32,900.0,0.0,-1
118.0,2172.0,1,0.9,0.6900000000000001,20,900.0,0.0,1
336.0,1552.0,-16,-16.0,0.0,110,900.0,0.0,-1
-106.0,2172.0,-1,-0.4,0.24000000000000005,124,900.0,0.0,-1
0.0,1464.0,14,10.4,18.84,73,600.0,12.0,1
-774.0,2385.0,-2,-4.0,3.0,87,900.0,5.0,-1
-58.0,1820.0,0,0.1,0.09,170,900.0,0.0,-1
16.0,1464.0,4,3.5,1.05,40,600.0,12.0,-1
-145.0,1672.5,5,4.3,0.21000000000000002,85,900.0,0.0,1
365.0,2118.5,5,1.4,8.64,39,900.0,0.0,1
-34.0,1464.0,13,9.3,9.610000000000001,49,600.0,12.0,1
-1.0,1726.5,-4,-1.6,3.2399999999999998,80,900.0,0.0,-1
410.0,1430.0,2,2.9,1.29,47,900.0,0.0,1
-332.0,1552.0,-16,-7.8,7.56,68,900.0,0.0,-1
94.0,2172.0,1,2.2,0.96,90,900.0,0.0,1
345.0,1853.5,3,0.9,1.8900000000000001,73,900.0,0.0,1
-15.0,1726.5,4,-0.5,2.25,85,900.0,0.0,1
11.0,1654.5,0,-0.6,0.8400000000000001,31,900.0,0.0,1
78.0,1820.0,-1,-0.3,0.20999999999999996,64,900.0,0.0,-1
-82.0,2172.0,0,0.0,0.0,38,900.0,0.0,-1
265.0,1582.5,6,3.4,3.2399999999999998,61,600.0,12.0,1
33.0,1726.5,-11,-3.0,7.2,62,900.0,0.0,-1
154.0,1927.0,9,7.8,5.76,115,2700.0,45.0,1
-171.0,1769.5,1,0.4,0.8400000000000001,37,900.0,0.0,-1
-17.0,1726.5,-5,-2.9,7.889999999999999,82,900.0,0.0,-1
108.0,2059.0,-2,-3.3,0.61,72,900.0,0.0,-1
186.0,1749.0,-2,-1.7,0.8100000000000002,26,900.0,0.0,-1
233.0,2009.5,-3,1.5,6.45,52,900.0,0.0,-1
4.0,1725.0,8,7.2,1.16,65,900.0,0.0,1
60.0,1818.0,7,2.6,14.64,67,900.0,0.0,1
-227.0,2009.5,-16,-15.7,0.21000000000000002,84,900.0,0.0,-1
465.0,2534.5,7,1.9,12.69,62,900.0,0.0,1
-80.0,1818.0,1,1.0,0.0,143,900.0,0.0,1
-61.0,1634.5,9,6.6,2.6399999999999997,63,900.0,0.0,1
13.0,1963.5,2,2.4,2.4399999999999995,81,900.0,0.0,1
68.0,1818.0,7,1.4,13.439999999999998,71,900.0,0.0,1
114.0,2044.0,-5,-1.8,11.560000000000002,40,900.0,5.0,-1
-75.0,1851.5,-9,-2.7,9.809999999999999,24,900.0,0.0,-1
55.0,2320.5,-12,-12.0,0.0,310,900.0,0.0,-1
-313.0,1942.5,-8,-7.9,0.09,126,900.0,0.0,-1
-337.0,1681.5,-1,-1.1,0.6900000000000001,50,900.0,0.0,-1
-149.0,1563.5,-7,-7.0,0.0,126,2700.0,0.0,-1
7.0,1722.5,-6,-5.7,0.21000000000000002,78,900.0,0.0,-1
8.0,1410.0,-14,-13.2,0.76,72,900.0,0.0,-1
9.0,1722.5,0,0.1,0.09,52,900.0,0.0,-1
-62.0,1475.0,-3,-3.0,0.0,26,900.0,0.0,-1
48.0,1475.0,9,1.0,7.2,27,900.0,0.0,1
-34.0,1475.0,-1,-0.1,0.09,38,900.0,0.0,-1
-47.0,1737.5,-1,-1.0,0.0,93,900.0,0.0,1
-27.0,1722.5,4,2.2,7.56,75,900.0,0.0,1
-169.0,1546.5,-7,-2.2,3.96,40,900.0,0.0,-1
45.0,1722.5,-12,-4.7,6.01,46,900.0,0.0,-1
-774.0,1906.0,0,-0.1,0.09,84,900.0,0.0,-1
-31.0,1722.5,-6,-4.8,0.96,58,900.0,0.0,-1
49.0,1722.5,-4,0.6,2.4399999999999995,68,900.0,0.0,-1
21.0,1715.5,-12,-12.0,0.0,124,900.0,0.0,-1
-35.0,1722.5,-4,-3.9,0.09,104,900.0,0.0,-1
64.0,1737.0,-1,-1.1,0.09,65,900.0,0.0,1
105.0,2064.5,-1,-1.0,0.0,127,900.0,0.0,1
-114.0,1680.0,15,14.7,0.8099999999999999,141,900.0,0.0,1
-19.0,1768.5,1,1.2,1.3600000000000003,96,900.0,0.0,-1
291.0,1586.5,-1,-0.6,0.8400000000000001,46,900.0,0.0,-1
53.0,1722.5,-5,1.6,9.84,52,900.0,0.0,-1
-219.0,1928.5,7,6.5,0.25,157,900.0,0.0,1
3.0,1768.5,2,1.8,0.16,95,900.0,0.0,1
136.0,1680.0,-14,-10.5,5.25,172,900.0,0.0,-1
-57.0,1814.5,1,1.0,0.0,64,900.0,0.0,-1
211.0,1928.5,11,8.2,8.56,105,900.0,0.0,1
17.0,1681.5,17,8.4,36.239999999999995,49,900.0,0.0,1
9.0,1660.5,13,10.6,1.44,75,900.0,0.0,1
134.0,2043.0,-3,-3.6,4.24,64,900.0,5.0,-1
-27.0,1660.5,10,3.1,6.090000000000001,73,900.0,0.0,1
-163.0,1717.5,0,0.3,0.8100000000000002,21,900.0,0.0,1
153.0,1717.5,11,4.4,9.84,47,900.0,0.0,1
-143.0,1717.5,-9,-9.0,0.0,154,900.0,0.0,-1
-99.0,2070.5,6,5.8,0.96,41,900.0,0.0,1
13.0,1768.5,-1,-1.3,0.8100000000000002,40,900.0,0.0,-1
25.0,2142.5,-2,-2.0,0.0,109,900.0,0.0,0
81.0,1642.5,3,-0.3,9.81,38,900.0,0.0,-1
-134.0,2048.0,-11,-8.9,1.09,88,900.0,5.0,-1
133.0,1717.5,17,6.7,16.810000000000002,93,900.0,0.0,1
-237.0,1928.5,-1,-1.0,0.0,87,900.0,0.0,1
134.0,1831.0,-12,-4.0,21.2,108,900.0,0.0,-1
-123.0,1717.5,-13,-8.9,4.090000000000001,88,900.0,0.0,-1
91.0,2063.5,3,2.5,0.25,71,900.0,0.0,1
231.0,1928.5,8,6.0,7.4,87,900.0,0.0,1
-79.0,2063.5,-6,-6.5,2.25,100,900.0,0.0,-1
137.0,1706.5,-4,0.5,2.25,72,900.0,0.0,-1
-52.0,1987.0,0,0.1,0.09,87,900.0,0.0,1
65.0,2063.5,8,8.0,0.0,117,900.0,0.0,1
-118.0,1557.0,-1,-0.7,1.41,32,900.0,0.0,-1
-58.0,2024.0,2,0.6,1.6400000000000001,49,2700.0,45.0,1
38.0,1971.0,-4,-1.5,3.05,79,900.0,0.0,-1
381.0,1546.5,0,0.5,0.25,116,2400.0,0.0,0
-103.0,1717.5,6,6.0,0.0,66,900.0,0.0,-1
156.0,1589.0,-16,-10.4,13.440000000000001,88,900.0,0.0,-1
-51.0,2063.5,10,8.5,1.25,42,900.0,0.0,-1
171.0,1687.5,-1,-1.0,0.0,121,900.0,0.0,0
-52.0,1135.0,-33,-33.0,0.0,84,900.0,0.0,-1
65.0,1643.5,4,1.1,10.69,55,900.0,0.0,1
260.0,1631.0,1,0.0,0.2,39,900.0,0.0,1
-159.0,1973.5,-1,-1.0,0.0,52,900.0,10.0,-1
-254.0,1631.0,1,0.1,1.2900000000000003,32,900.0,0.0,-1
-85.0,1643.5,19,10.1,9.49,59,900.0,0.0,1
134.0,1723.0,-2,0.2,9.959999999999999,86,900.0,0.0,-1
110.0,1712.0,0,0.2,0.96,75,900.0,0.0,1
9.0,2025.5,1,1.0,0.0,97,900.0,0.0,1
-156.0,1723.0,0,-0.6,1.44,49,900.0,0.0,1
180.0,1723.0,-7,-7.0,0.0,86,900.0,0.0,-1
692.0,2501.0,4,4.7,3.0100000000000002,77,900.0,1.0,1
-21.0,1896.5,1,0.4,0.8400000000000001,53,900.0,0.0,1
-27.0,2025.5,6,4.7,3.21,151,900.0,0.0,1
-168.0,1770.0,12,7.4,12.64,59,900.0,0.0,1
158.0,1565.0,-8,-3.7,12.41,42,900.0,0.0,-1
2.0,1758.0,4,-0.5,2.25,93,900.0,0.0,1
41.0,2320.5,12,5.7,12.209999999999999,60,900.0,0.0,1
-633.0,2529.5,-3,-1.6,1.8399999999999999,70,900.0,1.0,-1
367.0,2197.5,5,0.4,2.4399999999999995,43,900.0,0.0,1
-27.0,2142.5,3,2.1,0.09,151,900.0,0.0,0
48.0,1659.0,-13,-9.0,5.6,64,900.0,0.0,-1
38.0,1988.0,8,7.7,0.8099999999999999,225,900.0,0.0,1
78.0,1586.0,11,2.9,7.289999999999999,87,900.0,0.0,1
14.0,1758.0,-9,-0.6,8.64,22,900.0,0.0,-1
2.0,1758.0,-4,-3.4,0.8400000000000001,44,900.0,0.0,-1
236.0,1733.0,17,8.2,8.76,75,900.0,0.0,1
161.0,1616.5,-6,-3.2,0.96,106,900.0,0.0,-1
420.0,1424.0,8,7.9,0.09,89,900.0,0.0,1
-46.0,1747.0,-1,-0.9,0.09,165,1200.0,5.0,0
-67.0,2063.5,3,2.4,0.24,65,900.0,0.0,1
-230.0,1733.0,-2,-2.9,0.49000000000000005,52,900.0,0.0,-1
-221.0,1535.5,-3,-2.7,0.8099999999999999,57,900.0,0.0,1
-118.0,1888.0,4,3.5,0.25,119,900.0,15.0,1
70.0,2048.0,2,2.0,0.0,85,900.0,0.0,1
120.0,1683.0,3,3.0,0.0,29,900.0,0.0,1
114.0,1551.0,7,1.3,21.81,88,900.0,0.0,-1
-127.0,1161.5,0,-1.0,0.2,57,900.0,0.0,1
-98.0,1591.0,-19,-12.0,5.6,108,900.0,0.0,-1
117.0,1161.5,5,5.2,9.760000000000002,49,900.0,0.0,1
-105.0,1161.5,-13,-12.5,2.25,80,900.0,0.0,-1
-62.0,2091.0,-12,-8.5,1.65,132,900.0,0.0,-1
-442.0,2435.0,-2,-2.0,0.0,74,900.0,0.0,-1
127.0,1161.5,-1,-1.4,0.24,48,900.0,0.0,-1
-71.0,1583.5,-6,-6.7,0.21000000000000002,74,900.0,0.0,-1
444.0,1933.0,2,1.1,0.6900000000000001,19,900.0,0.0,1
-157.0,1561.5,3,1.4,0.44000000000000006,101,900.0,0.0,1
-29.0,1661.5,-14,-6.5,33.25,118,900.0,0.0,-1
-82.0,1666.0,10,5.8,2.1599999999999997,99,900.0,0.0,1
64.0,2091.0,1,1.0,0.0,118,900.0,0.0,0
-124.0,2710.0,1,1.0,0.0,144,900.0,5.0,0
-134.0,1958.0,-1,-0.9,0.09,60,900.0,0.0,-1
-135.0,2227.5,-6,-1.4,4.24,82,900.0,0.0,-1
-50.0,2091.0,-2,-1.5,0.25,72,900.0,0.0,-1
266.0,1585.0,-6,-6.0,0.2,60,900.0,0.0,-1
-158.0,1764.0,0,0.3,0.8100000000000002,22,900.0,0.0,-1
-296.0,2492.0,-4,-0.1,1.89,68,900.0,0.0,-1
70.0,2091.0,-3,-3.0,0.0,88,900.0,0.0,-1
47.0,1661.5,-11,-8.3,0.8099999999999999,90,900.0,0.0,-1
421.0,2425.5,3,3.0,0.0,67,900.0,0.0,1
-403.0,1688.5,-2,-1.1,1.8900000000000001,44,900.0,0.0,-1
-52.0,2143.0,4,4.1,4.89,123,900.0,0.0,1
-532.0,2368.0,-6,-3.5,3.05,54,900.0,0.0,-1
399.0,2101.5,-3,-3.0,0.0,62,900.0,0.0,0
141.0,1562.5,2,1.4,0.8400000000000001,55,900.0,0.0,1
197.0,1516.5,1,1.0,0.6,35,900.0,0.0,1
-610.0,1797.0,-4,-1.1,4.29,42,900.0,0.0,-1
406.0,1429.0,5,3.8,2.7600000000000002,71,900.0,0.0,1
140.0,1888.0,-2,-1.1,0.09,90,900.0,15.0,-1
711.0,1546.5,13,11.4,9.24,55,900.0,0.0,1
138.0,1769.0,6,4.8,0.76,91,900.0,10.0,1
-162.0,1888.0,4,4.0,0.0,77,900.0,15.0,1
-282.0,1663.0,-11,-6.5,20.25,72,900.0,15.0,-1
135.0,1697.5,9,4.3,9.21,135,900.0,0.0,1
111.0,1951.5,6,4.0,0.6,71,900.0,0.0,1
-344.0,2135.0,3,0.8,8.36,405,900.0,0.0,0
-99.0,1951.5,-4,-2.5,2.25,50,900.0,0.0,-1
-25.0,1703.5,8,4.4,6.04,53,900.0,10.0,1
-18.0,1631.0,10,8.1,0.49000000000000005,89,900.0,0.0,1
-43.0,1825.5,8,5.5,6.25,123,900.0,0.0,1
-2.0,1631.0,1,-0.5,7.45,148,900.0,0.0,-1
45.0,1971.5,3,3.9,7.289999999999999,61,900.0,0.0,1
-164.0,1718.0,-5,-0.2,12.959999999999999,54,900.0,0.0,-1
154.0,1718.0,10,5.2,10.96,81,900.0,0.0,1
-38.0,1717.0,-9,-1.5,6.45,56,1200.0,0.0,-1
-144.0,1718.0,1,1.0,0.0,108,900.0,0.0,-1
134.0,1718.0,11,4.4,9.84,47,900.0,0.0,1
-124.0,1718.0,-13,-8.2,11.16,82,900.0,0.0,-1
-711.0,1546.5,-13,-9.8,1.3599999999999999,66,900.0,0.0,-1
-183.0,1883.5,3,2.9,0.09,79,900.0,15.0,1
52.0,1638.0,10,5.4,21.240000000000002,91,900.0,0.0,1
-462.0,2539.0,-5,-4.2,0.15999999999999998,91,900.0,0.0,-1
428.0,1441.0,18,12.1,9.89,53,900.0,0.0,1
-124.0,1663.0,0,0.0,0.0,63,900.0,0.0,1
175.0,1883.5,-2,-2.9,0.09,77,900.0,15.0,1
107.0,1660.5,-3,-2.4,2.2399999999999998,45,900.0,0.0,1
-224.0,1565.0,5,2.0,6.0,58,600.0,12.0,-1
216.0,1565.0,3,3.1,0.29,75,600.0,12.0,1
-208.0,1565.0,-13,-9.5,5.45,54,600.0,12.0,-1
200.0,1565.0,6,4.7,1.01,71,600.0,12.0,1
-166.0,1884.0,-1,-1.1,0.29,86,900.0,15.0,-1
-148.0,1686.0,-1,-0.5,6.45,70,900.0,0.0,-1
-192.0,1565.0,-4,-3.9,0.09,102,600.0,12.0,-1
-9.0,1701.5,11,3.1,7.090000000000001,121,900.0,10.0,1
-64.0,1608.0,2,-0.6,1.44,37,900.0,0.0,1
402.0,2105.0,2,2.0,1.6,191,900.0,0.0,1
184.0,1565.0,11,5.3,12.41,43,600.0,12.0,1
156.0,1884.0,0,-0.8,0.7600000000000001,41,900.0,15.0,1
-176.0,1565.0,-7,-4.4,6.840000000000001,80,600.0,12.0,-1
-146.0,1884.0,1,1.0,0.0,54,600.0,10.0,-1
168.0,1565.0,8,0.2,6.959999999999999,13,600.0,12.0,1
147.0,1559.5,11,10.6,4.04,77,600.0,12.0,1
-6.0,1711.0,9,6.7,5.41,57,900.0,10.0,1
-113.0,1532.5,12,6.4,13.440000000000001,87,600.0,12.0,1
328.0,1626.0,3,0.2,0.96,13,600.0,12.0,-1
-222.0,1347.0,-5,-2.8,3.7600000000000002,33,600.0,12.0,-1
-535.0,2574.5,-7,-0.3,13.41,75,900.0,0.0,-1
-153.0,1626.5,-10,-9.2,0.76,116,900.0,0.0,-1
757.0,1928.5,15,13.4,2.6399999999999997,63,900.0,0.0,1
-757.0,1928.5,-4,-4.7,1.21,46,900.0,0.0,-1
147.0,1717.5,-9,-1.3,7.410000000000001,64,900.0,0.0,-1
-137.0,1717.5,-9,-8.5,0.25,64,900.0,0.0,-1
159.0,1717.5,-4,-4.0,0.0,110,900.0,0.0,-1
33.0,1569.5,11,3.8,5.76,87,900.0,0.0,1
207.0,1715.5,-1,-1.0,0.0,102,3600.0,30.0,-1
-14.0,1571.0,-11,-10.7,0.8099999999999999,74,900.0,0.0,-1
-6.0,1573.0,7,6.5,0.25,107,900.0,0.0,1
-15.0,1570.5,-1,-2.8,2.16,29,900.0,0.0,1
16.0,1570.0,-11,-11.0,0.0,116,900.0,0.0,0
-17.0,1569.5,8,3.5,2.25,209,900.0,0.0,0
-63.0,2025.5,3,1.3,6.01,141,2700.0,45.0,0
42.0,1566.0,1,1.0,0.0,100,900.0,0.0,-1
56.0,1668.0,-1,-0.3,0.20999999999999996,27,900.0,0.0,1
-363.0,1718.5,-15,-14.2,5.76,108,900.0,0.0,-1
33.0,1661.5,19,12.8,24.96,69,900.0,0.0,1
18.0,1830.0,8,7.2,0.15999999999999998,75,900.0,0.0,1
-70.0,1562.0,1,1.0,0.0,63,900.0,0.0,1
50.0,1565.0,12,8.8,7.959999999999999,99,900.0,0.0,1
144.0,2235.0,6,4.4,2.6399999999999997,105,900.0,0.0,1
-53.0,1564.5,15,14.1,7.290000000000001,131,900.0,0.0,0
46.0,1675.0,9,9.0,0.0,145,900.0,0.0,1
-90.0,2032.0,-15,-12.6,13.440000000000001,94,900.0,5.0,-1
-44.0,1665.0,5,4.4,13.64,55,900.0,0.0,1
62.0,1665.0,-2,-1.9,0.09,42,900.0,0.0,-1
-93.0,1659.5,12,5.7,7.609999999999999,161,900.0,0.0,1
-82.0,1665.0,6,2.4,5.64,53,900.0,0.0,1
264.0,1720.0,-12,-6.8,23.16,122,900.0,0.0,-1
711.0,1546.5,20,14.0,37.2,67,900.0,0.0,1
-113.0,1674.5,-12,-6.4,13.440000000000001,114,900.0,0.0,-1
-290.0,1720.0,-4,-4.5,0.25,77,900.0,0.0,1
-533.0,2574.5,-8,-0.3,27.01,77,900.0,0.0,-1
105.0,1672.5,7,6.1,0.09,91,900.0,0.0,1
76.0,1662.0,26,12.6,60.64,113,900.0,0.0,1
-17.0,1762.5,3,2.7,0.8099999999999999,75,900.0,0.0,1
-69.0,1512.5,20,18.6,2.44,73,900.0,2.0,1
-278.0,2486.0,-3,2.0,16.2,60,900.0,0.0,-1
145.0,2235.5,5,-1.9,8.49,41,900.0,0.0,1
-62.0,1662.0,-8,-3.7,15.41,52,900.0,0.0,-1
1.0,1762.5,5,4.3,0.21000000000000002,81,900.0,0.0,1
347.0,2132.5,4,3.7,0.21000000000000002,41,900.0,0.0,1
-711.0,1546.5,-12,-3.2,10.96,46,900.0,0.0,-1
-90.0,1728.0,-4,-3.8,0.15999999999999998,133,900.0,0.0,1
98.0,1678.0,-12,-11.7,0.21000000000000002,142,900.0,0.0,0
131.0,1653.5,1,1.0,0.0,93,1200.0,5.0,1
711.0,1546.5,10,5.0,17.8,59,900.0,0.0,1
-83.0,2025.5,1,0.7,0.8100000000000002,23,2700.0,45.0,1
101.0,1716.5,5,2.4,3.84,65,900.0,0.0,1
-63.0,1585.5,1,1.0,0.0,54,900.0,2.0,-1
-143.0,2234.5,-4,-3.3,3.41,56,900.0,0.0,-1
34.0,1648.0,15,9.3,14.010000000000002,61,900.0,0.0,1
37.0,1873.5,9,0.6,8.64,43,900.0,5.0,1
-18.0,1648.0,-3,-0.9,1.8900000000000001,24,900.0,0.0,-1
10.0,1625.0,26,25.7,0.8099999999999999,97,900.0,0.0,1
-710.0,1547.0,-9,-8.0,1.2,44,900.0,0.0,-1
46.0,1741.0,0,0.9,7.290000000000001,166,1200.0,5.0,0
71.0,2142.5,-4,-1.7,4.21,72,900.0,0.0,-1
-53.0,1637.5,0,0.2,0.16000000000000003,95,900.0,0.0,1
-97.0,1966.5,1,0.1,0.29000000000000004,124,900.0,0.0,-1
64.0,1627.0,6,5.1,0.09,85,900.0,0.0,1
-469.0,1764.5,-1,-0.5,0.25,70,2700.0,45.0,1
-91.0,2142.5,5,5.0,0.0,137,900.0,0.0,1
55.0,1637.5,0,1.8,0.36,138,900.0,0.0,0
27.0,1574.5,27,27.0,0.0,127,900.0,2.0,1
79.0,2260.5,6,3.0,2.4,75,900.0,0.0,1
79.0,2142.5,12,2.7,15.410000000000002,65,900.0,0.0,1
-32.0,1741.0,-15,-15.0,0.0,110,1200.0,5.0,-1
57.0,1623.5,1,1.0,0.0,123,900.0,0.0,1
-65.0,2142.5,-2,-2.1,4.890000000000001,122,900.0,0.0,-1
-445.0,1843.5,-7,-5.2,8.16,52,900.0,0.0,-1
51.0,2142.5,5,3.4,2.4400000000000004,56,900.0,0.0,1
-73.0,1663.5,1,2.7,2.6100000000000003,44,900.0,10.0,-1
114.0,1733.0,3,3.0,0.0,79,900.0,0.0,1
-37.0,2142.5,1,-1.0,1.8,48,900.0,0.0,-1
112.0,1691.0,-3,-2.0,0.6,114,900.0,0.0,-1
21.0,2142.5,3,0.4,0.8400000000000001,13,900.0,0.0,1
-5.0,2142.5,-1,-1.1,0.09,92,900.0,0.0,-1
79.0,1580.5,-15,-7.2,7.56,86,900.0,0.0,-1
88.0,1480.0,1,0.0,7.2,109,900.0,0.0,1
88.0,1677.0,-5,-5.1,0.09,81,900.0,0.0,1
-33.0,2323.5,-2,-2.0,0.0,141,900.0,0.0,-1
135.0,1926.5,2,1.1,2.09,40,2700.0,45.0,1
23.0,2142.5,-2,-2.2,0.15999999999999998,138,900.0,0.0,-1
-94.0,1471.0,-17,-11.8,8.559999999999999,103,900.0,0.0,-1
-65.0,1580.5,9,3.6,11.040000000000001,52,900.0,0.0,-1
177.0,1829.5,-1,-1.0,0.0,90,900.0,0.0,-1
-76.0,1677.0,-4,-2.7,1.41,70,900.0,0.0,-1
130.0,1830.0,5,2.0,1.8,41,900.0,0.0,1
-25.0,2142.5,4,4.0,0.0,107,900.0,0.0,0
209.0,1626.5,17,5.3,15.209999999999999,117,900.0,0.0,1
369.0,1708.5,1,-0.6,2.04,25,900.0,0.0,1
284.0,1720.0,10,8.9,0.89,85,900.0,0.0,1
-120.0,1700.0,0,1.0,0.2,20,900.0,0.0,-1
-70.0,1642.0,-13,-10.2,1.7600000000000002,48,900.0,0.0,-1
-365.0,1708.5,-1,0.5,1.65,28,900.0,0.0,-1
37.0,1867.5,0,-0.3,0.8100000000000002,39,1200.0,0.0,1
107.0,1569.5,-7,0.4,11.64,126,900.0,0.0,-1
-102.0,1948.0,-1,-1.0,0.0,50,900.0,0.0,-1
16.0,1639.0,-4,-1.9,1.89,72,900.0,0.0,-1
9.0,2142.5,0,-0.5,6.45,71,900.0,0.0,1
-45.0,1957.5,1,0.4,0.24000000000000005,50,900.0,5.0,-1
-343.0,1723.5,-14,-6.1,10.290000000000001,64,900.0,0.0,-1
-278.0,1720.0,-9,-7.6,0.44000000000000006,122,900.0,0.0,-1
-494.0,1925.0,-6,-5.9,0.09,96,900.0,0.0,-1
-80.0,1594.0,-2,-1.9,0.09,100,900.0,0.0,-1
7.0,2142.5,0,0.2,3.3600000000000003,56,900.0,0.0,-1
-34.0,1639.0,-8,-5.7,4.8100000000000005,87,900.0,0.0,1
63.0,1957.5,0,-0.4,0.24000000000000005,88,900.0,5.0,-1
-101.0,1572.5,-14,-7.3,21.009999999999998,56,900.0,0.0,-1
-47.0,1726.5,-6,-2.0,4.0,66,900.0,0.0,-1
96.0,1576.0,8,4.5,12.85,59,900.0,0.0,1
65.0,1726.5,-2,-1.1,0.09,60,900.0,0.0,-1
18.0,1639.0,11,4.5,17.25,65,900.0,0.0,1
534.0,1953.0,6,2.1,10.89,27,900.0,0.0,1
-342.0,1816.0,-1,0.5,8.25,65,900.0,5.0,-1
-532.0,1953.0,-1,-0.1,7.290000000000001,29,900.0,0.0,-1
130.0,1553.0,7,3.4,12.239999999999998,23,900.0,0.0,1
164.0,1457.0,2,2.0,0.0,60,900.0,0.0,-1
-51.0,1726.5,-6,-1.5,2.85,40,900.0,0.0,-1
-2.0,1639.0,0,0.0,0.0,40,900.0,0.0,-1
119.0,1162.5,18,17.4,1.44,153,900.0,0.0,1
-14.0,1639.0,-2,-2.0,0.0,57,900.0,0.0,1
-107.0,1162.5,-35,-33.6,8.44,62,900.0,0.0,-1
11.0,1727.5,7,-1.6,10.44,67,900.0,0.0,1
129.0,1162.5,-4,-5.6,4.04,66,900.0,0.0,-1
341.0,1550.5,-21,-15.3,14.010000000000002,112,900.0,0.0,0
-144.0,1462.0,-2,-1.9,0.09,102,900.0,0.0,-1
-2.0,1639.0,10,9.9,0.09,109,900.0,0.0,1
-47.0,1956.5,-16,-9.6,23.04,98,900.0,5.0,-1
450.0,1913.0,5,2.3,2.81,55,900.0,0.0,1
-212.0,1628.0,10,9.6,0.43999999999999995,55,900.0,0.0,1
-24.0,1621.0,-3,-2.7,0.8099999999999999,22,900.0,0.0,-1
-90.0,1539.0,-1,-1.5,0.25,78,900.0,0.0,-1
65.0,1956.5,-10,-7.6,13.440000000000001,146,900.0,5.0,-1
-108.0,1677.0,20,20.0,0.0,109,900.0,0.0,1
209.0,1615.5,-4,-1.8,2.16,66,900.0,0.0,-1
1.0,1502.5,8,0.7,7.81,33,900.0,0.0,1
-17.0,1502.5,0,0.1,5.09,55,900.0,0.0,1
-126.0,1563.0,0,-0.3,0.20999999999999996,75,900.0,0.0,1
74.0,1665.0,-3,-1.6,8.639999999999999,112,900.0,0.0,-1
-113.0,2071.5,-4,-3.8,0.15999999999999998,101,900.0,0.0,1
449.0,1452.5,5,5.3,1.61,64,900.0,0.0,1
140.0,1559.0,-9,-8.3,0.21000000000000002,136,900.0,0.0,-1
-188.0,1587.0,2,4.4,0.8400000000000001,78,900.0,0.0,-1
-49.0,1983.5,-3,-2.1,1.8900000000000001,66,900.0,0.0,-1
101.0,2071.5,7,4.8,3.3600000000000003,99,900.0,0.0,1
-51.0,1956.5,-9,-2.6,4.640000000000001,104,900.0,5.0,-1
515.0,1879.5,6,3.3,1.01,53,900.0,0.0,1
37.0,1726.5,5,0.5,2.25,71,900.0,0.0,1
196.0,1595.0,-1,-1.1,0.09,77,900.0,0.0,1
-55.0,1726.5,6,1.5,2.25,157,900.0,0.0,1
-21.0,1628.5,1,0.7,0.21000000000000002,113,900.0,0.0,1
3.0,2014.5,-5,-4.0,2.0,100,900.0,0.0,-1
-513.0,1879.5,0,0.0,0.0,18,900.0,0.0,-1
138.0,1885.0,0,-0.9,0.09,73,600.0,10.0,1
-124.0,1680.0,14,11.6,13.440000000000001,159,900.0,0.0,1
13.0,2014.5,-4,-4.3,0.21000000000000002,88,900.0,0.0,-1
8.0,1758.0,1,0.9,0.09,68,900.0,0.0,-1
-83.0,1962.5,2,2.0,0.0,115,2700.0,45.0,1
-85.0,1650.5,-2,-1.5,0.25,82,900.0,0.0,-1
3.0,2014.5,-8,-7.9,0.09,60,900.0,0.0,-1
116.0,1815.0,5,5.0,0.0,170,900.0,0.0,0
114.0,1680.0,11,11.3,0.21000000000000002,73,900.0,0.0,1
-26.0,1758.0,-11,-3.9,12.69,63,900.0,0.0,1
105.0,1650.5,2,1.9,1.49,54,900.0,0.0,-1
10.0,1758.0,8,4.4,15.040000000000001,63,900.0,0.0,1
-19.0,2014.5,9,2.5,6.25,83,900.0,0.0,1
-91.0,1548.5,-15,-11.6,1.44,58,900.0,0.0,-1
-28.0,1758.0,7,1.8,3.1600000000000006,61,900.0,0.0,1
136.0,1576.0,5,5.0,0.0,67,900.0,0.0,1
-126.0,1576.0,-13,-9.4,14.64,58,900.0,0.0,-1
33.0,1604.5,11,8.3,0.8099999999999999,85,900.0,0.0,1
26.0,1765.0,10,5.2,3.56,83,900.0,0.0,1
188.0,1775.0,9,6.0,16.2,29,900.0,0.0,1
116.0,1576.0,4,4.0,0.0,117,900.0,0.0,1
-104.0,1576.0,1,1.0,0.0,40,900.0,0.0,-1
29.0,1999.5,-1,-1.5,0.65,124,900.0,0.0,-1
-25.0,1744.5,0,0.2,3.3600000000000003,62,900.0,0.0,-1
-32.0,1680.0,12,12.0,0.0,126,900.0,0.0,-1
43.0,1744.5,0,-0.6,8.64,128,900.0,0.0,-1
-11.0,1651.5,-2,-1.7,0.21000000000000002,74,2700.0,0.0,-1
313.0,1599.5,13,3.1,13.89,33,900.0,0.0,1
-139.0,1681.5,-2,-1.4,0.24,92,900.0,0.0,-1
-61.0,1744.5,-2,-3.2,0.96,43,900.0,0.0,1
31.0,1971.5,3,1.6,0.44000000000000006,89,900.0,0.0,1
16.0,1680.0,5,2.6,2.64,57,900.0,0.0,1
-17.0,1604.5,1,0.8,0.16,64,900.0,0.0,-1
48.0,1828.0,0,-0.2,0.96,23,900.0,0.0,1
-215.0,1708.5,2,2.5,2.25,77,900.0,0.0,1
190.0,1611.0,8,-0.1,7.290000000000001,101,900.0,0.0,1
207.0,1708.5,9,7.5,12.45,83,900.0,0.0,1
-49.0,1971.5,0,0.8,0.16,109,900.0,0.0,1
-102.0,1680.0,-13,-12.2,5.76,162,900.0,0.0,-1
-199.0,1708.5,-14,-6.8,5.76,96,900.0,0.0,-1
-177.0,1608.5,-8,-3.5,2.25,42,900.0,0.0,-1
191.0,1708.5,11,9.2,4.96,105,900.0,0.0,1
267.0,1765.5,4,0.6,6.239999999999999,29,900.0,0.0,1
119.0,1959.5,2,2.0,0.0,121,900.0,0.0,1
-183.0,1708.5,-9,-9.0,0.0,116,900.0,0.0,-1
-446.0,1912.0,-2,-1.2,5.5600000000000005,82,900.0,0.0,-1
175.0,1708.5,9,7.2,6.56,67,900.0,0.0,1
-267.0,1765.5,-16,-5.3,17.809999999999995,72,900.0,0.0,-1
60.0,2048.0,0,0.1,0.09,79,900.0,0.0,0
-626.0,2532.0,-5,-4.2,1.36,70,900.0,1.0,-1
-54.0,1818.0,1,0.5,0.25,60,900.0,0.0,-1
706.0,1546.0,1,0.5,1.65,45,900.0,0.0,1
-181.0,1537.5,-9,-1.2,7.56,48,900.0,0.0,-1
-83.0,1956.5,-8,-0.8,5.76,110,2700.0,45.0,-1
-705.0,1546.5,-11,-5.1,7.889999999999999,56,900.0,0.0,-1
229.0,1782.5,8,5.3,21.21,125,900.0,0.0,1
-46.0,2048.0,-4,-3.6,0.24,92,900.0,0.0,-1
74.0,1818.0,0,0.7,0.21000000000000002,66,900.0,0.0,-1
201.0,1820.5,0,0.0,0.0,145,300.0,30.0,-1
150.0,1817.0,1,1.1,4.090000000000001,117,900.0,0.0,1
105.0,1663.5,-4,-4.1,2.4899999999999998,46,900.0,0.0,-1
-52.0,1838.0,8,7.0,1.2,85,900.0,0.0,1
-8.0,2002.0,1,-0.5,6.25,72,900.0,0.0,-1
64.0,2048.0,-9,-4.6,2.2399999999999998,84,900.0,0.0,-1
60.0,1651.0,-3,-3.7,0.41,122,1200.0,0.0,-1
-43.0,1633.5,11,8.2,0.96,83,1800.0,0.0,1
-317.0,1941.5,-6,-1.5,2.25,86,900.0,0.0,-1
143.0,1558.5,5,5.5,2.25,65,900.0,0.0,1
8.0,2002.0,0,0.0,0.0,126,900.0,0.0,0
-137.0,1738.5,0,-4.5,2.25,89,900.0,0.0,1
38.0,1838.0,4,4.0,0.0,85,900.0,0.0,1
-127.0,1663.5,13,9.7,17.610000000000003,79,900.0,0.0,1
149.0,1663.5,-9,-6.2,0.96,62,900.0,0.0,-1
-164.0,2695.0,8,8.0,0.0,89,900.0,5.0,0
0.0,1720.0,-18,-18.0,0.0,166,5400.0,0.0,-1
-141.0,1917.5,-7,-6.7,4.41,84,900.0,0.0,-1
-128.0,1561.0,-1,0.4,1.8400000000000003,50,900.0,0.0,-1
60.0,2043.0,1,2.7,6.01,92,900.0,0.0,1
124.0,1915.0,3,5.5,6.25,113,900.0,0.0,1
162.0,1555.0,-5,-5.0,0.0,74,900.0,0.0,-1
-29.0,2140.5,1,0.8,0.96,128,900.0,0.0,1
259.0,2472.5,9,0.2,8.760000000000002,65,900.0,0.0,1
-147.0,1950.5,4,3.1,0.09,71,900.0,0.0,1
-273.0,1942.5,15,6.3,16.41,79,900.0,0.0,1
-281.0,2450.5,-10,-2.2,16.56,71,900.0,0.0,-1
-13.0,1492.5,4,2.6,0.44000000000000006,59,900.0,0.0,1
158.0,1773.0,-3,0.4,7.840000000000001,75,900.0,0.0,1
-35.0,2048.5,-3,-3.0,0.0,112,900.0,0.0,-1
362.0,2402.0,4,2.7,1.01,55,900.0,0.0,1
154.0,1507.0,1,1.0,0.0,37,900.0,0.0,1
247.0,1939.5,1,0.4,0.8400000000000001,15,900.0,0.0,1
-235.0,1572.5,-16,-11.5,2.25,110,900.0,0.0,-1
42.0,1916.0,0,0.0,0.0,112,3600.0,30.0,-1
301.0,1942.5,1,1.9,0.09,56,900.0,0.0,-1
-86.0,2188.0,8,2.3,6.609999999999999,57,900.0,0.0,1
-297.0,1942.5,-17,-16.0,3.0,80,900.0,0.0,-1
704.0,1547.0,3,0.6,3.2399999999999998,41,900.0,0.0,1
325.0,1942.5,-3,-0.6,3.2399999999999998,36,900.0,0.0,-1
-37.0,2135.5,3,4.6,3.6399999999999997,66,900.0,0.0,1
-321.0,1942.5,-2,-1.7,0.21000000000000002,50,900.0,0.0,-1
26.0,1795.0,6,1.2,3.96,45,900.0,0.0,1
-10.0,1795.0,-11,-2.5,8.85,50,900.0,0.0,-1
317.0,1942.5,10,11.5,1.45,81,900.0,0.0,1
80.0,1538.0,4,-0.5,3.05,63,900.0,0.0,1
-16.0,2047.0,4,4.0,0.0,76,900.0,0.0,-1
-69.0,1971.5,0,0.3,4.41,75,900.0,0.0,1
0.0,2047.0,1,1.8,0.16,151,900.0,0.0,1
-35.0,1645.5,-3,-3.8,8.16,65,900.0,0.0,-1
-80.0,1836.0,-3,-3.5,2.25,70,900.0,0.0,-1
402.0,2107.0,10,8.5,3.65,85,900.0,0.0,1
-703.0,1547.5,-15,-7.6,9.24,108,900.0,0.0,-1
127.0,1885.5,3,-1.6,2.4399999999999995,71,600.0,10.0,1
702.0,1548.0,25,16.5,29.85,55,900.0,0.0,1
-12.0,1878.0,-17,-14.4,3.84,54,900.0,0.0,-1
-142.0,1812.0,-1,-1.0,0.0,91,900.0,0.0,1
-31.0,1829.5,-5,-2.3,0.8099999999999999,58,900.0,0.0,-1
15.0,1829.5,4,4.0,0.0,39,900.0,0.0,1
1.0,1829.5,1,0.2,0.16000000000000003,40,900.0,0.0,-1
-27.0,2026.5,-2,-1.5,0.25,132,900.0,0.0,-1
125.0,1808.5,5,-4.4,12.84,53,900.0,0.0,1
-197.0,1969.5,0,-0.1,0.09,99,900.0,10.0,1
159.0,1955.5,0,-0.3,0.8100000000000002,27,900.0,0.0,1
-158.0,1646.0,0,0.0,0.0,181,900.0,0.0,1
-45.0,1870.5,8,4.9,7.090000000000001,53,900.0,0.0,1
24.0,2024.0,4,4.0,0.0,119,900.0,0.0,0
25.0,1734.5,-3,2.4,10.44,82,900.0,0.0,-1
226.0,1971.0,2,2.0,0.0,82,900.0,10.0,-1
148.0,1646.0,12,3.7,36.61,143,900.0,0.0,1
26.0,1873.0,-2,-1.1,3.4899999999999998,49,900.0,0.0,1
86.0,1971.0,-1,-0.4,2.24,63,900.0,0.0,0
-6.0,1817.0,1,0.9,0.6900000000000001,66,1800.0,30.0,-1
-217.0,1970.5,-4,-3.2,0.15999999999999998,96,900.0,10.0,-1
109.0,1701.5,-1,-0.6,0.24000000000000005,82,900.0,0.0,-1
-23.0,1625.5,1,1.0,0.0,167,900.0,0.0,1
-19.0,1812.5,3,2.7,0.21000000000000002,71,1800.0,30.0,1
266.0,1708.0,6,5.2,3.16,91,900.0,0.0,1
-62.0,1599.0,-23,-14.3,13.41,94,900.0,2.0,-1
182.0,1743.0,-2,-0.8,2.76,60,1800.0,30.0,-1
78.0,1677.0,7,6.5,2.25,71,900.0,0.0,1
-64.0,1677.0,-6,-6.0,0.0,34,900.0,0.0,-1
148.0,1693.0,3,7.5,20.25,70,900.0,0.0,1
-117.0,1683.5,-2,-2.0,0.0,148,900.0,0.0,-1
-323.0,1404.5,-7,0.0,5.6,82,900.0,2.0,-1
-6.0,1818.0,-5,-0.5,2.25,72,900.0,0.0,-1
190.0,1708.0,-7,-7.3,0.21000000000000002,80,900.0,0.0,-1
79.0,1790.5,0,0.0,0.0,150,1800.0,30.0,0
-261.0,1596.5,-5,-4.2,2.76,42,900.0,0.0,-1
12.0,1843.0,-1,-1.1,0.09,73,900.0,0.0,-1
793.0,2041.5,2,1.7,0.8100000000000002,37,900.0,0.0,1
-79.0,1611.5,-20,-17.6,13.440000000000001,98,900.0,2.0,-1
40.0,1803.0,2,-1.3,3.2099999999999995,71,1800.0,30.0,1
-281.0,1702.5,-9,-8.3,2.21,97,900.0,0.0,1
-298.0,1787.0,5,5.0,0.0,61,900.0,0.0,1
-793.0,2041.5,-5,-3.0,5.6,44,900.0,0.0,-1
276.0,1779.0,15,13.1,2.4899999999999998,125,900.0,0.0,1
-313.0,1942.5,-15,-14.7,0.21000000000000002,104,900.0,0.0,-1
275.0,1702.5,12,8.0,4.0,63,900.0,0.0,1
793.0,2041.5,-1,-0.5,0.85,33,900.0,0.0,1
-269.0,1702.5,-8,-8.0,0.0,138,900.0,0.0,-1
-30.0,1777.0,1,1.0,0.2,71,900.0,0.0,1
263.0,1702.5,9,7.3,2.0100000000000002,55,900.0,0.0,1
37.0,1838.5,13,7.2,19.96,51,900.0,0.0,1
-249.0,1768.5,-4,-1.6,1.8400000000000003,100,900.0,0.0,-1
-257.0,1702.5,-15,-5.5,11.65,68,900.0,0.0,-1
309.0,1942.5,9,5.4,1.44,141,900.0,0.0,1
251.0,1702.5,17,8.9,12.690000000000001,71,900.0,0.0,1
-245.0,1702.5,-14,-6.8,5.76,116,900.0,0.0,-1
146.0,1938.0,6,0.9,23.69,75,900.0,0.0,1
239.0,1702.5,7,3.5,5.25,83,900.0,0.0,1
84.0,1799.0,8,5.8,1.9600000000000002,74,900.0,0.0,1
653.0,2111.5,3,2.4,5.4399999999999995,59,900.0,0.0,1
-114.0,1952.0,-3,-3.3,0.21000000000000002,51,2700.0,45.0,1
-233.0,1702.5,-18,-9.1,16.29,56,900.0,0.0,-1
227.0,1702.5,13,8.5,2.25,79,900.0,0.0,1
177.0,1664.5,-5,-4.9,1.09,57,900.0,2.0,1
43.0,1820.5,0,0.0,0.0,29,1200.0,0.0,1
-219.0,1702.5,-9,-7.7,1.01,90,900.0,0.0,-1
211.0,1702.5,10,7.9,2.69,119,900.0,0.0,1
-305.0,1942.5,-4,-1.0,1.2,130,900.0,0.0,-1
52.0,1803.0,-9,-5.4,15.440000000000001,66,900.0,0.0,-1
-203.0,1702.5,-10,-9.4,1.44,60,900.0,0.0,-1
492.0,1870.0,6,5.5,6.65,53,900.0,0.0,1
229.0,1702.5,-5,-2.5,6.45,64,900.0,0.0,-1
-184.0,1735.0,-2,-1.1,1.29,54,1800.0,30.0,0
-221.0,1702.5,-16,-7.8,10.36,112,900.0,0.0,-1
213.0,1702.5,9,8.9,0.09,111,900.0,0.0,1
-38.0,1803.0,-10,-9.7,0.8099999999999999,154,900.0,0.0,-1
50.0,1783.0,-7,-3.4,2.6399999999999997,40,900.0,0.0,-1
141.0,1671.5,6,5.5,2.25,133,900.0,0.0,1
-54.0,1647.0,2,1.0,2.4,70,900.0,0.0,-1
-179.0,1656.5,0,0.6,2.24,156,900.0,2.0,0
-793.0,2041.5,-4,-3.9,0.09,64,900.0,0.0,-1
74.0,1671.0,-17,-11.4,13.440000000000001,120,900.0,0.0,-1
83.0,1710.5,11,8.9,7.290000000000001,71,900.0,0.0,1
171.0,1656.5,6,6.2,0.15999999999999998,53,900.0,2.0,1
111.0,1681.5,14,14.4,6.44,65,900.0,0.0,1
-60.0,1671.0,-2,-1.6,0.8400000000000001,50,900.0,0.0,-1
118.0,1797.0,22,16.4,13.440000000000001,129,900.0,0.0,1
-189.0,1723.5,-2,-1.9,0.09,68,900.0,0.0,-1
-106.0,2052.0,8,4.5,9.45,53,2700.0,45.0,1
8.0,1657.0,14,14.0,0.0,89,900.0,0.0,1
169.0,1745.5,-4,-3.5,0.25,102,900.0,0.0,-1
-56.0,2135.0,9,6.9,3.09,52,900.0,0.0,1
-178.0,1551.0,-4,-1.4,2.44,84,600.0,12.0,-1
8.0,1657.0,-21,-15.4,13.440000000000001,106,900.0,0.0,-1
58.0,2135.0,0,0.0,0.0,229,900.0,0.0,0
57.0,1757.5,-1,-1.2,0.16,23,900.0,0.0,-1
-43.0,1757.5,-3,-3.0,0.0,94,900.0,0.0,-1
68.0,1685.0,-14,-11.0,5.0,96,900.0,0.0,-1
186.0,1551.0,-9,-9.0,0.0,168,600.0,12.0,0
-210.0,1710.0,-12,-10.2,3.56,82,900.0,0.0,-1
7.0,1600.5,-5,-5.0,0.0,142,900.0,0.0,-1
103.0,1632.5,-7,-1.5,3.85,102,1200.0,0.0,-1
8.0,1874.0,4,3.2,0.15999999999999998,51,1200.0,0.0,1
-242.0,1775.0,-5,-2.7,8.809999999999999,62,900.0,0.0,-1
-25.0,1600.5,6,3.0,2.6,43,900.0,0.0,1
43.0,1600.5,-8,-6.6,5.4399999999999995,78,900.0,0.0,-1
-44.0,2135.0,-6,-3.6,6.840000000000001,72,900.0,0.0,-1
236.0,1775.0,6,1.5,2.25,67,900.0,0.0,1
-417.0,2205.5,0,0.0,0.0,19,900.0,0.0,1
-48.0,1688.0,0,-0.1,0.09,16,900.0,0.0,-1
-29.0,1600.5,-15,-8.4,19.44,160,900.0,0.0,-1
-120.0,1163.0,-29,-25.0,16.0,116,900.0,0.0,-1
-125.0,1632.5,9,7.6,3.2399999999999998,79,1200.0,0.0,1
222.0,2675.0,0,0.0,0.0,110,900.0,5.0,0
62.0,2135.0,-1,0.0,0.6,38,900.0,0.0,-1
404.0,2201.0,1,0.8,0.16,47,900.0,0.0,1
156.0,1747.0,0,-0.9,7.290000000000001,42,900.0,0.0,1
-226.0,1777.0,-9,-8.0,1.8,76,900.0,0.0,-1
218.0,1777.0,10,10.0,0.0,55,900.0,0.0,1
102.0,1627.0,-17,-13.0,16.0,150,900.0,0.0,-1
-81.0,2135.5,1,1.3,0.8100000000000002,93,900.0,0.0,1
-209.0,1777.5,-4,-3.2,0.15999999999999998,66,900.0,0.0,-1
-9.0,1665.5,-15,-7.8,5.76,168,900.0,0.0,-1
-27.0,1621.5,11,10.9,0.09,133,900.0,0.0,1
101.0,2135.5,0,0.6,0.43999999999999995,96,900.0,0.0,-1
-57.0,1595.5,6,3.5,8.25,125,900.0,0.0,1
-92.0,2490.0,-15,-14.2,5.76,150,900.0,0.0,-1
-123.0,2135.5,0,0.0,1.8,19,900.0,0.0,1
21.0,1589.5,24,21.5,14.65,115,900.0,2.0,1
-75.0,1591.5,4,5.2,2.7600000000000002,82,900.0,0.0,-1
-2064.0,1754.0,-15,-11.3,2.41,36,900.0,5.0,-1
77.0,1595.5,-3,-3.0,0.0,94,900.0,0.0,-1
113.0,2135.5,8,2.9,10.889999999999999,107,900.0,0.0,1
-148.0,1658.0,-18,-17.7,0.21000000000000002,94,900.0,2.0,-1
-63.0,1595.5,-9,-9.0,0.0,110,900.0,0.0,-1
237.0,1579.5,7,5.5,5.25,155,600.0,12.0,1
49.0,1595.5,12,5.5,20.45,77,900.0,0.0,1
154.0,1658.0,14,14.0,0.0,147,900.0,2.0,0
74.0,1645.0,8,4.9,15.09,121,900.0,0.0,1
165.0,2430.5,5,3.8,3.96,43,900.0,0.0,1
-459.0,2277.5,-1,0.2,0.96,44,900.0,0.0,-1
-94.0,1645.0,5,5.0,0.0,95,900.0,0.0,1
166.0,1912.0,6,6.0,0.0,109,2700.0,45.0,1
-147.0,1539.5,-8,-6.1,3.8899999999999997,54,600.0,12.0,-1
38.0,1746.0,-9,-0.9,7.290000000000001,70,900.0,0.0,-1
-58.0,1898.0,2,1.6,0.24,87,1200.0,0.0,1
-1.0,1787.5,-3,-2.9,0.09,76,900.0,0.0,-1
-122.0,1699.0,-8,-3.2,2.7600000000000002,62,900.0,0.0,-1
-101.0,2135.5,2,2.9,0.09,44,900.0,0.0,-1
266.0,1863.0,6,6.0,3.8,73,900.0,0.0,1
244.0,1591.0,-1,-1.1,0.09,63,600.0,12.0,1
-83.0,1660.5,10,10.0,0.0,173,900.0,0.0,1
123.0,2135.5,-3,-1.7,7.210000000000001,90,900.0,0.0,-1
-230.0,1588.0,-9,-5.1,3.29,58,600.0,12.0,-1
214.0,1584.0,4,4.0,0.0,119,600.0,12.0,1
30.0,1576.0,2,0.4,8.040000000000001,53,900.0,0.0,1
-74.0,1815.0,4,1.9,4.09,35,900.0,0.0,1
-4.0,1724.0,4,4.7,2.6100000000000003,65,900.0,0.0,1
131.0,1500.5,10,4.8,3.16,111,900.0,0.0,1
-113.0,2135.5,-2,1.4,1.44,90,900.0,0.0,-1
-167.0,1839.5,-15,-10.0,10.8,98,900.0,0.0,-1
-121.0,1500.5,-7,-6.3,0.21000000000000002,96,900.0,0.0,-1
135.0,2135.5,-2,-0.8,2.7600000000000002,47,900.0,0.0,-1
76.0,1682.0,9,1.4,8.639999999999999,69,900.0,0.0,1
-24.0,1767.0,-3,-3.1,0.09,87,900.0,0.0,0
200.0,1974.0,4,3.0,2.0,89,900.0,10.0,1
-1185.0,2248.5,-6,-5.9,0.09,52,1800.0,15.0,-1
-125.0,2135.5,-14,-8.5,33.25,186,900.0,0.0,-1
-143.0,1564.5,-7,-4.2,0.96,56,720.0,10.0,-1
-788.0,2050.0,2,0.8,7.5600000000000005,20,900.0,0.0,-1
-191.0,1973.5,-2,-2.0,0.0,88,900.0,10.0,-1
32.0,1679.0,2,2.6,8.040000000000001,77,900.0,0.0,1
147.0,2135.5,-5,-4.7,0.21000000000000002,62,900.0,0.0,-1
-3.0,1637.5,12,5.6,4.640000000000001,105,900.0,0.0,1
158.0,1839.0,15,11.0,23.2,61,900.0,0.0,1
109.0,1500.5,1,1.0,0.0,111,900.0,0.0,1
181.0,1972.5,9,1.5,7.05,15,900.0,10.0,1
-171.0,1971.5,-8,-8.0,0.0,70,900.0,10.0,-1
-183.0,1756.5,-9,-4.6,19.240000000000002,26,900.0,0.0,-1
289.0,1594.5,12,8.6,17.44,114,900.0,0.0,0
43.0,1609.5,6,6.2,0.15999999999999998,65,900.0,2.0,1
102.0,1534.0,4,4.4,0.24,89,600.0,12.0,1
-63.0,1610.5,11,2.5,8.85,27,900.0,2.0,1
159.0,1970.5,9,1.5,7.05,15,900.0,10.0,1
48.0,1610.0,12,11.3,0.21000000000000002,113,900.0,2.0,1
-45.0,1665.5,3,4.1,2.49,70,900.0,0.0,-1
-158.0,1518.0,9,7.5,6.45,107,900.0,0.0,1
-32.0,1609.0,0,0.9,0.09,34,900.0,2.0,-1
8.0,1716.0,-14,-8.4,13.440000000000001,110,900.0,0.0,-1
-104.0,1541.0,-8,-3.1,16.090000000000003,118,600.0,12.0,-1
34.0,1609.0,9,4.9,2.0900000000000003,73,900.0,2.0,0
-63.0,2023.5,-2,3.2,3.16,88,900.0,0.0,-1
122.0,1694.0,3,2.0,0.2,59,900.0,0.0,1
-147.0,1969.5,-13,-10.9,18.490000000000002,108,900.0,0.0,-1
-23.0,1740.5,-14,-12.3,3.21,68,900.0,0.0,-1
49.0,2023.5,3,3.6,0.24,65,900.0,0.0,1
7.0,1740.5,11,4.1,20.29,59,900.0,0.0,1
30.0,1666.0,6,5.5,2.25,119,900.0,0.0,1
-35.0,2023.5,-2,-2.0,0.0,73,900.0,0.0,-1
171.0,1969.5,-6,-4.1,1.89,70,900.0,0.0,-1
19.0,1761.5,4,4.0,0.0,119,900.0,0.0,1
-48.0,1666.0,0,0.2,0.96,49,900.0,0.0,1
-116.0,1886.0,-1,1.5,3.85,48,600.0,10.0,-1
-21.0,1667.5,23,22.2,5.76,69,900.0,0.0,1
550.0,1828.0,25,20.9,7.49,61,900.0,0.0,1
-2.0,1746.0,-17,-17.0,0.0,118,900.0,0.0,-1
19.0,2023.5,3,0.3,0.8100000000000002,21,900.0,0.0,1
35.0,1670.5,5,5.0,0.0,101,2700.0,0.0,1
140.0,1885.0,-7,-4.0,11.4,40,900.0,15.0,-1
-356.0,1697.0,-8,-4.3,8.610000000000003,58,900.0,7.0,-1
-73.0,1786.5,7,7.1,0.09,89,900.0,0.0,1
-18.0,1986.0,0,-0.9,7.290000000000001,70,2700.0,45.0,0
122.0,1948.0,5,3.8,0.96,63,900.0,0.0,1
-3.0,1761.5,-7,-2.4,9.84,98,900.0,0.0,-1
-110.0,1948.0,-5,-3.6,0.44000000000000006,86,900.0,0.0,-1
-165.0,1883.5,5,5.4,4.84,37,600.0,10.0,1
98.0,1948.0,5,3.8,0.96,63,900.0,0.0,1
-86.0,1948.0,-4,-3.6,0.44000000000000006,94,900.0,0.0,-1
74.0,1948.0,4,3.7,0.8099999999999999,63,900.0,0.0,1
-60.0,1948.0,-4,-3.5,0.25,100,900.0,0.0,-1
92.0,1605.0,27,21.0,16.8,67,900.0,0.0,1
46.0,1948.0,5,1.6,6.639999999999999,67,900.0,0.0,1
-64.0,1948.0,5,1.1,2.29,41,900.0,0.0,1
51.0,1782.5,5,4.9,0.09,85,900.0,0.0,1
84.0,1948.0,-9,-7.4,8.44,154,900.0,0.0,-1
-60.0,1699.0,15,14.2,0.76,97,900.0,0.0,1
-72.0,1948.0,-4,-3.4,0.44000000000000006,90,900.0,0.0,-1
58.0,1948.0,4,3.7,0.8099999999999999,63,900.0,0.0,1
-44.0,1948.0,-4,-3.9,0.09,94,900.0,0.0,-1
32.0,1806.0,9,4.9,2.0900000000000003,67,900.0,0.0,1
30.0,1948.0,4,3.7,0.21000000000000002,71,900.0,0.0,1
19.0,1761.5,-1,-0.7,0.8100000000000002,54,900.0,0.0,-1
-24.0,1467.0,-6,-4.1,0.49000000000000005,108,900.0,0.0,-1
-48.0,1948.0,3,2.1,0.09,93,900.0,0.0,1
46.0,1699.0,19,19.0,0.0,79,900.0,0.0,1
66.0,1948.0,2,1.5,0.85,78,900.0,0.0,-1
70.0,2029.0,-10,-6.1,7.890000000000001,58,900.0,0.0,-1
-54.0,1718.0,-3,-0.3,0.8100000000000002,22,900.0,0.0,-1
69.0,1811.5,5,0.6,2.24,85,900.0,0.0,1
-52.0,1948.0,-3,-2.9,0.09,92,900.0,0.0,-1
-50.0,1806.0,7,6.2,5.76,99,900.0,0.0,1
72.0,1948.0,0,0.0,0.0,86,900.0,0.0,-1
-10.0,1748.0,11,5.2,9.760000000000002,101,900.0,0.0,1
133.0,1689.5,0,0.0,0.0,74,900.0,0.0,-1
-54.0,1811.0,-2,-0.1,0.49000000000000005,44,900.0,0.0,-1
-58.0,1948.0,-3,-2.9,0.09,92,900.0,0.0,-1
-52.0,1901.0,5,0.2,2.76,63,900.0,5.0,1
78.0,1948.0,-1,-1.0,0.0,84,900.0,0.0,-1
39.0,1810.5,6,0.3,4.41,31,900.0,0.0,1
-59.0,1811.5,6,7.7,0.8099999999999999,55,900.0,0.0,1
9.0,1663.5,9,5.6,18.84,69,900.0,0.0,1
43.0,1810.5,1,-0.2,1.7599999999999998,89,900.0,0.0,1
-82.0,1948.0,0,0.0,0.0,115,900.0,0.0,0
119.0,1811.5,0,1.1,1.49,55,900.0,0.0,1
86.0,1948.0,0,-0.1,2.09,107,900.0,0.0,0
315.0,1940.5,3,3.3,0.8099999999999999,55,900.0,0.0,1
-64.0,1812.0,10,2.8,5.76,85,900.0,0.0,1
114.0,1542.0,5,0.6,6.24,53,900.0,0.0,1
59.0,1810.5,-10,-7.2,8.360000000000001,104,900.0,0.0,-1
-140.0,1812.0,-4,-4.0,0.0,71,900.0,0.0,1
391.0,1652.5,6,4.1,7.290000000000001,79,900.0,0.0,1
-74.0,1948.0,-2,-2.0,0.0,98,900.0,0.0,-1
47.0,1951.5,1,1.0,0.0,125,900.0,5.0,1
87.0,1813.5,-6,-6.6,6.24,66,900.0,0.0,-1
280.0,1698.0,6,5.2,3.16,91,900.0,0.0,1
94.0,1948.0,-5,-2.3,0.8099999999999999,88,900.0,0.0,-1
32.0,1763.0,2,2.6,0.24,58,900.0,0.0,-1
-82.0,1589.0,4,4.1,0.09,139,900.0,0.0,1
-82.0,1948.0,-7,-1.2,4.96,126,900.0,0.0,-1
-387.0,1652.5,-4,-2.2,1.56,58,900.0,0.0,-1
43.0,1700.5,-2,-2.0,0.0,44,1200.0,0.0,-1
102.0,1948.0,-1,-1.5,0.25,84,900.0,0.0,-1
174.0,1672.0,-6,-2.7,7.01,98,900.0,0.0,-1
-45.0,1810.5,-3,-0.7,8.41,86,900.0,0.0,-1
-79.0,1676.5,-7,-4.2,0.96,28,900.0,0.0,-1
-90.0,1948.0,-4,-4.0,0.0,100,900.0,0.0,-1
-65.0,1951.5,10,7.8,11.360000000000001,115,900.0,5.0,1
78.0,1948.0,7,1.9,3.69,63,900.0,0.0,1
613.0,2537.5,2,0.9,3.29,61,900.0,1.0,1
200.0,2121.0,-11,-4.4,11.040000000000001,75,900.0,0.0,-1
-33.0,1635.5,-4,-3.2,0.76,140,900.0,0.0,-1
-119.0,1625.5,-12,-4.2,7.56,36,900.0,0.0,-1
-41.0,1651.5,0,-0.5,2.25,80,1200.0,0.0,-1
-1.0,1867.5,5,2.5,1.65,96,900.0,7.0,1
-399.0,2188.5,-1,-1.0,0.0,89,900.0,5.0,0
-140.0,1961.0,0,1.1,2.4899999999999998,120,900.0,0.0,-1
355.0,2054.5,11,2.9,7.289999999999999,93,1980.0,33.0,1
17.0,1758.5,-3,-3.0,1.6,84,900.0,0.0,-1
195.0,1731.5,-1,5.3,17.009999999999998,69,900.0,0.0,1
44.0,2010.0,-1,-0.2,5.16,109,900.0,0.0,0
711.0,1553.5,11,7.6,2.44,77,900.0,0.0,1
-192.0,2121.0,-4,-4.0,0.0,128,900.0,0.0,-1
-152.0,1635.0,-7,-6.7,2.0100000000000002,80,900.0,0.0,-1
131.0,1961.5,1,0.8,0.16,57,900.0,0.0,1
5.0,1695.5,0,-0.4,2.24,57,900.0,0.0,1
71.0,1840.5,0,0.0,0.0,15,900.0,15.0,1
-119.0,1976.5,-4,-2.8,0.96,58,900.0,0.0,-1
4.0,1819.0,4,3.2,0.76,103,900.0,0.0,1
-485.0,2144.5,-8,-7.9,0.09,108,900.0,0.0,-1
85.0,1827.5,3,2.5,2.25,89,900.0,0.0,1
-147.0,1830.5,-1,-1.3,0.8100000000000002,34,900.0,0.0,-1
74.0,1591.0,-1,-1.0,0.0,61,900.0,0.0,1
37.0,2072.5,1,-0.8,7.56,59,900.0,0.0,1
216.0,2121.0,-6,-3.3,4.01,70,900.0,0.0,-1
-24.0,1788.0,4,2.6,6.639999999999999,99,900.0,0.0,1
-11.0,1556.5,1,0.5,0.25,33,900.0,0.0,1
-179.0,1970.5,-3,-2.2,0.36,56,900.0,0.0,-1
42.0,1788.0,-9,-9.5,2.25,70,900.0,0.0,-1
154.0,1884.0,0,0.0,0.0,31,600.0,10.0,1
305.0,1948.5,7,6.3,0.21000000000000002,67,900.0,0.0,1
-60.0,1788.0,11,7.8,3.96,93,900.0,0.0,1
29.0,1689.5,17,13.0,16.0,109,900.0,0.0,1
80.0,1788.0,-2,-2.8,1.56,116,900.0,0.0,-1
17.0,1635.5,0,0.0,0.6,49,900.0,0.0,1
217.0,1900.5,20,18.5,6.45,133,900.0,0.0,1
-18.0,1767.0,-2,-2.0,0.0,114,900.0,0.0,-1
-91.0,1536.5,-1,-0.7,0.21000000000000002,96,900.0,0.0,-1
-100.0,1788.0,12,7.4,2.44,133,900.0,0.0,1
-209.0,1900.5,-13,-11.2,11.36,82,900.0,0.0,-1
76.0,1535.0,5,1.2,8.56,24,900.0,0.0,1
240.0,1531.0,0,5.2,3.16,70,1200.0,10.0,-1
104.0,1504.0,1,0.6,2.4399999999999995,41,900.0,0.0,1
-113.0,1689.5,-6,-3.3,0.8099999999999999,88,900.0,0.0,-1
48.0,1769.0,1,0.8,0.16,95,900.0,0.0,1
-405.0,1897.5,-6,-6.0,0.0,93,900.0,0.0,-1
217.0,1900.5,2,1.9,0.09,91,900.0,0.0,0
-12.0,1819.0,0,-1.0,2.0,63,900.0,0.0,1
-33.0,1768.5,-2,-1.1,0.09,40,900.0,0.0,-1
178.0,1649.0,12,4.3,8.81,157,900.0,0.0,1
-227.0,1900.5,-5,-5.0,0.0,274,900.0,0.0,0
259.0,1692.5,12,1.9,14.089999999999998,163,900.0,0.0,1
-311.0,1655.5,-3,-0.6,3.84,50,900.0,0.0,-1
-96.0,1639.0,-2,-2.0,0.0,106,900.0,0.0,-1
-119.0,2164.5,-10,-7.5,11.05,190,900.0,0.0,-1
-253.0,1692.5,-6,-6.0,0.0,128,900.0,0.0,-1
-12.0,1425.0,-10,-10.2,2.16,96,900.0,0.0,-1
-63.0,1790.5,-3,-3.1,4.890000000000001,100,900.0,0.0,-1
247.0,1692.5,13,5.8,5.76,135,900.0,0.0,1
-241.0,1692.5,-11,-10.9,0.09,114,900.0,0.0,-1
30.0,1425.0,-9,-0.9,7.290000000000001,16,900.0,0.0,-1
235.0,1692.5,13,6.4,5.04,139,900.0,0.0,1
119.0,1638.5,-9,-0.9,7.290000000000001,36,900.0,0.0,-1
219.0,1900.5,5,9.0,4.6,81,900.0,0.0,1
-229.0,1692.5,-13,-9.7,6.81,80,900.0,0.0,-1
222.0,1693.0,10,7.2,10.36,101,900.0,0.0,1
-214.0,1693.0,-12,-7.9,11.09,52,900.0,0.0,-1
66.0,1776.0,-1,-0.9,0.09,66,900.0,0.0,-1
-124.0,1519.0,-3,-1.9,7.090000000000001,96,900.0,0.0,-1
-211.0,1900.5,-6,-5.8,0.15999999999999998,82,900.0,0.0,-1
-114.0,2068.0,-1,-1.0,0.0,97,900.0,0.0,0
-6.0,1570.0,-24,-17.9,16.089999999999996,96,900.0,0.0,-1
203.0,1900.5,17,16.3,0.21000000000000002,77,900.0,0.0,1
104.0,1515.0,2,1.9,0.09,83,900.0,0.0,1
102.0,2068.0,2,1.9,0.09,61,900.0,0.0,1
-195.0,1900.5,-6,-5.9,0.09,84,900.0,0.0,-1
-144.0,2050.0,0,0.0,0.0,103,900.0,0.0,0
187.0,1900.5,9,8.3,0.21000000000000002,129,900.0,0.0,1
103.0,1685.5,8,0.5,6.45,75,900.0,0.0,1
224.0,2109.0,12,4.8,5.76,149,900.0,0.0,1
-92.0,1515.0,-15,-10.2,3.3600000000000003,88,900.0,0.0,-1
113.0,1856.5,-5,-3.1,2.09,54,900.0,0.0,-1
-277.0,1963.5,-5,-4.4,0.44000000000000006,48,900.0,0.0,-1
271.0,1963.5,4,1.6,0.8400000000000001,93,900.0,0.0,1
-59.0,1683.5,12,12.0,0.0,111,900.0,0.0,1
159.0,1912.5,8,5.3,0.8099999999999999,91,900.0,0.0,1
174.0,1926.0,1,1.0,0.0,169,900.0,0.0,1
-669.0,1578.5,0,0.6,1.44,25,900.0,0.0,-1
-148.0,1934.0,-4,-2.4,8.440000000000001,72,900.0,0.0,-1
-299.0,1712.5,-10,-9.1,0.09,114,900.0,0.0,-1
116.0,1944.0,1,1.0,0.0,65,900.0,0.0,1
293.0,1712.5,12,7.0,11.2,89,900.0,0.0,1
-241.0,1751.5,3,2.0,0.6,51,900.0,0.0,1
-77.0,1957.5,-5,-4.7,0.21000000000000002,78,900.0,0.0,-1
235.0,1751.5,7,5.5,2.05,51,900.0,0.0,1
97.0,1957.5,-2,0.2,7.56,50,900.0,0.0,-1
-119.0,1957.5,4,4.3,3.41,45,900.0,0.0,1
705.0,1551.5,6,5.9,0.09,61,900.0,0.0,1
219.0,1897.5,4,1.3,6.21,54,2700.0,45.0,-1
-704.0,1552.0,-9,-5.1,12.29,48,900.0,0.0,-1
-229.0,1751.5,-6,-5.8,0.76,100,900.0,0.0,-1
703.0,1552.5,23,13.8,11.559999999999999,63,900.0,0.0,1
296.0,1716.0,8,7.9,0.09,107,900.0,0.0,1
-290.0,1716.0,-8,-8.0,0.0,134,900.0,0.0,-1
-702.0,1553.0,-4,-3.0,0.2,38,900.0,0.0,-1
284.0,1716.0,8,8.0,0.0,139,900.0,0.0,1
-278.0,1716.0,-7,-7.0,0.0,150,900.0,0.0,-1
-103.0,1678.5,-1,0.2,0.56,107,900.0,0.0,1
272.0,1716.0,11,9.0,8.2,115,900.0,0.0,1
-282.0,1716.0,-3,3.5,10.65,168,900.0,0.0,0
303.0,1256.5,25,23.4,8.04,45,900.0,0.0,1
-299.0,1256.5,-7,-0.9,8.889999999999999,64,900.0,0.0,-1
276.0,1716.0,7,6.7,0.21000000000000002,101,900.0,0.0,1
-142.0,1654.0,0,-0.1,0.09,48,900.0,0.0,-1
-659.0,1574.5,-4,-3.1,0.6900000000000001,36,900.0,0.0,-1
701.0,1553.5,11,1.5,12.45,45,900.0,0.0,1
123.0,1803.5,-7,-2.1,10.89,59,900.0,0.0,1
-237.0,1732.5,2,0.3,3.8099999999999996,55,900.0,0.0,1
-302.0,1745.0,0,0.1,1.89,46,900.0,0.0,-1
-12.0,1740.0,-3,0.3,5.01,55,900.0,0.0,1
-24.0,1694.0,-14,-11.4,3.04,46,900.0,0.0,-1
346.0,2056.0,4,2.7,5.41,66,1980.0,33.0,1
166.0,1576.0,9,6.8,2.56,73,600.0,12.0,1
419.0,1777.5,9,6.9,7.6899999999999995,67,900.0,0.0,1
-340.0,1422.0,-6,-4.1,0.89,84,900.0,2.0,-1
262.0,1717.0,6,5.2,3.16,91,900.0,0.0,1
-256.0,1717.0,-7,-7.0,0.0,136,900.0,0.0,-1
-80.0,1688.0,-18,-15.6,13.440000000000001,98,900.0,0.0,-1
-190.0,1576.0,-1,-2.0,1.6,59,600.0,12.0,1
-160.0,1184.0,-19,-19.2,0.16,98,900.0,0.0,0
182.0,1576.0,6,5.3,0.21000000000000002,67,600.0,12.0,1
-174.0,1576.0,-2,-2.0,0.0,140,600.0,12.0,-1
151.0,1669.5,13,5.8,5.76,125,900.0,0.0,1
8.0,1694.0,-2,-0.3,0.8099999999999999,43,900.0,0.0,1
285.0,1737.5,20,17.6,13.440000000000001,133,900.0,2.0,1
-26.0,1694.0,12,11.6,0.43999999999999995,119,900.0,0.0,1
58.0,1509.0,-1,0.0,0.2,52,600.0,12.0,-1
-89.0,1514.5,1,-1.7,0.8100000000000002,77,600.0,12.0,1
68.0,1511.0,1,1.4,0.24,47,600.0,12.0,1
-195.0,1562.5,3,3.6,4.4399999999999995,63,600.0,12.0,1
219.0,1562.5,-5,-5.0,0.0,162,600.0,12.0,-1
-29.0,1874.5,1,0.9,0.09,105,1200.0,0.0,1
378.0,1847.0,0,0.5,0.25,64,900.0,0.0,-1
-150.0,1517.0,3,2.5,2.45,47,600.0,12.0,1
287.0,1588.5,12,3.9,7.289999999999999,141,600.0,12.0,1
42.0,1713.0,0,0.3,0.20999999999999996,68,900.0,0.0,-1
83.0,1728.5,16,16.0,0.0,105,900.0,0.0,1
-80.0,1491.0,-6,0.2,4.96,26,600.0,12.0,-1
-244.0,1470.0,11,11.7,0.21000000000000002,103,300.0,15.0,1
-28.0,1713.0,1,0.5,0.25,30,900.0,0.0,-1
-62.0,1592.0,9,7.3,16.21,55,900.0,0.0,1
21.0,1744.5,-18,-17.1,7.290000000000001,116,900.0,0.0,-1
-130.0,1521.0,-13,-8.5,6.85,60,600.0,12.0,-1
-266.0,1731.0,-4,-1.9,2.49,48,900.0,2.0,-1
203.0,1545.5,1,0.6,0.24000000000000005,68,600.0,12.0,-1
-46.0,1741.0,8,6.8,0.36,95,1200.0,5.0,1
-192.0,1544.0,-5,-4.5,2.25,90,600.0,12.0,-1
184.0,1708.0,4,2.7,7.409999999999999,100,900.0,0.0,-1
14.0,1749.0,2,-1.7,7.409999999999999,143,900.0,0.0,1
-6.0,1605.0,-16,-8.8,18.36,92,900.0,0.0,-1
202.0,1553.0,0,0.6,0.24000000000000005,109,600.0,12.0,1
113.0,1556.5,-12,-7.1,18.89,38,900.0,0.0,-1
-135.0,1556.5,10,8.6,0.44000000000000006,81,900.0,0.0,1
-47.0,1874.5,4,3.9,0.09,109,1200.0,0.0,1
-194.0,1553.0,-4,-1.9,1.89,92,600.0,12.0,-1
2.0,1749.0,1,1.0,0.0,110,900.0,0.0,-1
-700.0,1554.0,-11,-8.1,2.4899999999999998,62,900.0,0.0,-1
-325.0,2062.5,-4,-1.1,3.8899999999999997,46,1980.0,33.0,-1
72.0,1624.0,-15,-13.9,2.29,96,1200.0,5.0,-1
14.0,1749.0,-8,-6.3,1.01,84,900.0,0.0,-1
-829.0,1909.5,5,2.0,3.2,80,900.0,0.0,1
89.0,1914.5,5,4.4,2.2399999999999998,95,900.0,0.0,1
2.0,1749.0,-5,-4.0,1.0,116,900.0,0.0,-1
-367.0,1837.5,12,3.3,9.209999999999997,139,2700.0,45.0,1
111.0,1998.5,0,0.0,0.0,39,900.0,0.0,1
-69.0,1875.5,8,8.0,0.0,77,1200.0,0.0,1
-92.0,1624.0,15,12.0,1.2,97,1200.0,5.0,1
-99.0,1998.5,2,2.0,0.0,138,900.0,0.0,-1
699.0,1554.5,1,0.5,2.25,99,900.0,0.0,1
14.0,1749.0,-5,-5.0,0.0,140,900.0,0.0,-1
-75.0,1451.5,-8,-7.4,5.040000000000001,32,900.0,0.0,-1
42.0,2336.0,-4,-4.1,0.09,104,900.0,0.0,-1
252.0,1738.0,4,4.0,2.0,59,1200.0,0.0,1
376.0,1482.0,1,0.0,7.2,51,300.0,15.0,1
-252.0,1738.0,-10,-4.0,19.2,38,1200.0,0.0,-1
-73.0,1875.5,7,7.0,0.0,52,1200.0,0.0,0
40.0,1589.0,-2,1.0,2.6,72,1200.0,5.0,-1
252.0,1738.0,6,4.8,1.7600000000000002,59,1200.0,0.0,1
-72.0,2006.0,0,-0.8,0.16,128,900.0,0.0,-1
-32.0,1749.0,9,4.7,2.21,65,900.0,0.0,1
-252.0,1738.0,-1,-3.2,13.959999999999999,48,1200.0,0.0,-1
-59.0,1875.5,-8,-8.0,0.0,108,1200.0,0.0,-1
-46.0,1702.0,-5,-4.7,8.609999999999998,94,1200.0,0.0,-1
-10.0,1762.0,7,-0.7,7.410000000000001,55,900.0,0.0,1
-411.0,2024.5,0,-0.5,2.25,59,900.0,0.0,-1
-348.0,1438.0,-4,-1.6,1.44,30,1200.0,0.0,-1
-237.0,1518.5,9,8.9,0.09,83,900.0,0.0,1
217.0,1735.5,5,5.0,0.0,137,900.0,0.0,1
348.0,1438.0,8,3.8,2.1599999999999997,41,1200.0,0.0,1
230.0,1519.0,7,3.0,9.8,47,900.0,0.0,1
-24.0,1737.0,-18,-10.8,5.76,118,1200.0,5.0,-1
406.0,2111.0,19,9.4,23.04,149,900.0,0.0,1
-97.0,1604.5,0,0.0,0.0,67,900.0,0.0,1
-348.0,1438.0,-5,-3.7,2.6100000000000003,66,1200.0,0.0,-1
-61.0,1875.5,0,-0.4,0.24000000000000005,128,1200.0,0.0,0
-223.0,2106.5,-13,-5.1,10.69,90,900.0,0.0,-1
117.0,1661.5,15,3.7,29.01,61,900.0,2.0,1
46.0,1684.0,-4,-4.5,3.65,112,900.0,0.0,-1
-139.0,1661.5,9,0.8,7.56,37,900.0,2.0,1
-186.0,1586.0,5,-0.2,5.36,41,900.0,10.0,-1
-32.0,1684.0,-8,-7.1,0.09,60,900.0,0.0,-1
23.0,1709.5,-5,-4.5,0.25,84,900.0,0.0,-1
-409.0,1428.5,-4,-4.6,0.64,70,900.0,0.0,-1
407.0,1428.5,8,6.8,4.5600000000000005,53,900.0,0.0,1
-47.0,1875.5,-2,-0.7,1.01,42,1200.0,0.0,-1
148.0,1548.0,3,3.8,0.15999999999999998,157,900.0,0.0,1
-405.0,1428.5,-13,-4.2,17.360000000000003,38,900.0,0.0,-1
215.0,2106.5,-2,-1.3,1.4099999999999997,59,900.0,0.0,1
180.0,1827.0,21,15.4,13.440000000000001,131,900.0,0.0,1
77.0,1696.5,-6,-4.8,0.36,126,1200.0,5.0,-1
-7.0,1709.5,-15,-16.1,7.6899999999999995,96,900.0,0.0,-1
-67.0,1875.5,-1,-0.7,0.8100000000000002,61,1200.0,0.0,1
134.0,1772.0,0,-0.6,0.24000000000000005,19,900.0,0.0,1
9.0,1859.5,2,-0.2,2.5599999999999996,34,900.0,5.0,-1
-147.0,1552.5,-4,-4.5,2.25,106,900.0,0.0,-1
-163.0,1823.5,-1,-1.0,0.0,84,900.0,0.0,-1
-21.0,1860.5,-14,-6.6,26.440000000000005,62,1200.0,0.0,-1
-529.0,1833.5,-15,-14.5,0.25,50,900.0,0.0,-1
-161.0,1826.5,-3,-0.6,3.44,89,900.0,0.0,1
527.0,1833.5,7,4.0,2.0,39,900.0,0.0,1
20.0,1495.0,1,1.0,0.0,66,900.0,0.0,-1
-7.0,1626.5,12,8.6,6.840000000000001,123,900.0,0.0,1
-104.0,1908.0,-11,-10.6,0.43999999999999995,98,1200.0,0.0,-1
-4.0,1495.0,-2,2.2,2.5599999999999996,48,900.0,0.0,-1
4.0,1495.0,-9,-9.0,0.0,98,900.0,0.0,0
134.0,1679.0,-9,-9.0,0.0,120,1200.0,5.0,-1
397.0,1425.5,11,0.6,20.04,57,900.0,0.0,1
111.0,1165.5,27,27.0,0.0,83,900.0,0.0,1
42.0,1557.0,13,10.4,3.04,81,1800.0,0.0,1
12.0,1495.0,-1,0.6,0.44000000000000006,20,900.0,0.0,-1
70.0,1448.0,7,5.4,0.43999999999999995,69,900.0,0.0,1
151.0,1565.5,-9,-8.3,2.41,64,900.0,0.0,-1
31.0,1659.5,-2,-1.1,0.09,56,900.0,0.0,-1
-34.0,1616.0,4,4.6,1.64,89,900.0,0.0,1
18.0,1616.0,2,2.1,0.09,57,900.0,0.0,1
-36.0,1616.0,9,6.9,1.89,173,900.0,0.0,1
177.0,1834.5,19,19.0,0.0,121,900.0,0.0,1
-141.0,1565.5,2,-0.7,0.8100000000000002,45,900.0,0.0,-1
20.0,1616.0,11,4.0,11.0,81,900.0,0.0,1
151.0,1563.5,0,-0.1,0.09,75,900.0,0.0,1
403.0,1423.5,10,8.2,7.5600000000000005,69,900.0,0.0,1
120.0,1811.0,8,2.0,16.2,75,900.0,0.0,1
-401.0,1423.5,-6,-1.5,2.25,46,900.0,0.0,-1
170.0,1807.0,5,0.1,3.0900000000000007,73,900.0,0.0,1
398.0,1423.0,4,3.1,0.09,31,900.0,0.0,1
-148.0,1574.0,0,-0.6,0.24000000000000005,44,2700.0,0.0,-1
-34.0,1614.0,0,0.0,0.0,43,900.0,0.0,1
293.0,2245.5,1,1.0,0.0,183,900.0,0.0,0
18.0,1614.0,13,9.6,6.840000000000001,183,900.0,0.0,1
61.0,1450.5,1,0.6,0.43999999999999995,23,900.0,0.0,1
-36.0,1614.0,-1,-1.0,0.0,117,900.0,0.0,1
52.0,1641.0,-4,-3.9,0.09,82,900.0,0.0,-1
-58.0,1669.0,-13,-4.7,8.810000000000002,66,900.0,0.0,-1
-47.0,1450.5,-8,-4.0,4.0,70,900.0,0.0,-1
-169.0,1834.5,1,0.3,0.20999999999999996,70,900.0,0.0,-1
-151.0,1815.5,2,2.0,0.0,71,900.0,0.0,1
22.0,1614.0,7,7.1,0.09,129,900.0,0.0,1
78.0,1669.0,2,1.6,10.44,60,900.0,0.0,-1
67.0,1450.5,-6,0.0,7.4,78,900.0,0.0,-1
-52.0,1451.0,-4,-3.5,2.25,90,900.0,0.0,-1
-170.0,1529.0,-2,-2.0,0.0,84,900.0,0.0,-1
54.0,1742.0,2,2.9,2.4899999999999998,41,900.0,0.0,1
269.0,1510.5,21,20.3,2.0100000000000002,66,2700.0,0.0,1
159.0,1834.5,4,3.5,0.25,91,900.0,0.0,1
22.0,1697.0,1,1.0,0.0,83,900.0,0.0,1
111.0,2418.5,12,3.9,7.289999999999999,73,900.0,0.0,1
-2.0,1660.0,-2,1.2,2.7600000000000007,83,1200.0,10.0,1
-187.0,1541.5,-3,-2.7,0.8099999999999999,40,900.0,0.0,-1
179.0,1541.5,12,9.4,2.2399999999999998,59,900.0,0.0,1
58.0,1873.0,0,-0.1,0.09,35,1200.0,30.0,1
391.0,1828.5,10,9.2,1.3599999999999999,61,900.0,0.0,1
-306.0,2073.0,-5,-3.2,0.5599999999999999,50,900.0,0.0,-1
130.0,1972.0,3,2.1,7.289999999999999,108,900.0,0.0,1
22.0,1619.0,1,1.0,0.0,92,900.0,0.0,0
38.0,1718.0,-5,-1.6,3.6399999999999997,67,900.0,0.0,-1
1.0,1622.5,-10,-2.8,5.96,38,900.0,0.0,-1
-26.0,1626.0,8,5.2,0.96,59,900.0,0.0,1
436.0,1625.0,5,3.5,1.65,28,1200.0,30.0,1
-54.0,1733.0,-4,-4.0,0.0,112,900.0,0.0,-1
-227.0,1752.5,-7,-6.3,16.21,70,900.0,0.0,-1
53.0,1630.5,-4,0.5,13.45,41,900.0,0.0,-1
142.0,1831.0,5,4.5,2.25,81,900.0,0.0,1
-57.0,1631.5,-5,-5.0,0.0,126,900.0,0.0,0
109.0,1685.5,11,10.1,0.09,119,900.0,0.0,1
-131.0,1685.5,2,-0.7,4.41,49,900.0,0.0,1
153.0,1685.5,-6,-3.2,0.96,36,900.0,0.0,-1
54.0,1621.0,-9,-7.3,2.41,58,900.0,0.0,-1
-46.0,1663.0,-4,-4.1,1.09,72,900.0,0.0,-1
40.0,1733.0,9,3.5,5.65,39,900.0,0.0,1
-58.0,1733.0,10,1.5,8.85,65,900.0,0.0,1
-51.0,1951.5,-5,-4.5,7.05,108,900.0,5.0,-1
44.0,1733.0,7,5.4,7.24,73,900.0,0.0,1
-30.0,1733.0,-3,-2.8,0.15999999999999998,78,900.0,0.0,-1
48.0,1733.0,-1,-1.4,0.24,114,900.0,0.0,-1
55.0,1551.5,-13,-11.9,2.29,122,900.0,0.0,-1
71.0,1673.5,-3,-1.9,8.489999999999998,34,900.0,0.0,-1
145.0,1768.5,5,-3.1,7.289999999999999,93,900.0,0.0,1
117.0,1642.5,3,3.0,1.2,49,900.0,0.0,1
-303.0,1867.5,-5,-5.0,0.0,114,2700.0,45.0,-1
-45.0,1672.5,8,7.7,0.21000000000000002,109,1200.0,10.0,1
-124.0,1528.0,7,6.5,2.25,98,900.0,0.0,1
6.0,1982.0,-1,-0.1,0.09,60,900.0,5.0,-1
-84.0,1793.0,2,0.5,0.45,45,900.0,0.0,-1
268.0,1698.0,22,20.8,3.96,75,900.0,0.0,1
-226.0,1709.0,3,2.0,3.6,61,900.0,0.0,1
218.0,1709.0,12,7.2,4.16,65,900.0,0.0,1
-149.0,1558.5,-11,-11.0,0.0,40,900.0,0.0,-1
152.0,1906.0,3,3.0,0.0,96,900.0,0.0,0
-210.0,1709.0,-10,-10.0,0.0,128,900.0,0.0,-1
117.0,1736.5,10,1.1,10.09,47,900.0,0.0,1
-113.0,1695.5,-14,-4.3,16.009999999999998,90,900.0,0.0,-1
202.0,1709.0,8,8.0,0.0,63,900.0,0.0,1
-216.0,1903.0,6,5.5,0.25,93,900.0,0.0,1
-164.0,1909.0,1,1.0,0.0,79,900.0,0.0,0
-335.0,1576.5,-9,-7.2,3.96,82,900.0,0.0,-1
-61.0,1944.5,2,2.0,0.0,148,900.0,0.0,-1
393.0,1896.5,3,0.7,2.8099999999999996,25,900.0,0.0,1
208.0,1903.0,13,6.0,5.6,151,900.0,0.0,1
331.0,1576.5,16,11.4,2.44,57,1200.0,5.0,1
-184.0,1818.0,-4,-0.6,1.44,50,900.0,0.0,-1
525.0,2577.5,2,-2.9,16.090000000000003,68,900.0,0.0,1
40.0,1964.0,-2,1.5,16.85,66,900.0,0.0,-1
-133.0,1679.5,-2,1.2,6.760000000000001,60,900.0,0.0,-1
31.0,1616.5,7,6.0,3.0,65,900.0,0.0,1
5.0,1623.5,11,3.8,5.76,135,900.0,0.0,1
-698.0,1555.0,-12,-10.4,5.04,64,900.0,0.0,-1
-16.0,1741.0,-5,-5.7,8.610000000000003,48,900.0,0.0,-1
-10.0,1729.0,-6,-6.5,6.45,110,900.0,10.0,-1
-60.0,1947.0,1,-0.1,1.09,62,900.0,0.0,-1
34.0,1741.0,-3,-0.9,1.8900000000000001,72,900.0,0.0,-1
-21.0,1623.5,1,0.4,8.64,67,900.0,0.0,1
371.0,2204.5,1,0.1,0.09,97,900.0,0.0,1
5.0,1623.5,13,5.8,5.76,127,900.0,0.0,1
295.0,1260.5,29,26.2,7.959999999999999,51,900.0,0.0,1
421.0,1752.5,-6,-2.6,11.440000000000001,52,900.0,0.0,-1
326.0,2016.0,-6,-3.3,0.8099999999999999,96,900.0,0.0,-1
-289.0,1260.5,-17,-16.2,0.76,100,900.0,0.0,-1
-252.0,1503.0,-3,-2.3,0.21000000000000002,40,900.0,0.0,-1
-80.0,1981.0,2,2.0,0.0,79,900.0,0.0,0
-284.0,1999.0,-1,-0.1,2.4899999999999998,60,900.0,0.0,-1
23.0,1623.5,-5,-5.0,0.0,72,900.0,0.0,-1
-127.0,2153.5,1,1.0,0.0,125,900.0,0.0,0
246.0,1503.0,14,11.7,6.21,71,900.0,0.0,1
217.0,1970.5,1,1.3,2.21,51,900.0,0.0,1
-7.0,2016.5,3,2.4,0.24,61,900.0,0.0,1
184.0,1638.0,3,-0.1,2.6900000000000004,66,1200.0,5.0,1
-389.0,2201.5,-3,-1.5,3.85,129,900.0,0.0,0
-16.0,1742.0,1,1.0,0.0,62,900.0,0.0,-1
47.0,1581.5,9,9.0,0.0,109,900.0,0.0,1
-36.0,1475.0,11,2.8,8.559999999999999,115,900.0,0.0,1
-207.0,1948.5,2,-0.3,3.01,41,900.0,0.0,1
697.0,1555.5,13,8.5,11.45,51,900.0,0.0,1
75.0,1891.5,2,2.9,0.09,84,900.0,0.0,1
385.0,2201.5,2,0.2,0.96,31,900.0,0.0,1
22.0,1475.0,1,1.0,0.0,27,900.0,0.0,1
-536.0,2064.0,-5,-4.7,0.21000000000000002,96,900.0,0.0,-1
9.0,1733.5,-11,-8.5,6.25,68,1200.0,5.0,-1
29.0,1585.5,8,3.2,3.3600000000000003,57,900.0,0.0,1
-147.0,1683.5,-5,-1.7,6.81,60,900.0,0.0,-1
617.0,2534.5,5,3.6,2.24,65,900.0,1.0,1
137.0,1683.5,9,8.3,0.21000000000000002,71,900.0,0.0,1
-113.0,1514.5,-2,-2.1,0.09,114,900.0,0.0,-1
-858.0,1902.0,7,7.0,0.0,127,900.0,0.0,1
141.0,1931.5,7,7.7,1.61,65,900.0,0.0,1
387.0,1419.5,7,6.3,0.21000000000000002,85,900.0,0.0,1
-383.0,1419.5,-9,-5.5,5.25,40,900.0,0.0,-1
-139.0,1169.5,6,6.0,0.0,129,900.0,0.0,1
99.0,1555.5,9,0.8,7.56,27,900.0,0.0,1
-583.0,1798.5,-3,-0.6,1.44,38,900.0,0.0,-1
110.0,1804.0,8,0.1,7.090000000000001,51,900.0,0.0,1
141.0,1545.5,-12,-4.9,9.49,146,900.0,0.0,-1
-16.0,2347.0,-1,-2.7,2.0100000000000002,91,900.0,0.0,-1
423.0,2189.5,0,0.0,0.0,83,900.0,5.0,0
-97.0,1804.5,0,0.0,0.0,48,900.0,0.0,-1
-117.0,2153.5,-10,-9.2,0.76,68,900.0,0.0,-1
2.0,1803.0,-8,-7.3,0.21000000000000002,92,900.0,0.0,-1
-400.0,2138.0,-9,-8.1,1.89,72,900.0,0.0,-1
-131.0,1545.5,-7,0.8,6.959999999999999,60,900.0,0.0,-1
-696.0,1556.0,-17,-12.0,12.0,74,900.0,0.0,-1
-68.0,2396.0,-4,-3.3,0.21000000000000002,112,900.0,0.0,-1
183.0,1706.5,14,6.3,8.81,161,900.0,0.0,1
695.0,1556.5,3,3.3,0.8099999999999999,43,900.0,0.0,1
-175.0,1706.5,-11,-11.0,0.0,70,900.0,0.0,-1
-694.0,1557.0,-1,0.0,0.2,28,900.0,0.0,-1
167.0,1706.5,12,6.3,14.01,121,900.0,0.0,1
-4.0,2368.0,6,4.5,5.25,67,900.0,0.0,1
-222.0,1718.0,-6,-4.1,15.690000000000001,170,900.0,0.0,-1
-191.0,1706.5,4,4.0,0.0,77,900.0,0.0,1
55.0,1767.5,-6,1.7,8.81,74,900.0,0.0,-1
71.0,1703.5,-2,-2.8,2.3600000000000003,40,900.0,0.0,-1
20.0,1609.0,-10,-10.0,0.0,86,900.0,0.0,-1
-20.0,1609.0,4,4.0,0.0,120,900.0,0.0,0
320.0,1840.0,3,2.1,0.09,69,900.0,0.0,1
269.0,1914.5,-9,-8.2,5.76,104,900.0,0.0,-1
38.0,1609.0,-8,-6.7,1.01,84,900.0,0.0,-1
397.0,2137.5,13,12.2,5.76,107,900.0,0.0,1
-81.0,1886.5,10,5.7,8.41,123,900.0,0.0,1
-316.0,1840.0,-15,-11.0,10.2,69,900.0,0.0,-1
21.0,1801.5,-4,-4.1,2.0900000000000003,88,900.0,0.0,-1
118.0,1562.0,0,0.0,0.0,23,900.0,0.0,1
235.0,2215.5,7,2.5,2.25,87,900.0,0.0,1
312.0,1840.0,1,1.0,0.0,105,900.0,0.0,1
-39.0,1801.5,10,7.0,16.2,45,900.0,0.0,1
-308.0,1840.0,-5,-3.5,2.05,65,900.0,0.0,-1
-390.0,2136.0,-8,-5.0,8.0,46,900.0,0.0,-1
304.0,1840.0,2,0.5,0.45,29,900.0,0.0,1
-102.0,1968.0,3,3.0,0.0,77,900.0,0.0,1
366.0,2146.0,4,3.7,0.8099999999999999,47,900.0,0.0,1
-509.0,2584.5,-3,-3.0,0.0,95,900.0,0.0,-1
236.0,1887.0,2,1.4,1.04,50,900.0,0.0,-1
-153.0,1975.5,1,0.5,2.25,153,900.0,0.0,0
-230.0,1887.0,-15,-14.4,4.640000000000001,96,900.0,0.0,-1
143.0,1975.5,17,8.8,67.96000000000001,57,900.0,0.0,1
224.0,1887.0,22,11.9,14.89,85,900.0,0.0,1
-21.0,1602.5,-15,-7.8,5.76,84,900.0,0.0,-1
62.0,1641.0,4,0.6,5.04,56,900.0,0.0,-1
391.0,1821.5,9,9.0,0.0,131,2700.0,45.0,1
-48.0,1641.0,-16,-14.6,2.6399999999999997,78,900.0,0.0,-1
-133.0,1975.5,2,1.7,0.8100000000000002,68,900.0,0.0,-1
-216.0,1887.0,-11,-9.7,0.41,108,900.0,0.0,-1
16.0,1592.0,-21,-18.6,13.440000000000001,178,900.0,2.0,-1
34.0,1641.0,2,2.0,0.0,29,900.0,0.0,1
693.0,1557.5,3,2.7,0.8099999999999999,17,900.0,0.0,1
-692.0,1558.0,-14,-12.5,2.25,72,900.0,0.0,-1
-103.0,1681.5,-14,-13.0,0.2,52,900.0,0.0,-1
357.0,1449.5,5,4.7,0.8099999999999999,76,900.0,0.0,1
-84.0,1789.0,-7,-3.6,1.44,44,900.0,0.0,-1
-348.0,1452.0,-3,-2.0,6.0,96,900.0,0.0,-1
-120.0,1857.0,6,3.2,5.5600000000000005,53,1200.0,0.0,1
128.0,1791.0,-1,-0.1,0.09,12,900.0,5.0,-1
-453.0,2557.5,9,3.8,8.56,78,900.0,0.0,-1
-32.0,1694.0,18,14.5,5.25,169,900.0,0.0,1
171.0,2006.5,-1,-0.1,0.6900000000000001,31,900.0,0.0,1
-158.0,2005.0,1,0.4,2.04,50,900.0,0.0,-1
143.0,2033.5,-1,-0.7,0.21000000000000002,52,900.0,0.0,-1
50.0,1694.0,-18,-10.8,5.76,130,900.0,0.0,-1
-506.0,2585.0,-4,1.7,9.809999999999999,73,900.0,0.0,-1
212.0,1907.0,0,0.9,0.29000000000000004,77,2700.0,45.0,1
315.0,1817.5,0,-0.1,0.09,121,900.0,0.0,1
-228.0,2215.0,-7,-3.1,8.889999999999999,76,900.0,0.0,-1
106.0,1687.0,16,6.4,12.24,61,900.0,0.0,1
3.0,1747.5,2,2.8,0.5599999999999999,73,1200.0,5.0,1
-49.0,1665.5,-14,-4.3,29.009999999999998,70,900.0,0.0,-1
-71.0,1795.5,8,3.8,4.16,57,900.0,0.0,1
-19.0,1747.5,1,0.0,0.2,51,1200.0,5.0,1
70.0,1694.0,-20,-19.2,5.76,122,900.0,0.0,-1
179.0,1660.5,-15,-6.9,7.290000000000001,100,1200.0,5.0,-1
34.0,1665.0,12,3.6,8.440000000000001,93,900.0,0.0,1
110.0,1770.0,10,1.6,8.040000000000001,51,900.0,0.0,1
888.0,1901.0,-5,-4.2,0.15999999999999998,141,900.0,0.0,-1
-13.0,1585.5,-28,-28.0,0.0,114,900.0,2.0,-1
324.0,1484.0,1,-0.5,5.25,59,900.0,0.0,1
161.0,1661.5,0,-0.3,0.8100000000000002,30,900.0,2.0,-1
-19.0,1931.5,-6,-2.8,8.16,66,900.0,5.0,-1
-39.0,1882.5,-9,-7.7,3.81,86,1200.0,0.0,-1
99.0,1681.5,22,20.7,6.8100000000000005,107,900.0,0.0,1
19.0,1807.5,3,0.3,0.8100000000000002,53,900.0,0.0,1
116.0,1693.0,-6,-5.6,0.24,64,900.0,0.0,-1
-25.0,1882.5,-9,-2.1,5.49,104,1200.0,0.0,-1
-104.0,1693.0,-11,-7.4,5.64,94,900.0,0.0,-1
-238.0,2223.0,-19,-10.4,34.839999999999996,110,900.0,0.0,-1
161.0,1664.5,8,5.3,11.61,55,1200.0,5.0,1
11.0,1645.5,2,2.0,0.0,93,900.0,0.0,1
-9.0,1882.5,-18,-18.0,0.0,153,1200.0,0.0,-1
-93.0,1869.5,-7,-5.8,0.96,66,900.0,0.0,-1
151.0,1664.5,10,6.0,2.6,121,1200.0,5.0,1
187.0,1553.5,6,2.2,6.959999999999999,99,600.0,12.0,1
-105.0,1885.5,-3,-2.6,0.24,87,1800.0,30.0,1
-56.0,1897.0,5,0.4,5.639999999999999,47,1200.0,0.0,1
-73.0,2079.5,-11,-11.0,0.0,92,900.0,0.0,-1
30.0,2356.0,0,0.0,0.0,79,900.0,0.0,0
93.0,2079.5,-2,-2.3,0.8099999999999999,52,900.0,0.0,-1
-115.0,2079.5,8,4.6,5.84,79,900.0,0.0,1
87.0,1882.5,2,1.1,0.09,59,1800.0,30.0,1
-55.0,1794.5,-6,-5.9,0.09,78,900.0,0.0,-1
-396.0,2141.0,-8,-8.8,0.16,74,900.0,0.0,-1
137.0,2079.5,-9,-4.5,2.25,72,900.0,0.0,-1
105.0,1811.5,11,5.4,13.440000000000001,111,900.0,0.0,1
-61.0,1599.5,1,0.7,10.609999999999998,70,900.0,0.0,0
-159.0,2079.5,-4,-2.3,2.0100000000000002,65,900.0,0.0,1
41.0,1794.5,6,6.0,0.0,133,900.0,0.0,1
-5.0,1792.5,1,-0.2,0.96,39,900.0,0.0,1
-68.0,1879.0,-5,-3.7,1.81,104,1800.0,30.0,-1
56.0,1605.0,6,6.0,0.0,119,900.0,0.0,1
-36.0,1878.0,15,9.4,13.440000000000001,93,1200.0,0.0,1
149.0,2079.5,4,3.7,0.21000000000000002,111,900.0,0.0,1
-110.0,1856.0,-2,-1.2,1.56,34,900.0,0.0,-1
-27.0,1794.5,-2,-0.2,2.7600000000000002,46,900.0,0.0,-1
-119.0,2282.5,-1,-1.0,0.0,228,900.0,0.0,0
202.0,1719.0,-1,-0.7,0.8100000000000002,46,900.0,0.0,-1
300.0,2192.0,-7,-5.4,6.840000000000001,37,900.0,5.0,1
245.0,1694.5,9,7.2,3.96,69,900.0,0.0,1
-173.0,2079.5,3,-0.1,1.2900000000000003,53,900.0,0.0,1
166.0,2299.0,-6,-5.2,5.5600000000000005,70,900.0,0.0,-1
-20.0,1878.0,-13,-7.4,13.440000000000001,122,1200.0,0.0,-1
306.0,1600.0,-1,0.3,2.6100000000000003,73,600.0,12.0,-1
165.0,2079.5,0,0.0,0.0,89,900.0,0.0,1
-180.0,2144.0,6,4.0,7.6,71,900.0,0.0,1
-286.0,1764.0,-5,-5.0,0.0,76,900.0,0.0,-1
33.0,1840.5,-4,-4.0,0.0,77,900.0,0.0,1
-21.0,1590.5,-5,-1.9,5.49,64,1200.0,5.0,-1
-20.0,1878.0,0,1.2,1.7599999999999998,138,1200.0,0.0,0
-46.0,1726.0,-2,-2.0,0.0,52,900.0,0.0,-1
-155.0,2079.5,-5,-3.6,0.44000000000000006,84,900.0,0.0,-1
-71.0,1615.5,13,9.5,5.25,85,900.0,0.0,1
-421.0,2189.5,-4,-3.9,0.09,150,900.0,5.0,-1
91.0,1615.5,-9,-8.3,6.01,148,900.0,0.0,-1
-1273.0,1358.5,-19,-17.8,2.16,40,900.0,0.0,-1
-79.0,1615.5,-18,-8.8,38.160000000000004,116,900.0,0.0,-1
145.0,2079.5,-2,-1.1,1.29,33,900.0,0.0,1
-238.0,1723.0,-3,-2.9,1.09,64,1800.0,30.0,-1
67.0,1615.5,4,3.9,0.09,141,900.0,0.0,1
-1.0,1741.5,-1,-0.8,0.7600000000000001,59,900.0,0.0,1
91.0,1795.5,-15,-7.5,14.65,100,900.0,0.0,-1
466.0,1672.0,9,6.4,3.84,65,600.0,12.0,1
-71.0,1615.5,2,2.0,0.0,120,900.0,0.0,0
-4.0,1878.0,-10,-4.4,13.440000000000001,104,1200.0,0.0,-1
-109.0,1681.5,-2,-1.9,0.09,54,900.0,0.0,-1
57.0,1615.5,10,3.5,10.25,207,900.0,0.0,1
-135.0,2079.5,-1,-0.6,0.8400000000000001,78,900.0,0.0,-1
-112.0,1795.0,-1,-1.0,0.0,70,900.0,0.0,-1
-316.0,1599.0,-7,-1.9,11.49,30,600.0,12.0,-1
-90.0,1694.0,-3,-0.3,8.010000000000002,103,900.0,0.0,1
-43.0,1615.5,-18,-10.9,29.090000000000003,138,900.0,0.0,-1
7.0,1785.5,-5,-4.4,0.24,74,900.0,0.0,-1
168.0,1669.0,-2,-0.2,0.96,47,900.0,2.0,1
61.0,1615.5,-2,-1.9,0.09,66,900.0,0.0,-1
12.0,1878.0,-19,-10.0,10.8,76,1200.0,0.0,-1
-96.0,1880.0,0,0.3,0.8100000000000002,37,1800.0,30.0,1
-63.0,1615.5,-1,-1.0,0.0,81,900.0,0.0,0
49.0,1615.5,7,7.0,0.0,133,900.0,0.0,1
125.0,2079.5,4,4.0,0.0,97,900.0,0.0,1
-35.0,1615.5,-18,-10.8,5.76,208,900.0,0.0,-1
-25.0,1785.5,5,4.7,0.8099999999999999,69,900.0,0.0,1
-15.0,1739.5,3,0.3,0.8100000000000002,15,1200.0,5.0,1
419.0,2189.5,11,6.5,2.25,65,900.0,5.0,1
19.0,1615.5,3,-1.1,8.690000000000001,71,900.0,0.0,1
92.0,1799.0,8,0.6,6.840000000000001,31,900.0,0.0,1
-3.0,1615.5,-8,-4.5,2.05,102,900.0,0.0,-1
3.0,1615.5,0,-3.9,13.290000000000001,132,900.0,0.0,0
-4.0,1878.0,16,16.0,0.0,73,1200.0,0.0,1
9.0,1785.5,2,-0.2,1.3599999999999999,17,900.0,0.0,1
7.0,1785.5,-14,-14.4,0.24,132,900.0,0.0,-1
-115.0,2079.5,-7,-7.4,6.640000000000001,74,900.0,0.0,-1
-451.0,1802.5,-3,-4.2,0.36,79,2700.0,45.0,1
26.0,1745.0,-9,-8.3,0.21000000000000002,64,900.0,0.0,-1
-1.0,1744.5,1,0.9,0.09,46,900.0,0.0,-1
-417.0,2189.5,-5,-5.0,0.0,134,900.0,5.0,-1
12.0,1878.0,-7,-5.7,4.21,60,1200.0,0.0,-1
-10.0,1745.0,-7,-1.7,5.409999999999999,48,900.0,0.0,-1
160.0,2107.0,-8,-2.1,10.290000000000001,51,900.0,0.0,1
126.0,1857.0,0,0.8,7.56,55,900.0,0.0,1
-7.0,1744.5,7,1.8,4.36,21,900.0,0.0,1
-25.0,1460.5,-19,-11.5,6.45,70,600.0,12.0,-1
30.0,1878.0,-5,-4.5,0.25,90,1200.0,0.0,-1
415.0,2189.5,18,12.6,31.839999999999996,89,900.0,5.0,1
-49.0,1716.5,-7,-5.6,0.44000000000000006,114,900.0,0.0,-1
43.0,1460.5,-1,-1.5,2.25,138,600.0,12.0,-1
96.0,1655.0,5,5.0,0.2,75,900.0,0.0,1
-117.0,1593.5,8,1.1,7.290000000000001,55,900.0,0.0,1
-13.0,1598.5,-6,0.4,4.640000000000001,116,900.0,0.0,-1
289.0,1847.5,3,1.3,1.41,85,900.0,0.0,1
-413.0,2189.5,-11,-6.0,9.4,80,900.0,5.0,-1
-106.0,1644.0,-12,-12.0,0.0,158,900.0,2.0,-1
-93.0,1792.5,-1,-1.0,0.0,110,900.0,0.0,-1
-22.0,1743.0,2,2.3,0.21000000000000002,71,900.0,0.0,1
-64.0,1693.0,-7,-6.3,0.21000000000000002,90,900.0,0.0,-1
-58.0,2047.0,1,-0.2,0.36000000000000004,53,900.0,0.0,1
31.0,1746.5,-6,-5.1,12.690000000000001,60,900.0,0.0,-1
14.0,1878.0,5,4.5,0.25,103,1200.0,0.0,1
-76.0,1788.0,-2,-1.6,0.24,95,1800.0,30.0,-1
-25.0,1728.5,2,1.5,2.25,69,900.0,0.0,1
-124.0,1576.0,14,5.9,20.89,63,900.0,0.0,1
-184.0,1544.0,1,1.3,0.8100000000000002,67,900.0,0.0,1
8.0,1728.0,1,0.1,8.49,25,900.0,0.0,1
-17.0,1422.5,-7,-7.2,0.15999999999999998,86,600.0,12.0,-1
43.0,1954.5,5,4.6,0.24,71,900.0,5.0,1
166.0,1833.0,9,8.0,9.0,73,900.0,0.0,1
-2.0,1878.0,-1,-2.5,2.25,47,1200.0,0.0,1
-355.0,1559.5,-7,-6.8,3.1599999999999997,82,900.0,0.0,-1
-28.0,1729.0,2,0.2,2.16,37,900.0,2.0,1
48.0,1483.0,10,1.4,8.44,43,900.0,0.0,1
10.0,1728.0,10,1.6,8.64,33,900.0,2.0,1
9.0,1726.5,-5,-2.2,8.16,28,900.0,2.0,-1
-139.0,1675.5,-7,-4.1,4.09,54,900.0,0.0,-1
171.0,1736.5,6,3.6,4.84,78,1800.0,30.0,1
37.0,1468.5,-2,-0.1,0.49000000000000005,84,900.0,0.0,-1
-31.0,1598.5,8,5.5,6.25,105,900.0,0.0,1
-22.0,1743.0,0,-2.3,0.8099999999999999,31,900.0,0.0,-1
-2.0,1738.0,1,1.0,5.0,57,900.0,0.0,1
-217.0,1862.5,2,2.6,0.8400000000000001,80,900.0,0.0,-1
18.0,1738.0,0,-0.1,2.09,62,900.0,0.0,-1
-36.0,1456.0,-9,-5.7,1.61,70,600.0,12.0,-1
-36.0,1722.0,1,1.0,0.0,94,900.0,0.0,-1
94.0,1642.0,7,2.6,20.64,49,1200.0,0.0,1
-104.0,1696.0,-15,-7.9,9.89,88,900.0,0.0,-1
54.0,1456.0,-4,-0.7,2.6100000000000003,20,600.0,12.0,-1
-85.0,1830.5,-3,-1.4,2.64,66,900.0,0.0,-1
-161.0,1736.5,-6,-1.8,2.16,92,1800.0,30.0,-1
20.0,1722.0,5,4.5,0.25,77,900.0,0.0,1
276.0,1591.0,4,1.6,8.64,63,1200.0,5.0,1
-74.0,1456.0,8,9.1,1.09,53,600.0,12.0,1
232.0,1755.0,-3,-1.4,6.24,118,900.0,0.0,0
73.0,1830.5,0,0.0,0.0,27,900.0,0.0,1
-59.0,1830.5,3,2.9,0.09,106,900.0,0.0,-1
-75.0,1704.5,-6,-1.9,10.690000000000001,52,900.0,0.0,-1
13.0,1717.5,-1,-0.2,0.56,23,900.0,0.0,1
-62.0,1617.0,1,-4.0,5.0,71,900.0,0.0,1
83.0,1980.5,2,2.0,0.0,91,2700.0,45.0,1
-368.0,1718.0,-6,-5.0,3.0,36,900.0,0.0,-1
22.0,1438.0,10,7.9,1.89,75,600.0,12.0,1
-374.0,1428.0,-9,-2.6,16.44,46,900.0,0.0,-1
4.0,1718.0,-5,-3.3,1.41,78,900.0,0.0,-1
-162.0,1785.0,-6,-2.1,4.29,76,900.0,10.0,-1
222.0,1614.0,8,6.4,2.6399999999999997,87,1200.0,5.0,1
-20.0,1718.0,8,6.0,3.0,59,900.0,0.0,1
45.0,1830.5,0,2.1,1.89,49,900.0,0.0,1
205.0,1529.5,0,-0.2,8.959999999999999,73,900.0,0.0,1
-165.0,1746.5,4,3.5,0.25,111,1800.0,30.0,1
38.0,1718.0,3,0.4,7.44,38,900.0,0.0,-1
-56.0,1718.0,4,2.8,0.96,33,900.0,0.0,1
76.0,1718.0,2,0.2,2.16,36,900.0,0.0,-1
132.0,1800.0,-1,-0.3,0.8099999999999999,37,900.0,0.0,1
-62.0,1718.0,-6,-5.4,6.24,76,900.0,0.0,-1
40.0,1454.0,5,5.0,0.0,59,600.0,12.0,1
154.0,1800.0,-3,-3.0,0.0,106,900.0,0.0,-1
86.0,1566.0,11,7.0,16.0,115,900.0,0.0,1
-58.0,1454.0,8,5.3,11.61,39,600.0,12.0,1
-27.0,1728.5,3,0.3,0.8100000000000002,65,900.0,0.0,1
78.0,1454.0,-6,-3.5,2.85,60,600.0,12.0,-1
-34.0,1829.0,0,-0.3,0.8099999999999999,48,900.0,15.0,-1
-78.0,1812.0,3,2.5,2.25,75,900.0,0.0,1
-64.0,1454.0,-2,-3.6,4.4399999999999995,58,600.0,12.0,-1
129.0,1686.5,4,1.2,2.36,56,900.0,0.0,-1
50.0,1454.0,14,6.1,10.290000000000001,75,600.0,12.0,1
-13.0,1708.5,-3,-2.3,0.21000000000000002,66,900.0,0.0,-1
-36.0,1454.0,-13,-4.5,8.85,44,600.0,12.0,-1
38.0,1454.0,4,4.0,0.0,127,600.0,12.0,0
98.0,1703.0,-2,-1.7,0.21000000000000002,48,900.0,0.0,-1
-425.0,1663.5,-9,-0.7,11.010000000000002,54,900.0,0.0,-1
-56.0,1454.0,21,12.3,57.61,53,600.0,12.0,1
76.0,1454.0,-19,-15.2,6.36,86,600.0,12.0,-1
17.0,1837.5,-10,-7.8,8.559999999999999,116,1800.0,30.0,-1
117.0,1545.5,7,5.7,7.410000000000001,83,900.0,0.0,1
109.0,1891.5,0,-0.5,2.25,317,900.0,0.0,0
-96.0,1454.0,8,8.0,0.0,75,600.0,12.0,1
-42.0,1479.0,-6,-6.4,2.44,64,900.0,0.0,-1
-223.0,1685.5,-10,-4.3,4.41,46,900.0,0.0,-1
235.0,1724.5,6,5.2,3.16,91,900.0,0.0,1
-72.0,1709.0,-14,-6.8,5.76,62,900.0,0.0,-1
-158.0,1569.0,2,2.0,0.0,122,2700.0,0.0,0
-229.0,1724.5,-4,-4.0,0.0,116,900.0,0.0,-1
367.0,1575.5,-4,-0.6,9.64,56,600.0,12.0,-1
-134.0,1909.0,-6,-2.9,1.8900000000000001,88,900.0,0.0,-1
86.0,2009.0,-4,-4.1,0.09,94,900.0,5.0,-1
-26.0,1480.0,-11,-9.7,1.01,58,900.0,0.0,-1
-12.0,1612.0,10,5.5,2.25,139,900.0,0.0,1
281.0,1601.5,1,1.3,0.8100000000000002,39,900.0,0.0,1
-92.0,1700.0,-3,-1.5,7.65,32,900.0,0.0,-1
120.0,1907.0,-2,-0.1,1.09,23,900.0,0.0,1
212.0,1714.0,1,0.4,2.24,61,900.0,0.0,1
-90.0,2009.0,0,0.0,0.0,55,900.0,5.0,0
313.0,1812.5,6,2.5,5.25,39,900.0,0.0,1
89.0,1800.5,9,8.4,2.84,65,900.0,0.0,1
-221.0,1713.5,2,2.0,0.0,128,900.0,0.0,0
285.0,1916.5,-1,-1.0,0.0,149,900.0,0.0,0
13.0,1475.5,3,-0.6,7.44,97,900.0,0.0,1
-31.0,1628.5,2,3.9,12.09,133,900.0,0.0,1
166.0,1569.0,7,2.4,2.4399999999999995,75,900.0,0.0,1
-124.0,1685.0,-3,-2.1,0.09,30,900.0,0.0,-1
-8.0,1926.0,-1,-1.0,0.0,86,900.0,0.0,-1
-54.0,1790.0,-2,-3.4,3.04,64,900.0,0.0,-1
-264.0,1604.0,7,3.0,5.6,81,900.0,0.0,-1
-35.0,1614.5,10,9.5,0.25,129,900.0,0.0,1
37.0,1614.5,-3,-2.1,7.289999999999999,194,900.0,0.0,0
607.0,2538.5,17,4.7,40.410000000000004,67,900.0,1.0,1
-23.0,1614.5,-2,-0.8,1.16,46,900.0,0.0,-1
7.0,1614.5,10,9.7,0.8099999999999999,87,900.0,0.0,1
-335.0,1673.5,-3,-2.7,0.21000000000000002,66,900.0,0.0,-1
-25.0,1614.5,15,7.8,5.76,135,900.0,0.0,1
155.0,1734.5,2,0.3,1.4100000000000001,27,900.0,0.0,1
258.0,1604.0,1,0.8,0.7600000000000001,71,900.0,0.0,1
9.0,1614.5,1,0.2,0.16000000000000003,33,900.0,0.0,1
129.0,1682.5,16,15.2,2.7600000000000002,53,900.0,0.0,1
331.0,1673.5,9,4.8,19.56,41,900.0,0.0,1
-26.0,2362.0,-3,-4.1,3.4899999999999998,151,900.0,0.0,-1
-52.0,1806.0,-11,-1.8,11.76,44,900.0,0.0,-1
239.0,1869.5,4,1.1,4.89,35,900.0,0.0,1
689.0,1557.5,13,10.9,1.89,61,900.0,0.0,1
31.0,1595.5,10,1.9,7.289999999999999,97,900.0,0.0,1
15.0,1861.5,9,9.0,0.0,125,1200.0,0.0,1
6.0,1713.0,3,4.1,9.69,103,900.0,0.0,1
68.0,2113.0,-6,-1.4,3.439999999999999,108,900.0,0.0,-1
9.0,1850.5,-8,-4.3,1.61,116,900.0,0.0,-1
10.0,1713.0,-3,-0.3,0.8100000000000002,36,900.0,0.0,-1
-441.0,2182.5,-1,-0.4,1.44,107,900.0,5.0,0
-28.0,1713.0,4,3.6,2.2399999999999998,51,900.0,0.0,1
215.0,2100.5,9,5.0,16.0,111,900.0,0.0,1
107.0,1898.5,-3,-2.5,2.25,134,900.0,0.0,-1
18.0,1613.0,-9,-6.9,10.89,38,900.0,0.0,-1
9.0,1714.5,13,10.8,3.3600000000000003,43,900.0,0.0,1
70.0,1648.0,3,3.2,2.56,61,1200.0,0.0,1
254.0,1718.0,-9,-7.5,2.25,68,900.0,0.0,-1
-173.0,1871.5,-8,0.4,8.64,44,900.0,0.0,-1
49.0,1734.5,3,1.4,7.039999999999999,96,900.0,0.0,-1
-26.0,2039.0,-2,-2.0,0.0,178,900.0,0.0,-1
121.0,1795.5,-7,-7.8,0.15999999999999998,88,900.0,0.0,-1
-27.0,1617.5,4,3.9,0.09,65,900.0,0.0,1
529.0,1969.5,0,0.2,0.16000000000000003,12,900.0,0.0,1
-527.0,1969.5,-1,0.4,3.6399999999999997,62,900.0,0.0,-1
-81.0,1621.5,1,0.9,0.09,121,1200.0,10.0,1
-35.0,1734.5,0,-0.8,0.16,70,900.0,0.0,-1
525.0,1969.5,9,1.8,12.960000000000003,32,900.0,0.0,1
212.0,1729.0,6,5.2,3.16,91,900.0,0.0,1
-204.0,1729.0,-16,-9.9,18.09,66,900.0,0.0,-1
394.0,1853.0,3,0.3,0.8100000000000002,35,900.0,0.0,1
-207.0,2100.5,-2,-1.9,0.09,140,900.0,0.0,-1
-139.0,2290.5,4,4.0,0.0,100,900.0,0.0,1
60.0,1704.0,3,1.8,2.16,118,1200.0,5.0,-1
-180.0,1659.0,13,12.2,5.76,87,900.0,0.0,1
19.0,1734.5,2,0.2,3.3600000000000003,85,900.0,0.0,1
99.0,1513.5,9,6.2,8.56,56,900.0,0.0,1
136.0,1756.0,5,0.5,2.25,39,1800.0,30.0,1
99.0,1618.5,2,1.1,7.289999999999999,65,900.0,10.0,1
163.0,1550.5,7,7.2,0.76,55,900.0,0.0,1
254.0,2025.0,-2,0.1,2.6900000000000004,134,900.0,0.0,0
-147.0,1766.5,-6,-3.0,2.8,53,900.0,0.0,-1
-35.0,1635.5,14,13.2,5.5600000000000005,117,900.0,0.0,1
72.0,2402.0,14,6.8,12.959999999999999,94,900.0,0.0,1
192.0,1731.0,3,3.0,0.0,63,900.0,0.0,1
298.0,2053.0,6,-0.2,7.760000000000001,57,900.0,0.0,1
300.0,1845.0,2,0.5,1.85,79,900.0,0.0,1
19.0,1635.5,11,10.1,0.09,137,900.0,0.0,1
-227.0,2034.5,-10,-1.3,9.809999999999999,58,900.0,0.0,-1
-117.0,1538.5,-8,-2.0,5.4,46,900.0,0.0,-1
-184.0,1731.0,-7,-5.4,0.43999999999999995,108,900.0,0.0,-1
204.0,1659.0,-3,0.0,11.0,62,900.0,0.0,-1
-19.0,1743.5,3,-0.2,1.7600000000000002,43,900.0,0.0,1
-37.0,1635.5,-1,-1.4,2.24,105,900.0,0.0,1
-292.0,2053.0,0,0.6,0.24000000000000005,34,900.0,0.0,-1
286.0,2053.0,6,-0.2,7.760000000000001,57,900.0,0.0,1
-294.0,1845.0,-11,-2.9,7.289999999999999,36,900.0,0.0,-1
176.0,1731.0,12,6.3,14.01,115,900.0,0.0,1
-68.0,1919.0,7,7.8,0.15999999999999998,129,3600.0,30.0,1
-71.0,1699.5,4,3.3,1.21,115,900.0,10.0,1
-46.0,1587.0,-4,-3.9,0.09,84,900.0,0.0,-1
-168.0,1731.0,-10,-8.3,8.41,68,900.0,0.0,-1
-440.0,1801.0,-5,-2.6,2.64,84,2700.0,45.0,-1
15.0,1610.5,-14,-7.9,21.29,102,900.0,0.0,-1
-185.0,1680.5,18,14.0,16.0,111,900.0,0.0,1
189.0,1716.5,6,5.2,3.16,91,900.0,0.0,1
-181.0,1716.5,-12,-7.5,24.05,96,900.0,0.0,-1
-102.0,1701.0,0,0.2,0.96,35,900.0,0.0,1
124.0,1701.0,-3,-3.9,0.09,97,900.0,0.0,-1
176.0,1681.0,4,4.5,2.25,43,900.0,0.0,1
-107.0,1990.5,-3,-5.4,7.44,72,900.0,0.0,-1
196.0,2094.0,1,1.0,0.0,43,900.0,0.0,1
109.0,1686.5,6,6.0,0.0,115,900.0,0.0,1
82.0,1815.0,-4,-4.0,0.0,146,900.0,0.0,-1
-658.0,1608.0,-5,-4.2,2.1599999999999997,52,900.0,0.0,-1
-97.0,1686.5,-13,-9.6,1.44,60,900.0,0.0,-1
-66.0,1614.0,-1,-1.5,0.25,45,900.0,0.0,1
-220.0,2094.0,0,0.0,5.0,41,900.0,0.0,1
178.0,1676.0,-1,-1.0,0.0,59,900.0,0.0,1
-58.0,2402.0,-5,-4.5,0.25,109,900.0,0.0,-1
179.0,1724.5,-2,-1.1,0.09,58,900.0,0.0,-1
165.0,1170.5,2,-0.4,1.44,44,900.0,0.0,-1
-171.0,1724.5,-13,-5.9,24.09,62,900.0,0.0,-1
161.0,1724.5,11,5.0,13.0,81,900.0,0.0,1
57.0,2016.5,-8,-8.0,0.0,148,900.0,0.0,0
-151.0,1724.5,-12,-8.8,5.159999999999999,64,900.0,0.0,-1
-168.0,1677.0,-10,-6.0,2.2,66,900.0,0.0,-1
141.0,1724.5,-2,-0.9,1.29,57,900.0,0.0,1
386.0,2043.0,0,-0.3,0.20999999999999996,163,1980.0,33.0,0
-131.0,1724.5,-14,-7.3,6.609999999999999,60,900.0,0.0,-1
153.0,1724.5,-2,1.6,1.64,76,900.0,0.0,-1
-143.0,1724.5,-11,-9.8,0.96,84,900.0,0.0,-1
133.0,1724.5,9,5.4,9.84,61,900.0,0.0,1
-123.0,1724.5,-20,-9.3,16.61,76,900.0,0.0,-1
113.0,1724.5,9,7.5,6.45,109,900.0,0.0,1
-82.0,1600.0,-10,-7.5,6.25,70,900.0,0.0,-1
-101.0,1724.5,-12,-10.6,0.44000000000000006,58,900.0,0.0,-1
41.0,1746.5,-2,-0.8,3.16,34,900.0,0.0,-1
-288.0,2057.0,0,0.6,0.24000000000000005,34,900.0,0.0,-1
123.0,1724.5,-4,-3.9,1.49,68,900.0,0.0,-1
463.0,2140.5,18,6.5,42.85,67,900.0,0.0,1
-113.0,1724.5,-16,-6.9,11.09,96,900.0,0.0,-1
375.0,1571.5,5,3.3,1.61,61,900.0,0.0,1
-46.0,1810.0,-9,-9.3,0.8099999999999999,76,900.0,0.0,-1
135.0,1724.5,-3,-2.2,0.76,90,900.0,0.0,-1
300.0,1950.0,8,5.7,3.21,45,900.0,0.0,1
-82.0,1514.0,0,0.5,2.25,52,900.0,0.0,-1
-125.0,1724.5,-11,-10.9,0.09,120,900.0,0.0,-1
-236.0,1879.0,-1,-0.5,0.25,61,900.0,0.0,1
114.0,1514.0,-14,-4.6,13.64,90,900.0,0.0,-1
-37.0,2035.5,1,1.0,0.0,125,900.0,0.0,1
32.0,1810.0,0,0.0,0.0,39,900.0,0.0,1
230.0,1879.0,11,10.4,0.44000000000000006,87,900.0,0.0,1
81.0,1967.5,-8,-0.1,7.090000000000001,18,900.0,0.0,-1
290.0,1942.0,4,2.9,2.29,31,900.0,0.0,1
39.0,2035.5,-1,-1.0,0.0,125,900.0,0.0,0
-284.0,1942.0,-13,-5.6,6.24,38,900.0,0.0,-1
-224.0,1879.0,2,2.1,1.8900000000000001,80,900.0,0.0,-1
216.0,1879.0,18,15.0,1.2,61,900.0,0.0,1
44.0,1612.0,12,10.1,1.49,85,900.0,0.0,1
-155.0,1170.5,-20,-19.1,0.09,70,900.0,0.0,-1
-226.0,1879.0,1,1.0,0.0,110,900.0,0.0,0
256.0,1695.0,-2,-2.5,2.25,53,900.0,0.0,1
-157.0,2296.5,0,-0.5,2.25,157,900.0,0.0,0
-27.0,1730.5,6,4.5,4.65,53,900.0,0.0,1
62.0,1612.0,-9,-2.8,8.16,152,900.0,0.0,-1
112.0,1708.0,-2,-0.9,0.89,24,900.0,0.0,-1
-73.0,1609.5,-6,3.6,12.239999999999998,56,900.0,0.0,-1
185.0,1765.5,10,6.1,14.690000000000001,93,900.0,0.0,1
-118.0,1991.0,-4,-2.3,2.41,62,900.0,0.0,-1
-226.0,1891.0,8,6.5,5.25,117,900.0,0.0,1
-355.0,1752.5,-11,-11.0,0.0,120,900.0,10.0,-1
-23.0,1588.5,-1,-0.8,0.56,39,900.0,2.0,1
124.0,1983.0,2,0.6,8.44,61,900.0,0.0,1
-104.0,1450.0,-4,-3.9,0.09,82,600.0,12.0,-1
-106.0,1705.0,-9,-9.0,0.0,164,900.0,0.0,-1
60.0,1895.0,4,4.0,0.0,101,900.0,0.0,1
94.0,1705.0,6,5.1,0.09,117,900.0,0.0,1
92.0,1450.0,8,0.3,6.8100000000000005,37,600.0,12.0,1
-112.0,1450.0,30,24.4,13.440000000000001,103,600.0,12.0,1
-173.0,1484.5,-8,-5.6,3.2399999999999998,62,600.0,12.0,-1
404.0,2579.0,2,1.2,0.16,92,900.0,0.0,1
75.0,2001.5,13,4.9,7.290000000000001,81,900.0,0.0,1
264.0,1885.0,-15,-9.5,13.65,94,900.0,0.0,-1
13.0,1585.5,-4,-4.0,0.0,83,900.0,2.0,1
-14.0,2376.0,9,5.1,6.49,81,900.0,0.0,1
101.0,1808.5,1,0.3,1.4099999999999997,40,900.0,0.0,1
-61.0,2001.5,-6,-6.8,2.76,84,900.0,0.0,-1
-82.0,1612.0,10,6.8,16.36,91,900.0,0.0,1
-258.0,1885.0,-10,-7.6,13.440000000000001,108,900.0,0.0,-1
47.0,2001.5,7,5.3,6.01,101,900.0,0.0,1
-274.0,1719.0,-1,1.2,1.3599999999999999,48,900.0,0.0,-1
425.0,1613.5,5,3.6,3.6399999999999997,51,600.0,12.0,1
-33.0,2001.5,-6,-2.9,5.69,84,900.0,0.0,-1
252.0,1885.0,4,3.1,7.289999999999999,55,900.0,0.0,1
26.0,1591.0,8,8.0,0.0,133,900.0,0.0,1
-6.0,1587.0,-1,-1.4,0.24,79,900.0,2.0,1
97.0,1801.5,7,2.4,2.4399999999999995,51,900.0,0.0,1
-246.0,1885.0,-13,-11.7,0.61,110,900.0,0.0,-1
-22.0,1651.0,6,6.0,0.0,125,900.0,0.0,1
-404.0,2166.0,-5,-4.4,0.24,58,900.0,0.0,-1
-85.0,1801.5,1,0.6,1.04,28,900.0,0.0,-1
-218.0,1872.0,-4,-3.4,2.24,60,900.0,0.0,-1
54.0,1919.0,0,1.1,7.889999999999999,53,2700.0,45.0,1
-699.0,1563.5,-17,-11.4,17.64,74,900.0,0.0,-1
181.0,1495.5,7,3.3,7.01,57,600.0,12.0,1
-182.0,1902.0,3,2.2,0.15999999999999998,73,900.0,0.0,1
698.0,1564.0,6,6.8,0.15999999999999998,85,900.0,0.0,1
73.0,1801.5,-1,-1.0,0.0,125,900.0,0.0,1
456.0,2139.0,7,8.1,1.29,79,900.0,0.0,1
174.0,1902.0,-1,-0.2,2.7600000000000002,53,900.0,0.0,1
107.0,1699.5,22,15.6,23.04,189,900.0,0.0,1
185.0,1700.5,11,6.6,20.04,96,900.0,0.0,1
58.0,1622.0,9,7.6,10.64,75,900.0,0.0,1
-110.0,1576.0,1,0.5,0.65,65,600.0,12.0,1
-78.0,1622.0,7,-0.7,7.610000000000001,39,900.0,0.0,1
64.0,1622.0,-3,-2.9,0.09,85,900.0,0.0,1
-70.0,1703.0,-15,-7.8,5.76,118,900.0,0.0,-1
59.0,1874.5,9,9.0,0.0,151,900.0,0.0,1
-30.0,1779.0,-6,-6.0,0.0,52,900.0,0.0,0
-84.0,1622.0,0,0.5,0.25,59,900.0,0.0,1
-756.0,2020.0,-1,-0.4,0.8400000000000001,56,900.0,0.0,-1
-95.0,1699.5,-15,-15.0,0.0,96,900.0,0.0,-1
104.0,1622.0,-10,-9.6,0.24,118,900.0,0.0,-1
-216.0,1906.0,0,0.4,0.24000000000000005,74,900.0,0.0,-1
75.0,1801.5,2,-0.1,1.8900000000000001,24,900.0,0.0,1
-92.0,1622.0,-12,-3.6,8.64,56,900.0,0.0,-1
95.0,1801.5,5,4.4,0.24,86,900.0,0.0,-1
-404.0,1821.0,10,4.8,10.559999999999999,45,900.0,0.0,1
195.0,1737.5,-3,-0.4,5.040000000000001,68,900.0,0.0,-1
-80.0,1622.0,4,2.9,1.49,62,900.0,0.0,-1
144.0,1789.0,-10,-1.3,9.209999999999997,110,900.0,2.0,-1
-34.0,1654.0,0,-0.8,0.56,154,1140.0,0.0,0
-187.0,1737.5,1,0.9,0.09,34,900.0,0.0,-1
-56.0,1703.0,-10,-7.6,13.440000000000001,136,900.0,0.0,-1
100.0,1622.0,-6,-6.0,0.0,72,900.0,0.0,-1
-172.0,1787.0,1,0.1,0.09,49,900.0,2.0,1
-419.0,2156.5,-17,-11.4,33.839999999999996,48,900.0,0.0,-1
12.0,1810.0,3,2.8,0.15999999999999998,86,900.0,0.0,-1
-267.0,1728.5,9,5.7,8.61,55,900.0,0.0,1
-13.0,1745.5,0,0.1,0.09,19,900.0,0.0,1
125.0,1623.5,0,2.3,8.41,76,900.0,0.0,-1
58.0,1620.0,9,9.0,0.0,203,900.0,2.0,1
-115.0,1623.5,-1,-1.0,0.0,86,900.0,0.0,-1
149.0,1782.5,2,1.1,0.09,89,900.0,0.0,1
4.0,1810.0,-2,-2.2,7.359999999999999,72,900.0,0.0,-1
90.0,1866.0,3,0.6,2.64,61,900.0,0.0,-1
-269.0,2010.5,-7,-4.2,0.96,62,900.0,0.0,-1
157.0,1739.5,-4,-4.7,6.81,73,900.0,0.0,-1
98.0,1626.0,14,3.0,16.6,29,900.0,0.0,1
-24.0,1885.0,-1,0.2,2.76,46,900.0,7.0,-1
57.0,1612.5,12,7.5,2.25,115,2700.0,0.0,1
-44.0,1620.0,-2,-2.3,0.21000000000000002,90,900.0,2.0,-1
-89.0,1761.5,-12,-10.0,3.4,76,900.0,0.0,-1
133.0,1746.5,6,5.2,3.16,91,900.0,0.0,1
-123.0,1746.5,-10,-5.2,18.96,42,900.0,0.0,-1
-207.0,1749.5,-12,-9.1,4.69,70,900.0,0.0,-1
-306.0,1442.0,0,0.0,0.0,18,900.0,2.0,-1
-61.0,1647.5,-10,-9.7,0.8099999999999999,90,900.0,0.0,-1
47.0,1647.5,9,7.0,5.0,81,900.0,0.0,1
-33.0,1647.5,-3,-6.1,5.29,48,900.0,0.0,-1
17.0,1647.5,18,14.0,16.0,147,900.0,0.0,1
15.0,1711.5,-10,-1.9,7.289999999999999,44,900.0,2.0,-1
59.0,1992.5,1,2.1,2.4899999999999998,121,2700.0,45.0,0
-35.0,1647.5,-5,-5.7,0.21000000000000002,61,900.0,0.0,1
9.0,1872.5,-9,-6.6,3.2399999999999998,84,1200.0,0.0,-1
-160.0,1510.0,-10,-6.8,3.3600000000000003,84,900.0,0.0,-1
-325.0,1569.5,-2,-2.0,0.0,46,900.0,0.0,-1
27.0,1872.5,-17,-16.5,2.25,128,1200.0,0.0,-1
-173.0,1898.5,0,1.0,1.6,40,900.0,0.0,-1
76.0,1705.0,5,3.2,2.16,51,900.0,0.0,1
-179.0,1775.5,-1,-0.2,0.16000000000000003,123,900.0,0.0,1
-149.0,1892.5,-7,-8.8,1.56,42,900.0,0.0,-1
-344.0,1558.0,-11,-10.0,1.6,62,900.0,0.0,-1
11.0,1872.5,13,4.1,13.89,93,1200.0,0.0,1
20.0,1582.0,-6,-6.3,0.21000000000000002,104,1200.0,5.0,-1
-8.0,1679.0,-2,-2.6,0.24,106,900.0,0.0,-1
25.0,1593.5,-3,-1.4,2.04,38,900.0,0.0,-1
187.0,1849.5,0,0.4,0.24000000000000005,89,900.0,0.0,1
-8.0,1593.0,-20,-20.0,0.0,102,900.0,0.0,-1
-10.0,1720.0,1,0.9,0.09,94,900.0,0.0,0
29.0,1872.5,-15,-11.5,11.85,104,1200.0,0.0,-1
340.0,1558.0,12,5.0,31.0,49,900.0,0.0,1
264.0,1798.0,-5,-2.1,7.889999999999999,54,900.0,2.0,-1
117.0,1723.5,0,-0.1,0.09,13,900.0,0.0,-1
27.0,1593.5,-2,0.3,3.6100000000000003,62,900.0,0.0,-1
65.0,1716.5,3,3.1,0.6900000000000001,43,900.0,0.0,1
24.0,1720.0,1,1.4,3.0399999999999996,48,900.0,0.0,-1
-8.0,1720.0,-11,-3.2,7.56,56,900.0,0.0,-1
282.0,2057.0,0,0.0,0.0,45,900.0,0.0,1
-276.0,2057.0,0,0.6,0.24000000000000005,34,900.0,0.0,-1
270.0,2057.0,0,-1.0,0.6,53,900.0,0.0,1
-8.0,1720.0,3,3.1,1.8900000000000001,59,900.0,0.0,1
-59.0,1628.5,4,2.1,8.49,74,900.0,0.0,-1
13.0,1872.5,-12,-5.4,29.04,131,1200.0,0.0,1
-159.0,1941.5,4,4.0,0.0,133,900.0,0.0,0
26.0,1720.0,0,0.4,0.8400000000000001,42,900.0,0.0,-1
157.0,1666.5,-12,-11.7,0.21000000000000002,224,1200.0,5.0,-1
-264.0,2057.0,0,0.6,0.24000000000000005,34,900.0,0.0,-1
258.0,2057.0,0,0.0,0.0,45,900.0,0.0,1
-252.0,2057.0,0,0.6,0.24000000000000005,34,900.0,0.0,-1
-277.0,2076.5,-2,-1.7,0.21000000000000002,69,900.0,0.0,-1
-164.0,1728.0,-1,-1.0,0.6,37,900.0,0.0,1
19.0,1578.5,10,7.0,6.0,98,900.0,0.0,-1
-92.0,1809.0,-9,-8.2,0.76,70,900.0,5.0,-1
-44.0,1720.0,0,0.0,0.2,51,900.0,0.0,1
-8.0,1951.0,-5,-4.0,1.2,48,900.0,5.0,-1
183.0,1941.5,-4,-4.0,0.0,122,900.0,0.0,-1
-3.0,1872.5,6,5.4,1.44,69,1200.0,0.0,1
252.0,1536.0,8,1.2,19.96,25,900.0,0.0,1
246.0,2057.0,0,0.0,0.0,45,900.0,0.0,1
-240.0,2057.0,0,0.6,0.24000000000000005,34,900.0,0.0,-1
-3.0,1872.5,-1,-1.0,0.0,128,1200.0,0.0,0
196.0,1748.0,6,4.5,6.25,55,900.0,0.0,1
-68.0,2009.0,-5,-4.6,0.24,63,900.0,0.0,1
144.0,1665.0,11,9.2,3.3600000000000003,75,900.0,0.0,1
46.0,1644.0,-14,-6.8,5.76,102,900.0,0.0,-1
-64.0,1644.0,0,-0.1,0.09,95,900.0,0.0,1
19.0,1648.5,-7,-3.8,1.36,74,900.0,0.0,-1
130.0,1658.0,-4,-4.0,0.0,87,900.0,0.0,1
-152.0,1844.0,1,1.0,0.0,100,900.0,0.0,-1
-110.0,1982.0,-5,-0.2,2.76,96,900.0,0.0,-1
13.0,1872.5,-2,-2.0,0.0,88,1200.0,0.0,-1
-107.0,1705.5,0,0.0,0.0,11,900.0,0.0,1
400.0,2165.0,3,3.0,0.0,223,900.0,0.0,1
112.0,1800.0,-11,-3.8,5.76,166,900.0,0.0,-1
256.0,1789.0,2,-0.3,7.209999999999999,39,900.0,0.0,1
-116.0,1792.0,2,-0.3,7.409999999999999,25,1200.0,5.0,1
17.0,1592.5,1,0.6,0.24000000000000005,56,900.0,0.0,-1
-250.0,1789.0,-5,-4.5,0.25,52,900.0,0.0,-1
144.0,2100.0,8,5.9,1.89,95,900.0,0.0,1
-50.0,1903.0,0,-0.5,0.25,129,1200.0,0.0,0
161.0,1951.5,7,4.0,10.4,111,900.0,0.0,1
12.0,1735.0,0,0.3,2.8100000000000005,84,900.0,0.0,-1
-110.0,1662.0,-9,-9.0,0.0,86,900.0,0.0,-1
-2.0,2374.0,-7,-6.1,3.29,99,900.0,0.0,-1
26.0,1739.0,8,-0.2,7.56,25,900.0,0.0,1
-229.0,2054.5,0,0.6,0.24000000000000005,34,900.0,0.0,-1
223.0,2054.5,0,-1.0,0.6,53,900.0,0.0,1
-345.0,1566.5,-3,-3.4,2.4399999999999995,72,600.0,12.0,-1
-151.0,1951.5,-10,-3.4,5.039999999999999,90,900.0,0.0,-1
31.0,1629.5,-1,-1.3,0.8100000000000002,33,900.0,0.0,1
266.0,1540.0,1,0.1,0.09,21,900.0,0.0,1
-294.0,1539.0,10,8.8,0.76,115,900.0,0.0,1
-25.0,1709.5,-4,-0.4,7.44,70,900.0,0.0,-1
8.0,1951.0,3,0.1,2.29,127,900.0,5.0,0
288.0,1539.0,3,2.4,0.24,81,900.0,0.0,1
2.0,1877.0,-13,-8.6,2.2399999999999998,106,1200.0,0.0,0
-282.0,1539.0,-8,-5.2,1.3599999999999999,82,900.0,0.0,-1
44.0,1693.0,5,2.5,7.05,59,900.0,0.0,1
-135.0,1337.5,-1,-1.1,0.09,27,600.0,12.0,1
82.0,1358.0,6,6.2,1.3599999999999999,39,600.0,12.0,1
0.0,1391.0,0,0.0,0.0,60,600.0,12.0,-1
134.0,1816.0,4,0.6,8.44,111,900.0,0.0,1
-26.0,1951.0,5,2.2,5.5600000000000005,53,900.0,5.0,1
-588.0,1941.0,-7,-7.3,2.21,47,1980.0,33.0,-1
-656.0,2045.0,-17,-15.7,6.8100000000000005,84,900.0,0.0,-1
91.0,1619.5,5,5.2,0.96,57,900.0,0.0,1
-59.0,1624.5,8,5.7,10.01,55,900.0,0.0,1
44.0,1951.0,-21,-9.5,36.05,86,900.0,5.0,-1
-231.0,1595.5,7,4.6,5.64,63,900.0,0.0,1
298.0,1542.0,1,1.0,0.0,73,600.0,12.0,1
88.0,1646.0,-11,-7.5,10.05,94,900.0,0.0,-1
79.0,1624.5,-10,-8.0,7.0,102,900.0,0.0,-1
-153.0,1550.5,-10,-8.5,5.25,90,900.0,0.0,-1
-141.0,1800.5,-1,-4.9,11.09,72,1200.0,5.0,-1
-121.0,1921.5,-5,-3.8,2.7600000000000002,94,900.0,0.0,-1
-218.0,1666.0,10,5.5,2.25,77,900.0,0.0,1
60.0,2402.0,0,0.0,0.0,383,900.0,0.0,0
-99.0,1624.5,9,6.6,5.64,103,900.0,0.0,1
-1.0,1769.5,-4,-3.2,0.15999999999999998,136,1800.0,3.0,-1
19.0,1705.5,3,-1.5,2.45,97,900.0,0.0,0
425.0,1822.5,-1,-0.2,0.16000000000000003,106,900.0,0.0,0
-9.0,1874.5,11,4.5,7.05,117,1200.0,0.0,1
-118.0,1711.0,2,1.8,0.16,112,900.0,0.0,-1
34.0,1698.0,-4,-4.0,0.0,128,900.0,0.0,-1
-55.0,1783.5,0,-0.2,0.16000000000000003,104,900.0,0.0,-1
185.0,1570.5,3,3.0,0.0,123,900.0,0.0,1
11.0,1728.5,12,4.7,6.410000000000001,89,900.0,0.0,1
105.0,1542.5,-23,-19.6,13.040000000000001,120,900.0,0.0,-1
-31.0,1473.5,3,2.7,0.8099999999999999,63,900.0,0.0,1
7.0,1874.5,-9,-9.0,0.0,168,1200.0,0.0,-1
-46.0,1951.0,0,0.0,0.0,70,900.0,5.0,0
106.0,1711.0,5,3.4,0.44000000000000006,111,900.0,0.0,1
32.0,1951.0,2,1.8,0.16,41,900.0,5.0,1
-128.0,1543.0,9,8.5,0.25,149,900.0,0.0,1
-237.0,1900.5,-3,0.9,13.89,34,2700.0,45.0,-1
142.0,1816.0,3,-0.4,6.639999999999999,54,900.0,0.0,-1
5.0,1728.5,-8,-4.3,4.21,56,900.0,0.0,-1
122.0,1803.0,-4,-4.0,0.0,100,900.0,0.0,0
11.0,1728.5,-4,-2.3,7.210000000000001,58,900.0,0.0,-1
59.0,1680.5,11,11.0,0.0,177,900.0,0.0,1
458.0,2142.0,20,8.0,33.8,59,900.0,0.0,1
-29.0,1728.5,2,-1.9,1.89,57,900.0,0.0,1
79.0,1841.5,1,1.0,0.0,104,900.0,15.0,-1
-36.0,1706.0,-11,-10.9,0.09,114,900.0,0.0,-1
239.0,1780.5,-11,-3.7,6.01,140,900.0,0.0,-1
116.0,1543.0,8,0.2,17.16,71,900.0,0.0,1
13.0,1728.5,4,1.0,1.2,45,900.0,0.0,1
152.0,1570.0,1,1.1,0.09,89,900.0,0.0,1
-35.0,1739.5,0,0.2,0.16000000000000003,126,900.0,0.0,0
-160.0,1736.0,-19,-18.3,0.21000000000000002,70,900.0,0.0,-1
98.0,1545.0,2,1.2,0.16,91,900.0,0.0,1
-50.0,1672.0,12,8.9,3.8899999999999997,99,900.0,0.0,1
-262.0,1630.0,-7,-5.9,2.29,78,900.0,0.0,-1
70.0,1672.0,-11,-2.7,13.010000000000002,66,900.0,0.0,-1
171.0,1726.5,10,9.6,0.24,87,900.0,0.0,1
-18.0,1785.0,-1,-1.3,0.21000000000000002,46,900.0,15.0,-1
-110.0,1803.0,-8,-7.7,0.8099999999999999,84,900.0,0.0,-1
-465.0,2604.5,-4,-3.4,0.24,103,900.0,0.0,-1
36.0,1785.0,-2,-1.8,1.16,92,900.0,15.0,-1
240.0,1533.0,15,11.2,8.36,38,900.0,0.0,1
62.0,1739.0,-4,-3.2,2.1599999999999997,86,900.0,0.0,-1
-78.0,1548.0,-2,-0.2,4.960000000000001,72,900.0,0.0,-1
153.0,1648.5,0,0.2,0.16000000000000003,178,900.0,0.0,0
-230.0,1531.0,-10,-9.9,0.09,84,900.0,0.0,-1
-3.0,2020.5,6,6.5,15.85,109,900.0,0.0,1
299.0,1618.5,0,0.1,0.09,22,960.0,0.0,1
-46.0,2402.0,-1,-1.8,1.3599999999999999,95,900.0,0.0,-1
-54.0,1785.0,3,-0.2,1.5600000000000003,87,900.0,15.0,1
-78.0,1829.0,12,4.8,5.76,123,900.0,0.0,1
78.0,1777.0,-2,-1.9,0.09,108,900.0,0.0,-1
-145.0,1562.5,-1,-1.1,4.290000000000001,48,900.0,0.0,-1
128.0,1559.0,9,0.9,7.49,73,900.0,0.0,1
181.0,1399.5,12,5.7,7.609999999999999,55,900.0,0.0,1
-196.0,1597.0,-3,-2.2,0.15999999999999998,106,900.0,0.0,-1
61.0,1840.5,9,4.2,10.96,71,1200.0,0.0,1
-96.0,1762.0,-3,-1.9,0.29,90,900.0,0.0,-1
-52.0,1674.0,-10,-9.9,0.09,78,900.0,0.0,-1
99.0,1828.5,-6,-4.0,2.4,48,900.0,0.0,-1
82.0,1605.0,13,13.1,7.090000000000001,85,900.0,10.0,1
38.0,1674.0,11,7.6,12.64,113,900.0,0.0,1
-192.0,1838.0,-16,-8.5,8.25,118,900.0,0.0,-1
-147.0,1733.5,-21,-20.6,0.44000000000000006,90,900.0,0.0,-1
-128.0,1559.0,-2,-1.7,0.61,60,900.0,0.0,-1
-28.0,1876.0,5,5.0,0.0,101,1200.0,0.0,1
-103.0,1619.5,7,6.5,0.25,119,900.0,0.0,1
-41.0,1919.5,-7,-6.7,0.8099999999999999,76,2700.0,45.0,-1
112.0,1557.0,-1,-1.0,0.0,68,900.0,0.0,1
234.0,1794.0,5,1.7,2.0100000000000002,55,900.0,0.0,1
188.0,1597.0,6,-0.4,5.040000000000001,73,900.0,0.0,1
-36.0,1685.0,-8,-7.3,0.21000000000000002,136,900.0,0.0,-1
426.0,2189.0,5,2.9,1.89,51,900.0,5.0,1
-12.0,1876.0,-17,-9.8,5.76,96,1200.0,0.0,-1
-226.0,2117.0,4,2.1,1.6900000000000002,60,900.0,0.0,1
165.0,2091.5,1,1.0,0.0,49,900.0,0.0,1
-108.0,1624.0,-12,-4.8,5.76,120,900.0,0.0,-1
54.0,1685.0,-19,-16.5,6.25,156,900.0,0.0,-1
233.0,1687.5,25,20.1,16.89,67,900.0,0.0,1
-87.0,1621.5,-8,-6.7,4.01,96,900.0,0.0,-1
130.0,1624.0,-16,-9.0,19.4,130,900.0,0.0,-1
113.0,1565.5,1,1.0,0.0,101,900.0,0.0,1
55.0,2088.5,-4,-3.7,0.21000000000000002,76,900.0,0.0,-1
-120.0,1624.0,-3,4.9,7.090000000000001,82,900.0,0.0,-1
25.0,1661.5,-9,-8.4,0.44000000000000006,120,900.0,0.0,-1
-48.0,1720.0,0,-1.0,1.8,65,900.0,0.0,1
48.0,1669.0,-6,-5.6,0.8400000000000001,124,900.0,0.0,-1
-135.0,1565.5,0,-0.5,2.25,57,900.0,0.0,1
-34.0,1669.0,-7,-1.0,4.8,22,900.0,0.0,-1
-67.0,1627.5,2,1.9,0.09,85,900.0,0.0,1
-56.0,1639.0,-10,-1.6,8.64,50,900.0,0.0,-1
157.0,1581.5,6,0.5,4.45,41,900.0,0.0,1
-147.0,1581.5,-1,-1.0,1.2,52,900.0,0.0,-1
108.0,1959.0,6,4.6,3.2399999999999998,61,2700.0,45.0,1
104.0,1719.0,-1,0.5,5.25,106,900.0,10.0,-1
110.0,1625.0,4,3.0,4.0,41,900.0,0.0,1
30.0,1702.0,2,2.0,0.0,61,900.0,0.0,1
145.0,1170.5,25,22.8,8.76,99,900.0,0.0,1
147.0,1582.5,9,8.3,1.21,93,1200.0,10.0,1
-104.0,1625.0,3,-1.5,2.25,89,900.0,0.0,1
-100.0,1800.0,-1,-1.1,1.6900000000000002,60,900.0,0.0,-1
-166.0,1803.0,0,0.0,2.4,41,900.0,10.0,1
-154.0,2297.0,-8,-3.6,6.040000000000001,86,900.0,0.0,-1
57.0,1994.5,0,0.0,0.0,78,900.0,5.0,0
-140.0,1775.0,-5,-4.4,0.24,102,900.0,0.0,-1
43.0,1762.5,-9,-3.7,5.8100000000000005,40,900.0,0.0,-1
-150.0,1553.0,-3,-0.5,1.65,52,900.0,0.0,-1
-255.0,1608.5,-8,-5.3,0.8099999999999999,92,900.0,0.0,-1
-86.0,1878.0,0,-0.1,0.09,17,900.0,0.0,1
-6.0,1486.0,9,8.5,2.25,141,900.0,0.0,1
-24.0,1722.0,-3,-2.5,0.25,55,900.0,0.0,-1
-434.0,2184.0,-9,-4.0,10.8,142,900.0,5.0,-1
-167.0,1186.5,-28,-28.1,0.09,130,900.0,0.0,-1
98.0,1671.0,4,0.7,1.6099999999999999,43,900.0,10.0,1
-561.0,1553.5,-1,-1.6,1.44,38,900.0,0.0,-1
56.0,1715.0,-3,-3.0,0.0,40,900.0,0.0,-1
5.0,1813.5,-7,-2.9,12.489999999999998,70,30000.0,12.0,-1
-30.0,1721.0,-14,-5.1,11.89,68,900.0,0.0,-1
432.0,2184.0,-3,-1.5,2.25,69,900.0,5.0,1
162.0,1764.0,-6,-6.5,1.05,62,900.0,0.0,-1
-35.0,1807.5,12,6.0,15.6,119,30000.0,12.0,1
-387.0,2204.5,0,-0.3,0.8100000000000002,72,900.0,0.0,-1
-121.0,1779.5,2,1.8,0.16,68,900.0,0.0,-1
69.0,1800.5,-13,-13.0,0.0,106,30000.0,12.0,-1
-44.0,1674.0,10,9.3,0.21000000000000002,119,900.0,0.0,1
151.0,1563.5,0,-0.1,0.09,14,1200.0,10.0,1
-113.0,1741.5,3,1.6,0.44000000000000006,87,900.0,0.0,1
92.0,1788.0,-1,-1.1,0.09,91,900.0,0.0,1
-106.0,1792.0,5,5.0,0.0,139,30000.0,12.0,1
101.0,1741.5,9,6.0,1.2,73,900.0,0.0,1
-169.0,2056.5,-3,-2.4,0.24,112,900.0,5.0,-1
309.0,1259.5,25,23.4,8.04,45,900.0,0.0,1
-305.0,1259.5,-4,-2.7,2.41,62,900.0,0.0,-1
-89.0,1741.5,-14,-11.4,6.840000000000001,52,900.0,0.0,-1
77.0,1741.5,11,8.2,3.3600000000000003,153,900.0,0.0,1
301.0,1259.5,13,11.6,3.2399999999999998,69,900.0,0.0,1
-80.0,1788.0,-9,-2.1,5.49,66,900.0,0.0,-1
-297.0,1259.5,-27,-21.4,11.64,82,900.0,0.0,-1
-63.0,1741.5,-8,-8.0,0.0,130,900.0,0.0,-1
83.0,1797.5,17,15.2,7.5600000000000005,83,30000.0,12.0,1
159.0,2056.5,2,1.9,0.09,79,900.0,5.0,1
300.0,1676.0,10,9.1,0.09,125,900.0,0.0,1
83.0,1741.5,3,2.2,1.56,58,900.0,0.0,-1
-103.0,1741.5,10,1.9,7.289999999999999,57,900.0,0.0,1
368.0,1923.0,-7,-2.4,13.639999999999997,62,1500.0,0.0,-1
87.0,1685.5,-2,-2.0,0.0,74,900.0,0.0,-1
91.0,1741.5,8,7.0,1.2,95,900.0,0.0,1
-149.0,2056.5,-1,0.4,3.8400000000000007,90,900.0,5.0,-1
126.0,1787.0,-9,-8.0,0.4,97,30000.0,12.0,-1
-79.0,1741.5,-3,-3.4,1.64,58,900.0,0.0,-1
67.0,1741.5,9,7.4,8.04,105,900.0,0.0,1
-296.0,1676.0,-4,-1.7,8.41,54,900.0,0.0,-1
-144.0,2297.0,-9,0.0,10.8,66,900.0,0.0,-1
173.0,2056.5,-3,-2.7,0.21000000000000002,64,900.0,5.0,-1
-102.0,1793.0,-15,-13.1,1.69,82,30000.0,12.0,-1
-333.0,1866.5,-2,-1.3,2.41,91,900.0,0.0,-1
-165.0,2056.5,-7,-4.3,11.61,86,900.0,5.0,-1
-402.0,2167.0,-7,-4.6,10.440000000000001,38,900.0,0.0,-1
-206.0,2020.0,-6,-6.0,0.0,178,900.0,0.0,0
75.0,1800.5,10,10.0,0.2,91,30000.0,12.0,1
329.0,1866.5,9,6.4,4.84,61,900.0,0.0,1
155.0,2056.5,18,12.4,13.440000000000001,151,900.0,5.0,1
-436.0,1698.0,-4,-2.9,6.29,53,900.0,0.0,-1
-124.0,1753.0,8,7.1,0.09,133,900.0,0.0,1
-154.0,1585.0,-19,-15.2,14.559999999999999,72,900.0,0.0,-1
-8.0,1485.0,5,-2.9,7.090000000000001,71,900.0,0.0,1
125.0,2098.5,13,8.5,2.25,157,900.0,0.0,1
610.0,1929.0,14,5.7,21.21,48,1980.0,33.0,1
160.0,1585.0,1,1.0,0.0,221,900.0,0.0,0
-15.0,1729.5,6,6.5,2.25,79,1200.0,5.0,1
73.0,1788.5,-8,-3.5,20.25,96,900.0,0.0,-1
-656.0,2040.0,-23,-19.0,16.0,82,900.0,0.0,-1
-210.0,2052.0,0,0.6,0.24000000000000005,34,900.0,0.0,-1
236.0,2052.0,-5,-4.5,0.85,58,900.0,0.0,-1
-262.0,2052.0,4,3.1,0.09,75,900.0,0.0,1
256.0,2052.0,0,-0.6,0.8400000000000001,41,900.0,0.0,1
-250.0,2052.0,0,0.6,0.24000000000000005,34,900.0,0.0,-1
244.0,2052.0,0,-1.0,0.6,53,900.0,0.0,1
-150.0,1585.0,-9,-8.1,0.49000000000000005,73,900.0,0.0,-1
-238.0,2052.0,0,0.6,0.24000000000000005,34,900.0,0.0,-1
-278.0,1894.0,-9,-7.6,6.24,154,900.0,0.0,-1
19.0,1922.5,-2,0.7,6.21,53,2700.0,45.0,1
383.0,2204.5,2,1.4,0.24,98,900.0,0.0,1
164.0,1573.0,3,7.0,4.4,44,900.0,0.0,1
272.0,1894.0,12,8.2,7.76,89,900.0,0.0,1
-282.0,1894.0,6,1.5,2.25,173,900.0,0.0,0
74.0,1683.0,0,-1.8,2.16,37,900.0,0.0,1
232.0,2052.0,0,-1.0,0.6,53,900.0,0.0,1
-258.0,2052.0,1,1.0,0.0,69,900.0,0.0,1
284.0,2052.0,-1,-1.0,0.0,80,900.0,0.0,-1
-278.0,2052.0,0,0.6,0.24000000000000005,34,900.0,0.0,-1
272.0,2052.0,2,-0.6,4.24,57,900.0,0.0,1
276.0,1894.0,13,6.2,22.56,165,900.0,0.0,1
-266.0,2052.0,0,0.6,0.24000000000000005,34,900.0,0.0,-1
-4.0,1718.0,20,17.6,13.440000000000001,129,1500.0,0.0,1
-270.0,1894.0,-5,-0.4,2.4399999999999995,78,900.0,0.0,-1
153.0,1513.5,17,17.0,0.0,107,900.0,2.0,1
-467.0,2602.5,-3,-0.5,2.05,87,900.0,0.0,-1
-60.0,1553.0,-12,-2.9,11.889999999999999,34,900.0,2.0,-1
192.0,1816.0,2,1.1,0.09,55,900.0,0.0,1
-574.0,1946.0,-7,-4.9,1.89,43,1980.0,33.0,-1
-104.0,1613.0,12,8.8,19.96,63,900.0,0.0,1
-572.0,1946.0,-3,-3.1,0.09,94,1980.0,33.0,-1
-91.0,1684.5,15,15.0,0.0,129,900.0,0.0,1
350.0,1852.0,4,2.7,1.01,57,900.0,0.0,1
76.0,1736.0,-2,-1.5,0.25,78,900.0,0.0,-1
-62.0,1736.0,-10,-9.5,0.25,58,900.0,0.0,-1
65.0,1743.5,-2,0.4,1.44,24,900.0,0.0,-1
-70.0,1672.0,-9,-9.0,0.0,242,900.0,0.0,0
-319.0,1814.5,0,0.9,7.290000000000001,40,900.0,0.0,-1
61.0,1732.5,-5,-3.8,0.36,64,900.0,0.0,-1
-51.0,1998.5,1,1.0,0.0,99,900.0,0.0,0
71.0,1998.5,4,2.7,4.01,52,900.0,0.0,-1
18.0,1864.0,0,-0.5,2.25,72,900.0,5.0,-1
-656.0,1676.0,0,0.0,0.0,26,300.0,15.0,-1
-284.0,1728.0,-1,0.5,2.45,62,900.0,2.0,-1
115.0,1683.5,-3,-2.8,2.1599999999999997,146,900.0,0.0,-1
-703.0,1567.5,-20,-9.6,14.440000000000001,36,900.0,0.0,-1
-87.0,1963.5,-2,-2.0,0.0,136,2700.0,45.0,-1
60.0,1623.0,13,13.0,0.0,161,900.0,2.0,1
-28.0,1677.0,0,-0.1,0.09,14,900.0,0.0,-1
12.0,1677.0,9,1.0,7.2,39,900.0,0.0,1
-30.0,1677.0,3,2.1,0.29,87,900.0,0.0,1
702.0,1568.0,16,12.6,3.04,71,900.0,0.0,1
-290.0,1541.0,-4,0.5,2.25,74,600.0,12.0,-1
4.0,1876.0,-4,-4.0,0.0,86,1200.0,0.0,-1
21.0,1673.5,-4,-1.5,1.85,13,900.0,0.0,1
-22.0,1702.0,-1,0.0,4.0,60,900.0,10.0,-1
6.0,1712.0,-8,-7.0,0.2,120,900.0,0.0,-1
25.0,1656.5,-15,-7.1,16.69,61,900.0,12.0,-1
10.0,1712.0,-15,-8.8,39.760000000000005,74,900.0,0.0,-1
-137.0,1683.5,21,20.2,5.76,157,900.0,0.0,1
117.0,1459.5,18,18.0,0.0,75,600.0,12.0,1
4.0,1876.0,1,1.0,0.0,147,1200.0,0.0,0
174.0,1592.0,0,0.1,0.09,19,900.0,0.0,1
-96.0,1455.0,-2,-1.1,0.09,44,600.0,12.0,-1
-59.0,1742.5,3,-2.7,15.209999999999999,75,1200.0,5.0,1
-134.0,1769.0,9,6.5,6.25,117,900.0,10.0,1
73.0,1449.5,12,5.8,8.16,53,600.0,12.0,1
-112.0,1459.0,2,1.1,0.69,27,600.0,12.0,1
5.0,1668.5,0,0.3,0.20999999999999996,12,900.0,0.0,-1
-12.0,1876.0,5,3.5,8.45,79,1200.0,0.0,1
224.0,1597.0,3,2.9,0.09,55,1200.0,5.0,1
4.0,1876.0,-9,-9.0,0.0,72,1200.0,0.0,-1
620.0,2089.0,0,0.9,0.09,16,900.0,0.0,-1
140.0,1632.0,15,12.2,9.959999999999999,67,900.0,0.0,1
-130.0,1632.0,-12,-12.1,0.09,82,900.0,0.0,-1
120.0,1632.0,19,18.1,0.09,111,900.0,0.0,1
-142.0,1632.0,2,1.7,0.21000000000000002,69,900.0,0.0,1
103.0,1868.5,16,15.2,5.76,113,900.0,0.0,1
132.0,1632.0,14,13.7,0.21000000000000002,71,900.0,0.0,1
125.0,1711.5,5,5.0,0.0,125,1200.0,10.0,1
-701.0,1568.5,-17,-13.9,13.09,72,900.0,0.0,-1
84.0,1677.0,-12,-10.0,4.0,128,1200.0,5.0,-1
22.0,1876.0,-8,-8.2,0.5599999999999999,88,1200.0,0.0,-1
-122.0,1632.0,-9,-7.7,8.21,48,900.0,0.0,-1
110.0,1632.0,11,10.7,0.21000000000000002,59,900.0,0.0,1
-98.0,1632.0,-12,-12.3,0.8099999999999999,128,900.0,0.0,-1
40.0,1876.0,-8,-7.7,0.21000000000000002,110,1200.0,0.0,-1
86.0,1632.0,15,10.2,23.759999999999998,129,900.0,0.0,1
-74.0,1632.0,-10,-10.0,0.0,68,900.0,0.0,-1
-76.0,1621.0,18,16.8,0.76,103,900.0,2.0,1
60.0,1632.0,4,3.7,0.8099999999999999,43,900.0,0.0,1
420.0,1796.0,6,6.0,0.0,85,2700.0,45.0,1
-80.0,1632.0,3,-1.3,12.21,43,900.0,0.0,1
68.0,1632.0,4,4.0,0.0,61,900.0,0.0,1
26.0,1876.0,3,2.3,0.21000000000000002,89,1200.0,0.0,1
-54.0,1632.0,-9,-8.9,0.09,106,900.0,0.0,-1
96.0,1621.0,-11,-8.1,6.890000000000001,148,900.0,2.0,-1
700.0,1569.0,12,9.6,3.2399999999999998,39,900.0,0.0,1
477.0,1844.5,-1,-0.4,0.64,23,900.0,0.0,1
11.0,1608.5,-16,-14.6,8.440000000000001,152,1800.0,0.0,-1
10.0,1876.0,7,5.1,7.49,101,1200.0,0.0,1
127.0,1683.5,-3,-1.7,2.4099999999999997,111,900.0,0.0,1
183.0,1754.5,14,6.2,8.959999999999999,91,900.0,0.0,1
28.0,1876.0,-20,-20.0,0.0,118,1200.0,0.0,-1
-96.0,1653.0,5,3.1,7.890000000000001,75,900.0,0.0,1
81.0,1632.5,-9,-9.0,0.0,194,900.0,0.0,-1
-699.0,1569.5,1,1.4,0.24,72,900.0,0.0,-1
46.0,1876.0,-9,-7.3,6.01,96,1200.0,0.0,-1
-101.0,1632.5,18,7.3,16.809999999999995,87,900.0,0.0,1
84.0,1653.0,0,0.0,0.0,77,900.0,0.0,1
105.0,1632.5,10,5.0,3.0,125,900.0,0.0,0
-21.0,1669.5,-1,-3.3,0.8099999999999999,67,1200.0,0.0,1
-44.0,1977.0,0,0.0,0.0,22,2700.0,45.0,-1
-93.0,1632.5,-15,-10.5,2.25,76,900.0,0.0,-1
115.0,1632.5,-13,-10.0,4.2,104,900.0,0.0,-1
32.0,1876.0,-7,-0.6,10.240000000000002,145,1200.0,0.0,1
-137.0,1632.5,12,8.1,2.29,61,900.0,0.0,1
159.0,1632.5,-11,-8.1,3.69,110,900.0,0.0,-1
-83.0,1864.5,-10,-6.4,19.44,64,900.0,0.0,-1
-149.0,1632.5,-18,-9.7,8.81,144,900.0,0.0,-1
139.0,1632.5,22,14.5,16.85,93,900.0,0.0,1
71.0,1639.5,-10,-6.4,13.24,48,900.0,0.0,-1
-161.0,1632.5,12,6.4,13.440000000000001,131,900.0,0.0,1
151.0,1632.5,8,5.8,1.56,83,900.0,0.0,1
-141.0,1632.5,-19,-10.2,9.76,94,900.0,0.0,-1
-41.0,1652.5,3,3.5,2.25,67,900.0,0.0,1
-146.0,1893.0,0,1.3,13.61,162,900.0,0.0,0
163.0,1632.5,-10,-10.0,0.0,168,900.0,0.0,-1
51.0,1731.5,-1,-0.7,0.21000000000000002,88,900.0,0.0,-1
-153.0,1632.5,-6,1.3,6.01,74,900.0,0.0,-1
143.0,1632.5,7,0.5,10.05,57,900.0,0.0,1
-167.0,1632.5,11,5.8,8.559999999999999,117,900.0,0.0,1
16.0,1876.0,1,4.3,2.81,87,1200.0,0.0,1
-37.0,1613.5,0,0.0,0.0,45,900.0,0.0,1
157.0,1632.5,16,17.2,4.36,81,900.0,0.0,1
60.0,1669.0,1,1.7,0.21000000000000002,99,900.0,0.0,1
-147.0,1632.5,-17,-6.6,29.840000000000003,90,900.0,0.0,-1
-289.0,1527.5,-8,-7.7,0.21000000000000002,88,900.0,0.0,-1
655.0,2147.5,5,5.0,0.0,93,900.0,0.0,1
21.0,1613.5,9,9.0,0.0,153,900.0,0.0,1
-71.0,1984.5,-8,-3.0,3.8,50,900.0,0.0,-1
-219.0,1592.5,0,0.3,0.8100000000000002,18,900.0,0.0,-1
229.0,1592.5,0,0.0,0.0,77,900.0,0.0,0
288.0,1786.0,4,1.9,7.089999999999999,67,900.0,0.0,1
-221.0,1592.5,-1,-1.1,6.49,40,900.0,0.0,-1
-189.0,1685.5,-5,-1.8,6.960000000000001,43,900.0,0.0,1
283.0,1527.5,7,6.5,0.25,75,900.0,0.0,1
181.0,1685.5,17,17.0,0.0,113,900.0,0.0,1
231.0,1592.5,4,4.0,0.0,91,900.0,0.0,0
-426.0,1622.0,-14,-10.1,25.890000000000004,42,900.0,0.0,-1
-173.0,1685.5,-11,-8.7,8.41,54,900.0,0.0,-1
-225.0,1592.5,-3,0.1,1.8900000000000001,52,900.0,0.0,-1
-453.0,2168.5,-1,-1.2,4.16,100,900.0,0.0,-1
164.0,1686.0,24,22.5,0.45,87,900.0,0.0,1
217.0,1592.5,4,0.2,2.7600000000000002,13,900.0,0.0,1
-349.0,1802.5,-1,-0.5,2.25,47,900.0,0.0,1
-209.0,1592.5,-1,-0.4,0.24000000000000005,28,900.0,0.0,-1
-277.0,1527.5,-16,-13.0,8.4,45,900.0,0.0,-1
235.0,1592.5,-9,-8.9,0.09,96,900.0,0.0,-1
-229.0,1592.5,-3,1.6,2.4399999999999995,48,900.0,0.0,-1
-247.0,1731.5,-16,-13.6,13.440000000000001,144,900.0,0.0,-1
221.0,1592.5,4,-0.8,3.3600000000000003,31,900.0,0.0,1
-213.0,1592.5,-1,-0.1,7.290000000000001,36,900.0,0.0,-1
205.0,1592.5,5,1.0,3.6,29,900.0,0.0,1
-197.0,1592.5,-1,1.5,10.65,62,900.0,0.0,-1
260.0,2052.0,3,2.9,0.09,125,900.0,0.0,1
451.0,2168.5,4,4.2,2.7600000000000002,73,900.0,0.0,1
221.0,1592.5,-14,-6.8,5.76,78,900.0,0.0,-1
40.0,1698.0,7,1.4,11.84,43,900.0,0.0,1
25.0,1880.5,-13,-7.4,13.440000000000001,122,1200.0,0.0,-1
-213.0,1592.5,-4,-0.5,2.65,26,900.0,0.0,-1
78.0,1637.0,-9,-3.8,23.16,124,900.0,0.0,-1
11.0,1771.5,10,1.2,9.16,49,900.0,0.0,1
223.0,1592.5,-3,-3.5,2.25,107,900.0,0.0,0
-215.0,1592.5,-2,-2.3,0.21000000000000002,50,900.0,0.0,-1
207.0,1592.5,3,2.1,0.09,67,900.0,0.0,1
-199.0,1592.5,1,-0.4,2.2399999999999998,50,900.0,0.0,-1
-98.0,1637.0,0,-0.7,1.41,45,900.0,0.0,1
43.0,1880.5,-12,-3.6,8.040000000000001,70,1200.0,0.0,-1
191.0,1592.5,1,0.0,7.2,27,900.0,0.0,1
-183.0,1592.5,-4,-2.8,4.16,46,900.0,0.0,-1
175.0,1592.5,2,1.1,0.09,43,900.0,0.0,1
-167.0,1592.5,-1,-0.2,0.16000000000000003,26,900.0,0.0,-1
54.0,1606.0,-2,-0.4,2.64,36,900.0,0.0,-1
110.0,1673.0,-4,-3.3,0.21000000000000002,96,900.0,0.0,-1
-74.0,1606.0,5,-1.2,8.16,59,900.0,0.0,1
175.0,1592.5,-1,-1.0,0.0,68,900.0,0.0,0
55.0,1776.5,3,2.9,0.09,79,900.0,0.0,1
-167.0,1592.5,-11,-2.1,9.89,34,900.0,0.0,-1
94.0,1606.0,5,9.5,20.25,56,900.0,0.0,-1
191.0,1592.5,-11,-5.4,13.440000000000001,112,900.0,0.0,-1
-254.0,2052.0,0,0.6,0.24000000000000005,34,900.0,0.0,-1
248.0,2052.0,0,-1.0,0.6,53,900.0,0.0,1
-242.0,2052.0,0,0.6,0.24000000000000005,34,900.0,0.0,-1
61.0,1880.5,3,0.0,6.0,84,1200.0,0.0,-1
252.0,2052.0,2,2.0,0.0,212,900.0,0.0,0
-82.0,1606.0,-15,-15.0,0.0,116,900.0,0.0,-1
-183.0,1592.5,-1,0.2,0.96,26,900.0,0.0,-1
175.0,1592.5,2,-1.1,1.49,43,900.0,0.0,1
-246.0,2052.0,0,0.6,0.24000000000000005,34,900.0,0.0,-1
-167.0,1592.5,0,0.0,0.0,56,900.0,0.0,-1
86.0,1606.0,3,2.2,0.5599999999999999,108,900.0,0.0,0
240.0,2052.0,0,-1.0,0.6,53,900.0,0.0,1
157.0,1592.5,3,1.7,0.41,51,900.0,0.0,1
96.0,1564.0,14,7.3,15.809999999999999,119,900.0,0.0,1
-164.0,1592.0,0,0.3,0.8100000000000002,20,900.0,0.0,0
-74.0,1606.0,-15,-13.8,3.3600000000000003,84,900.0,0.0,-1
-43.0,1690.5,0,0.0,0.0,44,1200.0,5.0,-1
104.0,1670.0,9,5.9,11.49,89,900.0,0.0,1
-84.0,1967.0,4,3.1,19.29,74,2700.0,45.0,1
49.0,1912.5,-5,-5.0,7.2,42,900.0,5.0,-1
160.0,1654.0,9,4.2,3.3600000000000003,69,900.0,0.0,1
139.0,1515.5,-20,-17.5,6.25,122,900.0,0.0,-1
29.0,1690.5,0,0.8,7.56,29,1200.0,5.0,1
-166.0,1663.0,-1,-0.2,0.16000000000000003,61,900.0,0.0,1
25.0,1614.5,-8,-7.7,0.21000000000000002,84,900.0,0.0,-1
-15.0,1720.5,-10,-1.9,8.69,54,1200.0,5.0,-1
259.0,1541.5,16,15.2,5.76,117,900.0,0.0,1
-185.0,1665.5,2,1.5,0.25,81,900.0,0.0,1
75.0,1893.5,8,8.0,0.0,165,900.0,5.0,1
-48.0,1477.0,0,0.0,0.0,114,900.0,0.0,-1
0.0,1635.0,2,1.9,0.09,95,900.0,0.0,1
95.0,1618.5,0,0.9,0.09,210,900.0,0.0,0
-74.0,1793.0,-10,-5.0,10.8,140,900.0,0.0,-1
-234.0,2052.0,0,0.6,0.24000000000000005,34,900.0,0.0,-1
228.0,2052.0,0,-1.0,0.6,53,900.0,0.0,1
-238.0,2052.0,-1,-1.0,0.0,78,900.0,0.0,0
232.0,2052.0,0,-1.0,0.6,53,900.0,0.0,1
85.0,1537.5,-13,-4.9,7.290000000000001,78,900.0,0.0,-1
325.0,1855.5,5,4.1,7.290000000000001,81,900.0,0.0,1
-40.0,1654.0,3,0.8,1.3599999999999999,145,900.0,0.0,0
-121.0,1620.5,10,5.5,8.25,95,900.0,0.0,1
-26.0,2023.0,8,4.0,16.0,115,900.0,0.0,1
-133.0,1599.5,-1,-2.1,1.29,76,900.0,0.0,-1
107.0,1619.5,2,4.4,1.44,77,900.0,0.0,1
123.0,1599.5,0,-4.8,4.16,69,900.0,0.0,1
88.0,1806.0,6,6.0,0.0,147,900.0,0.0,1
-113.0,1599.5,-13,-3.8,23.36,82,900.0,0.0,-1
-296.0,1247.0,-26,-26.0,0.0,86,900.0,0.0,-1
-337.0,1855.5,0,0.0,0.0,55,900.0,0.0,0
135.0,1599.5,0,-0.3,0.8100000000000002,18,900.0,0.0,-1
-125.0,1599.5,2,2.0,0.0,94,900.0,0.0,-1
43.0,1734.5,-20,-20.0,0.0,64,900.0,0.0,-1
-91.0,1454.5,-14,-12.9,5.09,68,600.0,12.0,-1
-134.0,1622.0,-2,-0.5,1.05,49,900.0,0.0,1
115.0,1599.5,2,2.0,0.0,69,900.0,0.0,1
-15.0,1635.5,-8,-6.0,6.0,75,900.0,0.0,1
-103.0,1599.5,-12,-2.3,12.809999999999999,26,900.0,0.0,-1
121.0,1620.5,0,0.0,0.0,13,900.0,0.0,1
-106.0,1619.0,-1,-0.1,0.09,14,900.0,0.0,-1
79.0,1454.5,2,0.8,0.76,35,600.0,12.0,1
26.0,2022.0,-1,-1.0,0.0,84,900.0,0.0,0
125.0,1599.5,0,-0.3,0.8100000000000002,18,900.0,0.0,-1
125.0,1599.5,0,-0.3,0.8100000000000002,18,900.0,0.0,-1
135.0,1622.5,-13,-5.9,22.69,58,900.0,0.0,-1
-65.0,1454.5,-11,-8.1,1.09,58,600.0,12.0,-1
103.0,1599.5,-3,-3.0,0.0,107,900.0,0.0,1
333.0,1855.5,5,4.2,0.15999999999999998,59,900.0,0.0,1
46.0,1688.0,1,3.5,6.25,76,900.0,0.0,-1
-91.0,1599.5,-7,-0.4,5.639999999999999,26,900.0,0.0,-1
111.0,1599.5,0,-0.3,0.8100000000000002,20,900.0,0.0,-1
-99.0,1599.5,-5,-2.0,3.6,52,900.0,0.0,-1
51.0,1454.5,10,8.3,3.81,85,600.0,12.0,1
121.0,1599.5,-10,-7.2,0.96,58,900.0,0.0,-1
-109.0,1599.5,-7,-1.7,3.41,40,900.0,0.0,-1
147.0,1623.5,-9,-2.0,5.6,96,900.0,0.0,-1
-30.0,1735.0,-4,-3.7,0.21000000000000002,90,900.0,0.0,-1
131.0,1599.5,-12,-9.8,2.16,104,900.0,0.0,-1
-76.0,2007.0,1,0.9,0.09,129,900.0,5.0,1
-37.0,1454.5,-7,-2.4,2.4399999999999995,44,600.0,12.0,-1
-201.0,1745.5,-7,-6.4,15.24,100,2700.0,0.0,-1
-121.0,1599.5,-4,0.7,3.41,16,900.0,0.0,-1
143.0,1599.5,0,-0.3,0.8100000000000002,18,900.0,0.0,-1
-133.0,1599.5,-4,-5.9,1.09,54,900.0,0.0,-1
123.0,1599.5,1,2.8,1.7600000000000002,123,900.0,0.0,1
23.0,1454.5,11,2.5,8.25,55,600.0,12.0,1
128.0,1831.0,6,2.0,9.0,67,900.0,0.0,1
-113.0,1599.5,-2,-0.2,3.7600000000000002,62,900.0,0.0,-1
-7.0,1454.5,-8,-4.4,10.440000000000001,22,600.0,12.0,-1
-9.0,1454.5,-1,-1.0,0.0,111,600.0,12.0,1
101.0,1599.5,9,4.9,5.89,39,900.0,0.0,1
548.0,1825.0,16,6.9,32.29,53,900.0,0.0,1
14.0,1735.0,4,2.8,14.76,63,900.0,0.0,1
335.0,1855.5,-1,0.2,6.959999999999999,64,2700.0,45.0,-1
-123.0,1599.5,15,7.8,5.76,145,900.0,0.0,1
-613.0,2062.5,-11,-6.5,15.65,60,900.0,0.0,-1
61.0,1473.5,-2,-2.9,1.89,58,900.0,0.0,-1
-39.0,1785.5,3,3.0,0.0,80,900.0,0.0,0
111.0,1599.5,0,0.0,0.0,135,900.0,0.0,1
-7.0,1454.5,18,13.9,19.490000000000002,91,600.0,12.0,1
-133.0,1599.5,10,8.5,6.45,139,900.0,0.0,1
123.0,1599.5,-1,-1.0,0.0,69,900.0,0.0,1
-65.0,2005.5,-10,-2.7,11.61,112,900.0,0.0,-1
-113.0,1599.5,-2,-1.3,0.21000000000000002,58,900.0,0.0,-1
-82.0,1473.0,-1,1.8,6.960000000000001,49,900.0,0.0,1
101.0,1599.5,9,0.3,9.809999999999999,29,900.0,0.0,1
-89.0,1599.5,-5,-4.3,1.61,72,900.0,0.0,-1
119.0,1830.5,5,4.5,0.25,87,900.0,0.0,1
-116.0,1681.0,10,1.4,8.44,67,900.0,0.0,1
-59.0,1680.5,-12,-10.6,0.44000000000000006,88,900.0,0.0,-1
264.0,2234.0,9,5.4,5.64,71,900.0,0.0,1
69.0,2005.5,0,0.2,0.16000000000000003,127,900.0,0.0,0
232.0,1890.0,7,2.5,2.25,111,900.0,0.0,1
-30.0,1947.0,-2,-2.0,0.0,96,900.0,5.0,-1
-49.0,1718.5,11,11.0,0.0,150,900.0,0.0,0
72.0,1684.0,6,3.1,11.89,69,1200.0,10.0,1
76.0,1667.0,7,6.6,2.6399999999999997,69,900.0,0.0,1
-55.0,2005.5,-8,-8.0,0.0,102,900.0,0.0,-1
49.0,1613.5,-9,-0.4,8.44,56,900.0,0.0,-1
-56.0,1978.0,-1,-1.0,0.0,208,900.0,0.0,-1
11.0,2019.5,2,1.5,0.65,69,900.0,0.0,1
12.0,1741.0,-6,-5.1,0.09,64,900.0,0.0,-1
80.0,1605.0,0,0.0,0.0,21,900.0,0.0,1
4.0,1741.0,0,0.6,0.8400000000000001,30,900.0,0.0,-1
-1.0,1734.5,-2,-2.0,0.0,36,900.0,0.0,-1
-29.0,2019.5,8,2.5,11.05,83,900.0,0.0,1
76.0,1978.0,0,0.2,0.96,58,900.0,0.0,-1
-8.0,1709.0,2,-0.7,0.8100000000000002,81,1200.0,5.0,1
-237.0,1900.5,-1,-1.0,0.0,234,900.0,0.0,-1
47.0,1673.5,2,2.0,0.0,162,900.0,10.0,-1
141.0,1637.5,-14,-10.0,16.0,56,900.0,0.0,-1
13.0,2019.5,1,0.9,0.49000000000000005,69,900.0,0.0,1
-46.0,1920.0,3,3.0,0.0,95,900.0,0.0,1
-175.0,1568.5,13,7.4,13.440000000000001,113,900.0,0.0,1
-261.0,1634.5,-4,-0.3,1.61,36,900.0,0.0,-1
-610.0,2061.0,-14,-12.6,2.44,76,900.0,0.0,-1
-114.0,1580.0,-2,-2.5,2.25,54,900.0,0.0,-1
255.0,1634.5,2,1.2,0.36,59,900.0,0.0,1
-137.0,1831.5,0,-0.1,0.29000000000000004,125,900.0,0.0,0
134.0,1171.0,27,18.7,17.61,93,900.0,0.0,1
59.0,1976.5,1,1.6,8.040000000000001,55,900.0,0.0,1
207.0,1727.5,20,16.0,16.0,117,900.0,0.0,1
584.0,1720.0,2,1.5,2.25,32,1200.0,0.0,1
-526.0,2102.0,-9,-8.1,1.89,60,900.0,0.0,-1
-107.0,1779.5,-1,-1.9,1.29,42,900.0,0.0,-1
-139.0,2093.5,-9,-4.9,8.690000000000001,54,900.0,0.0,-1
-79.0,1976.5,5,2.8,5.5600000000000005,75,900.0,0.0,1
-545.0,1828.5,-18,-17.2,5.76,74,900.0,0.0,-1
-550.0,1720.0,-19,-19.0,0.0,108,1200.0,0.0,-1
95.0,1779.5,5,1.6,2.6399999999999997,21,900.0,0.0,1
-199.0,1727.5,-5,-3.5,10.65,102,900.0,0.0,-1
161.0,1741.5,6,5.2,3.16,91,900.0,0.0,1
129.0,2093.5,1,-0.2,0.96,37,900.0,0.0,1
575.0,1828.5,-11,-3.9,24.09,52,900.0,0.0,-1
77.0,1981.5,2,1.3,0.21000000000000002,179,900.0,0.0,1
214.0,2047.0,0,-1.0,0.6,53,900.0,0.0,1
-206.0,2047.0,0,0.6,0.24000000000000005,34,900.0,0.0,-1
616.0,2533.0,5,1.2,1.7599999999999998,65,900.0,1.0,1
724.0,1582.0,19,18.2,5.76,99,900.0,0.0,1
-176.0,1602.0,-2,-1.5,0.25,134,900.0,0.0,-1
-573.0,1828.5,-19,-15.4,8.64,62,900.0,0.0,-1
-136.0,1718.0,0,-0.1,0.09,121,900.0,0.0,1
-84.0,1668.0,4,4.0,0.0,94,900.0,0.0,0
-724.0,1582.0,-8,-7.7,0.21000000000000002,74,900.0,0.0,-1
118.0,1619.0,3,3.9,1.49,47,900.0,0.0,1
-48.0,2039.0,2,2.0,0.0,145,900.0,0.0,0
126.0,1718.0,14,6.9,22.89,117,900.0,0.0,1
-106.0,1585.0,5,4.1,1.29,75,900.0,0.0,1
723.0,1582.5,1,0.0,0.2,45,900.0,0.0,1
-148.0,1718.0,0,-0.1,1.8900000000000001,41,900.0,0.0,1
138.0,1718.0,6,0.8,6.36,79,900.0,0.0,1
-79.0,1726.5,28,27.2,5.76,135,1500.0,0.0,1
94.0,1585.0,19,19.0,0.0,95,900.0,0.0,1
-128.0,1718.0,-11,-9.8,7.56,60,900.0,0.0,-1
36.0,1726.0,-4,-3.0,0.2,30,900.0,0.0,-1
118.0,1718.0,10,9.1,0.09,111,900.0,0.0,1
-60.0,1723.0,2,2.0,0.0,25,900.0,0.0,1
72.0,1668.0,-2,-0.9,1.29,31,900.0,0.0,1
-106.0,1718.0,-11,-10.3,0.21000000000000002,82,900.0,0.0,-1
198.0,2047.0,0,-1.0,0.6,53,900.0,0.0,1
-190.0,2047.0,0,0.6,0.24000000000000005,34,900.0,0.0,-1
182.0,2047.0,3,1.2,8.36,65,900.0,0.0,1
-174.0,2047.0,0,0.6,0.24000000000000005,34,900.0,0.0,-1
166.0,2047.0,0,-1.0,0.6,53,900.0,0.0,1
130.0,1584.0,4,4.1,0.29,101,900.0,0.0,1
-156.0,2047.0,0,0.6,0.24000000000000005,34,900.0,0.0,-1
180.0,2047.0,-8,-0.5,6.45,50,900.0,0.0,-1
-172.0,2047.0,0,0.6,0.24000000000000005,34,900.0,0.0,-1
162.0,2047.0,0,-1.0,0.6,53,900.0,0.0,1
-152.0,2047.0,0,0.6,0.24000000000000005,34,900.0,0.0,-1
-287.0,1637.5,4,2.6,0.44000000000000006,61,900.0,0.0,1
130.0,1757.0,6,5.1,0.09,113,900.0,10.0,1
-76.0,1738.0,12,12.0,0.0,135,900.0,0.0,1
130.0,2295.0,3,2.7,0.21000000000000002,133,900.0,0.0,1
-166.0,1578.0,1,5.5,2.25,114,900.0,0.0,-1
47.0,1879.5,20,14.8,11.76,135,900.0,0.0,1
374.0,2205.0,2,1.1,7.289999999999999,79,900.0,0.0,1
-124.0,1171.0,-35,-32.0,4.2,74,900.0,0.0,-1
-24.0,1680.0,-11,-8.4,4.24,88,900.0,0.0,-1
-29.0,1921.5,-3,-3.0,0.0,114,900.0,0.0,-1
-24.0,1665.0,18,7.9,17.29,111,900.0,0.0,1
1.0,2367.5,-3,-3.0,0.0,107,900.0,0.0,-1
31.0,1925.5,-6,-6.0,0.0,178,2700.0,45.0,-1
80.0,1778.0,2,-0.2,1.3599999999999999,47,900.0,0.0,1
-96.0,1614.0,0,0.0,0.0,14,900.0,0.0,-1
118.0,1614.0,-9,-8.9,0.09,110,900.0,0.0,-1
-140.0,1614.0,10,6.5,5.25,91,900.0,0.0,1
162.0,1614.0,0,-0.3,0.8100000000000002,18,900.0,0.0,-1
-152.0,1614.0,-1,-1.3,0.8100000000000002,70,900.0,0.0,-1
176.0,1614.0,0,-0.3,0.8100000000000002,18,900.0,0.0,-1
-168.0,1614.0,-6,-2.1,10.889999999999999,36,900.0,0.0,-1
192.0,1614.0,0,0.5,0.25,32,900.0,0.0,-1
-184.0,1614.0,-8,-6.7,7.410000000000001,54,900.0,0.0,-1
-85.0,1785.5,8,7.1,4.29,115,900.0,0.0,1
-258.0,1689.0,-15,-13.6,0.44000000000000006,52,900.0,0.0,-1
247.0,2241.5,13,5.0,30.0,71,900.0,0.0,1
-158.0,1622.0,-9,-9.8,0.16,70,900.0,0.0,-1
182.0,1622.0,4,7.0,5.4,52,900.0,0.0,-1
-174.0,1622.0,-25,-21.0,9.0,64,900.0,0.0,-1
318.0,1675.0,0,-1.3,7.210000000000001,122,900.0,0.0,0
166.0,1622.0,15,10.4,21.240000000000002,99,900.0,0.0,1
21.0,1761.5,7,-1.8,8.760000000000002,65,900.0,0.0,1
142.0,2047.0,0,-1.0,0.6,53,900.0,0.0,1
-156.0,1622.0,-10,-11.2,2.16,76,900.0,0.0,-1
-132.0,2047.0,0,0.6,0.24000000000000005,34,900.0,0.0,-1
146.0,1622.0,14,11.8,2.16,39,900.0,0.0,1
565.0,1834.5,15,15.0,0.0,95,900.0,0.0,1
-136.0,1622.0,-16,-13.7,10.41,66,900.0,0.0,-1
18.0,1750.0,-8,-2.7,4.61,90,900.0,0.0,-1
126.0,1622.0,11,11.0,0.6,81,900.0,0.0,1
-208.0,1624.0,-7,-4.8,0.76,60,900.0,0.0,-1
-118.0,1786.0,7,6.4,15.84,75,900.0,0.0,1
-148.0,1622.0,8,6.3,4.21,67,900.0,0.0,1
138.0,1622.0,17,13.0,2.8,75,900.0,0.0,1
-66.0,1735.0,6,5.3,2.41,71,900.0,0.0,1
-160.0,1622.0,-17,-15.5,2.25,65,900.0,0.0,1
184.0,1622.0,-2,-0.7,2.21,46,900.0,0.0,-1
-208.0,1622.0,9,5.8,7.960000000000001,137,900.0,0.0,1
122.0,2047.0,5,0.8,16.56,63,900.0,0.0,1
-144.0,2047.0,3,0.3,6.610000000000001,81,900.0,0.0,1
36.0,1751.0,2,2.0,0.0,72,900.0,0.0,0
200.0,1622.0,16,16.3,0.8099999999999999,65,900.0,0.0,1
-90.0,1773.0,-9,-4.8,2.76,68,1200.0,30.0,-1
-192.0,1622.0,-17,-13.8,9.959999999999999,96,900.0,0.0,-1
134.0,2047.0,0,-0.6,0.8400000000000001,41,900.0,0.0,1
-124.0,2047.0,0,0.6,0.24000000000000005,34,900.0,0.0,-1
112.0,2047.0,0,-1.0,0.6,53,900.0,0.0,1
216.0,1622.0,0,0.0,0.0,36,900.0,0.0,-1
-208.0,1622.0,-9,-9.0,0.0,94,900.0,0.0,-1
62.0,1807.0,3,3.9,4.29,67,900.0,0.0,1
200.0,1622.0,6,5.6,0.8400000000000001,39,900.0,0.0,1
-208.0,1622.0,1,1.0,0.0,73,900.0,0.0,0
200.0,1622.0,16,13.6,13.440000000000001,93,900.0,0.0,1
-192.0,1622.0,-10,-10.0,0.0,74,900.0,0.0,-1
184.0,1622.0,8,3.5,20.25,107,900.0,0.0,1
155.0,1907.5,2,0.7,2.6100000000000003,39,900.0,0.0,1
-176.0,1622.0,-10,-9.1,0.09,84,900.0,0.0,-1
-106.0,2044.0,-7,-2.1,4.290000000000001,54,900.0,0.0,-1
94.0,2044.0,0,-1.0,0.6,53,900.0,0.0,1
-123.0,1777.5,2,2.0,0.0,139,900.0,0.0,1
-116.0,2044.0,1,0.7,0.21000000000000002,39,900.0,0.0,1
168.0,1622.0,11,7.5,13.65,51,900.0,0.0,1
-158.0,1622.0,-13,-7.3,6.609999999999999,80,900.0,0.0,-1
-142.0,1628.0,-22,-18.3,7.409999999999999,50,900.0,0.0,-1
148.0,1622.0,10,8.7,1.21,33,900.0,0.0,1
-138.0,1622.0,-19,-18.5,0.25,70,900.0,0.0,-1
-62.0,1738.0,-6,-2.0,2.0,50,900.0,0.0,-1
128.0,1622.0,9,6.3,15.41,35,900.0,0.0,1
-118.0,1622.0,-6,-5.7,0.8099999999999999,60,900.0,0.0,-1
104.0,2044.0,0,-1.0,0.6,53,900.0,0.0,1
-92.0,2044.0,-6,-0.8,7.960000000000001,60,900.0,0.0,-1
140.0,1622.0,-11,-8.4,9.04,120,900.0,0.0,-1
80.0,2044.0,0,-0.6,0.8400000000000001,41,900.0,0.0,1
-84.0,2044.0,-2,-2.0,0.0,129,900.0,0.0,0
594.0,2067.0,10,9.0,2.4,71,900.0,0.0,1
-130.0,1622.0,-27,-23.2,14.559999999999999,118,900.0,0.0,-1
104.0,2044.0,-8,-3.2,3.96,64,900.0,0.0,-1
120.0,1622.0,18,18.0,0.0,109,900.0,0.0,1
-126.0,2044.0,3,-1.5,2.25,61,900.0,0.0,1
-142.0,1622.0,-1,-1.0,0.0,97,900.0,0.0,1
116.0,2044.0,0,-1.0,0.6,53,900.0,0.0,1
166.0,1622.0,0,-0.2,1.7599999999999998,62,900.0,0.0,-1
421.0,2152.5,12,8.3,2.0100000000000002,113,900.0,0.0,1
-156.0,1622.0,-8,-4.4,6.840000000000001,74,900.0,0.0,-1
146.0,1622.0,15,8.0,22.8,85,900.0,0.0,1
-170.0,1622.0,9,0.6,8.040000000000001,49,900.0,0.0,1
160.0,1622.0,12,11.8,0.16,67,900.0,0.0,1
370.0,2205.0,0,-1.5,0.65,55,900.0,0.0,1
-150.0,1622.0,-8,-4.0,4.0,54,900.0,0.0,-1
140.0,1622.0,23,18.4,5.84,79,900.0,0.0,1
-130.0,1622.0,-18,-15.8,6.36,74,900.0,0.0,-1
120.0,1622.0,5,2.9,1.89,43,900.0,0.0,1
-765.0,1603.5,-2,-2.0,0.6,54,900.0,0.0,-1
-108.0,1622.0,-21,-19.0,6.0,82,900.0,0.0,-1
158.0,1936.0,7,5.8,1.16,67,900.0,0.0,1
96.0,1622.0,17,15.5,1.05,111,900.0,0.0,1
132.0,1628.0,27,18.8,31.96,113,900.0,0.0,1
-84.0,1622.0,-21,-17.0,16.0,88,900.0,0.0,-1
765.0,1603.5,10,1.1,9.09,31,900.0,0.0,1
104.0,1622.0,-7,-3.9,5.49,44,900.0,0.0,-1
-92.0,1622.0,-16,-13.8,3.3600000000000003,184,900.0,0.0,-1
-108.0,1752.0,-5,-4.3,0.21000000000000002,76,900.0,10.0,-1
80.0,1622.0,7,6.7,0.8099999999999999,61,900.0,0.0,1
-765.0,1603.5,-13,-12.5,0.25,120,900.0,0.0,-1
133.0,1506.5,-7,-7.0,0.0,58,600.0,12.0,-1
-100.0,1622.0,-5,-7.1,1.29,65,900.0,0.0,1
145.0,1777.5,-9,-9.0,0.0,124,900.0,0.0,-1
122.0,1622.0,-8,-7.9,0.09,126,900.0,0.0,-1
-405.0,2202.5,4,3.9,0.09,135,900.0,0.0,1
-144.0,1622.0,10,8.8,2.7600000000000002,119,900.0,0.0,1
134.0,1622.0,7,5.5,3.65,45,900.0,0.0,1
-122.0,2044.0,-1,-1.0,0.0,233,900.0,0.0,0
-124.0,1622.0,-12,-3.0,21.6,54,900.0,0.0,-1
116.0,1488.0,-1,1.1,0.69,26,600.0,12.0,-1
96.0,1752.0,7,6.7,0.21000000000000002,105,900.0,10.0,1
114.0,1622.0,14,13.4,1.44,87,900.0,0.0,1
-102.0,1622.0,-17,-13.7,6.01,78,900.0,0.0,-1
90.0,1622.0,12,3.4,10.44,79,900.0,0.0,1
-110.0,1622.0,6,6.5,0.45,79,900.0,0.0,1
98.0,1622.0,27,27.0,0.0,97,900.0,0.0,1
87.0,1883.5,-5,-5.0,0.0,132,900.0,0.0,-1
403.0,2202.5,2,1.5,0.25,119,900.0,0.0,1
-86.0,1622.0,-13,-4.9,7.290000000000001,82,900.0,0.0,-1
74.0,1622.0,8,5.4,2.04,73,900.0,0.0,1
17.0,1429.5,-10,-1.6,8.84,54,600.0,12.0,-1
-60.0,1622.0,-8,-8.0,0.0,54,900.0,0.0,-1
46.0,1622.0,22,20.5,5.25,95,900.0,0.0,1
393.0,2164.5,7,5.8,3.96,43,900.0,0.0,1
79.0,1788.5,-6,-6.0,0.0,150,900.0,0.0,-1
-84.0,1752.0,-5,-4.9,0.09,98,900.0,10.0,-1
-64.0,1622.0,-2,-6.1,4.49,85,900.0,0.0,1
84.0,1622.0,-11,-6.0,3.0,66,900.0,0.0,-1
-104.0,1622.0,-2,-2.9,1.89,81,900.0,0.0,1
229.0,1555.5,9,8.8,1.56,51,600.0,12.0,1
126.0,1622.0,-7,-7.0,0.0,120,900.0,0.0,-1
-116.0,1622.0,-1,-0.1,0.09,30,900.0,0.0,-1
104.0,1622.0,12,10.5,2.25,75,900.0,0.0,1
-16.0,1705.0,2,0.4,0.44000000000000006,71,1200.0,5.0,1
-83.0,1788.5,3,3.0,0.0,186,900.0,0.0,0
-92.0,1622.0,-19,-12.5,14.65,104,900.0,0.0,-1
114.0,1622.0,5,5.6,3.2399999999999998,64,900.0,0.0,-1
-136.0,1622.0,0,0.1,0.09,39,900.0,0.0,1
158.0,1622.0,-1,-0.4,5.039999999999999,68,900.0,0.0,-1
-148.0,1622.0,0,2.6,2.04,48,900.0,0.0,-1
172.0,1622.0,-1,-2.7,4.21,82,900.0,0.0,-1
-162.0,1622.0,-15,-11.6,6.840000000000001,104,900.0,0.0,-1
152.0,1622.0,0,0.0,0.0,29,900.0,0.0,1
-142.0,1622.0,-18,-17.9,0.09,90,900.0,0.0,-1
132.0,1622.0,14,16.4,1.44,73,900.0,0.0,1
-122.0,1622.0,-22,-18.0,16.0,132,900.0,0.0,-1
110.0,1622.0,22,15.8,11.36,87,900.0,0.0,1
-132.0,1622.0,-4,-8.1,16.89,79,900.0,0.0,1
-238.0,2239.0,-6,-5.1,0.09,66,900.0,0.0,-1
-73.0,1739.5,5,5.0,0.0,68,900.0,0.0,1
154.0,1622.0,-2,-1.9,0.09,46,900.0,0.0,-1
-144.0,1622.0,-12,-11.9,0.09,74,900.0,0.0,-1
146.0,1171.0,-8,-8.3,10.41,76,900.0,0.0,-1
-85.0,1968.5,1,1.5,0.45,81,900.0,0.0,1
134.0,1622.0,19,14.9,16.89,91,900.0,0.0,1
-124.0,1622.0,-21,-16.8,9.76,110,900.0,0.0,-1
114.0,1622.0,1,0.1,0.09,19,900.0,0.0,1
-102.0,1622.0,-15,-8.1,18.09,190,900.0,0.0,-1
124.0,1622.0,-8,-0.1,7.49,64,900.0,0.0,-1
-146.0,1622.0,0,-2.5,3.45,73,900.0,0.0,1
586.0,2064.0,17,9.2,8.16,95,900.0,0.0,1
170.0,1622.0,-14,-10.2,6.959999999999999,76,900.0,0.0,-1
-160.0,1622.0,-2,-1.5,1.05,56,900.0,0.0,-1
150.0,1622.0,-1,-1.1,0.09,105,900.0,0.0,1
190.0,1747.0,5,5.0,0.0,75,900.0,5.0,1
-140.0,1622.0,-11,-3.2,12.559999999999999,66,900.0,0.0,-1
162.0,1622.0,2,4.3,8.41,78,900.0,0.0,-1
-198.0,1926.0,-1,0.1,1.4900000000000002,52,900.0,0.0,-1
-152.0,1622.0,-15,-13.8,0.76,70,900.0,0.0,-1
-413.0,2149.5,-12,-11.0,0.6,98,900.0,0.0,-1
142.0,1622.0,16,11.3,29.01,31,900.0,0.0,1
-132.0,1622.0,-6,-5.1,2.49,48,900.0,0.0,-1
122.0,1622.0,8,7.1,1.89,55,900.0,0.0,1
206.0,1926.0,-5,-5.0,0.0,96,900.0,0.0,0
-144.0,1622.0,9,3.3,14.01,89,900.0,0.0,1
134.0,1622.0,8,4.4,9.84,59,900.0,0.0,1
-124.0,1622.0,-9,-7.1,3.29,60,900.0,0.0,-1
114.0,1622.0,3,0.9,1.8900000000000001,29,900.0,0.0,1
-102.0,1622.0,-1,-0.1,0.09,32,900.0,0.0,-1
124.0,1622.0,-6,-6.0,0.0,116,900.0,0.0,-1
56.0,1608.0,3,3.2,0.15999999999999998,63,900.0,5.0,1
-112.0,1622.0,-15,-7.9,27.089999999999996,134,900.0,0.0,-1
134.0,1622.0,-5,-4.1,2.29,60,900.0,0.0,-1
-124.0,1622.0,-15,-14.6,0.43999999999999995,78,900.0,0.0,-1
112.0,1622.0,27,21.9,12.09,95,900.0,0.0,1
-134.0,1622.0,9,8.7,0.21000000000000002,99,900.0,0.0,1
-54.0,1808.0,-8,-8.0,0.0,126,1200.0,10.0,-1
-182.0,1668.0,-23,-22.9,0.09,112,900.0,2.0,-1
156.0,1622.0,-6,0.0,6.0,108,900.0,0.0,-1
411.0,2149.5,10,9.9,0.09,131,900.0,0.0,1
-183.0,1675.5,-5,-5.0,0.0,78,900.0,0.0,-1
-146.0,1622.0,-8,-10.4,1.44,44,900.0,0.0,-1
152.0,1622.0,18,17.7,0.21000000000000002,91,900.0,0.0,0
174.0,1668.0,21,20.9,0.09,101,900.0,2.0,1
-142.0,1622.0,-11,-6.5,2.25,68,900.0,0.0,-1
132.0,1622.0,14,5.8,7.56,45,900.0,0.0,1
-154.0,1622.0,3,0.8,3.3600000000000003,65,900.0,0.0,1
433.0,2027.5,3,3.0,0.0,104,1980.0,33.0,0
119.0,1768.5,-1,-1.1,1.09,55,900.0,0.0,1
144.0,1622.0,20,19.5,0.25,103,900.0,0.0,1
12.0,1692.0,-1,-0.8,0.16,78,900.0,0.0,-1
-134.0,1622.0,-14,-13.5,0.25,66,900.0,0.0,-1
-95.0,1889.5,4,5.4,2.04,75,900.0,0.0,1
124.0,1622.0,26,22.6,12.64,99,900.0,0.0,1
-112.0,1622.0,-9,-9.0,0.0,86,900.0,0.0,-1
244.0,1726.0,-2,-1.6,2.04,31,900.0,5.0,-1
100.0,1622.0,15,7.3,15.809999999999999,55,900.0,0.0,1
-74.0,1808.0,3,2.2,1.36,29,1200.0,10.0,1
-88.0,1622.0,0,4.5,2.25,106,900.0,0.0,-1
-87.0,1742.5,1,0.7,0.8100000000000002,36,900.0,0.0,1
4.0,1692.0,-9,-7.5,5.25,94,900.0,0.0,-1
-53.0,1676.5,-12,-12.0,0.0,112,900.0,10.0,-1
76.0,1622.0,13,13.0,0.0,125,900.0,0.0,1
-94.0,1808.0,11,3.8,5.76,73,1200.0,10.0,1
-62.0,1622.0,-19,-15.0,16.0,128,900.0,0.0,-1
280.0,1425.0,4,1.3,1.0100000000000002,45,900.0,2.0,1
48.0,1622.0,12,12.6,0.24,119,900.0,0.0,1
-66.0,1622.0,12,5.4,12.440000000000001,117,900.0,0.0,1
52.0,1622.0,0,0.0,0.0,11,900.0,0.0,1
-72.0,1622.0,7,-1.1,7.889999999999999,65,900.0,0.0,1
58.0,1622.0,1,0.1,0.09,17,900.0,0.0,1
-78.0,1622.0,8,4.7,6.21,61,900.0,0.0,1
64.0,1622.0,15,10.5,20.25,59,900.0,0.0,1
125.0,1699.5,11,10.8,4.16,107,900.0,0.0,1
-50.0,1622.0,-18,-14.1,16.89,102,900.0,0.0,-1
149.0,1766.5,1,0.3,2.21,52,900.0,10.0,-1
36.0,1622.0,9,6.0,6.0,79,900.0,0.0,1
-22.0,1622.0,-14,-10.4,3.2399999999999998,110,900.0,0.0,-1
6.0,1622.0,9,8.7,0.21000000000000002,81,900.0,0.0,1
-24.0,1622.0,9,6.3,2.6100000000000003,59,900.0,0.0,1
42.0,1622.0,-11,-9.4,0.43999999999999995,90,900.0,0.0,-1
-28.0,1622.0,-13,-12.7,0.21000000000000002,96,900.0,0.0,-1
-100.0,1967.0,-12,-6.1,10.09,108,2700.0,45.0,-1
-219.0,1727.5,-1,-1.5,2.25,54,900.0,0.0,-1
-15.0,1691.5,0,-0.4,0.8400000000000001,41,900.0,10.0,1
42.0,1783.0,0,0.0,0.0,31,1200.0,30.0,1
30.0,1622.0,2,2.3,0.8099999999999999,76,900.0,0.0,0
-14.0,1622.0,-5,-3.1,2.49,34,900.0,0.0,-1
-2.0,1622.0,6,2.5,5.45,79,900.0,0.0,1
-14.0,1622.0,-9,-8.4,1.44,69,900.0,0.0,1
-2.0,1622.0,17,13.0,16.0,137,900.0,0.0,1
33.0,1691.5,-2,0.7,0.8100000000000002,50,900.0,10.0,-1
132.0,1636.0,19,18.2,5.76,137,900.0,2.0,1
211.0,1727.5,2,-1.7,2.21,51,900.0,0.0,1
-14.0,1622.0,6,6.0,0.0,139,900.0,0.0,1
-2.0,1622.0,19,10.8,7.5600000000000005,91,900.0,0.0,1
1040.0,1242.0,13,5.3,10.610000000000001,35,900.0,0.0,1
449.0,2129.5,5,2.5,6.25,81,900.0,0.0,1
2.0,1701.0,3,2.9,0.09,58,900.0,0.0,-1
-14.0,1622.0,14,5.3,11.609999999999998,53,900.0,0.0,1
-2.0,1622.0,15,12.3,0.8099999999999999,57,900.0,0.0,1
-173.0,1712.5,-14,-12.8,2.16,70,900.0,30.0,-1
-11.0,1688.5,-1,-1.0,0.0,146,900.0,10.0,-1
-119.0,2026.5,3,4.2,2.16,33,900.0,0.0,1
58.0,1883.0,-21,-18.6,13.440000000000001,154,1200.0,0.0,0
-37.0,1597.5,6,2.7,7.409999999999999,20,900.0,0.0,-1
23.0,1597.5,2,0.0,1.2,29,900.0,0.0,1
22.0,1783.0,8,6.6,0.8400000000000001,53,900.0,0.0,1
-158.0,1694.0,22,22.0,0.0,109,900.0,0.0,1
-7.0,1597.5,-8,-5.9,1.89,60,900.0,0.0,-1
69.0,1661.5,5,5.0,0.0,109,900.0,0.0,1
-48.0,1596.0,-13,-6.3,19.21,148,900.0,0.0,-1
25.0,1597.5,-20,-16.5,5.25,104,900.0,0.0,-1
34.0,1596.0,11,9.0,8.4,129,900.0,0.0,1
324.0,1811.0,-2,-2.0,0.0,88,900.0,0.0,0
49.0,1784.5,-1,-6.3,9.610000000000001,54,900.0,30.0,-1
-53.0,1766.5,-3,-1.3,8.41,58,900.0,0.0,-1
-52.0,1596.0,-1,-0.5,2.25,89,900.0,0.0,1
38.0,1596.0,15,10.9,9.690000000000001,111,900.0,0.0,1
-56.0,1596.0,6,5.3,0.21000000000000002,135,900.0,0.0,1
67.0,1654.5,5,5.0,0.0,71,900.0,0.0,1
78.0,1883.0,-1,-3.8,7.56,102,1200.0,0.0,-1
76.0,1596.0,1,1.1,0.09,108,900.0,0.0,-1
-96.0,1596.0,10,7.5,3.85,73,900.0,0.0,1
118.0,1596.0,-9,-8.8,0.16,92,900.0,0.0,-1
-9.0,1597.5,3,3.0,0.2,64,900.0,0.0,-1
-140.0,1596.0,2,-0.1,2.0900000000000003,75,900.0,0.0,1
130.0,1596.0,11,10.0,0.6,77,900.0,0.0,1
-120.0,1596.0,-8,-6.6,2.84,130,900.0,0.0,-1
16.0,1438.0,2,2.0,0.0,41,1200.0,0.0,1
64.0,1883.0,5,1.8,2.16,95,1200.0,0.0,1
14.0,1785.0,5,3.3,4.41,75,900.0,30.0,1
108.0,1596.0,11,9.9,2.4899999999999998,71,900.0,0.0,1
9.0,1597.5,-9,-9.0,0.0,161,900.0,0.0,0
-130.0,1596.0,-4,-3.3,0.41,67,900.0,0.0,1
127.0,1689.5,5,3.9,0.89,59,900.0,0.0,1
-25.0,1795.5,-11,-2.9,7.289999999999999,58,900.0,0.0,-1
-28.0,1909.0,-3,-0.3,0.8100000000000002,68,900.0,0.0,-1
-314.0,1682.0,-3,-2.2,9.959999999999999,123,900.0,0.0,0
198.0,1705.0,24,16.8,5.76,123,900.0,0.0,1
50.0,1883.0,3,-0.5,4.05,89,1200.0,0.0,1
-48.0,1657.0,8,7.1,1.29,68,900.0,0.0,-1
29.0,1682.5,14,8.3,12.010000000000002,61,900.0,0.0,1
310.0,1682.0,17,14.4,8.440000000000001,99,900.0,0.0,1
-223.0,1705.5,4,0.5,4.45,61,900.0,0.0,1
59.0,1980.5,-3,-3.0,0.0,75,2700.0,45.0,1
161.0,1598.5,-13,-4.9,7.290000000000001,76,900.0,0.0,-1
-480.0,2595.0,-6,-2.0,4.0,75,900.0,0.0,-1
151.0,1833.5,2,1.9,0.09,55,900.0,0.0,1
70.0,1883.0,3,2.0,0.8,76,1200.0,0.0,-1
50.0,1695.0,-9,-1.1,7.890000000000001,92,900.0,0.0,-1
-306.0,1682.0,2,2.0,0.0,74,900.0,0.0,-1
-130.0,1703.0,1,4.0,10.8,70,900.0,0.0,-1
75.0,1637.5,6,5.6,0.8400000000000001,55,900.0,0.0,1
302.0,1682.0,4,4.0,0.0,189,900.0,0.0,1
336.0,1859.0,7,1.3,4.41,37,900.0,0.0,1
-330.0,1625.0,-15,-2.8,23.959999999999997,58,900.0,30.0,-1
762.0,1602.0,7,5.5,0.45,69,900.0,0.0,1
115.0,2292.5,4,3.9,0.09,141,900.0,0.0,1
76.0,1714.0,4,3.7,0.8099999999999999,47,900.0,2.0,1
-61.0,1637.5,-22,-16.6,14.24,58,900.0,0.0,-1
429.0,2188.5,6,4.3,8.010000000000002,73,900.0,5.0,1
-332.0,1859.0,-6,-6.3,0.8099999999999999,42,900.0,0.0,-1
56.0,1883.0,-1,-0.6,0.24000000000000005,71,1200.0,0.0,1
50.0,1654.0,2,-1.7,13.809999999999999,70,900.0,0.0,-1
47.0,1637.5,16,13.1,4.09,79,900.0,0.0,1
-298.0,1682.0,-18,-17.2,0.16,49,900.0,0.0,-1
-58.0,1716.0,-8,-5.7,18.009999999999998,73,900.0,2.0,-1
325.0,1624.5,0,0.1,0.09,13,900.0,30.0,1
-284.0,1838.0,-4,-3.7,0.21000000000000002,72,900.0,0.0,-1
-427.0,2188.5,-2,-2.7,0.41,98,900.0,5.0,-1
-338.0,1625.0,0,0.9,0.09,102,900.0,30.0,0
278.0,1838.0,6,1.5,2.25,107,900.0,0.0,1
-70.0,1654.0,1,-3.8,2.7600000000000002,61,900.0,0.0,1
-33.0,1637.5,-4,-4.2,1.3599999999999999,50,900.0,0.0,-1
238.0,1568.0,4,4.0,0.0,103,1200.0,0.0,1
42.0,1883.0,1,1.0,0.0,71,1200.0,0.0,1
89.0,1733.5,-21,-13.8,5.76,144,900.0,0.0,-1
-194.0,1924.0,0,0.1,0.09,14,900.0,0.0,-1
19.0,1636.5,-1,-1.8,0.36,77,900.0,0.0,1
219.0,1837.5,3,1.4,2.64,70,900.0,0.0,-1
-9.0,1949.5,-3,0.4,12.639999999999999,74,900.0,5.0,-1
186.0,1924.0,2,2.9,7.289999999999999,109,900.0,0.0,1
-232.0,1568.0,-9,-8.0,0.8,63,1200.0,0.0,-1
399.0,1655.5,-9,-0.5,8.85,48,900.0,5.0,-1
-3.0,1636.5,-5,-2.9,4.09,54,900.0,0.0,-1
-152.0,1864.0,-3,0.0,1.8,32,900.0,0.0,-1
226.0,1568.0,2,2.1,0.09,52,1200.0,0.0,1
142.0,1864.0,9,6.8,2.76,45,900.0,0.0,1
-523.0,1672.5,-8,-5.8,15.160000000000002,32,900.0,0.0,-1
-112.0,1474.0,14,14.0,0.0,127,900.0,0.0,1
-756.0,1599.0,-5,-3.9,1.29,78,900.0,0.0,-1
-120.0,1870.0,-13,-11.6,0.44000000000000006,102,900.0,0.0,-1
295.0,1538.5,12,12.1,1.29,95,900.0,0.0,1
-39.0,1608.5,-7,-7.3,0.8099999999999999,88,900.0,0.0,-1
-364.0,1791.0,-5,-1.9,5.49,68,900.0,0.0,-1
-132.0,1760.0,-2,-1.7,0.8100000000000002,48,900.0,0.0,-1
78.0,1657.0,-16,-8.8,5.76,98,900.0,0.0,-1
60.0,1875.0,-2,-1.9,0.09,56,1200.0,0.0,0
46.0,1727.0,6,0.5,4.45,117,1200.0,5.0,1
-64.0,1657.0,-4,-4.0,0.2,58,900.0,0.0,-1
-34.0,1802.0,3,5.4,3.04,87,900.0,0.0,1
188.0,1628.0,7,5.3,5.41,103,900.0,0.0,1
50.0,1657.0,1,1.0,0.0,77,900.0,0.0,1
-44.0,1934.0,-3,-2.1,0.09,48,1200.0,0.0,-1
-42.0,1898.0,-5,-4.5,2.25,27,900.0,7.0,-1
-39.0,1980.5,-7,-4.3,7.609999999999999,102,900.0,5.0,-1
-439.0,1734.5,-3,-2.9,0.09,52,900.0,0.0,-1
-70.0,1657.0,10,10.5,2.25,87,900.0,0.0,1
18.0,1802.0,2,-0.8,0.9599999999999997,129,900.0,0.0,1
-222.0,2235.0,-6,-4.5,1.05,52,900.0,0.0,-1
60.0,1982.0,-3,-0.2,0.96,108,900.0,5.0,-1
56.0,1657.0,5,5.6,1.44,75,900.0,0.0,1
36.0,1887.0,5,4.1,7.290000000000001,105,1200.0,0.0,1
61.0,1675.5,18,18.6,0.24,105,900.0,0.0,1
-32.0,1727.0,-10,-10.4,2.44,92,1200.0,5.0,-1
-63.0,1803.5,1,0.4,0.24000000000000005,37,900.0,0.0,1
162.0,1653.0,16,6.9,12.29,71,900.0,0.0,1
-487.0,2590.5,-11,-4.7,11.01,77,900.0,0.0,-1
54.0,1887.0,-13,-10.6,13.440000000000001,104,1200.0,0.0,-1
-135.0,1606.5,-11,-8.2,0.96,134,900.0,0.0,-1
59.0,1608.5,3,3.0,0.0,91,900.0,0.0,1
-412.0,1746.0,3,1.9,1.8900000000000001,46,900.0,0.0,-1
-42.0,1706.0,-7,-7.0,0.0,80,900.0,2.0,-1
409.0,1745.5,9,8.1,0.09,35,900.0,0.0,1
84.0,1589.0,8,8.0,0.0,167,900.0,0.0,1
-136.0,1171.0,-40,-40.2,0.16,88,900.0,0.0,-1
109.0,1834.5,7,4.6,7.040000000000001,121,900.0,0.0,1
-86.0,1596.0,-14,-13.1,0.6900000000000001,92,2700.0,0.0,-1
20.0,1942.0,0,0.0,0.0,117,900.0,5.0,0
12.0,1713.0,0,0.0,0.0,67,900.0,0.0,1
-335.0,1847.5,-1,-0.9,2.09,55,900.0,0.0,-1
465.0,2249.5,4,0.7,6.81,91,900.0,0.0,1
-15.0,1795.5,2,2.0,0.0,88,900.0,0.0,-1
-278.0,1829.0,2,0.0,6.0,64,900.0,2.0,-1
-15.0,1494.5,5,3.4,0.44000000000000006,47,900.0,0.0,1
-3.0,1611.5,8,7.1,2.0900000000000003,82,900.0,0.0,-1
215.0,2235.5,9,4.0,12.0,63,900.0,0.0,1
45.0,1980.5,11,11.0,0.0,123,2700.0,45.0,1
106.0,1596.0,-14,-13.3,0.21000000000000002,58,2700.0,0.0,-1
-5.0,1790.5,9,0.9,7.290000000000001,33,900.0,0.0,0
154.0,1547.0,0,1.8,1.56,32,900.0,0.0,-1
103.0,1975.5,-3,0.7,1.61,76,900.0,0.0,-1
-110.0,1563.0,-3,-2.3,0.21000000000000002,68,900.0,0.0,-1
252.0,1599.0,5,5.0,0.0,145,900.0,0.0,1
-27.0,1698.5,2,2.0,0.0,104,900.0,0.0,-1
118.0,2041.0,0,-1.0,0.6,53,900.0,0.0,1
98.0,1563.0,-1,-0.8,0.16,65,900.0,0.0,1
40.0,1887.0,1,0.9,0.09,73,1200.0,0.0,1
-80.0,1566.0,3,1.7,2.21,54,900.0,0.0,-1
164.0,2058.0,-4,-3.9,0.09,140,900.0,0.0,-1
15.0,1787.5,3,3.0,0.0,97,900.0,0.0,1
-174.0,1929.0,-9,-1.8,5.76,114,900.0,0.0,-1
26.0,2355.0,0,0.9,0.09,170,900.0,0.0,0
-61.0,1608.5,0,4.5,2.25,122,900.0,0.0,0
68.0,1566.0,-5,-3.8,2.16,85,900.0,0.0,1
-154.0,2058.0,-1,-1.9,7.289999999999999,42,900.0,0.0,-1
45.0,1698.5,2,1.8,0.16,74,900.0,0.0,-1
-50.0,1984.0,1,1.0,0.0,128,900.0,5.0,-1
-106.0,2041.0,-5,-3.7,0.41,84,900.0,0.0,-1
-125.0,1774.5,0,-0.4,0.24000000000000005,56,900.0,0.0,-1
144.0,2058.0,4,1.0,1.8,55,900.0,0.0,1
-54.0,1566.0,-8,-1.9,19.889999999999997,86,900.0,0.0,-1
-122.0,1655.0,-5,-5.0,0.0,149,900.0,0.0,-1
-197.0,1787.5,-10,-8.4,0.43999999999999995,136,900.0,0.0,-1
94.0,2041.0,0,-0.6,0.8400000000000001,41,900.0,0.0,1
142.0,1563.0,7,7.0,0.0,56,900.0,0.0,1
-179.0,1743.5,-3,-2.7,0.8099999999999999,88,1200.0,0.0,-1
74.0,1566.0,0,0.0,0.0,10,900.0,0.0,-1
-38.0,1663.0,-11,-11.0,0.0,106,900.0,0.0,-1
35.0,1801.5,-3,-3.0,0.2,98,900.0,0.0,-1
-23.0,1561.5,-19,-19.0,0.0,132,900.0,0.0,-1
-183.0,1739.5,4,1.3,2.6100000000000003,30,900.0,0.0,-1
47.0,2000.5,-6,-6.0,0.0,126,900.0,0.0,-1
-34.0,1704.0,2,0.6,0.43999999999999995,77,900.0,0.0,1
1.0,1787.5,0,-0.3,0.8100000000000002,24,900.0,0.0,-1
-2.0,2018.0,-1,-0.1,0.09,70,900.0,0.0,-1
-51.0,1714.5,-14,-5.7,8.810000000000002,148,900.0,0.0,-1
152.0,1713.0,-10,-10.0,0.0,154,900.0,0.0,-1
-11.0,1945.5,-3,-2.1,0.09,102,900.0,5.0,-1
71.0,1714.5,-22,-19.1,11.290000000000001,100,900.0,0.0,-1
212.0,1721.0,4,2.1,0.49000000000000005,119,900.0,0.0,1
-370.0,2155.0,-6,-2.5,5.25,52,900.0,0.0,-1
39.0,1539.5,-9,-8.4,2.2399999999999998,62,900.0,0.0,-1
-67.0,2000.5,5,5.0,0.0,185,900.0,0.0,1
18.0,2018.0,-1,-1.0,0.2,118,900.0,0.0,-1
-25.0,1539.5,-7,-6.3,2.21,105,900.0,0.0,-1
-1.0,1687.5,-4,1.1,5.89,68,900.0,0.0,-1
53.0,1687.5,8,8.9,7.290000000000001,72,900.0,0.0,1
-15.0,1687.5,7,7.0,0.0,97,900.0,0.0,1
-206.0,1996.0,-2,-1.4,0.24,66,1500.0,0.0,-1
-1.0,1687.5,8,4.7,8.01,67,900.0,0.0,1
-2059.0,1751.5,-7,-6.4,1.44,32,900.0,5.0,-1
43.0,1539.5,-12,-6.4,13.440000000000001,192,900.0,0.0,-1
17.0,1687.5,0,-0.7,0.21000000000000002,146,900.0,0.0,-1
2.0,1791.0,6,6.5,2.25,100,900.0,0.0,-1
136.0,1588.0,3,0.3,0.8100000000000002,19,1200.0,0.0,1
53.0,2000.5,0,-0.3,0.8100000000000002,43,900.0,0.0,1
-182.0,1732.0,-5,-5.0,0.0,224,900.0,0.0,-1
404.0,1805.0,10,1.5,8.85,37,900.0,0.0,1
-73.0,2000.5,7,6.7,0.21000000000000002,75,900.0,0.0,1
-29.0,1539.5,-7,0.3,6.01,32,900.0,0.0,-1
-64.0,1593.0,-11,-5.4,13.440000000000001,118,900.0,0.0,-1
24.0,1517.0,9,6.0,2.8,66,900.0,0.0,-1
93.0,2287.5,14,4.9,11.489999999999998,77,900.0,0.0,1
-427.0,2187.5,-5,-4.0,2.0,74,900.0,5.0,-1
-62.0,1751.0,-3,-2.5,0.25,94,900.0,0.0,-1
174.0,1732.0,0,-0.9,1.2900000000000003,25,900.0,0.0,1
-17.0,1577.5,-3,-1.5,0.45,48,900.0,0.0,-1
89.0,1784.5,-11,-7.1,9.290000000000001,100,900.0,0.0,-1
0.0,2019.0,-3,-3.0,0.0,90,900.0,0.0,-1
425.0,2187.5,3,1.7,7.010000000000001,65,900.0,5.0,1
176.0,1943.0,-5,-3.9,0.29,124,900.0,0.0,-1
-109.0,1784.5,9,6.0,16.2,63,900.0,0.0,1
594.0,1943.0,6,6.6,2.2399999999999998,67,900.0,0.0,1
-46.0,1700.0,1,2.9,1.6900000000000002,45,900.0,0.0,1
-35.0,1687.5,4,-0.4,6.24,65,900.0,0.0,1
-423.0,2187.5,-2,-0.3,1.0099999999999998,54,900.0,5.0,-1
42.0,1606.0,4,2.0,3.2,39,900.0,0.0,1
421.0,2187.5,1,0.9,0.09,77,900.0,5.0,1
-71.0,1965.5,-6,-5.2,2.76,84,900.0,0.0,-1
230.0,1900.0,9,7.9,2.49,79,900.0,0.0,1
-87.0,1964.5,-11,-9.2,9.959999999999999,86,900.0,0.0,-1
57.0,1965.5,4,3.4,0.24,57,900.0,0.0,1
-29.0,1972.5,-11,-9.5,5.25,156,900.0,5.0,-1
87.0,1777.5,1,1.4,0.8400000000000001,52,900.0,0.0,1
83.0,1823.5,-2,-1.3,1.4099999999999997,100,900.0,0.0,-1
78.0,1625.0,11,6.9,4.090000000000001,57,900.0,0.0,1
27.0,1684.5,9,3.4,13.439999999999998,93,900.0,0.0,1
298.0,1931.0,4,3.2,0.15999999999999998,67,900.0,0.0,1
-11.0,1684.5,-15,-7.8,5.76,124,900.0,0.0,-1
-7.0,2019.5,-1,-0.5,0.25,88,900.0,0.0,-1
29.0,1684.5,-4,-0.1,4.29,74,900.0,0.0,-1
-9.0,2019.5,-1,-1.3,0.8100000000000002,65,900.0,0.0,1
-426.0,2120.0,-18,-8.6,46.24,144,900.0,0.0,-1
27.0,2019.5,-5,-2.8,10.36,100,900.0,0.0,-1
50.0,1755.0,-1,-1.4,10.44,71,900.0,0.0,1
-31.0,1608.5,-3,-1.7,1.21,44,900.0,0.0,-1
-116.0,2041.0,8,3.1,3.4900000000000007,115,900.0,0.0,1
-11.0,2019.5,0,-0.5,2.25,90,900.0,0.0,-1
96.0,1744.0,0,0.5,0.25,64,900.0,0.0,-1
-1.0,1634.5,8,6.8,5.96,89,900.0,0.0,1
104.0,2041.0,10,2.7,6.01,61,900.0,0.0,1
-90.0,1751.0,4,4.0,0.0,64,900.0,0.0,1
-185.0,1742.5,-4,-2.1,8.29,30,900.0,0.0,-1
-84.0,1744.0,1,0.5,0.85,28,900.0,0.0,-1
177.0,1742.5,2,0.8,1.3599999999999999,45,900.0,0.0,1
-1.0,1634.5,0,0.9,7.290000000000001,130,900.0,0.0,0
-47.0,1684.5,8,-0.4,8.64,51,900.0,0.0,1
-208.0,1613.0,-9,-5.3,10.809999999999999,64,900.0,0.0,-1
65.0,1684.5,-1,-0.4,0.24000000000000005,40,900.0,0.0,-1
-23.0,2111.5,-1,-1.3,0.41,38,900.0,0.0,-1
-5.0,1947.5,-13,-8.2,3.3600000000000003,162,900.0,5.0,-1
188.0,1542.0,0,0.0,0.0,48,900.0,0.0,-1
768.0,1605.0,10,8.5,9.45,47,900.0,0.0,1
-114.0,1769.0,-7,-2.4,5.4399999999999995,69,900.0,0.0,-1
-506.0,2587.0,-2,-1.4,0.24,97,900.0,1.0,-1
139.0,1789.5,2,-4.5,7.25,107,1200.0,2.0,1
-99.0,2044.5,-2,-0.5,2.25,70,900.0,0.0,-1
87.0,2044.5,0,-1.0,0.6,53,900.0,0.0,1
-75.0,2044.5,0,0.6,0.24000000000000005,34,900.0,0.0,-1
61.0,2044.5,0,-1.0,0.6,53,900.0,0.0,1
-81.0,2044.5,1,1.8,1.56,67,900.0,0.0,1
69.0,2044.5,0,-1.0,0.6,53,900.0,0.0,1
-180.0,1542.0,-9,-4.5,3.45,48,900.0,0.0,-1
-89.0,2044.5,0,0.5,1.65,47,900.0,0.0,1
598.0,2540.0,1,1.2,2.76,77,900.0,1.0,1
208.0,1544.0,1,1.1,0.09,20,900.0,0.0,-1
-122.0,1507.0,0,-0.9,0.6900000000000001,46,900.0,0.0,-1
-88.0,1895.0,-16,-7.9,7.290000000000001,80,900.0,0.0,-1
-170.0,1581.0,-5,-1.7,1.6099999999999999,62,1980.0,33.0,-1
65.0,1742.5,1,1.0,0.0,93,900.0,0.0,1
31.0,1752.5,1,0.8,0.7600000000000001,81,900.0,0.0,1
-369.0,2211.5,0,0.0,0.0,78,900.0,0.0,-1
339.0,1865.5,2,1.5,0.25,133,900.0,0.0,1
141.0,1711.5,-3,-0.3,0.8100000000000002,26,900.0,0.0,-1
-131.0,1711.5,-12,-6.4,13.440000000000001,104,900.0,0.0,-1
365.0,2211.5,-1,-0.4,0.24000000000000005,49,900.0,0.0,1
153.0,1711.5,0,1.0,2.0,84,900.0,0.0,-1
-143.0,1711.5,-10,-9.5,0.25,98,900.0,0.0,-1
133.0,1711.5,3,3.0,0.0,63,900.0,0.0,1
-123.0,1711.5,-16,-7.9,7.290000000000001,68,900.0,0.0,-1
111.0,1711.5,8,6.4,0.43999999999999995,95,900.0,0.0,1
-115.0,2042.5,10,4.4,13.440000000000001,97,900.0,0.0,1
546.0,2060.0,8,5.6,5.64,71,900.0,0.0,1
-99.0,1711.5,-12,-5.4,14.040000000000001,46,900.0,0.0,-1
65.0,1735.5,8,1.5,10.05,61,900.0,0.0,1
103.0,2042.5,0,-0.6,0.8400000000000001,41,900.0,0.0,1
-125.0,2042.5,9,5.6,1.44,67,900.0,0.0,1
87.0,1711.5,9,6.6,3.2399999999999998,59,900.0,0.0,1
-75.0,1711.5,-12,-6.8,18.16,122,900.0,0.0,-1
115.0,2042.5,9,0.3,9.609999999999998,49,900.0,0.0,1
91.0,1685.5,5,5.1,0.09,109,900.0,0.0,1
61.0,1711.5,13,4.2,11.56,179,900.0,0.0,1
16.0,1619.0,11,6.3,7.209999999999999,59,900.0,0.0,1
-137.0,2042.5,3,0.3,0.8100000000000002,21,900.0,0.0,1
-183.0,2042.5,4,4.4,0.8400000000000001,63,900.0,0.0,1
-162.0,1740.0,-2,-2.0,0.0,86,900.0,0.0,-1
255.0,1725.5,-10,-6.3,12.810000000000002,84,900.0,0.0,-1
-196.0,1933.0,-6,-0.4,13.439999999999998,164,900.0,0.0,-1
175.0,2042.5,0,-0.6,0.8400000000000001,41,900.0,0.0,1
-167.0,2042.5,-8,-1.8,5.5600000000000005,60,900.0,0.0,-1
-81.0,1711.5,-9,-8.3,1.21,57,900.0,0.0,1
-249.0,1725.5,-10,-6.1,10.89,72,900.0,0.0,-1
243.0,1725.5,13,12.5,2.25,101,900.0,0.0,1
130.0,1897.0,3,3.0,0.0,122,900.0,0.0,0
188.0,2044.0,-6,-1.4,2.4399999999999995,66,900.0,0.0,-1
-191.0,1931.5,-5,-3.5,1.85,42,900.0,0.0,-1
-196.0,2044.0,-1,-1.0,0.0,116,900.0,0.0,0
-117.0,1667.5,-11,-9.9,1.29,86,900.0,0.0,-1
204.0,2044.0,0,0.0,0.0,100,900.0,0.0,0
183.0,1931.5,3,0.8,1.36,43,900.0,0.0,1
-196.0,2044.0,1,1.5,2.45,66,900.0,0.0,-1
188.0,2044.0,2,0.7,1.21,45,900.0,0.0,1
-247.0,1720.5,-10,-10.2,8.959999999999999,52,900.0,0.0,-1
305.0,1257.5,25,23.4,8.04,45,900.0,0.0,1
-301.0,1257.5,-30,-28.6,0.44000000000000006,104,900.0,0.0,-1
212.0,1840.0,3,3.0,0.0,67,900.0,0.0,1
-283.0,1878.5,-6,-6.0,0.0,118,900.0,0.0,-1
297.0,1257.5,25,23.4,8.04,45,900.0,0.0,1
-242.0,2042.0,7,-0.3,8.61,79,900.0,0.0,1
-25.0,1824.5,-2,-1.1,1.8900000000000001,54,900.0,0.0,-1
-291.0,1257.5,-38,-36.4,2.04,56,900.0,0.0,-1
285.0,1257.5,25,23.4,8.04,45,900.0,0.0,1
-279.0,1257.5,-21,-14.7,8.61,78,900.0,0.0,-1
228.0,1812.0,-3,-3.0,0.0,73,900.0,0.0,0
-3.0,1633.5,10,8.6,3.04,47,900.0,0.0,1
423.0,2120.5,1,4.3,2.81,113,900.0,0.0,1
231.0,2044.5,-1,-1.6,1.64,53,900.0,0.0,1
-225.0,2044.5,-4,-3.3,0.21000000000000002,96,900.0,0.0,-1
217.0,2044.5,0,-0.6,0.8400000000000001,41,900.0,0.0,1
289.0,1257.5,2,2.0,0.0,74,900.0,0.0,0
243.0,1712.5,1,-0.4,2.64,45,900.0,0.0,1
277.0,1878.5,8,6.4,2.6399999999999997,67,900.0,0.0,1
-113.0,1759.5,0,0.1,0.09,58,900.0,0.0,-1
-271.0,1878.5,-9,-6.9,4.49,98,900.0,0.0,-1
-209.0,2044.5,0,0.6,0.24000000000000005,34,900.0,0.0,-1
-543.0,2059.5,-11,-7.7,9.809999999999999,58,900.0,0.0,-1
201.0,2044.5,5,2.1,8.690000000000001,69,900.0,0.0,1
-209.0,2044.5,-4,-4.0,0.0,106,900.0,0.0,0
-409.0,1917.5,-7,-4.0,3.0,46,900.0,0.0,-1
235.0,2044.5,0,-0.2,0.16000000000000003,102,900.0,0.0,-1
-116.0,1176.0,-25,-18.4,21.240000000000002,74,900.0,0.0,-1
307.0,1858.5,2,0.8,0.56,46,900.0,0.0,1
407.0,1917.5,-2,1.1,3.4900000000000007,41,900.0,0.0,1
-435.0,1452.5,-13,-7.6,5.04,50,900.0,0.0,-1
-111.0,1877.5,-1,-1.0,0.0,62,900.0,0.0,-1
-229.0,2044.5,0,1.2,1.7599999999999998,80,900.0,0.0,-1
473.0,2156.5,4,1.6,2.04,63,900.0,0.0,1
221.0,2044.5,0,-0.6,0.8400000000000001,41,900.0,0.0,1
-213.0,2044.5,0,0.6,0.24000000000000005,34,900.0,0.0,-1
419.0,2120.5,11,8.1,3.69,103,900.0,0.0,1
-303.0,1858.5,-2,-1.1,1.29,45,900.0,0.0,-1
-471.0,2156.5,0,0.2,0.16000000000000003,66,900.0,0.0,-1
-144.0,1787.0,5,2.4,7.840000000000001,68,900.0,0.0,1
205.0,2044.5,0,-1.0,0.6,53,900.0,0.0,1
-197.0,2044.5,-4,-3.0,0.6,74,900.0,0.0,-1
299.0,1858.5,4,3.1,0.09,83,900.0,0.0,1
223.0,2044.5,-12,-0.1,20.490000000000002,70,900.0,0.0,-1
-215.0,2044.5,0,0.6,0.24000000000000005,34,900.0,0.0,-1
241.0,2044.5,-16,-5.2,22.76,66,900.0,0.0,-1
-235.0,2044.5,-6,1.3,8.41,62,900.0,0.0,-1
229.0,2044.5,0,-0.6,0.8400000000000001,41,900.0,0.0,1
-223.0,2044.5,9,5.7,8.01,70,900.0,0.0,-1
-295.0,1858.5,1,0.7,0.21000000000000002,74,900.0,0.0,-1
215.0,2044.5,0,-0.6,0.8400000000000001,41,900.0,0.0,1
250.0,1747.0,-19,-18.8,0.76,48,900.0,0.0,-1
-241.0,2044.5,5,3.5,14.85,57,900.0,0.0,1
235.0,2044.5,0,-0.6,0.8400000000000001,41,900.0,0.0,1
-229.0,2044.5,0,0.6,0.24000000000000005,34,900.0,0.0,-1
223.0,2044.5,0,-1.0,0.6,53,900.0,0.0,1
-215.0,2044.5,0,0.6,0.24000000000000005,34,900.0,0.0,-1
416.0,2121.0,9,8.5,2.25,145,900.0,0.0,1
65.0,1754.5,9,0.9,7.290000000000001,27,900.0,0.0,1
207.0,2044.5,0,-1.0,0.6,53,900.0,0.0,1
-233.0,2044.5,0,-0.1,0.09,71,900.0,0.0,1
227.0,2044.5,0,-0.6,0.8400000000000001,41,900.0,0.0,1
-219.0,2044.5,-4,-1.3,0.8100000000000002,80,900.0,0.0,-1
-298.0,1721.0,-9,-9.0,0.0,158,900.0,2.0,-1
211.0,2044.5,0,-1.0,0.6,53,900.0,0.0,1
503.0,2581.5,2,2.0,0.0,84,900.0,0.0,1
56.0,1787.0,-2,-1.7,0.8100000000000002,33,900.0,0.0,1
192.0,1770.0,6,5.2,3.16,91,900.0,0.0,1
-160.0,1730.0,-14,-10.4,13.040000000000001,96,900.0,0.0,-1
-100.0,1730.0,-7,-5.4,0.43999999999999995,96,900.0,0.0,-1
150.0,1730.0,11,12.2,6.36,53,900.0,0.0,1
-123.0,1721.5,7,10.0,2.4,76,900.0,0.0,-1
223.0,1687.5,20,20.2,0.16,121,900.0,2.0,1
356.0,2150.0,14,4.1,15.690000000000001,43,900.0,0.0,1
99.0,1719.5,-1,-1.0,0.0,86,900.0,0.0,-1
-87.0,1719.5,-11,-7.6,8.84,90,900.0,0.0,-1
113.0,1721.5,15,15.1,1.29,155,900.0,0.0,1
75.0,1719.5,10,4.4,16.240000000000002,67,900.0,0.0,1
-95.0,1719.5,3,0.8,2.7600000000000002,37,900.0,0.0,1
83.0,1719.5,5,4.6,0.8400000000000001,71,900.0,0.0,1
-71.0,1719.5,-8,-8.0,0.0,116,900.0,0.0,-1
503.0,2580.5,2,-0.3,7.81,66,900.0,0.0,1
57.0,1719.5,9,4.5,20.25,59,900.0,0.0,1
-43.0,1719.5,-7,-7.0,0.0,142,900.0,0.0,-1
-207.0,1715.5,5,1.3,11.010000000000002,61,3600.0,30.0,1
61.0,1719.5,-6,-0.9,3.09,88,900.0,0.0,-1
559.0,1960.5,4,3.9,0.09,45,900.0,0.0,1
-1.0,1769.5,-6,-3.1,5.489999999999999,24,1200.0,10.0,-1
-81.0,1719.5,0,-2.7,0.8099999999999999,65,900.0,0.0,1
101.0,1719.5,-3,-2.1,7.289999999999999,80,900.0,0.0,-1
-90.0,2028.0,-3,-2.8,1.36,42,900.0,0.0,-1
95.0,1622.5,17,13.4,4.64,83,900.0,0.0,1
-89.0,1719.5,4,1.2,5.959999999999999,68,900.0,0.0,-1
109.0,1719.5,0,0.0,0.0,46,900.0,0.0,-1
-131.0,1719.5,-2,-2.0,0.0,55,900.0,0.0,1
-125.0,1626.5,6,3.5,2.45,83,900.0,0.0,1
153.0,1719.5,-2,-1.3,0.21000000000000002,72,900.0,0.0,-1
34.0,1883.0,8,4.3,1.61,139,1200.0,0.0,1
-143.0,1719.5,-10,-8.1,7.6899999999999995,82,900.0,0.0,-1
413.0,2121.5,14,10.5,13.85,103,900.0,0.0,1
109.0,1624.5,3,0.0,2.4,45,900.0,0.0,1
122.0,1714.0,8,7.1,0.29,91,900.0,0.0,1
-57.0,1534.5,0,-0.3,0.8100000000000002,16,900.0,0.0,-1
-128.0,1714.0,-4,-4.0,0.0,51,900.0,0.0,0
18.0,1883.0,2,-0.4,1.44,49,1200.0,0.0,1
36.0,1883.0,-1,-1.0,0.0,162,1200.0,0.0,-1
107.0,1606.5,-4,-3.1,0.09,62,900.0,0.0,-1
26.0,2348.0,2,2.0,0.0,128,900.0,0.0,1
-95.0,1606.5,0,-0.1,0.29000000000000004,54,900.0,0.0,-1
53.0,1683.5,1,0.1,0.09,99,900.0,0.0,1
82.0,1606.0,6,4.6,2.44,53,900.0,0.0,1
-105.0,1176.5,-34,-32.7,7.209999999999999,104,900.0,0.0,-1
109.0,1176.5,35,31.6,1.8399999999999999,83,900.0,0.0,0
-69.0,1605.5,-8,-7.8,1.7600000000000002,70,900.0,0.0,-1
3.0,1615.5,-6,-6.4,0.24,88,900.0,0.0,-1
-265.0,1757.5,-2,-2.5,2.25,49,900.0,15.0,1
40.0,1582.0,-6,1.5,7.05,104,900.0,0.0,-1
-26.0,1582.0,-2,-2.5,2.25,98,900.0,0.0,-1
-19.0,1615.5,4,4.0,0.6,59,900.0,0.0,1
10.0,1582.0,6,9.1,6.889999999999999,81,900.0,0.0,1
90.0,1622.0,-6,-6.0,0.0,104,900.0,0.0,-1
3.0,1615.5,2,2.0,0.0,91,900.0,0.0,1
145.0,1638.5,2,2.4,0.8400000000000001,58,900.0,0.0,-1
105.0,1822.5,-1,-1.3,2.6100000000000003,126,900.0,0.0,-1
4.0,1749.0,-8,-3.5,2.25,66,1080.0,2.0,-1
13.0,1615.5,-9,-6.6,5.04,72,900.0,0.0,-1
200.0,1899.0,3,0.1,1.8900000000000001,39,2700.0,45.0,1
-127.0,1822.5,-1,-1.9,0.09,139,900.0,0.0,1
-31.0,1615.5,11,6.2,3.3600000000000003,61,900.0,0.0,1
12.0,1749.0,-13,-4.9,7.290000000000001,58,1080.0,2.0,-1
15.0,1615.5,17,13.1,12.690000000000001,51,900.0,0.0,1
234.0,1697.0,3,3.0,0.0,131,900.0,0.0,1
117.0,1822.5,-2,-2.0,0.0,71,900.0,0.0,1
-33.0,1615.5,10,5.0,3.0,87,900.0,0.0,1
45.0,1784.5,5,1.7,3.2099999999999995,61,900.0,0.0,1
66.0,1534.0,6,0.6,5.040000000000001,49,900.0,0.0,1
-123.0,1822.5,-14,-14.0,0.0,169,900.0,0.0,0
168.0,1655.0,0,0.1,0.09,83,900.0,0.0,1
-46.0,1775.0,0,0.7,2.41,40,900.0,0.0,-1
51.0,1615.5,0,0.6,0.24000000000000005,48,900.0,0.0,-1
70.0,1737.0,-1,-0.7,0.21000000000000002,81,900.0,0.0,1
-37.0,1615.5,-14,-11.9,1.89,66,900.0,0.0,-1
111.0,1822.5,21,13.8,5.76,167,900.0,0.0,1
153.0,1778.5,-3,0.1,1.8900000000000001,30,900.0,5.0,-1
-90.0,1850.0,0,0.0,0.0,79,900.0,0.0,0
21.0,1615.5,-1,-1.0,0.0,21,900.0,0.0,1
-39.0,1615.5,4,0.5,2.65,41,900.0,0.0,1
-22.0,1696.0,10,1.1,10.89,45,900.0,2.0,1
-7.0,1671.5,9,6.9,3.09,65,900.0,0.0,1
25.0,1615.5,13,10.4,6.840000000000001,91,900.0,0.0,1
717.0,1580.5,19,10.9,7.290000000000001,65,900.0,0.0,1
89.0,1551.5,0,0.3,0.8100000000000002,14,1800.0,0.0,1
-43.0,1615.5,13,7.2,31.159999999999997,59,900.0,0.0,1
-716.0,1581.0,-20,-10.3,20.81,120,900.0,0.0,-1
41.0,1889.5,-9,-8.2,2.16,84,1200.0,0.0,-1
-160.0,1760.0,-6,-3.3,0.8099999999999999,92,900.0,0.0,-1
417.0,2125.5,3,3.0,0.0,111,900.0,0.0,1
29.0,1615.5,22,21.2,0.76,69,900.0,0.0,1
20.0,1611.0,7,2.2,2.7600000000000002,75,1200.0,5.0,1
59.0,1889.5,-9,-3.4,13.439999999999998,122,1200.0,0.0,-1
-65.0,1640.5,-9,-8.8,0.16,72,900.0,0.0,-1
75.0,1754.5,3,2.6,3.4400000000000004,82,900.0,0.0,1
51.0,1640.5,8,6.6,6.24,65,900.0,0.0,1
-37.0,1640.5,-14,-14.0,0.0,126,900.0,0.0,-1
355.0,1801.5,28,26.2,3.3600000000000003,81,900.0,0.0,1
21.0,1786.5,5,0.7,3.01,29,900.0,0.0,1
-252.0,1684.0,2,-0.6,1.44,25,900.0,0.0,1
45.0,1889.5,7,3.0,16.0,107,1200.0,0.0,1
-214.0,1828.0,0,0.6,2.24,80,900.0,0.0,-1
138.0,1695.0,6,5.7,0.8099999999999999,55,1200.0,10.0,1
-28.0,1755.0,0,-0.2,1.7599999999999998,70,900.0,0.0,-1
190.0,1850.0,-8,-8.0,0.0,164,900.0,0.0,-1
63.0,1889.5,-3,-3.0,0.0,100,1200.0,0.0,-1
14.0,1696.0,4,3.9,0.49000000000000005,75,1200.0,5.0,1
-100.0,1616.0,1,1.0,0.0,131,900.0,2.0,1
-315.0,1785.5,2,2.0,0.0,58,900.0,0.0,-1
2.0,1696.0,2,2.1,0.09,60,1200.0,5.0,-1
49.0,1889.5,14,9.0,3.0,59,1200.0,0.0,1
358.0,2153.0,0,0.9,7.290000000000001,69,900.0,0.0,1
69.0,1889.5,-5,-5.1,0.09,126,1200.0,0.0,-1
14.0,1696.0,-4,-4.0,0.0,118,1200.0,5.0,-1
-87.0,1578.5,5,3.6,0.8400000000000001,51,900.0,0.0,-1
-22.0,1684.0,13,12.6,0.24,110,1200.0,0.0,-1
-558.0,2052.0,3,1.0,1.6,26,900.0,0.0,-1
-499.0,2581.5,0,1.3,5.8100000000000005,69,900.0,0.0,-1
40.0,1521.0,-4,-2.7,2.21,48,900.0,15.0,-1
-162.0,1724.0,-8,-3.9,4.49,58,900.0,0.0,-1
-87.0,1806.5,6,6.0,0.0,61,900.0,0.0,1
80.0,1471.0,-2,-2.3,0.8099999999999999,41,900.0,15.0,-1
55.0,1640.5,-13,-10.6,3.84,86,900.0,0.0,-1
1.0,1760.5,11,7.5,14.05,53,900.0,0.0,1
-332.0,1383.0,-12,-13.5,1.05,63,900.0,0.0,1
-51.0,1738.5,8,8.0,0.0,165,900.0,0.0,1
73.0,1889.5,0,0.0,0.0,74,1200.0,0.0,0
63.0,1607.5,-10,-5.4,21.44,40,900.0,0.0,-1
-75.0,1640.5,16,7.7,17.610000000000003,77,900.0,0.0,1
48.0,1658.0,-6,-2.5,2.85,30,900.0,0.0,-1
394.0,1800.0,25,23.5,6.45,97,2700.0,45.0,1
-54.0,1729.0,-4,-1.8,5.96,70,900.0,0.0,-1
-91.0,1654.5,-1,-0.9,0.09,68,900.0,0.0,-1
-297.0,1552.5,-10,-9.9,0.09,64,1200.0,5.0,-1
-83.0,1607.5,5,5.0,0.0,71,900.0,0.0,1
318.0,1388.0,0,0.0,0.0,55,900.0,0.0,1
-28.0,1629.0,13,10.1,9.09,121,900.0,0.0,1
39.0,1872.5,8,6.7,7.410000000000001,79,900.0,5.0,1
291.0,1552.5,11,9.8,0.36,81,1200.0,5.0,1
62.0,1783.0,-4,-4.1,0.09,88,900.0,0.0,-1
634.0,1926.0,2,0.2,2.16,47,1980.0,33.0,1
-82.0,1783.0,4,2.1,3.09,41,900.0,0.0,1
51.0,1820.5,5,4.1,0.09,75,900.0,0.0,1
12.0,1629.0,7,7.0,0.0,149,900.0,0.0,1
67.0,1534.5,-8,-8.0,0.0,136,900.0,0.0,-1
28.0,1721.0,8,7.1,0.09,125,900.0,0.0,1
-6.0,1945.0,4,4.0,0.0,93,900.0,5.0,1
66.0,1886.0,8,7.5,2.25,69,1200.0,0.0,1
-30.0,1629.0,0,-0.9,1.8900000000000001,69,900.0,0.0,1
-46.0,1721.0,2,2.2,5.16,31,900.0,0.0,1
-87.0,1534.5,3,-1.6,3.6399999999999997,35,900.0,0.0,1
-241.0,2042.5,7,1.0,9.6,89,900.0,0.0,1
14.0,1629.0,7,4.6,2.6399999999999997,61,900.0,0.0,1
-26.0,1718.0,-6,-5.9,0.09,96,1200.0,5.0,-1
131.0,1561.5,4,4.0,0.0,75,900.0,0.0,1
235.0,2042.5,-2,-1.2,0.16,51,900.0,0.0,1
107.0,1534.5,-7,-5.4,0.43999999999999995,94,900.0,0.0,-1
-229.0,2042.5,0,0.6,0.24000000000000005,34,900.0,0.0,-1
-32.0,1629.0,9,5.6,8.040000000000001,57,900.0,0.0,1
62.0,1720.0,4,-1.4,5.040000000000001,35,900.0,0.0,1
221.0,2042.5,2,0.7,1.21,45,900.0,0.0,1
-37.0,1769.5,0,0.0,0.0,66,900.0,0.0,-1
-129.0,1534.5,5,4.1,0.09,79,900.0,0.0,1
16.0,1629.0,7,7.0,0.0,71,900.0,0.0,1
-247.0,2042.5,2,2.0,0.0,57,900.0,0.0,1
257.0,2042.5,-1,-1.0,0.0,108,900.0,0.0,0
-230.0,1869.0,-12,-9.6,13.440000000000001,100,900.0,0.0,-1
119.0,1534.5,4,2.3,1.61,47,900.0,0.0,1
-34.0,1629.0,2,2.0,0.0,87,900.0,0.0,1
23.0,1769.5,5,0.5,2.25,87,900.0,0.0,1
180.0,1595.0,8,7.5,0.25,87,900.0,0.0,1
-251.0,2042.5,0,0.6,0.24000000000000005,34,900.0,0.0,-1
245.0,2042.5,0,-0.6,0.8400000000000001,41,900.0,0.0,1
-107.0,1534.5,-1,-1.3,0.8100000000000002,56,900.0,0.0,-1
-239.0,2042.5,0,0.6,0.24000000000000005,34,900.0,0.0,-1
52.0,1629.0,-5,-1.6,3.6399999999999997,100,900.0,0.0,-1
233.0,2042.5,0,-1.0,0.6,53,900.0,0.0,1
275.0,1993.5,2,1.0,0.2,119,900.0,0.0,1
95.0,1534.5,1,0.9,7.49,17,900.0,0.0,1
-165.0,1597.5,-5,-4.9,5.89,52,900.0,0.0,-1
59.0,1466.5,-2,-0.7,0.41,68,900.0,0.0,-1
8.0,1746.0,1,1.0,0.0,205,900.0,0.0,1
-114.0,1169.0,-48,-41.8,36.76,80,900.0,0.0,-1
-59.0,1618.5,-6,-3.2,1.3599999999999999,62,900.0,0.0,-1
-79.0,1466.5,-2,-0.2,2.16,61,900.0,0.0,1
-83.0,1650.5,-22,-20.5,5.25,118,900.0,0.0,-1
82.0,1631.0,6,1.5,2.25,51,900.0,0.0,1
-227.0,2042.5,-4,-2.9,2.4899999999999998,64,900.0,0.0,-1
-269.0,1993.5,-8,-6.7,0.8099999999999999,60,900.0,0.0,-1
-17.0,1696.5,-13,-10.3,11.61,74,900.0,0.0,-1
79.0,1618.5,-7,-5.5,1.25,46,900.0,0.0,-1
67.0,1466.5,7,7.6,0.24,53,900.0,0.0,1
71.0,1650.5,21,14.1,18.09,127,900.0,0.0,1
-70.0,1631.0,-18,-13.9,7.890000000000001,88,900.0,0.0,-1
263.0,1993.5,5,3.2,7.56,75,900.0,0.0,1
-67.0,1618.5,-11,-10.8,0.16,66,900.0,0.0,-1
-111.0,1710.5,25,21.0,16.0,109,900.0,0.0,1
-51.0,1972.5,0,-1.8,5.160000000000001,60,2700.0,45.0,0
39.0,1622.5,1,0.5,0.85,25,900.0,0.0,1
110.0,1660.0,2,1.8,0.56,44,1200.0,5.0,-1
74.0,1609.0,4,4.0,0.0,65,900.0,0.0,1
7.0,1745.5,4,-2.1,6.489999999999999,57,900.0,0.0,-1
-132.0,1660.0,-3,-3.0,0.0,41,1200.0,5.0,1
122.0,1660.0,24,17.9,25.09,119,1200.0,5.0,1
-289.0,1993.5,0,0.6,1.44,85,900.0,0.0,1
42.0,1714.0,3,4.0,1.4,79,900.0,0.0,1
-94.0,1609.0,-1,-0.7,0.8100000000000002,49,900.0,0.0,1
-205.0,1538.5,-5,-4.0,0.6,130,900.0,0.0,-1
238.0,1764.0,9,6.7,3.41,91,900.0,0.0,1
29.0,1660.5,0,0.6,8.64,60,900.0,0.0,-1
405.0,1917.5,7,6.3,0.21000000000000002,85,900.0,0.0,1
240.0,1972.0,1,1.0,0.2,121,1500.0,0.0,1
-342.0,1861.0,2,2.0,0.0,34,900.0,0.0,-1
174.0,1510.0,-15,-9.4,13.440000000000001,180,900.0,0.0,-1
30.0,1699.0,-3,-0.9,0.6900000000000001,60,900.0,0.0,-1
289.0,1874.5,1,1.0,0.0,114,900.0,0.0,-1
-65.0,1695.5,-3,-3.6,0.64,76,900.0,0.0,-1
232.0,1764.0,7,4.7,3.0100000000000002,95,900.0,0.0,1
72.0,1623.0,-10,-4.4,13.440000000000001,160,2700.0,0.0,-1
24.0,1709.0,2,2.1,2.49,55,900.0,0.0,1
30.0,1707.0,0,0.1,0.09,34,1200.0,5.0,0
-230.0,1970.0,-5,-3.5,0.45,72,1500.0,0.0,-1
-283.0,1874.5,-9,-8.2,2.7600000000000002,86,900.0,0.0,-1
-21.0,1702.5,-4,-4.0,0.0,76,900.0,0.0,-1
564.0,2049.0,12,8.8,7.56,65,900.0,0.0,1
482.0,1789.0,2,1.1,0.09,37,900.0,0.0,1
21.0,1702.5,2,2.0,0.0,167,900.0,0.0,0
218.0,1968.0,6,4.8,0.36,83,1500.0,0.0,1
330.0,1849.0,2,2.0,0.0,33,900.0,0.0,1
-275.0,1804.5,3,1.5,0.65,93,900.0,0.0,1
145.0,1936.5,-1,-1.1,0.09,123,900.0,0.0,1
-93.0,1639.5,-1,-0.7,0.21000000000000002,76,900.0,0.0,-1
-153.0,1577.5,-4,-1.9,1.89,39,2700.0,0.0,-1
-447.0,1871.5,0,-0.5,1.65,69,900.0,0.0,1
75.0,1631.5,4,0.0,2.6,57,900.0,0.0,1
75.0,1575.5,-16,-15.7,4.41,52,900.0,0.0,-1
-125.0,1617.5,-1,-0.8,0.16,79,900.0,0.0,1
-74.0,1605.0,-8,-7.2,1.36,54,900.0,0.0,-1
26.0,2013.0,2,0.8,2.36,70,900.0,0.0,-1
124.0,1813.0,-2,-1.9,0.09,118,900.0,0.0,-1
5.0,1691.5,-3,-1.0,3.0,60,900.0,0.0,-1
-206.0,2049.0,0,0.6,0.24000000000000005,34,900.0,0.0,-1
198.0,2049.0,9,1.1,28.689999999999998,43,900.0,0.0,1
-26.0,1772.0,-1,-0.1,5.489999999999999,18,900.0,0.0,-1
-369.0,2144.5,-18,-13.5,6.45,104,900.0,0.0,-1
-8.0,1763.0,0,0.0,0.0,45,900.0,0.0,1
-80.0,1748.0,-3,-0.3,0.8100000000000002,26,900.0,15.0,-1
164.0,1699.0,10,7.8,2.16,73,900.0,0.0,1
-103.0,1640.5,-10,-10.0,0.0,95,900.0,0.0,1
-67.0,1903.5,-4,-1.6,1.44,30,900.0,0.0,-1
-36.0,1962.0,-19,-14.7,13.41,120,900.0,0.0,-1
171.0,1892.5,10,1.4,8.44,69,900.0,0.0,1
-154.0,1699.0,-11,-6.5,2.25,86,900.0,0.0,-1
-36.0,1572.0,10,9.4,0.44000000000000006,149,900.0,0.0,0
67.0,1878.5,2,1.5,0.25,133,1200.0,0.0,1
-13.0,1963.5,-3,-0.6,8.04,52,900.0,0.0,-1
48.0,1695.0,-1,-0.7,0.21000000000000002,76,900.0,0.0,-1
-68.0,1695.0,6,0.9,4.29,101,900.0,0.0,1
55.0,1965.5,2,2.0,0.0,93,900.0,0.0,1
-350.0,1767.0,-12,-12.0,0.0,204,900.0,0.0,-1
25.0,1641.5,17,16.4,4.24,83,900.0,0.0,1
726.0,1587.0,16,6.0,38.0,57,900.0,0.0,1
32.0,1977.0,-4,-3.1,0.09,126,900.0,0.0,-1
-725.0,1587.5,0,0.0,0.0,24,900.0,0.0,-1
-75.0,1965.5,11,1.5,17.45,57,900.0,0.0,1
346.0,1767.0,11,6.2,3.96,57,900.0,0.0,1
-148.0,1657.0,-4,-4.5,0.25,91,900.0,0.0,1
724.0,1588.0,9,8.1,1.09,65,900.0,0.0,1
-36.0,1688.0,-6,-1.5,2.25,104,900.0,0.0,-1
-608.0,2087.0,-2,-1.7,1.6099999999999999,38,900.0,0.0,-1
62.0,1605.0,1,0.6,2.44,52,900.0,0.0,-1
22.0,1688.0,0,0.3,0.8100000000000002,15,900.0,0.0,1
165.0,1571.5,-17,-13.0,16.0,142,900.0,0.0,-1
-40.0,1688.0,3,2.1,7.289999999999999,51,900.0,0.0,1
-468.0,2156.0,0,-0.5,2.25,56,900.0,0.0,-1
466.0,2156.0,-1,-1.0,1.2,31,900.0,0.0,1
-26.0,1688.0,-9,-6.3,0.8099999999999999,150,900.0,0.0,-1
-723.0,1588.5,-1,-1.0,0.0,94,900.0,0.0,-1
6.0,1998.0,-7,-6.7,0.21000000000000002,108,900.0,0.0,-1
289.0,1259.5,36,28.7,6.01,55,900.0,0.0,1
722.0,1589.0,0,0.0,1.0,79,900.0,0.0,1
-155.0,1571.5,-3,-0.3,0.8100000000000002,32,900.0,0.0,-1
44.0,1688.0,-1,-0.3,0.20999999999999996,88,900.0,0.0,-1
-145.0,1574.5,10,1.5,8.85,33,900.0,0.0,1
110.0,1730.0,15,7.8,11.959999999999999,121,1980.0,33.0,1
-311.0,1864.5,13,13.0,0.0,132,900.0,0.0,0
459.0,1889.5,7,6.1,0.09,63,900.0,0.0,1
3.0,1667.5,2,0.3,1.0099999999999998,61,900.0,0.0,0
80.0,2194.0,0,0.0,0.0,59,900.0,0.0,1
8.0,1437.0,-3,-3.2,0.15999999999999998,56,900.0,0.0,-1
-457.0,1889.5,-5,-2.7,1.41,66,900.0,0.0,-1
-41.0,1702.5,0,0.0,0.0,39,900.0,0.0,1
73.0,1752.5,8,-0.3,8.41,27,900.0,0.0,1
-58.0,1752.0,-1,-1.3,0.8100000000000002,52,900.0,0.0,-1
197.0,2051.5,0,-1.0,0.6,53,900.0,0.0,1
118.0,1659.0,12,3.4,8.44,39,900.0,0.0,1
603.0,2536.5,1,2.3,0.61,95,900.0,1.0,1
355.0,1840.5,0,0.3,0.8100000000000002,31,900.0,0.0,1
-221.0,2051.5,11,3.7,6.01,77,900.0,0.0,1
-99.0,1170.5,-26,-23.6,13.440000000000001,118,900.0,0.0,-1
213.0,2051.5,0,-1.0,0.6,53,900.0,0.0,1
-94.0,1732.0,-2,-1.9,0.09,32,1980.0,33.0,-1
-239.0,2051.5,3,1.9,2.4899999999999998,67,900.0,0.0,1
121.0,1170.5,0,-0.3,2.61,34,900.0,0.0,-1
78.0,1734.0,4,1.6,1.44,55,1980.0,33.0,1
-2.0,1722.0,1,1.0,0.0,112,900.0,0.0,0
145.0,1571.5,2,1.8,0.16,115,900.0,0.0,1
-60.0,1736.0,-9,-1.2,7.56,48,1980.0,33.0,-1
137.0,1580.5,12,7.2,2.7600000000000002,81,900.0,0.0,1
18.0,1722.0,-3,-0.2,0.96,44,900.0,0.0,-1
312.0,1784.0,-2,-0.8,0.56,89,900.0,5.0,1
147.0,1796.5,5,2.1,4.29,65,900.0,0.0,1
-159.0,1580.5,10,7.3,17.009999999999998,73,900.0,0.0,1
-307.0,1784.5,2,0.2,1.7600000000000002,48,900.0,5.0,-1
-28.0,1771.0,-1,-0.5,2.05,39,900.0,0.0,1
-535.0,1974.5,-12,-11.3,0.21000000000000002,80,1980.0,33.0,-1
123.0,1773.5,-5,-1.8,15.360000000000003,109,900.0,0.0,-1
340.0,1784.0,-3,-3.6,0.64,60,900.0,0.0,-1
233.0,2051.5,-3,-2.5,2.05,41,900.0,0.0,1
-227.0,2051.5,-2,-1.0,0.2,82,900.0,0.0,-1
183.0,1580.5,-7,-7.5,2.05,72,900.0,0.0,-1
219.0,2051.5,-5,-3.9,5.6899999999999995,49,900.0,0.0,1
-211.0,2051.5,0,0.6,0.24000000000000005,34,900.0,0.0,-1
203.0,2051.5,-3,-2.8,0.15999999999999998,51,900.0,0.0,1
433.0,2171.5,5,1.6,6.639999999999999,83,900.0,0.0,1
-175.0,1580.5,-10,-1.9,7.289999999999999,66,900.0,0.0,-1
-431.0,2171.5,-5,-5.4,0.8400000000000001,70,900.0,0.0,-1
-411.0,1437.5,-9,-8.0,1.2,48,900.0,0.0,-1
-195.0,2051.5,-5,-3.3,6.01,128,900.0,0.0,-1
187.0,2051.5,0,-1.0,0.6,53,900.0,0.0,1
-211.0,2051.5,2,2.0,0.0,91,900.0,0.0,1
-309.0,1938.5,-2,-2.2,0.15999999999999998,70,900.0,0.0,-1
-94.0,1976.0,0,0.8,5.76,96,900.0,0.0,-1
337.0,1938.5,-3,0.3,6.81,64,900.0,0.0,-1
-559.0,1737.5,-8,-7.5,2.25,73,900.0,0.0,-1
456.0,2158.0,1,-0.6,6.040000000000001,37,900.0,0.0,1
125.0,1818.5,-3,-3.0,0.0,121,900.0,0.0,-1
-454.0,2158.0,-3,-2.6,0.24,82,900.0,0.0,-1
-113.0,1818.5,-9,-0.8,7.56,50,900.0,0.0,-1
203.0,2051.5,0,-1.0,0.6,53,900.0,0.0,1
-36.0,1737.0,-6,-2.0,5.2,44,900.0,0.0,-1
53.0,1989.5,5,5.0,0.0,95,900.0,0.0,1
-195.0,2051.5,4,3.8,0.36,58,900.0,0.0,-1
365.0,2200.5,-9,-5.0,4.0,91,900.0,0.0,1
219.0,2051.5,-5,-3.6,2.6400000000000006,76,900.0,0.0,-1
201.0,1928.5,-10,-5.5,9.45,112,900.0,0.0,-1
126.0,1575.0,6,2.8,1.36,43,900.0,0.0,1
-211.0,2051.5,-5,-3.4,0.44000000000000006,138,900.0,0.0,-1
31.0,1741.5,1,0.4,0.8400000000000001,39,1200.0,10.0,1
187.0,1647.5,2,2.0,0.0,110,900.0,2.0,-1
203.0,2051.5,0,-1.0,0.6,53,900.0,0.0,1
212.0,1908.0,3,1.9,3.8899999999999997,61,900.0,0.0,1
-195.0,2051.5,-5,-4.3,0.21000000000000002,158,900.0,0.0,-1
-144.0,1171.0,3,-1.5,2.25,89,900.0,0.0,1
-250.0,1682.0,-16,-16.0,0.0,136,900.0,2.0,-1
220.0,1752.0,6,5.2,3.16,91,900.0,0.0,1
187.0,2051.5,0,-1.0,0.6,53,900.0,0.0,1
-211.0,2051.5,5,1.5,2.65,49,900.0,0.0,1
203.0,2051.5,0,-1.0,0.6,53,900.0,0.0,1
38.0,1759.0,0,0.3,0.8100000000000002,17,900.0,0.0,1
-103.0,1956.5,0,0.8,0.16,97,2700.0,45.0,1
314.0,1716.0,4,-3.7,8.81,91,900.0,2.0,1
-382.0,1634.0,-3,-4.1,15.290000000000001,96,600.0,12.0,-1
-37.0,1583.5,19,11.5,6.45,115,900.0,0.0,1
21.0,1583.5,28,28.0,0.0,103,900.0,0.0,1
-57.0,1648.5,13,7.6,34.239999999999995,77,900.0,0.0,1
-21.0,1583.5,3,1.3,6.01,121,900.0,0.0,0
5.0,1583.5,13,5.5,6.45,127,900.0,0.0,1
-2059.0,1751.5,-7,-5.8,2.16,36,900.0,5.0,-1
337.0,1790.5,19,16.2,8.56,63,900.0,0.0,1
-23.0,1583.5,5,5.3,0.8099999999999999,69,900.0,0.0,1
-158.0,1710.0,2,1.4,0.8400000000000001,77,900.0,0.0,1
41.0,1583.5,-5,-3.2,3.3600000000000003,84,900.0,0.0,-1
-127.0,1690.5,-9,-8.9,0.09,82,900.0,0.0,-1
240.0,1566.0,2,2.0,0.0,113,600.0,12.0,1
-27.0,1583.5,-4,-1.3,0.8100000000000002,60,900.0,0.0,-1
11.0,1583.5,9,9.0,0.0,169,900.0,0.0,1
-107.0,1571.5,0,7.0,7.6,168,900.0,0.0,-1
-20.0,1775.0,1,0.3,0.20999999999999996,86,900.0,30.0,-1
5.0,1583.5,-1,-0.1,0.09,12,900.0,0.0,-1
-21.0,1583.5,15,15.0,0.0,127,900.0,0.0,1
300.0,1798.0,4,2.6,1.44,45,900.0,0.0,1
5.0,1583.5,1,1.2,0.9599999999999997,75,900.0,0.0,1
-152.0,1713.0,-1,-1.8,3.56,47,900.0,0.0,1
-234.0,1566.0,-1,-0.1,2.09,74,600.0,12.0,-1
11.0,1583.5,-1,-1.0,0.0,84,900.0,0.0,-1
-105.0,1695.5,-20,-10.5,12.85,36,900.0,0.0,-1
-345.0,1788.5,-3,-2.4,0.44000000000000006,58,900.0,0.0,-1
5.0,1583.5,-26,-25.3,2.0100000000000002,70,900.0,0.0,-1
170.0,1708.0,9,9.0,0.0,283,900.0,0.0,0
-21.0,1583.5,20,17.3,2.6100000000000003,67,900.0,0.0,1
341.0,1788.5,0,-0.1,0.09,73,900.0,0.0,1
228.0,1566.0,6,-1.8,7.56,39,600.0,12.0,1
301.0,1795.5,1,1.3,0.8100000000000002,29,900.0,0.0,1
39.0,1583.5,-20,-16.9,10.69,92,900.0,0.0,-1
125.0,1696.5,-9,-9.0,0.0,134,900.0,0.0,-1
-336.0,1789.0,-4,-3.1,3.8900000000000006,50,900.0,0.0,-1
2.0,1774.0,3,2.7,0.8099999999999999,39,900.0,30.0,1
-25.0,1583.5,-10,-6.9,7.889999999999999,96,900.0,0.0,-1
282.0,1813.0,16,7.5,8.85,63,900.0,0.0,1
43.0,1583.5,-1,-0.1,0.09,18,900.0,0.0,-1
-29.0,1583.5,-1,2.0,1.8,56,900.0,0.0,-1
-160.0,1708.0,-5,-2.3,0.8099999999999999,40,900.0,0.0,-1
-308.0,1790.0,-18,-14.7,3.21,32,900.0,0.0,-1
66.0,1984.0,-4,1.2,5.36,108,2700.0,45.0,-1
154.0,1707.0,14,7.3,5.21,87,900.0,0.0,1
31.0,1583.5,-22,-16.6,10.440000000000001,94,900.0,0.0,0
-144.0,1707.0,4,3.4,2.04,56,900.0,0.0,-1
-145.0,1697.5,14,13.9,0.09,101,900.0,0.0,1
-15.0,1583.5,-10,-4.9,3.29,100,900.0,0.0,-1
41.0,1781.5,-9,-6.3,0.8099999999999999,66,900.0,0.0,-1
-9.0,1631.5,9,7.0,1.8,85,900.0,0.0,1
-1.0,1583.5,9,8.9,0.09,143,900.0,0.0,1
174.0,1650.0,21,21.2,0.16,91,900.0,2.0,1
-89.0,1722.5,-14,-13.2,3.1599999999999997,112,1200.0,10.0,-1
-15.0,1583.5,6,4.2,8.959999999999999,41,900.0,0.0,1
-1.0,1583.5,11,2.2,11.960000000000003,65,900.0,0.0,1
3.0,1800.5,0,1.6,3.2400000000000007,51,900.0,0.0,0
-15.0,1583.5,21,17.0,16.0,169,900.0,0.0,1
73.0,1653.5,-6,-4.1,0.49000000000000005,178,900.0,0.0,-1
13.0,1800.5,-5,-0.5,2.25,42,900.0,0.0,-1
-1.0,1583.5,15,14.5,2.05,79,900.0,0.0,1
-59.0,1653.5,-12,-10.0,1.6,122,900.0,0.0,-1
17.0,1583.5,-22,-16.4,13.440000000000001,122,900.0,0.0,-1
60.0,1891.0,-14,-12.7,6.8100000000000005,132,1200.0,0.0,-1
53.0,1816.5,9,7.5,2.25,111,900.0,0.0,1
77.0,1722.5,5,3.8,7.56,55,1200.0,10.0,1
-1.0,1583.5,-11,-8.0,14.4,46,900.0,0.0,-1
-31.0,1590.5,9,5.0,16.0,77,1800.0,0.0,1
36.0,1592.0,-10,0.5,15.65,50,900.0,0.0,-1
-77.0,1728.5,-8,-1.7,10.01,111,900.0,30.0,-1
-3.0,1760.5,18,10.9,5.6899999999999995,103,900.0,0.0,1
14.0,1590.0,19,17.0,4.0,111,1800.0,0.0,1
-55.0,1592.5,5,5.0,0.0,79,900.0,0.0,1
62.0,1891.0,-1,-1.1,0.09,113,1200.0,0.0,0
56.0,1602.0,-17,-16.6,0.24,126,1200.0,5.0,-1
-13.0,1760.5,3,3.0,0.0,75,900.0,0.0,1
120.0,1720.0,-3,1.5,2.25,66,900.0,30.0,-1
-59.0,1602.5,8,8.0,0.0,137,1200.0,5.0,0
-19.0,1768.5,19,16.6,13.440000000000001,107,900.0,0.0,1
-102.0,1722.0,-13,-3.4,12.239999999999998,38,900.0,30.0,-1
235.0,1838.5,11,1.9,10.69,39,900.0,0.0,1
459.0,2160.5,0,0.0,0.0,267,900.0,5.0,0
81.0,1603.5,-1,-0.1,0.09,32,1200.0,5.0,-1
-103.0,1604.5,6,6.0,2.0,77,1200.0,5.0,1
-33.0,1735.5,-8,-5.1,9.09,84,1200.0,5.0,-1
-500.0,2580.0,-15,-6.1,23.490000000000002,107,900.0,0.0,-1
10.0,1558.0,1,1.0,0.0,207,900.0,2.0,0
715.0,1586.5,22,8.4,46.64,107,900.0,0.0,1
-411.0,1822.5,-10,-10.0,0.0,41,900.0,0.0,-1
90.0,1604.0,10,6.4,13.040000000000001,103,1200.0,5.0,1
-457.0,2160.5,-2,-1.4,0.8400000000000001,56,900.0,5.0,-1
-192.0,1928.0,-7,-7.0,1.2,72,900.0,0.0,-1
63.0,1751.5,9,0.9,7.290000000000001,43,900.0,0.0,1
-76.0,1603.0,-10,-9.9,0.09,108,1200.0,5.0,-1
455.0,2160.5,8,7.1,0.09,91,900.0,5.0,1
80.0,1603.0,0,-0.3,0.20999999999999996,139,1200.0,5.0,0
-453.0,2160.5,-5,-4.1,0.09,108,900.0,5.0,-1
31.0,1624.5,6,4.4,0.43999999999999995,89,900.0,0.0,1
100.0,1787.0,4,3.2,1.3599999999999999,59,900.0,0.0,1
-104.0,1605.0,18,13.7,18.61,107,1200.0,5.0,1
-4.0,1630.0,0,0.4,0.8400000000000001,50,900.0,0.0,-1
-27.0,1636.5,9,9.0,0.0,71,900.0,0.0,1
87.0,1961.5,-7,-8.8,23.759999999999998,64,900.0,0.0,-1
90.0,1604.0,7,2.5,2.25,57,1200.0,5.0,1
64.0,1891.0,-6,-2.1,1.89,142,1200.0,0.0,0
58.0,1774.0,0,0.0,0.0,70,900.0,0.0,-1
-3.0,1629.5,-1,-0.4,0.24000000000000005,45,900.0,0.0,1
-375.0,1593.5,-7,-7.0,0.0,42,900.0,0.0,-1
-78.0,1749.0,21,19.6,3.04,89,900.0,0.0,1
-44.0,1774.0,-19,-15.0,16.0,130,900.0,0.0,-1
-260.0,1827.0,4,3.3,0.21000000000000002,89,900.0,0.0,1
84.0,1891.0,-9,-6.0,13.2,88,1200.0,0.0,-1
111.0,1742.5,-12,-10.5,2.25,128,900.0,0.0,-1
-194.0,1623.0,8,5.8,2.16,51,1200.0,0.0,1
65.0,1772.5,-11,-4.2,7.56,62,900.0,0.0,-1
72.0,1891.0,5,2.8,6.76,95,1200.0,0.0,1
37.0,1814.5,-1,-1.0,0.0,56,900.0,0.0,-1
17.0,1761.5,-5,-0.4,2.4399999999999995,100,1200.0,0.0,-1
197.0,1628.5,5,-0.4,4.840000000000001,53,900.0,0.0,1
-23.0,1814.5,-2,-0.4,0.44000000000000006,52,900.0,0.0,-1
-288.0,1246.0,-20,-20.0,0.0,68,900.0,0.0,-1
76.0,1891.0,4,4.0,0.0,66,1200.0,0.0,0
-385.0,1783.5,-7,-6.6,0.8400000000000001,76,900.0,0.0,-1
97.0,1748.5,5,5.0,0.0,123,900.0,0.0,1
182.0,1594.0,5,3.5,1.05,57,900.0,0.0,1
10.0,1784.0,1,0.4,0.24000000000000005,96,900.0,0.0,-1
31.0,1940.5,1,1.0,0.0,118,900.0,5.0,-1
-458.0,1773.0,2,2.0,0.0,106,900.0,0.0,1
155.0,1617.5,8,8.0,0.0,71,900.0,0.0,1
-133.0,1623.5,-1,-0.4,0.43999999999999995,48,900.0,0.0,-1
-92.0,1620.0,-8,-5.7,3.0100000000000002,54,900.0,0.0,-1
212.0,1514.0,2,0.7,0.61,11,900.0,0.0,1
16.0,1890.0,-4,-0.5,3.45,78,900.0,7.0,-1
-143.0,1620.5,-4,-4.8,2.76,88,900.0,0.0,-1
-21.0,1708.5,-5,-4.9,0.09,90,900.0,0.0,-1
289.0,1249.5,3,2.7,0.8099999999999999,25,900.0,0.0,1
53.0,1785.5,-2,-1.9,0.09,99,900.0,0.0,1
-403.0,1751.5,-12,-8.5,13.65,72,900.0,0.0,-1
128.0,1174.0,31,30.7,0.21000000000000002,85,900.0,0.0,1
-150.0,1174.0,0,0.0,0.0,11,900.0,0.0,1
174.0,1174.0,0,0.9,0.09,20,900.0,0.0,-1
-535.0,1529.5,-3,-3.0,7.2,23,900.0,0.0,-1
-152.0,1152.0,-2,-2.0,0.0,109,900.0,0.0,1
161.0,1861.5,7,7.3,0.8099999999999999,73,900.0,0.0,1
-83.0,1502.5,-9,-4.9,2.0900000000000003,90,1200.0,0.0,-1
13.0,1683.5,6,6.0,0.0,102,900.0,0.0,-1
86.0,1984.0,1,1.0,0.0,114,2700.0,45.0,-1
177.0,1594.5,3,2.1,2.4899999999999998,49,900.0,0.0,1
-59.0,1601.5,-17,-11.4,13.440000000000001,102,900.0,5.0,-1
0.0,1720.0,6,5.7,0.8099999999999999,63,5400.0,0.0,0
73.0,1839.5,5,4.2,0.76,121,900.0,0.0,1
847.0,1818.5,0,0.0,0.0,15,1980.0,33.0,1
116.0,1806.0,-2,-1.4,1.44,56,900.0,0.0,-1
85.0,1473.5,-9,-8.3,0.21000000000000002,66,900.0,0.0,-1
-57.0,1717.5,5,-1.9,7.290000000000001,41,900.0,0.0,1
46.0,1670.0,0,0.0,0.0,95,1200.0,10.0,0
-407.0,1606.5,-6,-6.3,0.8099999999999999,60,900.0,0.0,-1
-8.0,1769.0,0,0.0,0.0,29,900.0,0.0,-1
146.0,1856.0,-2,-2.1,0.09,66,900.0,0.0,-1
-9.0,1427.5,-2,-2.9,0.09,135,900.0,0.0,1
43.0,1717.5,4,4.3,0.21000000000000002,87,900.0,0.0,1
48.0,1651.0,-1,-0.7,0.21000000000000002,51,900.0,0.0,1
-138.0,1806.0,-1,-1.3,0.21000000000000002,109,900.0,0.0,1
71.0,1502.5,11,7.4,10.84,75,1200.0,0.0,1
-29.0,1671.5,-10,-5.2,16.759999999999998,98,1200.0,10.0,-1
-91.0,1774.5,2,1.6,2.04,63,900.0,0.0,1
30.0,1608.0,5,5.0,7.2,65,900.0,0.0,1
0.0,1720.0,1,2.2,2.16,115,5400.0,0.0,1
-4.0,1793.0,-12,-8.0,11.8,108,900.0,0.0,-1
361.0,1444.5,14,9.4,2.44,83,900.0,0.0,1
-15.0,1940.5,-11,-3.7,8.81,112,900.0,5.0,-1
144.0,1806.0,1,1.0,0.0,125,900.0,0.0,0
112.0,1834.0,-1,-1.0,0.0,122,900.0,15.0,-1
-17.0,1712.5,-4,-1.7,7.81,84,900.0,0.0,-1
22.0,1793.0,-2,-1.1,0.09,36,900.0,0.0,-1
90.0,1777.0,5,5.0,0.0,101,900.0,0.0,0
-235.0,1629.5,6,4.9,2.49,69,900.0,0.0,1
-100.0,1681.0,-15,-8.5,14.65,118,900.0,0.0,-1
-125.0,1571.5,0,-0.9,0.09,125,900.0,0.0,0
-40.0,1793.0,3,0.3,0.8100000000000002,63,900.0,0.0,1
1.0,1712.5,4,3.1,0.09,57,900.0,0.0,1
115.0,1571.5,3,0.9,4.6899999999999995,77,900.0,0.0,1
-103.0,1571.5,-6,0.5,5.65,54,900.0,0.0,-1
-17.0,1712.5,4,4.0,0.0,67,900.0,0.0,1
583.0,1664.5,8,4.7,2.21,63,900.0,0.0,1
91.0,1571.5,5,4.4,6.24,59,900.0,0.0,1
48.0,1742.0,9,0.8,7.56,29,900.0,0.0,1
-79.0,1571.5,-7,-7.0,0.0,50,900.0,0.0,-1
-20.0,1724.0,6,0.9,3.29,41,900.0,0.0,1
99.0,1571.5,-14,-8.4,13.440000000000001,148,900.0,0.0,-1
-81.0,1843.5,-14,-10.0,16.0,128,900.0,0.0,-1
-87.0,1571.5,-6,-1.2,3.3600000000000003,68,900.0,0.0,-1
35.0,1712.5,-6,-1.2,3.3600000000000003,66,900.0,0.0,-1
107.0,1571.5,0,-0.3,0.8100000000000002,18,900.0,0.0,-1
-111.0,1571.5,0,0.5,1.25,113,900.0,0.0,0
-37.0,1477.5,-3,-2.4,2.24,62,600.0,12.0,-1
220.0,1637.0,15,13.7,2.0100000000000002,81,900.0,0.0,1
133.0,1571.5,-6,-5.5,2.25,138,900.0,0.0,-1
-19.0,1712.5,-6,-4.9,2.29,58,900.0,0.0,-1
30.0,1756.0,3,0.3,0.8100000000000002,33,900.0,15.0,1
-155.0,1571.5,-1,-0.8,0.56,69,900.0,0.0,1
-211.0,1637.5,-10,-4.5,4.45,66,900.0,0.0,-1
309.0,1562.5,15,14.7,0.21000000000000002,75,1200.0,5.0,1
83.0,1601.5,1,0.1,0.29000000000000004,25,900.0,0.0,1
-57.0,1529.5,-5,-2.3,0.8099999999999999,198,900.0,0.0,-1
21.0,1477.5,5,4.5,0.25,69,600.0,12.0,1
-131.0,1595.5,-18,-5.2,28.160000000000004,104,900.0,0.0,-1
235.0,1763.5,11,7.8,1.36,137,900.0,0.0,1
3.0,1712.5,5,3.8,0.96,145,900.0,0.0,1
-278.0,1882.0,-8,-7.3,0.21000000000000002,192,900.0,0.0,-1
-54.0,1672.0,4,3.0,0.2,89,2700.0,0.0,1
-87.0,1579.5,5,4.9,0.09,88,1200.0,0.0,-1
-229.0,1763.5,-13,-6.5,14.65,140,900.0,0.0,-1
-525.0,2066.5,-10,-10.0,0.0,58,900.0,0.0,-1
-269.0,1528.5,-10,-6.9,5.89,66,900.0,0.0,-1
-259.0,1649.5,12,4.5,33.25,103,900.0,0.0,1
43.0,1529.5,7,5.6,1.44,69,900.0,0.0,1
-19.0,1712.5,0,0.3,0.8100000000000002,35,900.0,0.0,1
37.0,1712.5,-7,-1.4,7.039999999999999,58,900.0,0.0,-1
163.0,1725.5,0,-0.5,2.25,127,900.0,0.0,0
222.0,1764.0,12,4.8,5.76,157,900.0,0.0,1
11.0,1942.5,9,1.8,5.76,99,900.0,0.0,1
62.0,1695.0,-8,-8.0,0.0,84,1200.0,5.0,-1
-241.0,1631.5,-2,-2.9,0.69,96,900.0,0.0,-1
253.0,1649.5,4,3.1,7.289999999999999,31,900.0,0.0,1
216.0,1647.0,-8,-7.2,0.15999999999999998,44,900.0,0.0,-1
-55.0,1712.5,7,2.0,3.8,49,900.0,0.0,1
263.0,1528.5,9,7.3,6.01,79,900.0,0.0,1
272.0,1882.0,0,1.3,2.0100000000000002,41,900.0,0.0,1
102.0,1596.0,7,6.9,1.09,73,900.0,0.0,1
67.0,1552.5,6,4.6,6.24,79,900.0,0.0,1
-247.0,1649.5,-9,3.2,16.759999999999998,94,900.0,0.0,-1
-202.0,1650.0,-15,-15.0,0.0,154,900.0,0.0,-1
41.0,1712.5,8,3.1,3.4900000000000007,45,900.0,0.0,1
-548.0,1967.0,-3,-2.4,2.2399999999999998,50,1980.0,33.0,-1
-72.0,1689.0,-10,-7.3,0.8099999999999999,86,900.0,0.0,-1
5.0,1942.5,-2,0.7,7.01,44,900.0,0.0,-1
-29.0,1704.5,-4,-1.2,0.9599999999999997,54,1200.0,5.0,-1
-68.0,1716.0,2,2.2,1.7600000000000002,51,900.0,0.0,1
235.0,1631.5,1,1.6,2.04,81,900.0,0.0,1
-92.0,1601.0,-32,-27.3,18.61,94,900.0,0.0,-1
-109.0,1966.5,-15,-5.7,18.410000000000004,112,2700.0,45.0,-1
83.0,1583.5,0,-0.4,2.4399999999999995,67,900.0,0.0,1
114.0,1601.0,-9,-0.2,8.760000000000002,56,900.0,0.0,-1
-102.0,1601.0,-25,-19.2,34.56,148,900.0,0.0,-1
-385.0,2200.5,0,0.0,0.0,118,900.0,0.0,0
109.0,1881.5,0,0.3,0.8100000000000002,73,900.0,0.0,1
124.0,1601.0,-7,-4.8,2.16,40,900.0,0.0,-1
-114.0,1601.0,-1,-0.1,0.09,16,900.0,0.0,-1
136.0,1601.0,-10,-5.2,10.559999999999999,52,900.0,0.0,-1
-229.0,1631.5,-3,-0.4,4.64,59,900.0,0.0,-1
47.0,1704.5,3,3.7,0.21000000000000002,64,1200.0,5.0,-1
-126.0,1601.0,-13,-13.5,2.65,84,900.0,0.0,-1
148.0,1601.0,-10,-9.3,0.21000000000000002,122,900.0,0.0,-1
-138.0,1601.0,-7,-6.2,2.7600000000000002,72,900.0,0.0,-1
221.0,1631.5,1,2.1,1.6900000000000002,59,900.0,0.0,1
128.0,1601.0,7,5.3,7.81,71,900.0,0.0,1
-118.0,1601.0,-8,-9.2,6.959999999999999,118,900.0,0.0,-1
46.0,1646.0,-5,-5.0,0.0,164,900.0,0.0,-1
54.0,1967.0,1,1.7,0.21000000000000002,105,900.0,5.0,1
194.0,1761.0,6,5.2,3.16,91,900.0,0.0,1
-186.0,1761.0,-9,-4.6,9.24,100,900.0,0.0,-1
16.0,2345.0,3,2.8,6.760000000000001,80,900.0,0.0,1
-726.0,1593.0,-8,-2.3,4.41,46,900.0,0.0,-1
381.0,2200.5,1,1.6,0.24,97,900.0,0.0,1
-32.0,1646.0,2,2.0,0.0,86,900.0,0.0,-1
314.0,1781.0,5,0.3,3.41,59,900.0,5.0,1
-53.0,1659.5,-3,-1.2,7.5600000000000005,44,1200.0,0.0,-1
86.0,1600.0,-10,-6.5,8.45,44,900.0,0.0,-1
-491.0,2583.5,-3,-1.2,2.16,101,900.0,0.0,-1
50.0,1646.0,-8,-7.7,0.21000000000000002,136,900.0,0.0,-1
-313.0,1835.5,-3,-0.3,0.8100000000000002,22,900.0,0.0,-1
189.0,2054.5,0,-1.0,0.6,53,900.0,0.0,1
31.0,1998.5,-11,-5.9,7.090000000000001,56,900.0,0.0,-1
729.0,1595.5,17,13.9,2.69,65,900.0,0.0,1
38.0,1984.0,1,0.5,2.25,89,900.0,0.0,1
-49.0,1998.5,2,2.2,0.15999999999999998,59,900.0,0.0,1
37.0,1660.5,2,-1.0,5.4,61,1200.0,0.0,1
-728.0,1596.0,-13,-7.9,5.090000000000001,62,900.0,0.0,-1
69.0,1998.5,-7,-5.7,1.01,70,900.0,0.0,-1
-181.0,2054.5,-4,-1.9,1.89,96,900.0,0.0,-1
-82.0,1780.0,0,0.0,0.0,84,900.0,0.0,-1
64.0,2062.0,-1,-1.4,0.8400000000000001,50,900.0,5.0,-1
-83.0,1963.5,1,1.0,0.0,147,900.0,0.0,0
-89.0,1998.5,6,1.6,2.24,73,900.0,0.0,1
173.0,2054.5,0,-1.0,0.6,53,900.0,0.0,1
70.0,1780.0,6,1.6,6.24,45,900.0,0.0,1
-165.0,2054.5,1,1.0,0.4,54,900.0,0.0,-1
155.0,2054.5,-3,-2.8,3.16,41,900.0,0.0,1
-145.0,2054.5,-2,-1.9,0.09,162,900.0,0.0,-1
62.0,1538.0,0,0.8,2.16,88,900.0,0.0,-1
70.0,1646.0,-9,-3.4,13.439999999999998,118,900.0,0.0,-1
-172.0,1578.0,-1,-2.0,8.8,112,900.0,0.0,-1
-312.0,1615.0,-17,-15.7,2.0100000000000002,64,900.0,0.0,-1
-99.0,1784.5,1,1.3,2.61,99,900.0,0.0,1
458.0,2161.0,9,4.7,2.21,67,900.0,0.0,1
-147.0,1585.5,-3,-2.2,1.36,40,900.0,0.0,-1
-197.0,1767.5,21,17.0,16.0,121,900.0,0.0,1
43.0,1598.5,-10,-9.9,11.49,80,900.0,0.0,-1
308.0,1615.0,5,1.0,17.8,47,900.0,0.0,1
47.0,1694.5,11,9.0,3.4,71,900.0,0.0,1
-456.0,2161.0,-4,0.5,2.25,92,900.0,0.0,-1
-480.0,1877.0,-10,-9.4,0.8400000000000001,50,900.0,0.0,-1
33.0,1742.5,-3,-2.6,0.8400000000000001,68,900.0,0.0,-1
-34.0,1601.0,-8,-5.6,6.840000000000001,45,900.0,0.0,-1
37.0,1645.5,4,1.0,1.2,59,900.0,0.0,1
189.0,1767.5,-2,-2.0,0.0,129,900.0,0.0,1
56.0,1442.0,-17,-12.5,2.25,48,900.0,0.0,-1
-76.0,1442.0,19,12.8,9.360000000000001,67,900.0,0.0,1
-64.0,1764.0,7,6.7,0.8099999999999999,42,600.0,12.0,1
190.0,1763.0,6,5.2,3.16,91,900.0,0.0,1
-182.0,1763.0,-12,-5.5,6.85,62,900.0,0.0,-1
-39.0,1752.5,-1,-0.5,0.25,80,900.0,0.0,-1
51.0,1748.5,0,-0.2,0.96,42,900.0,0.0,-1
96.0,1442.0,4,5.4,0.44000000000000006,26,900.0,0.0,-1
449.0,2163.5,7,6.7,0.8099999999999999,93,900.0,5.0,1
68.0,1598.0,-5,-4.3,1.81,92,1200.0,0.0,-1
92.0,1969.0,-1,-0.9,0.09,100,900.0,0.0,-1
-89.0,1723.5,-13,-5.0,16.6,88,900.0,0.0,-1
-447.0,2163.5,-1,-0.5,0.25,70,900.0,5.0,-1
-112.0,1969.0,6,5.0,2.4,52,900.0,0.0,1
93.0,1723.5,0,0.4,0.43999999999999995,102,900.0,0.0,0
-46.0,1693.0,-17,-8.4,8.440000000000001,56,900.0,0.0,-1
445.0,2163.5,3,3.0,0.0,123,900.0,5.0,1
601.0,2536.5,1,1.8,2.16,69,900.0,1.0,1
81.0,1779.5,-3,-0.7,15.610000000000003,47,900.0,0.0,1
329.0,1509.5,8,2.5,8.65,49,900.0,0.0,1
132.0,1736.0,13,3.9,15.689999999999998,37,900.0,0.0,1
-443.0,2163.5,-3,-2.9,0.09,74,900.0,5.0,-1
-72.0,1760.0,-5,-0.7,4.81,64,900.0,0.0,-1
750.0,1607.0,3,3.4,0.24,93,900.0,0.0,1
-38.0,1698.0,-4,-2.4,0.44000000000000006,32,900.0,0.0,-1
441.0,2163.5,8,3.3,5.01,57,900.0,5.0,1
135.0,2054.5,0,-1.0,0.6,53,900.0,0.0,1
-157.0,2054.5,3,3.0,0.0,107,900.0,0.0,1
165.0,2054.5,2,2.0,0.0,97,900.0,0.0,0
-33.0,1650.5,0,-3.1,3.29,68,900.0,0.0,-1
11.0,1945.5,4,4.3,0.61,52,900.0,5.0,-1
532.0,1974.0,9,6.5,6.25,63,1980.0,33.0,1
-740.0,1602.0,-3,-1.7,1.01,40,900.0,0.0,-1
325.0,1620.5,-8,-9.1,7.090000000000001,42,900.0,0.0,-1
740.0,1602.0,24,16.7,13.610000000000003,55,900.0,0.0,1
-740.0,1602.0,-21,-18.1,11.09,60,900.0,0.0,-1
740.0,1602.0,13,2.3,15.009999999999996,29,900.0,0.0,1
-740.0,1602.0,-2,-1.4,1.44,38,900.0,0.0,-1
282.0,1795.0,4,3.1,0.09,45,900.0,0.0,1
-155.0,2054.5,0,0.6,0.24000000000000005,34,900.0,0.0,-1
-74.0,1743.0,0,0.1,0.09,44,900.0,0.0,1
27.0,1956.5,6,4.6,4.4399999999999995,37,900.0,0.0,1
-145.0,1881.5,-4,-4.0,0.0,37,900.0,0.0,1
-53.0,1651.5,8,2.4,13.439999999999998,73,900.0,0.0,1
101.0,1723.5,9,8.4,0.24,87,900.0,0.0,1
73.0,1651.5,-10,-10.0,0.0,162,900.0,0.0,-1
-738.0,1601.0,-15,-10.8,11.559999999999999,62,900.0,0.0,-1
-94.0,2055.0,8,4.5,9.85,117,900.0,0.0,1
-77.0,1651.5,0,-0.6,2.24,131,900.0,0.0,0
63.0,1651.5,5,-0.8,5.16,63,900.0,0.0,1
171.0,1456.5,4,2.6,0.44000000000000006,133,1800.0,15.0,1
-67.0,1651.5,-3,-3.0,0.0,86,900.0,0.0,0
738.0,1601.0,9,3.0,4.8,47,900.0,0.0,1
152.0,2051.0,3,1.9,1.29,55,900.0,0.0,1
-142.0,2051.0,-2,-1.9,0.09,108,900.0,0.0,-1
-419.0,1474.5,-13,-4.9,7.290000000000001,52,900.0,0.0,-1
21.0,2119.5,-2,-2.6,0.8400000000000001,43,900.0,0.0,-1
-748.0,1606.0,-20,-16.1,10.290000000000001,78,900.0,0.0,-1
-140.0,2055.0,-2,-1.7,0.8100000000000002,54,900.0,0.0,-1
-355.0,2204.5,-3,-0.9,1.8900000000000001,154,900.0,0.0,-1
130.0,2055.0,-1,-1.0,0.0,135,900.0,0.0,1
-120.0,2055.0,-4,0.6,18.04,62,900.0,0.0,-1
33.0,1713.5,-11,-10.4,0.44000000000000006,134,900.0,0.0,-1
-84.0,1735.0,0,1.0,0.2,118,900.0,0.0,-1
351.0,2204.5,0,0.0,0.0,51,900.0,0.0,1
1370.0,2096.0,3,0.9,1.8900000000000001,13,900.0,5.0,1
108.0,2055.0,0,-1.0,0.6,53,900.0,0.0,1
-130.0,2055.0,2,1.8,0.16,91,900.0,0.0,1
-347.0,2204.5,0,0.3,0.8100000000000002,40,900.0,0.0,-1
343.0,2204.5,1,0.6,0.8400000000000001,67,900.0,0.0,1
104.0,1735.0,-11,-4.1,17.490000000000002,60,900.0,0.0,-1
-339.0,2204.5,-1,0.5,8.45,45,900.0,0.0,-1
120.0,2055.0,0,-1.0,0.6,53,900.0,0.0,1
-108.0,2055.0,-9,-1.8,5.76,74,900.0,0.0,-1
96.0,2055.0,0,-1.0,0.6,53,900.0,0.0,1
-29.0,2008.5,3,2.4,0.64,68,900.0,0.0,-1
211.0,1929.5,1,2.6,0.44000000000000006,70,900.0,0.0,-1
-84.0,2055.0,-7,-1.1,15.49,50,900.0,0.0,-1
-98.0,1752.0,-11,-2.3,12.209999999999997,44,900.0,0.0,-1
72.0,2055.0,0,-1.0,0.6,53,900.0,0.0,1
-58.0,2055.0,-8,-2.3,5.01,108,900.0,0.0,-1
16.0,1954.0,-1,-1.0,0.0,94,900.0,0.0,-1
-17.0,1700.5,-11,-7.5,5.25,74,900.0,0.0,-1
44.0,2055.0,5,3.4,2.64,65,900.0,0.0,1
-62.0,2055.0,12,9.9,1.89,87,900.0,0.0,1
48.0,2055.0,8,0.5,7.05,79,900.0,0.0,1
-173.0,1763.5,-9,-7.3,1.61,110,900.0,0.0,-1
327.0,1720.5,5,5.0,0.0,186,900.0,2.0,0
164.0,1764.0,9,5.5,7.45,105,900.0,0.0,1
-34.0,2055.0,-10,-2.7,6.01,120,900.0,0.0,-1
144.0,1769.0,6,5.2,3.16,91,900.0,0.0,1
-168.0,1769.0,20,19.7,0.21000000000000002,127,900.0,0.0,1
-351.0,2061.5,-13,-7.8,3.16,82,1980.0,33.0,-1
31.0,1659.5,12,10.8,2.7600000000000002,45,900.0,0.0,1
-15.0,1659.5,1,0.1,0.09,19,900.0,0.0,-1
411.0,1813.5,7,7.8,0.15999999999999998,87,2700.0,45.0,1
82.0,1732.0,8,1.7,17.009999999999998,55,900.0,0.0,1
-70.0,1732.0,-5,-2.7,6.409999999999999,92,900.0,0.0,-1
-190.0,1713.0,19,16.6,13.440000000000001,127,900.0,0.0,1
-129.0,1870.5,-3,-3.5,2.25,90,900.0,0.0,-1
-175.0,2037.5,5,5.5,2.25,215,900.0,0.0,1
-206.0,1844.0,8,4.5,5.25,189,900.0,0.0,1
182.0,1713.0,9,8.7,0.8099999999999999,89,900.0,0.0,1
-176.0,1649.0,-21,-17.3,21.009999999999998,86,900.0,2.0,-1
-165.0,2034.5,-8,-6.6,0.44000000000000006,72,900.0,0.0,-1
-207.0,1844.5,-2,-2.9,2.09,90,900.0,0.0,-1
188.0,1651.0,-3,-2.1,0.09,120,900.0,2.0,0
-720.0,1590.0,-5,-2.9,7.889999999999999,26,900.0,0.0,-1
-115.0,1823.5,-2,-1.1,0.09,88,1200.0,10.0,-1
-180.0,1651.0,0,0.0,0.0,32,900.0,2.0,-1
172.0,1651.0,1,0.9,0.09,37,900.0,2.0,1
56.0,1732.0,5,5.0,0.0,107,900.0,0.0,1
162.0,1651.0,1,1.0,0.0,57,900.0,2.0,1
6.0,1723.0,-1,-0.8,0.7600000000000001,28,1200.0,5.0,-1
-23.0,1706.5,3,3.0,0.0,103,900.0,0.0,1
-170.0,1651.0,-9,-9.0,0.0,161,900.0,2.0,0
-24.0,1723.0,3,1.7,2.6100000000000003,69,1200.0,5.0,1
73.0,1723.5,3,3.5,2.25,123,1200.0,10.0,1
20.0,1788.0,12,3.9,7.489999999999999,57,900.0,0.0,1
-160.0,1796.0,-1,-1.0,0.0,120,1200.0,5.0,-1
-98.0,1837.0,1,0.9,0.09,103,900.0,0.0,1
-158.0,1642.0,-1,-1.9,0.09,125,900.0,2.0,0
143.0,1618.5,16,18.3,4.41,67,900.0,0.0,1
-167.0,1618.5,10,5.4,5.64,59,900.0,0.0,1
157.0,1618.5,14,7.2,21.96,55,900.0,0.0,1
-181.0,1618.5,9,9.0,0.0,131,900.0,0.0,1
-77.0,1723.5,3,1.9,0.29,107,1200.0,10.0,0
189.0,1618.5,5,5.0,0.0,261,900.0,0.0,0
-181.0,1618.5,2,2.0,0.0,74,900.0,0.0,-1
159.0,1702.5,3,2.5,2.25,71,900.0,0.0,1
173.0,1618.5,16,15.9,0.09,81,900.0,0.0,1
-235.0,1898.5,-5,-4.8,3.3600000000000003,44,2700.0,45.0,-1
-163.0,1618.5,-16,-15.7,0.8099999999999999,106,900.0,0.0,-1
76.0,1832.0,0,0.0,0.0,79,900.0,0.0,1
153.0,1618.5,19,19.0,0.0,107,900.0,0.0,1
97.0,1723.5,-1,0.3,1.0100000000000002,38,1200.0,10.0,-1
-143.0,1618.5,-6,-6.3,0.8099999999999999,48,900.0,0.0,-1
133.0,1618.5,7,6.9,0.09,69,900.0,0.0,1
-123.0,1618.5,-11,-2.2,8.760000000000002,58,900.0,0.0,-1
113.0,1618.5,16,15.2,3.1599999999999997,91,900.0,0.0,1
-101.0,1618.5,-6,-1.4,2.4399999999999995,38,900.0,0.0,-1
89.0,1618.5,7,7.0,0.0,69,900.0,0.0,1
165.0,1649.5,7,7.0,0.0,75,900.0,2.0,1
-109.0,1618.5,-3,-4.6,1.24,79,900.0,0.0,1
224.0,1679.0,5,2.6,3.2399999999999998,41,900.0,0.0,1
-155.0,1649.5,0,0.0,0.0,18,900.0,2.0,-1
94.0,1620.0,28,25.7,3.81,77,900.0,0.0,1
64.0,1742.0,-1,-0.8,0.16,37,900.0,0.0,1
-116.0,1620.0,9,7.6,1.44,49,900.0,0.0,1
422.0,1897.0,2,3.7,1.61,36,900.0,0.0,1
138.0,1620.0,3,0.9,1.8900000000000001,54,900.0,0.0,-1
79.0,1899.5,-14,-12.3,2.01,102,1200.0,0.0,-1
-128.0,1620.0,-17,-17.0,0.0,84,900.0,0.0,-1
61.0,1978.5,5,5.0,0.0,141,2700.0,45.0,1
118.0,1620.0,16,10.7,5.41,87,900.0,0.0,1
153.0,1653.5,12,12.0,0.0,99,900.0,2.0,1
-106.0,1620.0,-1,-1.1,1.6900000000000002,126,900.0,0.0,-1
-4.0,1720.0,-1,-0.3,1.21,52,900.0,0.0,-1
128.0,1620.0,-2,-2.2,4.16,88,900.0,0.0,-1
-134.0,1620.0,-9,-9.0,0.0,228,900.0,0.0,0
100.0,1830.0,10,1.8,7.56,41,1200.0,0.0,1
31.0,1736.5,6,5.3,0.21000000000000002,121,900.0,0.0,1
67.0,1899.5,14,7.6,23.04,119,1200.0,0.0,1
124.0,1620.0,6,5.9,0.09,63,900.0,0.0,1
-7.0,1722.5,3,0.3,0.8100000000000002,27,900.0,0.0,1
-112.0,1620.0,-20,-20.0,0.0,98,900.0,0.0,-1
95.0,1504.5,2,-0.4,1.44,27,1200.0,0.0,-1
-212.0,1890.0,-10,-10.0,0.0,146,900.0,0.0,-1
87.0,1899.5,-1,-1.0,0.0,136,1200.0,0.0,-1
-83.0,1504.5,-10,-9.3,1.4100000000000001,60,1200.0,0.0,-1
806.0,1635.0,21,11.5,15.45,57,900.0,0.0,1
282.0,1654.0,-12,-9.5,6.25,78,900.0,0.0,-1
321.0,1845.5,2,1.5,1.05,99,900.0,0.0,1
-72.0,1765.0,1,0.8,3.3600000000000003,48,1080.0,2.0,1
201.0,1888.5,5,5.0,0.0,55,900.0,0.0,1
71.0,1504.5,7,0.8,8.16,45,1200.0,0.0,1
125.0,1788.5,1,1.0,0.0,79,900.0,0.0,1
92.0,1899.0,-1,-1.9,7.289999999999999,134,1200.0,0.0,0
-806.0,1635.0,-10,-5.2,2.7600000000000002,80,900.0,0.0,-1
-300.0,1531.0,13,7.0,6.0,99,900.0,0.0,1
4.0,1795.0,-5,-5.5,0.85,66,900.0,0.0,-1
-153.0,1594.5,-13,-11.9,2.49,94,900.0,0.0,-1
177.0,1594.5,-8,-8.0,0.0,126,900.0,0.0,-1
-169.0,1594.5,-18,-6.9,27.689999999999998,82,900.0,0.0,-1
159.0,1594.5,17,14.7,16.61,163,900.0,0.0,1
105.0,1622.5,4,4.0,0.0,69,900.0,0.0,1
4.0,1795.0,0,0.0,0.0,90,900.0,0.0,0
-127.0,1622.5,0,1.5,5.25,71,900.0,0.0,1
45.0,1588.5,5,5.0,0.0,129,900.0,0.0,1
-317.0,1845.5,-2,-1.5,0.25,70,900.0,0.0,-1
102.0,1736.0,8,6.3,0.61,65,900.0,0.0,1
142.0,1626.0,-12,-2.8,24.36,104,900.0,0.0,-1
313.0,1845.5,5,4.7,0.8099999999999999,65,900.0,0.0,1
-148.0,1498.0,-5,-5.0,0.0,56,900.0,2.0,-1
137.0,1498.5,3,0.6,0.8400000000000001,31,900.0,2.0,1
-107.0,1614.5,-18,-13.6,2.2399999999999998,72,900.0,0.0,-1
-162.0,1497.0,-5,-1.9,3.29,61,900.0,2.0,1
95.0,1614.5,23,21.7,4.01,73,900.0,0.0,1
-200.0,1628.0,14,9.4,2.44,65,1200.0,5.0,1
-83.0,1614.5,-16,-13.3,0.8099999999999999,60,900.0,0.0,-1
71.0,1614.5,-2,-2.0,0.0,37,900.0,0.0,1
-57.0,1614.5,-3,-2.8,0.76,38,900.0,0.0,-1
-309.0,1845.5,0,-0.9,7.290000000000001,39,900.0,0.0,-1
77.0,1614.5,0,0.0,1.8,50,900.0,0.0,-1
82.0,1898.0,8,4.0,16.0,101,1200.0,0.0,1
-63.0,1614.5,-12,-10.1,4.6899999999999995,76,900.0,0.0,-1
81.0,1978.5,-3,-2.4,0.44000000000000006,48,2700.0,45.0,-1
83.0,1614.5,-9,-4.1,11.89,44,900.0,0.0,-1
-103.0,1614.5,8,8.0,0.0,135,900.0,0.0,1
-34.0,1587.0,-11,-11.0,0.0,120,900.0,0.0,-1
226.0,1628.0,-8,-8.9,0.6900000000000001,88,1200.0,5.0,-1
70.0,1898.0,15,11.0,16.0,137,1200.0,0.0,1
114.0,1758.0,0,-0.1,0.09,116,900.0,0.0,0
118.0,1618.0,-8,-7.1,1.89,106,900.0,0.0,-1
-106.0,1618.0,-5,-5.0,0.0,86,900.0,0.0,-1
-104.0,1762.0,15,12.6,13.440000000000001,153,900.0,0.0,1
128.0,1618.0,0,-1.0,4.0,90,900.0,0.0,-1
-118.0,1618.0,-16,-14.6,8.440000000000001,84,900.0,0.0,-1
154.0,1675.0,-13,-13.9,0.6900000000000001,84,1200.0,5.0,-1
140.0,1618.0,3,3.9,0.09,82,900.0,0.0,-1
-199.0,1707.5,7,7.0,0.0,81,900.0,0.0,1
-130.0,1618.0,-12,-11.7,0.21000000000000002,46,900.0,0.0,-1
120.0,1618.0,18,12.4,13.440000000000001,151,900.0,0.0,1
56.0,1898.0,6,4.6,2.04,77,1200.0,0.0,1
-87.0,1647.5,0,2.5,7.65,42,900.0,0.0,-1
-108.0,1618.0,-20,-20.0,0.0,126,900.0,0.0,-1
96.0,1618.0,18,11.5,10.05,59,900.0,0.0,1
-118.0,1618.0,8,2.4,14.439999999999998,65,900.0,0.0,1
-219.0,1839.5,-20,-17.6,13.440000000000001,90,900.0,0.0,-1
194.0,1489.0,1,-0.2,0.36000000000000004,55,900.0,0.0,1
76.0,1898.0,2,5.5,5.25,74,1200.0,0.0,-1
106.0,1618.0,0,0.1,0.09,31,900.0,0.0,1
-94.0,1618.0,-17,-16.1,1.8900000000000001,124,900.0,0.0,-1
87.0,1635.5,1,1.2,0.9599999999999997,47,900.0,0.0,1
92.0,1762.0,4,1.7,9.01,51,900.0,0.0,1
82.0,1618.0,24,18.4,13.440000000000001,101,900.0,0.0,1
-83.0,1783.5,0,0.0,0.0,21,1200.0,5.0,1
-102.0,1618.0,14,5.1,9.49,73,900.0,0.0,1
90.0,1618.0,13,13.8,6.959999999999999,83,900.0,0.0,1
-170.0,1748.0,-5,-4.3,0.21000000000000002,90,1200.0,10.0,-1
-21.0,1575.5,10,10.0,0.0,113,900.0,2.0,1
-56.0,1879.0,0,-0.2,0.16000000000000003,35,900.0,7.0,1
-8.0,1671.0,0,0.0,0.0,14,1200.0,10.0,1
-89.0,1875.5,-7,-1.4,13.439999999999998,86,900.0,0.0,-1
-13.0,1668.5,0,-0.4,0.8400000000000001,23,1200.0,10.0,1
14.0,1660.0,9,6.5,6.25,109,2700.0,0.0,1
322.0,1943.0,3,3.1,0.09,98,900.0,0.0,-1
123.0,1780.5,5,7.7,0.8099999999999999,100,900.0,0.0,-1
-688.0,1752.0,3,1.1,1.09,28,900.0,5.0,-1
210.0,1715.0,-14,-11.5,6.25,124,900.0,0.0,-1
199.0,1615.5,4,3.0,3.4,51,900.0,0.0,1
319.0,1854.5,4,2.1,3.4900000000000007,62,900.0,0.0,-1
-191.0,1615.5,-10,-2.2,6.959999999999999,46,900.0,0.0,-1
-82.0,1616.0,-10,-5.0,4.4,116,900.0,0.0,-1
-450.0,1945.0,-30,-24.4,13.440000000000001,142,900.0,0.0,-1
-236.0,1715.0,12,12.0,0.0,143,900.0,0.0,1
-168.0,1482.0,-6,-2.3,1.61,132,900.0,0.0,-1
553.0,1378.5,6,1.2,2.76,23,900.0,0.0,1
55.0,1704.5,6,4.4,2.6399999999999997,41,900.0,0.0,1
156.0,1481.0,1,0.7,0.21000000000000002,27,900.0,0.0,1
-187.0,1484.5,8,8.3,0.8099999999999999,47,900.0,0.0,1
-105.0,1632.5,-4,-4.0,0.0,136,900.0,0.0,-1
246.0,1715.0,-1,-1.0,0.0,68,900.0,0.0,0
181.0,1859.5,0,-1.7,11.61,127,900.0,0.0,0
-654.0,1842.0,-3,-3.2,0.96,52,900.0,0.0,-1
93.0,1707.5,1,0.2,2.7600000000000002,77,900.0,0.0,1
-81.0,1707.5,1,0.7,0.8099999999999999,38,900.0,0.0,-1
14.0,1589.0,5,4.2,0.76,91,900.0,0.0,1
24.0,1745.0,2,1.8,3.3600000000000003,48,900.0,0.0,-1
-173.0,1859.5,1,0.8,1.5600000000000003,62,900.0,0.0,-1
-225.0,1699.5,-9,-9.0,0.0,319,900.0,0.0,0
163.0,1859.5,-4,-0.8,6.960000000000001,71,900.0,0.0,1
310.0,1675.0,0,-0.1,1.8900000000000001,40,900.0,0.0,1
-97.0,1825.5,-5,-0.2,3.3600000000000003,28,900.0,15.0,-1
271.0,1546.5,-2,-1.9,1.09,25,900.0,0.0,1
86.0,1781.0,3,0.4,0.8400000000000001,33,900.0,0.0,1
11.0,1837.5,8,0.3,7.410000000000001,27,900.0,0.0,1
-11.0,1735.5,0,0.0,0.0,113,900.0,0.0,1
-58.0,1702.0,8,8.0,0.0,141,900.0,0.0,1
-170.0,1594.0,14,8.1,15.09,105,900.0,0.0,1
217.0,1699.5,21,21.0,0.0,129,900.0,0.0,1
160.0,1594.0,0,-0.3,0.8100000000000002,77,900.0,0.0,1
-150.0,1594.0,-6,-1.0,7.0,58,900.0,0.0,-1
-147.0,1769.5,6,5.0,1.6,71,900.0,0.0,1
193.0,1942.5,4,3.4,0.8400000000000001,43,900.0,0.0,1
140.0,1594.0,5,3.3,3.0100000000000002,55,900.0,0.0,1
-164.0,1594.0,4,0.8,3.3600000000000003,55,900.0,0.0,1
154.0,1594.0,5,2.2,3.7600000000000002,49,900.0,0.0,1
-144.0,1594.0,-5,-0.9,2.69,30,900.0,0.0,-1
21.0,1827.5,1,0.4,0.8400000000000001,29,900.0,0.0,1
134.0,1594.0,5,0.5,2.25,61,900.0,0.0,1
-165.0,1813.5,0,0.0,0.0,82,900.0,0.0,-1
-5.0,1735.5,3,0.4,0.8400000000000001,35,900.0,0.0,1
171.0,1769.5,-4,-4.0,0.0,84,900.0,0.0,-1
-124.0,1594.0,-4,-1.8,0.7600000000000001,66,900.0,0.0,-1
-209.0,1699.5,-8,-10.5,4.25,68,900.0,0.0,-1
115.0,1468.5,-1,-0.7,0.21000000000000002,70,900.0,0.0,-1
-352.0,1897.0,0,0.1,0.09,12,1500.0,0.0,-1
146.0,1594.0,0,-0.3,0.8100000000000002,18,900.0,0.0,-1
-136.0,1594.0,0,0.0,0.0,14,900.0,0.0,-1
158.0,1594.0,0,-0.3,0.8100000000000002,20,900.0,0.0,-1
-148.0,1594.0,-6,-3.6,3.2399999999999998,80,900.0,0.0,-1
-11.0,1735.5,1,1.3,0.8100000000000002,39,900.0,0.0,1
-189.0,2039.5,-5,-2.6,6.839999999999999,156,900.0,0.0,-1
172.0,1594.0,0,-0.3,0.8100000000000002,18,900.0,0.0,-1
-164.0,1594.0,-2,0.7,0.8100000000000002,78,900.0,0.0,-1
-67.0,1707.5,3,0.7,1.4099999999999997,21,900.0,0.0,1
-456.0,2161.0,4,4.0,0.0,91,900.0,5.0,1
-5.0,1735.5,2,1.9,0.49000000000000005,77,900.0,0.0,1
-74.0,1421.0,29,29.0,0.0,105,1200.0,0.0,1
-378.0,1899.0,6,6.0,0.0,78,1500.0,0.0,0
181.0,2039.5,2,2.2,0.15999999999999998,101,900.0,0.0,1
-191.0,1775.5,-12,-6.4,13.440000000000001,128,900.0,0.0,-1
249.0,1539.5,1,0.7,0.21000000000000002,79,900.0,5.0,1
-192.0,1596.0,15,7.8,5.76,121,900.0,0.0,1
-3.0,1949.5,3,2.9,0.09,181,900.0,5.0,0
190.0,1772.0,5,5.0,0.0,87,900.0,0.0,1
184.0,1596.0,1,-0.4,2.6399999999999997,39,900.0,0.0,1
-176.0,1596.0,-7,-1.4,4.639999999999999,46,900.0,0.0,-1
-150.0,1774.0,0,0.6,1.44,23,900.0,0.0,1
200.0,1596.0,0,-0.3,0.8100000000000002,20,900.0,0.0,-1
-192.0,1596.0,-5,-0.8,2.7600000000000002,32,900.0,0.0,-1
110.0,1813.0,0,0.0,0.0,16,900.0,0.0,1
216.0,1596.0,0,-0.3,0.8100000000000002,20,900.0,0.0,-1
454.0,2161.0,0,-0.7,3.01,53,900.0,5.0,1
-208.0,1596.0,-2,-1.2,0.36,36,900.0,0.0,-1
-117.0,1804.5,-2,0.4,2.04,30,900.0,0.0,-1
-205.0,2039.5,1,1.0,0.0,189,900.0,0.0,1
-94.0,1737.0,4,4.0,0.0,69,900.0,0.0,1
116.0,1737.0,1,1.0,0.0,114,900.0,0.0,-1
-452.0,2161.0,-10,-2.0,7.2,30,900.0,5.0,-1
-6.0,1688.0,-13,-4.9,7.290000000000001,54,900.0,0.0,-1
52.0,2055.0,-12,-11.9,0.09,68,900.0,0.0,-1
450.0,2161.0,2,0.9,2.4899999999999998,35,900.0,5.0,1
-138.0,1737.0,2,0.2,0.56,49,900.0,0.0,1
90.0,1631.0,-1,-0.7,0.8100000000000002,69,900.0,0.0,1
-158.0,1604.0,-2,-2.1,0.09,80,900.0,0.0,-1
-438.0,2156.0,-2,-2.0,0.0,116,900.0,5.0,-1
67.0,1780.5,-5,-4.3,2.21,132,900.0,0.0,-1
-265.0,1532.5,-14,-11.3,0.8099999999999999,86,900.0,0.0,-1
-62.0,1558.0,-5,-4.9,0.09,112,900.0,0.0,-1
-10.0,1688.0,8,5.8,2.16,59,900.0,0.0,1
10.0,1966.0,1,1.0,0.0,94,900.0,5.0,0
259.0,1532.5,5,7.9,2.29,63,900.0,0.0,1
514.0,1977.0,9,9.1,0.09,19,900.0,0.0,1
-253.0,1532.5,0,0.0,0.0,104,900.0,0.0,-1
3.0,1667.5,-6,-6.0,0.0,88,900.0,0.0,-1
222.0,1835.0,13,13.0,0.0,85,900.0,0.0,1
247.0,1532.5,11,2.6,8.64,15,900.0,0.0,1
-273.0,1532.5,10,7.7,3.6100000000000003,53,900.0,0.0,1
267.0,1532.5,10,10.0,0.0,77,900.0,0.0,1
-3.0,1667.5,-5,-5.0,0.0,185,900.0,0.0,0
-261.0,1532.5,-8,-10.1,1.89,108,900.0,0.0,-1
75.0,2381.5,4,2.7,1.21,92,900.0,0.0,1
-411.0,1901.5,-8,-8.0,0.0,90,900.0,0.0,-1
797.0,1630.5,11,6.1,12.690000000000001,69,900.0,0.0,1
61.0,1677.5,1,1.5,2.25,67,1200.0,10.0,-1
57.0,1794.5,0,0.8,1.3600000000000003,46,900.0,0.0,-1
403.0,1811.5,8,0.7,6.01,39,900.0,0.0,1
-1011.0,2275.5,0,0.0,0.0,11,900.0,5.0,-1
-67.0,1777.5,1,1.0,0.0,94,900.0,0.0,-1
80.0,1774.0,-5,-2.9,1.29,55,900.0,0.0,-1
-17.0,1762.5,-4,0.6,9.440000000000001,34,900.0,0.0,-1
-346.0,2210.0,-1,0.2,0.96,20,900.0,0.0,-1
142.0,1694.0,3,2.1,7.289999999999999,53,900.0,0.0,1
342.0,2210.0,3,1.4,0.44000000000000006,45,900.0,0.0,1
-72.0,2055.0,27,15.4,18.84,79,900.0,0.0,1
-156.0,1766.0,0,0.0,0.0,40,900.0,0.0,-1
92.0,2055.0,-21,-9.9,52.089999999999996,52,900.0,0.0,-1
-114.0,2055.0,6,1.2,3.56,57,900.0,0.0,1
-68.0,1774.0,-7,0.1,6.489999999999999,36,900.0,0.0,-1
-766.0,1615.0,-2,-0.7,1.01,24,900.0,0.0,-1
27.0,2348.5,-2,-0.5,2.25,52,900.0,0.0,-1
-167.0,1734.5,0,0.2,0.96,99,900.0,0.0,1
157.0,1734.5,15,6.3,9.209999999999997,119,900.0,0.0,1
54.0,1774.0,3,0.3,0.8100000000000002,15,900.0,0.0,1
112.0,1965.0,0,0.1,0.09,96,2700.0,45.0,0
356.0,1571.0,11,6.1,16.89,111,900.0,0.0,1
-147.0,1734.5,-13,-9.3,13.01,70,900.0,0.0,-1
137.0,1734.5,14,8.0,6.0,79,900.0,0.0,1
-127.0,1734.5,-9,-8.0,0.2,46,900.0,0.0,-1
338.0,2210.0,6,3.3,0.8099999999999999,127,900.0,0.0,1
149.0,1734.5,-2,-0.7,1.21,66,900.0,0.0,-1
-173.0,1734.5,2,-2.5,2.25,81,900.0,0.0,1
165.0,1734.5,14,4.4,17.64,75,900.0,0.0,1
-189.0,1734.5,1,-6.0,9.4,61,900.0,0.0,1
213.0,1734.5,2,2.0,0.8,156,900.0,0.0,-1
-60.0,1807.0,-3,0.8,5.76,78,900.0,0.0,-1
-572.0,1544.0,1,1.0,0.0,129,900.0,0.0,0
-11.0,2348.5,0,-0.7,0.21000000000000002,99,900.0,0.0,-1
-334.0,2210.0,-1,-0.1,0.09,14,900.0,0.0,-1
192.0,1593.0,-6,-5.0,4.0,125,900.0,0.0,1
46.0,1807.0,5,-1.4,8.040000000000001,97,900.0,0.0,1
-334.0,2208.0,0,0.0,0.0,140,900.0,0.0,-1
-153.0,1667.5,-8,-3.5,9.85,32,900.0,0.0,-1
-102.0,2055.0,-10,-1.8,25.56,42,900.0,0.0,-1
90.0,2055.0,0,-1.0,0.6,53,900.0,0.0,1
8.0,1750.0,0,-0.1,0.09,88,900.0,0.0,-1
21.0,1670.5,21,17.1,14.09,83,900.0,0.0,1
-78.0,2055.0,-1,-1.4,0.24,140,900.0,0.0,-1
64.0,2055.0,0,-1.0,0.6,53,900.0,0.0,1
484.0,2586.0,2,2.0,0.0,81,900.0,0.0,1
-84.0,2055.0,3,2.1,0.49000000000000005,63,900.0,0.0,1
72.0,2055.0,6,1.9,18.49,41,900.0,0.0,1
-92.0,2055.0,11,2.8,7.56,105,900.0,0.0,1
188.0,2044.0,0,0.1,0.09,77,900.0,0.0,1
-2.0,1695.0,-3,-2.6,0.24,51,1980.0,33.0,1
-180.0,2044.0,-5,-3.8,2.7600000000000002,98,900.0,0.0,-1
74.0,1982.0,5,5.0,0.0,125,2700.0,45.0,1
287.0,1890.5,-1,-0.9,0.09,72,900.0,0.0,-1
-176.0,1589.0,-13,-5.9,5.89,52,900.0,0.0,-1
576.0,1339.0,3,3.1,0.09,75,900.0,0.0,1
168.0,1589.0,11,2.9,22.09,43,900.0,0.0,1
-263.0,1819.5,-2,0.2,0.7600000000000001,18,900.0,0.0,-1
-573.0,1339.5,-5,-2.2,4.36,14,900.0,0.0,-1
-158.0,1589.0,-4,-3.7,8.610000000000003,94,900.0,0.0,-1
80.0,2055.0,7,3.2,15.760000000000002,47,900.0,0.0,1
-68.0,2055.0,-7,0.4,9.24,72,900.0,0.0,-1
54.0,2055.0,5,4.1,0.09,85,900.0,0.0,1
-172.0,1557.0,1,1.0,0.0,118,600.0,12.0,-1
148.0,1589.0,9,6.3,0.8099999999999999,81,900.0,0.0,1
-74.0,2055.0,0,-0.1,0.09,39,900.0,0.0,1
-173.0,1922.5,-10,-1.3,8.809999999999999,70,900.0,0.0,-1
60.0,2055.0,9,1.9,9.889999999999999,53,900.0,0.0,1
-80.0,2055.0,4,1.6,1.44,47,900.0,0.0,1
66.0,2055.0,6,1.5,9.45,69,900.0,0.0,1
-52.0,2055.0,-3,0.0,8.4,84,900.0,0.0,-1
-102.0,1803.0,0,0.3,0.8100000000000002,26,900.0,0.0,-1
72.0,2055.0,-5,-5.0,0.0,74,900.0,0.0,-1
42.0,1724.0,2,0.2,2.16,39,900.0,0.0,1
-58.0,2055.0,-1,-0.3,6.81,62,900.0,0.0,-1
129.0,1760.5,1,-1.1,6.6899999999999995,70,900.0,0.0,1
165.0,1922.5,13,13.5,2.25,56,900.0,0.0,1
-172.0,1589.0,12,9.0,16.2,35,900.0,0.0,1
196.0,1557.0,-16,-9.5,11.25,68,600.0,12.0,-1
-188.0,1557.0,-2,-2.0,0.0,126,600.0,12.0,-1
490.0,2590.0,10,4.3,14.01,75,900.0,1.0,1
337.0,1850.5,-4,-3.4,0.44000000000000006,88,900.0,0.0,-1
44.0,2055.0,4,0.8,5.160000000000001,43,900.0,0.0,1
-30.0,2055.0,-1,0.6,0.44000000000000006,58,900.0,0.0,-1
599.0,2534.5,4,3.1,0.09,53,900.0,1.0,1
-167.0,1753.5,7,5.8,0.36,95,900.0,0.0,1
-116.0,2290.0,-1,-1.0,0.0,170,900.0,0.0,0
14.0,2055.0,0,-1.0,0.6,53,900.0,0.0,1
-32.0,2055.0,12,2.8,11.159999999999998,65,900.0,0.0,1
34.0,2055.0,-7,-7.1,0.09,55,900.0,0.0,0
-18.0,2055.0,-1,-0.9,0.09,110,900.0,0.0,-1
406.0,1763.0,-12,-11.1,0.09,136,900.0,0.0,-1
36.0,2055.0,-24,-10.6,62.839999999999996,50,900.0,0.0,-1
-54.0,2055.0,3,2.1,0.09,139,900.0,0.0,1
40.0,2055.0,0,-1.0,0.6,53,900.0,0.0,1
-58.0,2055.0,0,-0.4,2.24,61,900.0,0.0,1
11.0,1758.5,2,2.0,0.0,73,900.0,0.0,1
402.0,2146.0,15,12.6,13.440000000000001,135,900.0,0.0,1
44.0,2055.0,6,1.9,18.49,41,900.0,0.0,1
-62.0,2055.0,4,1.7,1.4099999999999997,41,900.0,0.0,1
-118.0,1813.0,0,-0.9,0.09,49,1200.0,10.0,1
38.0,1605.0,3,2.1,1.89,19,900.0,0.0,1
-121.0,1803.5,-1,0.1,1.6900000000000002,68,1200.0,10.0,1
-83.0,1673.5,-13,-2.7,14.610000000000003,90,900.0,0.0,-1
-369.0,2160.5,-3,-3.0,0.0,116,900.0,0.0,-1
226.0,1748.0,6,5.2,3.16,91,900.0,0.0,1
481.0,2586.5,5,4.0,1.4,100,900.0,0.0,1
-18.0,1606.0,-22,-21.7,0.21000000000000002,138,900.0,0.0,-1
75.0,1709.5,2,0.9,0.89,69,900.0,0.0,1
-329.0,1948.5,-6,-4.8,0.36,40,900.0,0.0,-1
42.0,1605.0,-2,-1.3,1.81,82,900.0,0.0,-1
-129.0,1508.5,-8,-8.0,0.0,61,900.0,2.0,-1
-1.0,1667.5,2,1.2,0.36,43,900.0,0.0,1
-136.0,2289.0,5,5.0,0.0,150,900.0,0.0,1
-154.0,1647.0,-3,-0.6,2.2399999999999998,145,900.0,2.0,0
160.0,1647.0,13,11.9,7.090000000000001,117,900.0,2.0,0
-11.0,1569.5,2,1.4,11.04,55,900.0,2.0,1
118.0,1415.0,-7,3.6,18.04,64,1800.0,15.0,-1
-406.0,1815.0,-11,-5.3,5.01,58,900.0,0.0,-1
73.0,1516.5,6,5.6,0.43999999999999995,69,600.0,12.0,1
247.0,1606.5,-1,0.0,7.2,85,600.0,12.0,1
31.0,1736.5,-6,-6.4,0.8400000000000001,66,1200.0,10.0,-1
-29.0,1736.5,1,1.5,2.25,105,1200.0,5.0,1
-251.0,1595.5,-7,-6.2,0.15999999999999998,61,600.0,12.0,1
245.0,1595.5,3,1.5,0.45,111,600.0,12.0,1
191.0,1851.5,0,-0.9,0.09,49,1200.0,10.0,1
-78.0,1620.0,-19,-13.1,34.89,62,900.0,2.0,-1
-183.0,1851.5,-3,-2.3,9.81,64,1200.0,10.0,-1
47.0,1736.5,-5,-5.0,0.0,142,1200.0,5.0,-1
14.0,1759.0,-2,-2.0,0.0,60,900.0,0.0,-1
48.0,1604.0,14,11.6,3.2399999999999998,75,900.0,0.0,1
-34.0,1604.0,-9,-4.5,2.25,80,900.0,0.0,-1
18.0,1604.0,15,12.8,6.36,67,900.0,0.0,1
-36.0,1604.0,10,5.5,9.45,49,900.0,0.0,1
54.0,1604.0,-9,-8.0,2.0,72,900.0,0.0,-1
-74.0,1604.0,13,6.4,21.240000000000002,109,900.0,0.0,1
3.0,1753.5,-9,-3.2,5.96,58,1200.0,5.0,-1
60.0,1604.0,13,13.0,0.0,95,900.0,0.0,1
-46.0,1604.0,-10,-5.1,2.89,106,900.0,0.0,-1
-19.0,1753.5,3,1.3,6.01,63,1200.0,5.0,1
100.0,1571.0,17,14.1,16.09,143,900.0,0.0,1
-422.0,2163.0,-10,-4.4,9.24,54,900.0,5.0,-1
37.0,1873.5,10,1.2,8.760000000000002,49,900.0,5.0,1
420.0,2163.0,6,4.8,8.36,69,900.0,5.0,1
792.0,1628.0,6,3.3,0.8099999999999999,105,900.0,0.0,1
-124.0,1659.0,-4,-1.1,6.290000000000001,20,1200.0,0.0,-1
-418.0,2163.0,-8,-1.5,11.25,30,900.0,5.0,-1
416.0,2163.0,4,1.7,0.8099999999999999,87,900.0,5.0,1
105.0,2097.5,7,2.2,2.7600000000000002,83,900.0,0.0,1
138.0,1678.0,10,10.0,1.8,61,1200.0,10.0,1
-158.0,1792.0,17,6.3,19.409999999999997,71,900.0,0.0,1
-180.0,2123.0,1,1.0,0.0,83,900.0,0.0,1
-11.0,1580.5,13,9.5,6.45,71,900.0,0.0,1
12.0,1595.0,18,17.2,5.76,161,900.0,2.0,1
-414.0,2163.0,0,-0.1,0.09,38,900.0,5.0,-1
412.0,2163.0,2,1.9,0.09,47,900.0,5.0,1
146.0,2111.0,5,4.2,1.36,95,900.0,0.0,1
-31.0,1595.5,9,1.7,6.01,61,900.0,2.0,1
20.0,1639.0,-3,-2.2,0.15999999999999998,73,900.0,0.0,1
-410.0,2163.0,-7,-5.8,6.959999999999999,42,900.0,5.0,-1
2.0,1738.0,-1,0.0,0.8,115,900.0,0.0,1
-4.0,1639.0,-8,-1.7,6.209999999999999,44,900.0,0.0,-1
125.0,1676.5,12,3.9,7.289999999999999,129,1200.0,5.0,1
-12.0,1639.0,-1,-1.3,0.61,83,900.0,0.0,1
-245.0,2147.5,-1,0.9,1.6900000000000002,57,900.0,0.0,1
81.0,1889.5,-8,-8.0,0.0,129,1200.0,0.0,1
408.0,2163.0,12,6.6,5.04,57,900.0,5.0,1
214.0,2136.0,-7,-3.3,3.6100000000000003,67,900.0,0.0,1
14.0,1738.0,-11,-3.5,8.45,44,900.0,0.0,-1
-406.0,2163.0,-3,-2.6,2.04,50,900.0,5.0,-1
165.0,2705.5,2,2.1,0.09,70,900.0,5.0,0
404.0,2163.0,16,12.6,6.840000000000001,81,900.0,5.0,1
-173.0,2120.5,-2,-1.1,1.89,58,900.0,0.0,-1
15.0,1629.5,6,3.0,2.0,81,900.0,0.0,1
221.0,2140.5,-3,-1.4,3.84,145,900.0,0.0,0
191.0,1753.5,-1,-1.0,0.0,96,900.0,0.0,-1
69.0,1889.5,0,0.4,0.8400000000000001,71,1200.0,0.0,1
-402.0,2163.0,-13,-11.5,6.45,116,900.0,5.0,-1
-62.0,1636.0,-1,-1.3,3.81,31,900.0,0.0,1
48.0,1636.0,0,-0.7,1.0100000000000002,61,900.0,0.0,1
-163.0,2116.5,-3,-1.0,3.0,72,900.0,0.0,-1
400.0,2163.0,2,1.5,3.65,35,900.0,5.0,1
-183.0,1753.5,0,0.3,1.41,42,900.0,0.0,-1
-218.0,1725.0,-10,-9.7,0.21000000000000002,54,900.0,0.0,-1
55.0,2069.5,14,9.0,5.0,65,900.0,0.0,1
-397.0,2163.5,-4,-3.9,6.09,70,900.0,5.0,-1
-284.0,1817.0,0,0.1,0.09,36,900.0,0.0,-1
175.0,1753.5,1,1.0,0.0,99,900.0,0.0,1
-15.0,1877.5,7,4.9,6.09,91,900.0,0.0,1
23.0,1715.5,-15,-5.9,16.69,82,900.0,0.0,-1
30.0,1638.0,3,2.8,0.15999999999999998,71,900.0,0.0,1
152.0,1916.0,4,3.5,0.25,63,900.0,0.0,1
-7.0,1874.5,1,-3.5,2.25,83,900.0,0.0,1
-41.0,1715.5,6,4.1,4.49,115,900.0,0.0,1
393.0,2163.5,18,17.2,5.76,149,900.0,5.0,1
229.0,1519.5,-7,-6.2,0.15999999999999998,115,900.0,0.0,1
-97.0,1801.5,7,7.0,0.0,119,900.0,0.0,1
59.0,1715.5,-18,-10.8,5.76,140,900.0,0.0,-1
210.0,1732.0,6,4.5,2.25,53,900.0,0.0,1
-222.0,1519.0,-6,-5.8,0.15999999999999998,98,900.0,0.0,-1
-389.0,2163.5,-14,-6.9,31.490000000000002,80,900.0,5.0,-1
-87.0,1539.5,0,0.1,0.09,56,900.0,0.0,-1
214.0,1519.0,19,18.3,2.81,83,900.0,0.0,1
101.0,1801.5,0,0.0,0.0,90,900.0,0.0,0
149.0,1766.5,-9,-9.0,0.0,150,900.0,0.0,-1
-206.0,1519.0,-7,-6.5,0.25,136,900.0,0.0,-1
-35.0,1651.5,-1,-1.0,0.0,60,900.0,0.0,-1
-7.0,1484.5,-2,-2.5,2.25,114,600.0,12.0,-1
385.0,2163.5,5,4.7,0.21000000000000002,127,900.0,10.0,1
-273.0,1825.5,-12,-7.1,12.49,98,900.0,0.0,-1
-106.0,1794.0,9,2.3,5.21,107,900.0,0.0,1
-175.0,1760.5,-10,-2.0,7.8,52,900.0,0.0,-1
-30.0,1628.0,-1,-0.2,0.16000000000000003,53,900.0,0.0,1
105.0,1584.5,-2,-2.1,0.09,87,1800.0,0.0,1
-348.0,1842.0,-2,-4.7,3.41,64,900.0,0.0,-1
-80.0,1567.0,-9,-5.8,7.960000000000001,74,900.0,0.0,-1
66.0,1567.0,10,7.5,11.05,105,900.0,0.0,1
-86.0,1567.0,-2,-2.1,0.09,51,900.0,0.0,1
87.0,1981.5,-1,-0.5,2.25,100,2700.0,45.0,-1
100.0,1636.0,19,19.0,0.0,109,900.0,2.0,1
74.0,1567.0,14,8.7,3.81,91,900.0,0.0,1
-738.0,1868.0,0,0.0,0.0,17,1980.0,33.0,-1
-381.0,2163.5,-6,-3.6,6.839999999999999,114,900.0,10.0,-1
197.0,1583.5,5,5.0,0.0,127,600.0,12.0,1
-60.0,1567.0,-9,-9.5,2.25,172,900.0,0.0,-1
121.0,1812.5,9,0.9,7.290000000000001,51,900.0,0.0,1
46.0,1567.0,0,-0.5,0.25,83,900.0,0.0,1
-32.0,1567.0,-19,-11.8,5.76,92,900.0,0.0,-1
34.0,1567.0,-7,-7.0,0.0,206,900.0,0.0,0
-25.0,1732.5,-1,-1.8,7.56,28,900.0,0.0,-1
-52.0,1567.0,7,6.6,2.2399999999999998,71,900.0,0.0,1
72.0,1567.0,-12,-6.6,12.64,104,900.0,0.0,-1
-3.0,1729.5,-2,-2.1,0.09,54,900.0,0.0,-1
-92.0,1567.0,7,7.0,0.0,161,900.0,0.0,1
439.0,2133.5,3,2.5,2.25,57,900.0,0.0,1
22.0,1655.0,-3,-1.8,2.1599999999999997,81,900.0,0.0,1
96.0,1567.0,14,4.7,18.410000000000004,121,900.0,0.0,0
-140.0,1607.0,-7,-4.9,7.890000000000001,32,1800.0,0.0,-1
-118.0,1567.0,13,5.8,5.76,109,900.0,0.0,1
106.0,1567.0,6,6.0,0.0,97,900.0,0.0,1
286.0,1615.0,-17,-13.0,16.0,94,600.0,12.0,-1
-94.0,1567.0,-12,-7.1,6.49,64,900.0,0.0,-1
19.0,1729.5,-8,-7.1,0.09,132,900.0,0.0,-1
82.0,1567.0,16,12.6,15.040000000000001,61,900.0,0.0,1
-469.0,2133.5,4,1.0,2.4,47,900.0,0.0,1
22.0,1626.0,3,0.6,9.84,43,900.0,0.0,1
154.0,1759.0,7,4.3,0.8099999999999999,73,900.0,0.0,1
-11.0,1639.5,5,2.9,1.89,75,1200.0,10.0,1
38.0,1482.0,-4,0.3,2.21,54,600.0,12.0,-1
-3.0,1729.5,-1,-0.7,0.8100000000000002,66,900.0,0.0,-1
-154.0,1471.0,0,-0.2,0.16000000000000003,53,900.0,0.0,1
-113.0,1553.5,-1,-0.3,0.20999999999999996,16,900.0,0.0,-1
135.0,1553.5,0,-0.3,0.8100000000000002,20,900.0,0.0,-1
-125.0,1553.5,-4,-1.0,1.2,20,900.0,0.0,-1
115.0,1553.5,1,0.4,2.24,93,900.0,0.0,1
-284.0,1592.0,0,-0.6,0.24000000000000005,46,600.0,12.0,1
-103.0,1553.5,-5,-2.3,0.8099999999999999,74,900.0,0.0,-1
91.0,1553.5,3,3.9,7.289999999999999,133,900.0,0.0,1
-111.0,1553.5,9,4.1,11.89,107,900.0,0.0,1
99.0,1553.5,8,0.4,7.239999999999999,21,900.0,0.0,1
-87.0,1553.5,-3,-0.3,0.8100000000000002,10,900.0,0.0,-1
107.0,1553.5,0,-0.3,0.8100000000000002,18,900.0,0.0,-1
-95.0,1553.5,1,1.0,0.0,16,900.0,0.0,-1
117.0,1553.5,-15,-9.3,14.010000000000002,104,900.0,0.0,-1
-139.0,1553.5,2,1.9,0.09,49,900.0,0.0,1
161.0,1553.5,0,-0.3,0.8100000000000002,20,900.0,0.0,-1
-151.0,1553.5,-2,-1.2,2.7600000000000002,68,900.0,0.0,-1
141.0,1553.5,3,2.9,0.09,75,900.0,0.0,1
74.0,1688.0,4,4.6,11.24,115,1200.0,5.0,1
-131.0,1553.5,-3,-3.0,0.0,96,900.0,0.0,-1
153.0,1553.5,0,-0.3,0.8100000000000002,18,900.0,0.0,-1
-177.0,1553.5,6,3.4,3.04,47,900.0,0.0,1
169.0,1553.5,4,4.3,0.21000000000000002,89,900.0,0.0,1
-125.0,1517.5,-10,-10.5,2.25,68,600.0,12.0,-1
-159.0,1553.5,-3,0.5,2.65,24,900.0,0.0,-1
183.0,1553.5,1,0.2,0.16000000000000003,26,900.0,0.0,-1
-175.0,1553.5,-7,-3.1,3.09,78,900.0,0.0,-1
306.0,2229.0,0,0.2,2.16,62,900.0,0.0,-1
167.0,1553.5,-1,-3.6,2.04,91,900.0,0.0,1
25.0,1751.5,-1,-1.9,0.09,107,900.0,0.0,1
-265.0,2048.5,6,4.9,1.49,65,3600.0,30.0,1
-10.0,1666.0,1,1.0,0.0,82,2700.0,0.0,-1
-72.0,1624.0,4,2.9,1.29,40,900.0,0.0,-1
-157.0,1553.5,-5,-4.1,1.29,104,900.0,0.0,-1
62.0,1477.0,-8,-9.4,9.040000000000001,53,600.0,12.0,-1
181.0,1553.5,0,0.3,0.8100000000000002,24,900.0,0.0,-1
-173.0,1553.5,-6,-0.2,12.759999999999998,46,900.0,0.0,-1
-61.0,1755.5,1,1.0,0.0,83,900.0,15.0,1
95.0,1622.5,0,0.0,0.0,54,900.0,0.0,-1
5.0,1645.5,-10,-1.9,7.289999999999999,66,900.0,0.0,-1
-48.0,1622.0,-5,-4.3,0.21000000000000002,60,900.0,0.0,-1
-246.0,1721.0,-14,-11.6,13.440000000000001,104,900.0,0.0,-1
-71.0,1770.5,0,0.0,0.0,59,900.0,0.0,1
-151.0,2053.5,-5,-4.2,5.76,140,900.0,5.0,-1
-5.0,1645.5,0,0.0,0.0,78,900.0,0.0,0
305.0,1569.5,7,2.4,7.4399999999999995,21,1200.0,5.0,1
240.0,1721.0,30,27.1,21.29,105,900.0,0.0,1
-13.0,1644.5,-1,1.4,1.44,59,900.0,0.0,1
55.0,1704.5,10,1.4,8.44,43,900.0,0.0,1
-38.0,1679.0,6,5.9,0.09,79,900.0,0.0,1
211.0,1842.5,-3,-0.6,1.44,49,900.0,0.0,1
-75.0,1704.5,1,1.0,0.0,29,900.0,0.0,1
26.0,1770.0,-5,-4.6,0.8400000000000001,52,900.0,0.0,-1
157.0,2053.5,1,1.0,0.0,60,900.0,5.0,0
61.0,1704.5,0,1.9,1.6900000000000002,59,900.0,0.0,1
-194.0,1735.0,-13,-4.9,7.290000000000001,100,900.0,0.0,-1
-237.0,1842.5,5,5.0,0.2,91,900.0,0.0,1
49.0,1624.5,3,2.5,2.25,103,900.0,0.0,0
-235.0,1720.5,-6,-1.4,2.4399999999999995,36,900.0,0.0,-1
-63.0,1704.5,0,0.0,0.0,72,900.0,0.0,0
-165.0,2053.5,-3,-3.0,0.0,61,900.0,5.0,0
-8.0,1663.0,-3,-1.1,1.49,54,900.0,0.0,-1
-32.0,1626.0,-15,-14.9,0.09,118,900.0,0.0,-1
-119.0,1808.5,-9,-8.9,0.09,140,900.0,0.0,-1
116.0,1588.0,3,3.0,0.0,75,900.0,0.0,1
-4.0,1730.0,9,2.0,5.6,161,900.0,0.0,1
49.0,1641.5,16,16.0,0.0,113,900.0,0.0,1
220.0,1734.0,-15,-15.0,0.0,156,900.0,0.0,-1
481.0,2140.5,4,4.0,0.0,75,900.0,0.0,1
137.0,1584.5,3,5.2,3.96,70,900.0,0.0,-1
-241.0,1892.5,-3,-1.9,2.49,28,900.0,0.0,-1
-117.0,1589.5,-17,-14.9,10.49,108,900.0,0.0,-1
9.0,1662.5,-10,-5.0,5.0,64,900.0,0.0,-1
-228.0,1631.0,2,2.3,0.21000000000000002,91,900.0,0.0,1
-479.0,2140.5,0,0.0,0.0,74,900.0,0.0,-1
-92.0,1697.0,-4,-2.6,0.64,51,900.0,0.0,-1
151.0,1664.5,3,3.5,2.25,81,900.0,0.0,1
-31.0,1861.5,7,1.3,9.81,71,900.0,0.0,1
7.0,1662.5,-12,-3.4,8.44,70,900.0,0.0,-1
200.0,1621.0,0,0.1,0.09,29,900.0,0.0,1
-146.0,1971.0,0,0.0,0.0,111,900.0,0.0,0
-99.0,1790.5,1,1.2,0.9599999999999997,56,900.0,0.0,-1
-35.0,1954.5,2,2.0,0.0,42,900.0,5.0,0
341.0,1840.5,5,2.6,3.2399999999999998,87,900.0,0.0,1
203.0,1578.5,-13,-13.0,0.0,108,900.0,0.0,-1
-103.0,1967.5,-4,-4.0,0.0,150,2700.0,45.0,-1
-29.0,1653.5,-3,-3.9,0.09,83,900.0,0.0,1
-60.0,1778.0,0,0.6,0.8400000000000001,28,900.0,0.0,-1
70.0,1680.0,-2,-1.3,2.4099999999999997,51,1200.0,10.0,1
85.0,1791.5,9,1.7,8.809999999999999,99,900.0,0.0,1
-792.0,1628.0,-15,-7.2,7.56,82,900.0,0.0,-1
13.0,1653.5,3,1.8,2.1599999999999997,63,900.0,0.0,1
-58.0,1541.0,0,-1.2,0.76,75,900.0,0.0,1
-166.0,1757.0,-6,-2.1,1.89,60,900.0,0.0,-1
-13.0,1653.5,-5,-5.0,0.0,118,900.0,0.0,0
87.0,1545.5,-14,-7.3,5.8100000000000005,80,900.0,0.0,-1
-319.0,1945.5,-4,-2.2,2.16,90,900.0,0.0,-1
-3.0,1653.5,10,4.4,13.440000000000001,107,900.0,0.0,1
-68.0,1542.0,1,0.9,0.09,56,900.0,0.0,-1
315.0,1945.5,3,1.6,2.04,33,900.0,0.0,1
412.0,1755.0,0,-0.1,0.09,53,900.0,0.0,1
792.0,1628.0,14,13.5,0.25,69,900.0,0.0,1
180.0,1746.0,-3,0.2,5.5600000000000005,59,900.0,0.0,1
-170.0,1922.0,-8,-4.3,1.61,86,900.0,0.0,-1
165.0,1785.5,10,7.4,2.04,69,900.0,0.0,1
68.0,1768.0,4,1.6,2.04,45,900.0,0.0,1
-15.0,1655.5,11,5.4,13.440000000000001,111,900.0,0.0,1
-230.0,1859.0,8,6.8,0.5599999999999999,66,900.0,0.0,1
264.0,1972.0,3,2.1,7.289999999999999,77,900.0,0.0,1
59.0,1528.5,2,2.8,2.76,48,900.0,0.0,-1
-88.0,1768.0,0,0.0,0.0,93,900.0,0.0,1
322.0,1811.0,2,1.4,1.44,45,900.0,0.0,1
435.0,1460.5,1,2.4,8.639999999999999,56,900.0,0.0,-1
157.0,1159.5,19,18.2,0.76,57,900.0,0.0,1
-60.0,1659.0,22,17.5,7.65,49,900.0,0.0,1
124.0,1745.0,11,4.9,18.09,107,900.0,0.0,1
37.0,1954.5,-1,-1.0,0.0,94,900.0,5.0,0
-60.0,1687.0,-3,-2.3,0.21000000000000002,60,900.0,0.0,-1
-585.0,1809.5,-7,-1.6,4.040000000000001,80,900.0,0.0,-1
-259.0,1623.5,0,0.0,0.0,115,900.0,0.0,0
-406.0,1900.0,-4,-2.5,0.65,50,900.0,0.0,-1
-146.0,1745.0,7,4.9,1.29,67,900.0,0.0,1
303.0,1684.5,4,2.8,7.56,85,900.0,0.0,1
469.0,1876.5,1,0.2,7.959999999999999,48,900.0,5.0,-1
-21.0,1954.5,-2,-1.2,5.36,50,900.0,5.0,-1
-191.0,2036.5,-6,-5.1,5.89,94,900.0,0.0,-1
8.0,1729.0,3,0.9,1.8900000000000001,31,900.0,0.0,1
8.0,1729.0,-2,-1.3,1.21,116,900.0,0.0,-1
-61.0,1693.5,10,7.7,7.81,61,900.0,0.0,1
199.0,2036.5,0,-0.9,12.290000000000001,46,900.0,0.0,0
-611.0,2527.5,-3,-3.0,0.0,84,900.0,1.0,-1
-191.0,2036.5,-8,-1.0,5.6,126,900.0,0.0,-1
296.0,2229.0,3,0.3,0.8100000000000002,53,900.0,0.0,1
81.0,1693.5,-8,-4.4,3.84,100,900.0,0.0,-1
-15.0,1613.5,-9,-6.9,10.89,52,900.0,0.0,-1
49.0,1573.5,-12,-8.0,17.4,53,900.0,0.0,-1
-45.0,1718.5,-8,-8.0,0.0,82,900.0,0.0,-1
-340.0,2221.0,4,1.3,0.8100000000000002,71,900.0,0.0,1
215.0,2036.5,5,4.5,0.25,24,900.0,0.0,-1
-207.0,2036.5,-3,-2.7,0.8099999999999999,36,900.0,0.0,-1
82.0,2055.0,-14,-8.2,7.359999999999999,54,900.0,0.0,-1
-86.0,2055.0,-1,-1.0,0.0,121,900.0,0.0,0
74.0,2055.0,0,-1.0,0.6,53,900.0,0.0,1
-43.0,1683.5,16,14.2,7.960000000000001,117,1200.0,0.0,1
5.0,1631.5,1,0.0,1.2,37,900.0,0.0,1
140.0,1709.0,4,3.9,0.09,119,900.0,30.0,1
260.0,2258.0,0,-0.6,1.44,28,900.0,0.0,1
-296.0,2253.0,3,2.7,0.21000000000000002,63,900.0,0.0,1
-60.0,2055.0,-7,-3.1,2.29,82,900.0,0.0,-1
32.0,1526.0,12,8.4,4.4399999999999995,65,900.0,0.0,1
46.0,2055.0,0,-1.0,0.6,53,900.0,0.0,1
288.0,2254.0,0,0.0,0.0,45,900.0,0.0,1
-180.0,1747.0,-12,-9.4,6.640000000000001,38,900.0,0.0,-1
204.0,1747.0,-3,-2.7,0.8099999999999999,116,900.0,0.0,-1
-800.0,1632.0,-14,-12.1,11.09,64,900.0,0.0,-1
-16.0,1526.0,-5,-3.3,3.0100000000000002,66,900.0,0.0,-1
8.0,1686.0,-5,-3.6,3.8400000000000007,80,900.0,0.0,-1
6.0,1634.0,8,7.2,1.36,57,900.0,0.0,1
10.0,1634.0,-10,-6.8,7.760000000000001,126,900.0,0.0,-1
-6.0,1634.0,9,7.3,4.8100000000000005,55,900.0,0.0,1
34.0,1526.0,0,0.8,2.7600000000000002,64,900.0,0.0,-1
-32.0,2055.0,-2,-1.0,0.2,62,900.0,0.0,-1
-70.0,1843.0,0,1.0,4.0,45,900.0,0.0,1
136.0,1763.0,12,3.9,7.289999999999999,47,900.0,0.0,1
-211.0,1897.5,-7,-2.7,2.21,82,900.0,0.0,-1
24.0,1634.0,-11,-8.7,4.01,60,900.0,0.0,-1
33.0,1501.5,-2,-5.4,3.04,96,900.0,0.0,-1
9.0,1625.5,-6,-5.4,1.44,78,900.0,0.0,-1
424.0,2185.0,2,1.5,6.45,111,900.0,0.0,1
80.0,1676.0,0,-1.0,4.8,69,1200.0,5.0,1
36.0,1630.0,-4,-4.0,0.0,80,900.0,0.0,-1
34.0,1717.0,3,2.4,0.8400000000000001,45,900.0,0.0,1
-8.0,1624.0,-11,-8.3,0.8099999999999999,78,900.0,0.0,-1
165.0,1629.5,4,1.8,1.3599999999999999,61,1200.0,5.0,1
-2.0,1637.0,-7,-5.7,2.6100000000000003,48,900.0,0.0,-1
325.0,1838.5,3,3.0,0.0,83,900.0,0.0,1
-53.0,2077.5,-3,-0.6,0.8400000000000001,60,900.0,0.0,-1
16.0,2055.0,4,2.6,0.44000000000000006,107,900.0,0.0,1
145.0,1753.5,-2,1.3,2.8099999999999996,105,900.0,0.0,1
39.0,2061.5,-2,-2.0,0.0,96,900.0,0.0,-1
25.0,1566.5,-4,-3.1,7.289999999999999,47,900.0,2.0,1
0.0,2055.0,-2,2.2,12.360000000000001,56,900.0,0.0,-1
-9.0,1566.5,0,3.9,1.89,78,900.0,2.0,-1
-316.0,1841.0,-1,-1.2,0.9599999999999997,39,900.0,0.0,-1
268.0,1905.0,5,2.1,6.890000000000001,181,900.0,0.0,1
-177.0,1759.5,2,1.5,1.05,49,900.0,0.0,1
-72.0,1527.0,0,-0.4,3.0399999999999996,60,900.0,0.0,-1
201.0,1759.5,-15,-7.3,6.8100000000000005,128,900.0,0.0,-1
-16.0,2055.0,0,-1.0,0.6,53,900.0,0.0,1
34.0,2055.0,-3,0.3,3.81,44,900.0,0.0,-1
-52.0,2055.0,0,-1.0,0.6,53,900.0,0.0,1
38.0,2055.0,13,8.1,12.690000000000001,65,900.0,0.0,1
-56.0,2055.0,0,-1.0,0.6,53,900.0,0.0,1
42.0,2055.0,0,0.0,0.0,71,900.0,0.0,1
-693.0,1984.5,-9,-7.6,1.8399999999999999,48,900.0,0.0,-1
-28.0,2055.0,-5,-2.9,7.6899999999999995,98,900.0,0.0,-1
692.0,1984.0,8,6.6,7.44,49,900.0,0.0,1
-19.0,2086.5,-6,-0.6,4.840000000000001,36,900.0,0.0,-1
256.0,1965.0,10,1.9,7.289999999999999,39,900.0,0.0,1
-12.0,1947.0,-6,-1.5,2.25,86,900.0,0.0,-1
19.0,1602.5,6,6.3,9.010000000000002,65,900.0,0.0,1
28.0,2097.0,-2,-1.7,0.21000000000000002,30,900.0,0.0,-1
156.0,1679.0,-1,-1.1,0.69,38,900.0,0.0,-1
22.0,2059.0,0,0.0,0.6,51,900.0,0.0,1
-6.0,2059.0,0,-0.3,0.8100000000000002,60,900.0,0.0,-1
-10.0,2059.0,3,0.5,2.05,39,900.0,0.0,1
125.0,1785.5,-4,-3.6,3.6399999999999997,60,900.0,0.0,-1
-123.0,1667.5,-15,-7.5,6.45,132,900.0,0.0,-1
164.0,1739.0,1,1.6,0.64,67,900.0,0.0,1
53.0,1671.5,12,10.5,5.25,169,900.0,0.0,1
145.0,1667.5,-9,-0.8,7.56,54,900.0,0.0,-1
-115.0,1785.5,-3,-0.3,0.8100000000000002,40,900.0,0.0,-1
-6.0,2059.0,0,-1.0,0.6,53,900.0,0.0,1
-10.0,2059.0,5,4.6,0.43999999999999995,61,900.0,0.0,1
36.0,2057.0,-1,1.5,3.65,37,900.0,5.0,1
-6.0,2059.0,6,-1.4,6.24,59,900.0,0.0,1
91.0,1535.5,-10,-9.5,0.25,102,900.0,2.0,-1
-73.0,1671.5,18,14.5,5.25,117,900.0,0.0,1
103.0,1785.5,1,1.0,0.0,26,900.0,0.0,1
-79.0,1535.5,-2,-2.0,0.0,40,900.0,2.0,-1
65.0,1535.5,2,1.1,0.09,33,900.0,2.0,1
-51.0,1535.5,-1,-0.1,0.09,98,900.0,2.0,-1
-160.0,1630.0,23,23.0,0.0,85,900.0,2.0,1
-147.0,1572.5,4,3.1,1.89,93,900.0,0.0,1
11.0,1842.5,-3,-3.0,0.0,164,900.0,0.0,0
24.0,2059.0,-5,-3.9,0.29,110,900.0,0.0,-1
-8.0,2059.0,-1,-2.4,1.8399999999999999,70,900.0,0.0,-1
-186.0,1844.0,-3,-0.9,3.69,40,900.0,0.0,-1
160.0,1619.0,-10,-11.8,2.16,126,900.0,2.0,-1
26.0,2059.0,-11,-2.1,26.089999999999996,66,900.0,0.0,-1
-44.0,2059.0,0,-1.0,0.6,53,900.0,0.0,1
46.0,2059.0,2,2.0,0.0,82,900.0,0.0,0
-64.0,2059.0,0,-1.0,0.6,53,900.0,0.0,1
156.0,1577.0,-12,-3.9,7.289999999999999,78,1800.0,0.0,-1
-252.0,1844.0,-7,-5.7,2.41,88,900.0,0.0,-1
119.0,1799.5,-13,-13.0,0.0,144,900.0,0.0,-1
500.0,1852.0,10,10.0,0.0,47,900.0,0.0,1
97.0,1782.5,4,3.4,1.44,61,900.0,0.0,1
-156.0,1577.0,1,1.9,0.09,78,1800.0,0.0,-1
-211.0,1711.5,-12,-3.2,8.760000000000002,62,900.0,0.0,-1
156.0,1577.0,-3,-2.5,4.45,82,1800.0,0.0,-1
128.0,2291.0,-1,-2.5,1.45,37,900.0,0.0,1
135.0,1774.5,-5,-2.9,1.89,62,900.0,0.0,-1
159.0,1808.5,5,3.2,4.5600000000000005,64,900.0,0.0,-1
-156.0,1577.0,4,3.5,2.25,77,1800.0,0.0,1
156.0,1577.0,2,2.0,0.0,39,1800.0,0.0,0
-171.0,1572.5,6,1.7,5.409999999999999,47,900.0,0.0,1
-158.0,1623.0,-1,-0.6,2.24,54,900.0,2.0,-1
161.0,1572.5,0,-0.5,0.25,45,900.0,0.0,1
-151.0,1572.5,0,0.5,2.25,70,900.0,0.0,-1
-603.0,1924.5,-7,-6.6,0.8400000000000001,56,900.0,0.0,-1
-255.0,1711.5,-13,-13.0,0.0,112,900.0,0.0,-1
-135.0,1667.5,-10,-7.6,13.440000000000001,118,900.0,0.0,-1
141.0,1572.5,1,0.1,0.09,29,900.0,0.0,1
372.0,1811.0,6,2.9,2.89,33,900.0,0.0,1
190.0,1636.0,9,9.7,0.21000000000000002,115,900.0,2.0,1
-131.0,1572.5,0,-0.2,0.96,16,900.0,0.0,-1
40.0,1611.0,23,20.7,10.41,83,900.0,0.0,1
11.0,1527.5,1,0.4,0.8400000000000001,21,900.0,2.0,1
182.0,1629.0,3,2.3,1.41,41,900.0,2.0,1
47.0,1523.5,-3,1.2,2.3600000000000003,22,900.0,2.0,-1
228.0,1732.0,-6,-4.1,3.09,57,900.0,0.0,-1
266.0,1740.0,0,-0.3,0.8100000000000002,52,900.0,0.0,-1
-19.0,2355.5,5,5.0,0.0,188,900.0,0.0,1
-39.0,1934.5,-1,-1.0,0.0,155,1200.0,0.0,1
-711.0,1973.5,-13,-6.4,9.84,40,900.0,0.0,-1
-279.0,2254.5,-1,-1.2,6.959999999999999,50,900.0,0.0,-1
49.0,1578.5,10,11.0,0.8,77,900.0,2.0,1
-65.0,1737.5,-12,-12.2,0.16,112,900.0,0.0,-1
83.0,1791.5,0,0.0,0.0,31,900.0,0.0,1
318.0,2249.0,-2,-1.0,1.8,44,900.0,0.0,-1
-359.0,2242.5,2,0.0,1.4,49,900.0,0.0,1
240.0,1766.0,-9,-4.5,20.25,98,900.0,0.0,-1
-42.0,1705.0,-7,-2.9,11.889999999999999,54,900.0,0.0,-1
257.0,2233.5,15,4.8,12.959999999999999,45,900.0,0.0,1
174.0,1637.0,-8,-8.0,0.0,104,1200.0,5.0,-1
353.0,2243.5,-1,0.9,1.6900000000000002,57,900.0,0.0,1
28.0,1705.0,14,8.5,18.45,111,900.0,0.0,1
60.0,1982.0,13,13.0,0.0,163,2700.0,45.0,1
-395.0,2236.5,-1,-1.1,7.090000000000001,115,900.0,0.0,1
131.0,1775.5,-1,-3.1,1.89,47,900.0,0.0,1
-46.0,1705.0,13,2.5,14.25,31,900.0,0.0,1
4.0,1612.0,-4,-1.0,1.2,36,900.0,0.0,-1
-234.0,1766.0,-1,-1.8,2.7600000000000002,38,900.0,0.0,-1
176.0,1508.0,18,6.4,24.04,91,900.0,0.0,1
-43.0,2390.5,-7,-6.5,0.45,107,900.0,0.0,-1
309.0,1567.5,10,1.8,7.56,21,1200.0,5.0,1
622.0,1939.0,-3,1.5,2.25,172,1980.0,33.0,0
640.0,1676.0,2,1.3,0.21000000000000002,43,900.0,0.0,1
-93.0,1780.5,-10,0.2,12.959999999999999,54,900.0,0.0,-1
-41.0,1934.5,7,7.1,0.09,62,1200.0,0.0,0
-56.0,1488.0,2,0.8,2.3600000000000003,60,1200.0,0.0,1
-483.0,1628.5,0,0.0,0.0,10,900.0,0.0,-1
-8.0,1352.0,-9,-0.7,7.8100000000000005,36,300.0,15.0,-1
76.0,1488.0,-6,2.6,10.44,56,1200.0,0.0,-1
-20.0,1845.0,-8,-3.8,2.76,58,900.0,0.0,-1
-96.0,1488.0,1,0.2,0.76,69,1200.0,0.0,1
39.0,1861.5,-5,-2.3,8.010000000000002,59,900.0,0.0,1
84.0,1488.0,3,2.5,0.25,93,1200.0,0.0,1
5.0,1954.5,11,10.6,0.43999999999999995,135,900.0,5.0,1
-7.0,1733.5,-5,-3.1,3.8899999999999997,50,1200.0,5.0,-1
211.0,1983.5,2,2.0,0.0,88,900.0,0.0,-1
-188.0,1512.0,-10,-6.5,5.25,80,900.0,0.0,-1
57.0,1701.5,10,2.7,7.410000000000001,53,900.0,0.0,1
-72.0,1488.0,-3,0.3,2.61,14,1200.0,0.0,-1
70.0,1532.0,11,2.9,7.289999999999999,79,900.0,0.0,1
92.0,1488.0,4,1.9,10.889999999999999,52,1200.0,0.0,-1
33.0,2018.5,3,0.0,1.8,25,900.0,0.0,1
-80.0,1488.0,-6,-6.5,1.25,40,1200.0,0.0,-1
-44.0,1635.0,-9,-8.1,1.89,146,900.0,0.0,-1
-3.0,1963.5,18,13.1,25.09,119,900.0,5.0,1
-83.0,1548.5,-10,-6.1,10.89,80,900.0,0.0,-1
-49.0,1641.5,0,0.4,0.8400000000000001,70,900.0,0.0,-1
496.0,2193.0,-1,-1.0,0.0,48,900.0,10.0,0
30.0,1635.0,8,6.1,1.49,91,900.0,0.0,1
-93.0,1533.5,6,5.4,0.44000000000000006,87,900.0,0.0,1
-549.0,2092.5,-10,-9.2,5.76,76,900.0,0.0,-1
201.0,1485.5,1,-0.3,1.01,135,900.0,0.0,1
-180.0,1438.0,-1,-0.3,0.20999999999999996,42,300.0,15.0,-1
118.0,1535.0,-1,-2.2,2.16,46,900.0,0.0,-1
-458.0,2597.0,-10,-7.4,7.24,77,900.0,0.0,-1
-227.0,1485.5,10,9.7,0.21000000000000002,131,900.0,0.0,1
-14.0,1635.0,-12,-7.2,3.3600000000000003,82,900.0,0.0,-1
-510.0,2193.0,0,0.0,0.0,86,900.0,10.0,0
219.0,1485.5,0,-0.4,0.8400000000000001,15,900.0,0.0,1
144.0,1537.0,-8,-7.2,0.76,144,900.0,0.0,-1
-246.0,1485.0,10,9.1,0.09,109,900.0,0.0,1
53.0,1700.5,3,0.2,0.96,39,900.0,0.0,1
239.0,1485.5,7,7.0,0.0,101,900.0,0.0,1
-232.0,1486.0,-8,-6.3,0.61,84,900.0,0.0,-1
36.0,1889.0,6,4.5,2.25,57,1200.0,0.0,1
508.0,2193.0,9,8.5,0.85,35,900.0,10.0,1
52.0,1874.0,3,3.0,0.0,71,1200.0,0.0,1
-541.0,1647.5,-14,-13.9,0.09,50,900.0,7.0,-1
268.0,1358.0,30,29.1,1.09,41,1800.0,30.0,1
-2.0,1621.0,14,9.7,6.409999999999999,65,900.0,0.0,1
295.0,1767.5,3,2.9,0.09,89,900.0,0.0,1
-35.0,1481.5,2,2.1,0.09,130,900.0,0.0,0
-165.0,1772.5,-3,-2.0,4.0,70,900.0,0.0,-1
352.0,1571.0,17,11.7,14.209999999999999,67,900.0,0.0,1
391.0,1685.5,1,0.9,1.89,77,900.0,0.0,1
-162.0,1785.0,10,2.7,6.01,55,900.0,0.0,1
117.0,2027.5,4,1.6,3.8400000000000007,59,900.0,0.0,1
-100.0,1451.0,-10,-8.0,8.2,74,900.0,0.0,-1
0.0,1734.0,-2,-2.0,0.0,135,900.0,0.0,0
-126.0,2037.0,4,4.0,0.0,138,900.0,0.0,-1
253.0,2010.5,0,-0.1,0.09,23,900.0,0.0,1
-119.0,1931.5,-6,-6.0,0.0,118,900.0,0.0,-1
252.0,1521.0,16,7.8,22.159999999999997,50,900.0,0.0,1
-16.0,1734.0,3,2.8,0.76,73,900.0,0.0,1
-54.0,1632.0,-3,-1.9,3.8899999999999997,70,900.0,0.0,-1
249.0,1545.5,14,7.6,11.64,59,900.0,0.0,1
168.0,1778.0,7,-1.1,7.289999999999999,63,900.0,0.0,1
10.0,1659.0,-7,-7.0,0.0,120,2700.0,0.0,-1
0.0,1734.0,9,0.9,7.290000000000001,15,900.0,0.0,1
-16.0,1734.0,4,3.0,0.2,101,900.0,0.0,1
-1.0,1982.5,-11,-2.9,7.289999999999999,34,900.0,0.0,-1
12.0,1886.0,-2,-2.5,0.25,72,1200.0,0.0,1
0.0,1734.0,-2,-1.4,2.6399999999999997,33,900.0,0.0,1
220.0,1767.0,0,-0.5,0.25,35,900.0,0.0,1
-15.0,1982.5,3,0.5,2.05,69,900.0,0.0,1
-16.0,1734.0,3,0.2,0.96,35,900.0,0.0,1
89.0,1551.5,2,2.0,0.0,59,900.0,0.0,1
0.0,1734.0,1,-2.1,1.8900000000000001,33,900.0,0.0,1
-190.0,1735.0,20,18.0,11.0,67,900.0,0.0,1
-16.0,1734.0,2,1.9,0.09,67,900.0,0.0,1
-247.0,1722.5,-10,-7.9,4.49,146,900.0,0.0,-1
-74.0,1437.0,1,1.5,0.65,39,900.0,0.0,1
241.0,1722.5,0,-0.5,8.25,91,900.0,0.0,1
0.0,1734.0,10,6.2,2.16,47,900.0,0.0,1
308.0,1726.0,10,10.0,0.0,107,900.0,5.0,1
33.0,1982.5,0,-0.1,0.09,36,900.0,0.0,-1
-235.0,1722.5,-12,-7.5,2.25,106,900.0,0.0,-1
16.0,1734.0,-3,-2.1,0.29,68,900.0,0.0,-1
229.0,1722.5,2,2.0,0.0,55,900.0,0.0,1
-221.0,1722.5,-12,-9.4,3.04,42,900.0,0.0,-1
213.0,1722.5,10,4.4,13.440000000000001,131,900.0,0.0,1
-205.0,1722.5,0,0.4,0.8400000000000001,60,900.0,0.0,-1
-34.0,1734.0,9,1.2,7.56,21,900.0,0.0,1
-17.0,1982.5,-18,-9.8,24.56,68,900.0,0.0,-1
324.0,1714.0,1,0.5,2.25,63,900.0,0.0,1
197.0,1722.5,11,6.6,4.84,81,900.0,0.0,1
61.0,1452.5,-1,-0.4,2.24,56,900.0,0.0,-1
-189.0,1722.5,-18,-7.3,16.609999999999996,170,900.0,0.0,-1
-12.0,1673.0,-5,-4.3,0.21000000000000002,84,900.0,0.0,-1
181.0,1722.5,8,6.8,0.36,47,900.0,0.0,1
-173.0,1722.5,-16,-9.0,23.2,50,900.0,0.0,-1
164.0,1723.0,2,-0.7,0.8100000000000002,51,900.0,0.0,1
-188.0,1723.0,3,3.0,7.2,37,900.0,0.0,1
205.0,1723.5,16,11.0,22.0,107,900.0,0.0,1
-547.0,2172.5,-1,-1.0,0.0,76,900.0,0.0,-1
43.0,1779.5,11,1.8,10.559999999999999,39,900.0,0.0,1
136.0,1724.0,-9,-6.6,13.440000000000001,126,900.0,0.0,-1
545.0,2172.5,2,2.5,2.25,69,900.0,0.0,1
18.0,1535.0,14,14.0,0.0,119,1200.0,0.0,1
-61.0,1779.5,0,0.0,0.0,109,900.0,0.0,1
-197.0,1723.5,-14,-10.2,19.96,88,900.0,0.0,-1
-61.0,2056.5,-6,-6.0,0.0,84,900.0,0.0,0
243.0,1828.5,4,-0.3,2.21,97,900.0,0.0,1
389.0,1679.5,4,3.2,0.76,97,900.0,0.0,1
47.0,2056.5,1,1.0,0.0,169,900.0,0.0,1
-224.0,1608.0,4,3.1,0.09,85,900.0,10.0,1
189.0,1723.5,3,5.4,3.84,41,900.0,0.0,1
-67.0,2056.5,5,3.6,0.44000000000000006,91,900.0,0.0,1
53.0,2056.5,2,2.9,2.4899999999999998,83,900.0,0.0,1
18.0,1639.0,0,1.3,2.0100000000000002,91,900.0,0.0,1
-146.0,1880.0,1,1.0,0.0,83,900.0,0.0,0
-36.0,1535.0,-3,-3.0,0.0,59,900.0,0.0,1
-74.0,1996.0,-3,-3.0,0.0,144,900.0,0.0,-1
17.0,1629.5,-5,-0.6,4.44,62,900.0,0.0,-1
22.0,1535.0,11,7.1,2.69,51,900.0,0.0,1
65.0,1993.5,1,1.0,0.0,121,900.0,0.0,1
213.0,1723.5,-20,-19.1,7.290000000000001,72,900.0,0.0,-1
149.0,1886.5,-1,-2.2,0.76,59,900.0,0.0,1
-145.0,1562.5,-11,-2.1,9.09,54,900.0,0.0,-1
154.0,1792.0,6,5.8,0.36,115,900.0,0.0,1
-229.0,1734.5,0,-1.2,0.9600000000000002,40,900.0,0.0,-1
134.0,1562.0,-4,-2.2,12.959999999999999,69,900.0,0.0,1
-202.0,1725.0,-20,-18.5,5.25,94,900.0,0.0,-1
21.0,1650.5,-7,-4.9,5.6899999999999995,122,900.0,0.0,-1
-132.0,2297.0,-5,-4.0,0.6,90,900.0,0.0,-1
-241.0,1838.5,-11,-9.9,7.090000000000001,134,900.0,0.0,-1
94.0,2030.0,3,0.9,0.6900000000000001,61,900.0,0.0,1
-89.0,1696.5,-8,-0.6,6.24,50,900.0,0.0,-1
383.0,2169.5,10,3.1,6.69,57,900.0,0.0,1
-98.0,1676.0,-8,-8.0,0.0,80,900.0,0.0,-1
-31.0,1684.5,-2,-1.7,0.21000000000000002,84,900.0,0.0,-1
194.0,1725.0,12,9.4,11.639999999999999,71,900.0,0.0,1
2.0,1629.0,9,5.2,5.16,37,900.0,0.0,1
-37.0,2386.5,-1,-2.0,8.2,99,900.0,0.0,-1
-67.0,2053.5,4,-1.1,11.889999999999999,49,900.0,0.0,1
-15.0,1627.5,7,7.0,0.0,87,900.0,0.0,1
194.0,1721.0,11,7.4,8.639999999999999,55,900.0,0.0,1
87.0,2053.5,-2,-1.2,0.16,100,900.0,0.0,-1
-149.0,1574.5,-1,1.1,1.89,104,900.0,0.0,-1
-378.0,1799.0,14,6.8,5.76,167,900.0,0.0,1
106.0,1576.0,9,0.9,7.290000000000001,19,900.0,0.0,1
600.0,2532.0,6,3.9,4.49,73,900.0,1.0,1
-387.0,1433.5,-15,-9.3,6.610000000000001,44,900.0,0.0,-1
383.0,1433.5,5,3.4,3.6399999999999997,37,900.0,0.0,1
548.0,2093.0,21,18.0,12.0,67,900.0,0.0,1
-107.0,2053.5,4,-1.1,11.889999999999999,49,900.0,0.0,1
95.0,2053.5,9,4.8,10.16,115,900.0,0.0,1
88.0,1675.0,6,6.0,0.0,167,900.0,0.0,1
413.0,2159.5,16,14.8,2.16,85,900.0,0.0,1
83.0,1780.5,1,1.0,0.2,84,900.0,0.0,-1
-83.0,2053.5,-1,-1.0,0.0,126,900.0,0.0,-1
71.0,2053.5,1,0.3,0.20999999999999996,67,900.0,0.0,1
-105.0,1900.5,-9,-10.2,1.16,92,900.0,0.0,-1
-91.0,2053.5,12,1.9,16.29,59,900.0,0.0,1
79.0,2053.5,9,-1.2,18.759999999999998,97,900.0,0.0,1
-99.0,2053.5,11,-1.1,23.490000000000002,57,900.0,0.0,1
-71.0,1780.5,0,0.0,0.0,24,900.0,0.0,-1
7.0,1635.5,-14,-8.4,13.440000000000001,124,900.0,0.0,-1
-202.0,1523.0,-18,-18.0,0.0,128,900.0,0.0,-1
-533.0,1964.5,-2,-1.2,2.16,60,900.0,0.0,-1
119.0,1465.5,7,2.0,13.2,42,900.0,0.0,1
871.0,1667.5,0,0.3,0.8100000000000002,31,900.0,0.0,1
-202.0,1503.0,1,1.0,0.0,147,900.0,0.0,0
531.0,1964.5,6,2.6,9.04,43,900.0,0.0,1
458.0,2596.0,9,-0.4,34.24,50,900.0,0.0,1
-24.0,1627.0,6,6.4,3.84,41,900.0,0.0,1
-18.0,1762.0,-10,-1.9,7.289999999999999,54,900.0,0.0,-1
-33.0,2064.5,0,-0.2,0.96,39,900.0,0.0,-1
713.0,1971.5,8,8.0,0.0,57,900.0,0.0,1
2.0,1762.0,3,3.2,6.959999999999999,51,900.0,0.0,1
8.0,2068.0,4,2.4,3.6399999999999997,65,900.0,0.0,1
14.0,1762.0,0,0.0,0.0,62,900.0,0.0,-1
-210.0,2135.0,-6,1.2,6.36,36,900.0,0.0,-1
-115.0,1801.5,9,3.7,3.81,55,960.0,0.0,1
177.0,2123.5,1,1.8,0.16,91,900.0,0.0,1
1.0,1623.5,6,5.9,0.09,101,900.0,0.0,1
104.0,1758.0,3,1.6,1.64,47,900.0,0.0,1
137.0,1801.5,1,1.0,0.0,118,960.0,0.0,-1
-546.0,2093.0,-7,-5.9,5.49,54,900.0,0.0,-1
69.0,1665.5,2,1.8,0.16,89,900.0,0.0,1
121.0,2053.5,-6,0.0,9.8,36,900.0,0.0,-1
-109.0,2053.5,-9,-4.4,7.840000000000001,60,900.0,0.0,-1
-433.0,2031.5,-12,-11.4,10.44,98,1980.0,33.0,-1
-127.0,1801.5,-2,-2.0,0.0,146,960.0,0.0,-1
1.0,1631.5,-4,-2.8,1.7600000000000002,100,900.0,0.0,-1
-236.0,1867.0,-14,-10.4,1.44,118,900.0,0.0,-1
-87.0,1573.5,-4,-4.1,0.09,62,900.0,0.0,-1
230.0,1867.0,16,9.2,21.96,79,900.0,0.0,1
485.0,2122.5,4,1.7,6.81,35,900.0,0.0,1
107.0,1573.5,-10,-6.9,11.09,62,900.0,0.0,-1
188.0,1549.0,-8,-2.1,15.09,30,900.0,0.0,-1
-180.0,1549.0,-9,-4.0,5.0,64,900.0,0.0,-1
172.0,1549.0,5,2.3,0.8099999999999999,35,900.0,0.0,1
149.0,1801.5,-3,-0.9,1.8900000000000001,52,960.0,0.0,-1
-164.0,1549.0,-2,-2.0,0.0,110,900.0,0.0,-1
-224.0,1867.0,-12,-8.0,16.0,106,900.0,0.0,-1
188.0,1549.0,4,3.4,0.24,36,900.0,0.0,-1
-180.0,1549.0,-4,-0.5,9.65,40,900.0,0.0,-1
172.0,1549.0,2,2.0,0.0,89,900.0,0.0,1
-296.0,1670.0,-7,-1.3,5.61,44,900.0,0.0,-1
-164.0,1549.0,-9,-1.6,6.840000000000001,42,900.0,0.0,-1
154.0,1549.0,6,2.7,2.6100000000000003,23,900.0,0.0,1
-178.0,1549.0,8,8.0,0.0,87,900.0,0.0,1
170.0,1549.0,1,-0.3,6.609999999999999,71,900.0,0.0,1
-160.0,1549.0,-2,-0.4,2.4400000000000004,30,900.0,0.0,-1
184.0,1549.0,0,-0.3,0.8100000000000002,18,900.0,0.0,-1
-176.0,1549.0,-2,0.8,1.3599999999999999,22,900.0,0.0,-1
168.0,1549.0,4,0.5,2.65,15,900.0,0.0,1
-158.0,1549.0,1,1.6,0.24,104,900.0,0.0,-1
-139.0,1801.5,0,0.9,8.09,66,900.0,0.0,-1
250.0,1867.0,0,0.3,0.8100000000000002,40,900.0,0.0,-1
148.0,1549.0,4,0.4,1.6400000000000001,35,900.0,0.0,1
-138.0,1549.0,1,0.4,0.8400000000000001,40,900.0,0.0,-1
128.0,1549.0,7,1.3,5.01,41,900.0,0.0,1
-118.0,1549.0,-4,-1.4,0.8400000000000001,52,900.0,0.0,-1
106.0,1549.0,3,3.0,0.0,71,900.0,0.0,1
90.0,2086.0,1,1.1,9.09,67,900.0,0.0,1
-94.0,1549.0,-1,-2.0,1.0,44,900.0,0.0,-1
82.0,1549.0,5,4.9,0.09,77,900.0,0.0,1
-102.0,1549.0,9,8.6,0.43999999999999995,107,900.0,0.0,1
129.0,1801.5,0,-0.5,5.65,79,900.0,0.0,1
93.0,1574.5,1,-0.3,1.0100000000000002,27,900.0,0.0,1
90.0,1549.0,9,0.9,9.09,55,900.0,0.0,1
-78.0,1549.0,-3,-2.4,1.44,36,900.0,0.0,-1
-115.0,1574.5,12,6.5,33.25,109,900.0,0.0,1
98.0,1549.0,0,0.3,0.8100000000000002,24,900.0,0.0,-1
-86.0,1549.0,-6,-0.8,3.1600000000000006,74,900.0,0.0,-1
106.0,1549.0,-3,-2.1,1.89,54,900.0,0.0,-1
-94.0,1549.0,-1,-1.3,0.8100000000000002,68,900.0,0.0,-1
299.0,1713.5,8,5.2,0.96,61,900.0,0.0,1
82.0,1549.0,7,6.8,8.16,57,900.0,0.0,1
-165.0,1808.5,2,3.9,1.6900000000000002,89,900.0,0.0,1
-70.0,1549.0,-8,-5.2,10.959999999999999,64,900.0,0.0,-1
90.0,1549.0,-4,-3.5,0.25,142,900.0,0.0,-1
137.0,1574.5,-9,-8.6,2.44,60,900.0,0.0,-1
-78.0,1549.0,-1,-0.7,1.0100000000000002,46,900.0,0.0,-1
-51.0,2057.5,0,-0.4,2.4399999999999995,65,900.0,0.0,1
-110.0,1802.0,-10,-6.6,8.24,120,900.0,0.0,-1
-127.0,1574.5,-6,-3.8,1.56,72,900.0,0.0,-1
-3.0,1709.5,-2,-1.7,0.8099999999999999,52,900.0,0.0,-1
113.0,1541.5,-11,-10.9,0.09,108,900.0,0.0,-1
35.0,2056.5,3,2.5,2.05,39,900.0,0.0,1
-17.0,2055.5,0,-0.3,0.8100000000000002,28,900.0,0.0,-1
-2.0,2054.0,3,3.5,2.25,61,900.0,0.0,1
-19.0,2355.5,-3,-3.0,0.0,89,900.0,0.0,0
-352.0,1420.0,-11,-1.6,11.440000000000001,36,900.0,0.0,-1
-153.0,1162.5,-19,-9.3,16.009999999999998,164,900.0,0.0,-1
-12.0,1871.0,1,1.0,0.0,70,900.0,0.0,-1
22.0,2052.0,-1,-0.7,0.41,41,900.0,0.0,-1
131.0,2053.5,-6,0.0,9.8,36,900.0,0.0,-1
-121.0,2053.5,0,-0.6,0.24000000000000005,82,900.0,0.0,-1
109.0,2053.5,13,4.9,7.890000000000001,63,900.0,0.0,1
-44.0,2050.0,1,0.2,0.16000000000000003,41,900.0,0.0,1
-131.0,2053.5,5,0.3,5.8100000000000005,63,900.0,0.0,1
153.0,2053.5,-9,-1.9,6.889999999999999,122,900.0,0.0,-1
99.0,1540.5,3,0.9,9.09,29,900.0,0.0,1
-177.0,2053.5,3,2.5,0.25,69,900.0,0.0,1
67.0,2047.5,0,0.0,0.0,68,900.0,0.0,-1
169.0,2053.5,16,6.9,12.489999999999998,67,900.0,0.0,1
-193.0,2053.5,10,1.7,11.410000000000002,57,900.0,0.0,1
133.0,2028.5,1,1.0,0.0,27,900.0,0.0,1
-139.0,2028.5,1,1.0,0.0,268,900.0,0.0,0
-92.0,2045.0,0,0.0,0.0,43,900.0,0.0,1
-57.0,1727.5,-3,-2.6,3.4400000000000004,33,900.0,0.0,1
-53.0,1556.5,-8,-3.2,4.16,64,900.0,0.0,-1
113.0,1600.5,-1,0.5,7.65,26,900.0,2.0,-1
129.0,2028.5,-1,-0.1,2.09,96,900.0,0.0,1
-192.0,1714.0,3,1.6,0.64,56,900.0,0.0,-1
-410.0,2159.0,-10,-4.7,10.609999999999998,80,900.0,0.0,-1
-119.0,2028.5,-2,-1.1,0.09,116,900.0,0.0,-1
184.0,1714.0,13,12.0,0.6,75,900.0,0.0,1
6.0,1549.0,-6,-5.2,0.36,60,900.0,2.0,-1
-50.0,1654.0,4,0.5,5.25,91,900.0,0.0,1
-68.0,1830.0,0,-0.5,0.45,22,900.0,0.0,1
88.0,1830.0,-3,-2.7,0.21000000000000002,52,900.0,0.0,-1
-34.0,1544.0,12,11.6,0.43999999999999995,107,900.0,2.0,1
-382.0,2171.0,-9,-3.5,10.85,146,900.0,0.0,-1
339.0,1820.5,7,7.0,0.0,87,900.0,0.0,1
36.0,1654.0,6,6.0,0.0,65,900.0,0.0,1
-134.0,1714.0,-5,-2.0,6.0,21,900.0,0.0,-1
48.0,1714.0,-3,-3.0,0.0,72,1200.0,10.0,-1
-79.0,1612.5,4,2.8,0.36,109,900.0,0.0,1
579.0,2071.5,16,9.9,25.49,83,900.0,0.0,1
83.0,1612.5,0,0.9,7.290000000000001,140,900.0,0.0,0
-71.0,1612.5,-12,-8.3,1.6099999999999999,142,900.0,0.0,-1
-171.0,1779.5,-3,0.1,2.29,58,900.0,0.0,-1
501.0,1898.5,2,1.5,0.25,111,900.0,0.0,1
57.0,1612.5,5,5.0,0.0,183,900.0,0.0,1
-37.0,1747.5,0,-0.7,0.21000000000000002,53,1200.0,10.0,1
54.0,1712.0,-9,-8.9,0.09,60,1200.0,5.0,-1
-43.0,1612.5,-9,-8.0,3.0,88,900.0,0.0,-1
-377.0,2170.5,-20,-11.3,58.61,90,900.0,0.0,-1
29.0,1612.5,6,3.1,3.69,97,900.0,0.0,1
-114.0,1828.0,3,2.1,0.09,117,900.0,0.0,1
-13.0,1612.5,-16,-8.8,5.76,124,900.0,0.0,-1
31.0,1612.5,-7,-2.5,2.25,112,900.0,0.0,-1
-15.0,1612.5,-16,-10.4,13.440000000000001,132,900.0,0.0,-1
33.0,1612.5,-13,-10.3,0.8099999999999999,74,900.0,0.0,-1
-17.0,1612.5,-11,-10.5,0.25,108,900.0,0.0,-1
35.0,1612.5,-5,-1.6,1.44,86,900.0,0.0,-1
-19.0,1612.5,-12,-9.9,4.6899999999999995,82,900.0,0.0,-1
1.0,1746.5,-2,-2.5,2.25,62,1200.0,5.0,-1
-153.0,1684.5,-16,-10.3,14.010000000000002,114,900.0,0.0,-1
-16.0,1899.0,-2,-2.0,0.0,66,900.0,7.0,-1
44.0,1983.0,22,21.7,0.21000000000000002,149,2700.0,45.0,1
-1.0,1737.5,-3,-3.0,5.0,54,1200.0,10.0,-1
143.0,1684.5,14,8.4,13.440000000000001,109,900.0,0.0,1
57.0,1541.5,-4,-1.5,2.85,22,900.0,2.0,-1
259.0,1630.5,0,1.3,1.21,52,1200.0,5.0,-1
0.0,1554.0,-3,-3.0,0.0,134,900.0,2.0,-1
49.0,1744.5,-18,-14.3,4.41,64,1200.0,5.0,-1
-133.0,1684.5,-13,-10.4,3.04,46,900.0,0.0,-1
-57.0,1841.5,-6,-6.0,0.0,76,900.0,0.0,-1
88.0,1588.0,-4,-0.2,6.959999999999999,92,900.0,0.0,-1
265.0,2223.5,4,1.7,8.41,61,900.0,0.0,1
-154.0,1628.0,3,2.3,0.21000000000000002,121,900.0,2.0,0
23.0,1873.5,4,1.2,2.96,77,1200.0,0.0,1
-76.0,1588.0,-9,-5.0,16.0,100,900.0,0.0,-1
80.0,1588.0,-2,-2.0,0.0,110,900.0,0.0,0
-16.0,1620.0,-2,-1.0,1.6,26,900.0,0.0,-1
-66.0,1588.0,0,-0.1,0.09,88,900.0,0.0,-1
0.0,1620.0,11,3.0,7.8,43,900.0,0.0,1
20.0,1573.0,0,-0.2,1.3599999999999999,63,900.0,0.0,1
120.0,1783.0,10,9.1,1.89,73,900.0,0.0,1
-4.0,1573.0,5,5.1,0.09,80,900.0,0.0,-1
-265.0,2110.5,8,4.5,2.05,47,900.0,0.0,1
54.0,1548.0,-14,-7.7,12.209999999999999,132,900.0,0.0,-1
-251.0,1899.5,-17,-15.9,7.090000000000001,80,900.0,0.0,-1
-67.0,1551.5,12,7.6,9.84,47,900.0,0.0,1
-165.0,1671.5,-7,-6.7,0.21000000000000002,70,900.0,0.0,-1
91.0,1553.5,-7,-2.5,2.25,60,900.0,0.0,-1
62.0,1983.0,-1,-1.2,0.9599999999999997,60,2700.0,45.0,-1
-4.0,2155.0,5,2.8,3.3600000000000003,59,900.0,0.0,1
-142.0,1698.0,-4,-10.4,10.24,106,900.0,0.0,-1
-79.0,1553.5,-3,-0.3,0.8100000000000002,44,900.0,0.0,-1
72.0,1644.0,-5,-3.1,0.49000000000000005,108,900.0,0.0,-1
-308.0,1411.0,-10,-4.8,3.16,64,900.0,0.0,-1
-92.0,1644.0,5,5.0,0.0,187,900.0,0.0,1
28.0,1572.0,17,14.6,13.440000000000001,113,900.0,2.0,1
112.0,1644.0,0,0.2,0.16000000000000003,60,900.0,0.0,-1
-100.0,1644.0,-3,-2.5,2.25,94,900.0,0.0,-1
265.0,1407.5,2,-0.7,0.8100000000000002,51,900.0,0.0,1
88.0,1644.0,9,5.2,6.959999999999999,107,900.0,0.0,1
-46.0,1572.0,9,8.3,0.21000000000000002,165,900.0,2.0,1
224.0,2057.0,-8,-3.2,11.360000000000001,82,900.0,0.0,-1
-76.0,1644.0,-9,-8.9,0.09,202,900.0,0.0,-1
-191.0,2069.5,-2,-0.6,0.8399999999999999,94,900.0,0.0,-1
62.0,1644.0,10,9.7,19.21,91,900.0,0.0,1
-58.0,1703.0,20,12.8,5.76,153,900.0,10.0,1
-48.0,1644.0,-15,-7.3,6.8100000000000005,126,900.0,0.0,-1
68.0,1644.0,-4,-3.9,0.09,76,900.0,0.0,-1
-239.0,1416.5,-11,-9.4,2.6399999999999997,80,900.0,0.0,-1
-54.0,1644.0,-16,-10.4,13.440000000000001,142,900.0,0.0,-1
74.0,1622.0,-6,-6.0,0.0,78,900.0,0.0,-1
188.0,2067.0,0,-0.6,1.44,25,900.0,0.0,1
-180.0,2067.0,-1,-0.2,1.3600000000000003,50,900.0,0.0,-1
204.0,2067.0,-6,0.0,9.8,36,900.0,0.0,-1
-56.0,1920.0,-13,-7.6,13.84,60,1200.0,0.0,-1
-212.0,2067.0,2,2.0,0.0,74,900.0,0.0,0
163.0,1855.5,17,11.4,13.440000000000001,135,900.0,0.0,1
-94.0,1622.0,6,3.5,2.05,33,900.0,0.0,1
-335.0,1820.5,2,1.1,1.8900000000000001,52,900.0,0.0,-1
-25.0,1555.5,5,4.6,0.24,74,900.0,0.0,-1
-102.0,1831.0,-9,-9.2,0.16,62,900.0,0.0,-1
22.0,1619.0,-5,-5.8,2.76,60,900.0,0.0,-1
-24.0,1619.0,0,0.0,0.0,222,900.0,0.0,0
-215.0,1731.5,-7,-0.2,16.36,70,900.0,0.0,-1
-3.0,1786.5,15,14.7,0.21000000000000002,123,900.0,0.0,1
331.0,1820.5,2,1.5,0.25,65,900.0,0.0,1
9.0,1555.5,-1,-1.0,1.4,79,900.0,0.0,1
42.0,1657.0,-9,0.1,11.889999999999999,66,1200.0,0.0,-1
47.0,1877.5,-10,-7.1,3.09,94,1200.0,0.0,-1
8.0,1619.0,11,5.9,13.290000000000001,119,900.0,0.0,1
-26.0,1619.0,-3,-4.0,0.2,93,900.0,0.0,1
-2.0,1741.0,-4,-3.0,7.2,90,900.0,0.0,-1
10.0,1619.0,10,4.4,13.440000000000001,147,900.0,0.0,1
222.0,1689.0,-5,-6.1,7.6899999999999995,134,900.0,0.0,-1
-15.0,1612.5,-8,-5.4,7.040000000000001,56,900.0,0.0,-1
-327.0,1820.5,-4,-2.7,2.41,49,900.0,0.0,-1
43.0,1919.5,-2,-0.8,1.56,51,900.0,5.0,1
263.0,1996.5,4,3.7,1.41,81,900.0,0.0,1
543.0,2172.5,2,1.8,0.9599999999999997,91,900.0,0.0,1
78.0,1872.0,-2,-2.8,0.15999999999999998,76,1200.0,0.0,-1
-73.0,1756.5,1,0.7,0.21000000000000002,92,900.0,0.0,-1
69.0,1573.5,4,5.9,1.69,93,900.0,0.0,1
-89.0,1573.5,8,7.3,0.21000000000000002,137,900.0,0.0,1
-33.0,1631.5,5,0.0,21.4,77,900.0,0.0,1
48.0,1709.0,3,2.3,0.21000000000000002,95,900.0,0.0,1
-63.0,1573.5,-19,-19.0,0.0,70,900.0,0.0,-1
173.0,1694.5,-10,-4.4,13.440000000000001,134,1200.0,5.0,-1
-541.0,2172.5,0,0.7,0.21000000000000002,90,900.0,0.0,-1
83.0,1573.5,-10,-9.0,1.2,148,900.0,0.0,-1
-257.0,1996.5,-7,-6.1,1.29,76,900.0,0.0,-1
24.0,1689.0,-10,-4.0,11.4,68,1200.0,0.0,-1
17.0,1631.5,7,5.1,0.89,51,900.0,0.0,1
-89.0,1601.5,7,6.8,0.15999999999999998,104,900.0,0.0,-1
633.0,1403.5,19,18.5,0.25,99,900.0,0.0,1
151.0,1479.5,7,5.9,0.89,27,900.0,0.0,1
-256.0,1739.0,-3,-3.8,0.15999999999999998,62,900.0,0.0,-1
29.0,1889.5,-1,-1.0,0.0,61,1200.0,0.0,1
207.0,1833.5,8,1.4,5.039999999999999,81,1200.0,0.0,1
-15.0,1639.5,4,1.5,6.25,63,900.0,0.0,1
113.0,1552.5,1,-0.3,1.0100000000000002,15,900.0,0.0,1
117.0,1559.5,9,0.9,7.290000000000001,25,900.0,0.0,1
-171.0,1589.5,0,0.3,0.8100000000000002,28,900.0,0.0,-1
-13.0,1558.5,-1,-3.5,0.85,73,900.0,0.0,1
33.0,1639.5,1,1.6,2.24,56,900.0,0.0,-1
-139.0,1559.5,10,6.4,7.44,83,900.0,0.0,1
18.0,1610.0,-10,-9.3,0.21000000000000002,78,900.0,0.0,-1
70.0,1580.0,0,0.0,0.0,108,900.0,0.0,-1
-192.0,1837.0,-1,-0.9,0.09,82,1200.0,10.0,-1
42.0,1647.0,5,4.3,3.0100000000000002,48,900.0,0.0,1
39.0,1666.5,-3,-0.3,0.8100000000000002,104,900.0,0.0,-1
37.0,1720.5,-17,-11.3,14.010000000000002,124,900.0,0.0,-1
151.0,1715.5,1,1.0,0.0,97,1200.0,10.0,0
81.0,1534.5,-1,-1.3,0.8100000000000002,58,900.0,0.0,-1
-13.0,1627.5,0,0.4,1.64,85,900.0,0.0,1
402.0,2154.0,16,7.6,8.639999999999999,73,900.0,0.0,1
-20.0,1547.0,18,14.0,16.0,141,900.0,2.0,1
4.0,1547.0,8,5.3,0.8099999999999999,65,900.0,2.0,1
-8.0,1579.0,-1,-1.0,0.0,59,900.0,0.0,1
77.0,1589.5,11,6.2,2.7600000000000002,53,900.0,0.0,1
-1035.0,1932.5,0,-0.3,0.8100000000000002,36,900.0,0.0,-1
-63.0,1589.5,-12,-8.2,7.76,86,900.0,0.0,-1
35.0,1485.5,-3,-2.5,0.25,78,900.0,0.0,-1
565.0,1904.5,8,5.2,4.36,59,900.0,0.0,1
49.0,1589.5,0,-0.4,0.8400000000000001,33,900.0,0.0,1
4.0,1426.0,5,1.9,9.889999999999999,75,900.0,0.0,1
48.0,1534.0,-6,-2.3,5.21,31,900.0,0.0,1
3.0,1607.5,-10,-7.3,10.010000000000002,62,900.0,0.0,-1
-7.0,1737.5,10,10.0,0.0,99,900.0,0.0,1
-34.0,1534.0,-3,2.7,4.41,48,900.0,0.0,-1
-95.0,1976.5,1,1.3,0.8100000000000002,141,2700.0,45.0,1
-41.0,1578.5,-1,0.2,0.96,18,900.0,0.0,-1
-11.0,1503.5,-2,-3.2,0.96,55,900.0,0.0,-1
-146.0,1480.0,-12,-4.8,5.76,134,900.0,0.0,-1
6.0,1604.0,-1,-3.4,1.44,94,900.0,0.0,-1
508.0,2204.0,-2,-1.3,1.21,64,900.0,10.0,-1
-541.0,1894.5,-15,-9.4,13.440000000000001,56,900.0,0.0,-1
136.0,1480.0,-4,-4.0,0.0,69,900.0,0.0,1
67.0,1646.5,3,5.0,2.8,87,900.0,0.0,1
78.0,2080.0,7,4.0,8.2,81,900.0,0.0,1
-44.0,1519.0,-18,-18.0,0.0,116,900.0,0.0,-1
80.0,1771.0,-3,1.5,2.25,92,900.0,0.0,-1
30.0,1519.0,7,6.6,0.43999999999999995,85,900.0,0.0,1
-9.0,1987.5,2,1.5,2.25,97,900.0,0.0,1
-506.0,2204.0,-19,-13.4,13.440000000000001,108,900.0,10.0,-1
-32.0,1519.0,-1,-1.0,0.0,150,900.0,0.0,0
16.0,1519.0,25,25.0,0.0,69,900.0,0.0,1
-34.0,1519.0,-16,-7.5,32.45,55,900.0,0.0,1
-49.0,1737.5,-6,-4.0,1.6,46,900.0,0.0,-1
-100.0,1771.0,0,0.1,0.09,20,900.0,0.0,1
-292.0,1970.0,0,0.0,0.0,11,900.0,0.0,-1
-7.0,1987.5,-2,0.5,2.25,53,900.0,0.0,1
187.0,1769.5,12,7.7,10.61,43,900.0,0.0,1
504.0,2204.0,2,1.4,0.8400000000000001,61,900.0,10.0,1
-38.0,1650.0,-8,-5.1,3.69,82,900.0,0.0,-1
149.0,1800.5,11,5.4,13.440000000000001,107,900.0,0.0,1
88.0,1586.0,3,0.6,1.44,49,900.0,0.0,1
-27.0,1580.5,-3,-0.3,0.8100000000000002,26,900.0,0.0,-1
25.0,1987.5,-2,-3.1,0.49000000000000005,38,900.0,0.0,-1
5.0,1751.5,2,0.9,2.4899999999999998,47,900.0,0.0,1
98.0,1597.0,13,4.9,7.290000000000001,85,900.0,0.0,1
8.0,1635.0,7,6.3,0.21000000000000002,87,900.0,0.0,1
-420.0,1880.0,-1,-0.3,0.20999999999999996,30,900.0,0.0,-1
-275.0,1734.5,-10,-10.0,0.0,120,900.0,0.0,-1
420.0,1875.0,4,4.0,0.0,67,2700.0,0.0,1
92.0,1989.0,4,4.4,2.04,73,900.0,0.0,1
418.0,1880.0,13,9.3,9.209999999999999,61,900.0,0.0,1
-42.0,1668.0,9,6.5,6.25,77,900.0,0.0,1
552.0,2179.0,-1,-1.0,0.0,59,900.0,0.0,1
-26.0,1635.0,10,5.0,3.0,101,900.0,0.0,1
285.0,1734.5,1,1.0,0.0,50,900.0,0.0,0
42.0,1758.0,1,0.5,0.25,144,900.0,15.0,1
203.0,1502.5,-2,7.8,21.560000000000002,60,900.0,0.0,-1
-184.0,1767.0,-9,-6.7,13.41,52,900.0,0.0,-1
-114.0,1989.0,7,6.6,0.43999999999999995,125,900.0,0.0,1
-550.0,2179.0,-2,-2.0,0.0,78,900.0,0.0,-1
-66.0,1794.0,1,1.8,1.3600000000000003,66,900.0,0.0,-1
523.0,1910.5,8,2.0,7.6,87,900.0,0.0,1
-236.0,1810.0,0,-0.3,0.8100000000000002,24,900.0,0.0,-1
506.0,1720.0,24,21.1,7.089999999999999,83,1200.0,0.0,1
283.0,1971.5,1,1.0,0.0,143,900.0,0.0,1
176.0,1767.0,5,3.5,5.25,55,900.0,0.0,1
5.0,1588.5,10,9.4,1.44,92,900.0,0.0,-1
166.0,1992.0,0,0.1,0.09,97,1500.0,0.0,1
102.0,1989.0,7,3.3,1.61,89,900.0,0.0,1
-200.0,1767.0,0,-0.3,0.20999999999999996,69,900.0,0.0,1
89.0,1795.5,-6,-4.0,2.8,54,900.0,0.0,-1
-142.0,1163.0,-23,-23.0,0.0,114,900.0,0.0,-1
327.0,1674.5,6,2.6,1.44,79,900.0,0.0,1
148.0,1163.0,44,37.4,15.24,77,900.0,0.0,0
-106.0,1989.0,-4,-4.0,0.0,119,900.0,0.0,0
74.0,1822.0,2,2.0,0.0,113,900.0,15.0,1
376.0,1908.0,3,2.3,0.21000000000000002,107,900.0,0.0,0
-54.0,1649.0,8,4.0,3.2,81,900.0,0.0,1
-68.0,1551.0,-4,-3.7,0.8099999999999999,70,900.0,0.0,-1
587.0,2537.5,4,3.5,0.45,47,900.0,1.0,1
361.0,2271.5,4,3.7,0.21000000000000002,55,600.0,10.0,1
128.0,1989.0,-3,0.0,1.2,56,900.0,0.0,-1
-6.0,1580.0,13,3.3,18.21,57,900.0,0.0,1
-92.0,1568.0,10,4.4,13.440000000000001,161,900.0,0.0,1
114.0,1568.0,8,4.3,11.409999999999998,82,900.0,0.0,-1
124.0,1730.0,-5,-4.0,3.0,78,1200.0,5.0,-1
-77.0,1981.5,0,-1.2,0.9599999999999997,23,900.0,0.0,1
-26.0,1649.0,-8,-7.3,1.21,66,900.0,0.0,-1
-133.0,1786.5,-4,-1.1,1.6900000000000002,24,0.0,30.0,-1
-102.0,1568.0,-2,-1.6,0.44000000000000006,78,900.0,0.0,-1
-2.0,1934.0,-3,-5.0,6.0,92,900.0,0.0,-1
90.0,1568.0,1,1.0,0.0,161,900.0,0.0,1
-236.0,1746.0,-4,-4.0,0.0,140,900.0,0.0,-1
-489.0,2206.5,-1,0.3,2.4099999999999997,67,900.0,5.0,-1
-110.0,1568.0,8,8.0,0.0,179,900.0,0.0,1
203.0,2066.5,2,0.2,2.1600000000000006,33,900.0,0.0,1
10.0,1649.0,12,7.3,2.6100000000000003,63,900.0,0.0,1
409.0,1817.5,15,14.7,0.21000000000000002,75,2700.0,45.0,1
-108.0,1667.0,6,4.4,8.84,41,900.0,0.0,1
130.0,1667.0,-17,-10.5,7.65,60,900.0,0.0,-1
78.0,1546.0,0,-0.4,2.04,56,900.0,0.0,-1
-195.0,2066.5,0,0.1,0.09,90,900.0,0.0,-1
-64.0,1546.0,-8,-1.9,7.089999999999999,52,900.0,0.0,-1
487.0,2206.5,2,2.4,0.24,75,900.0,5.0,1
-179.0,2066.5,-3,-2.3,0.21000000000000002,34,900.0,0.0,-1
171.0,2066.5,5,0.0,3.0,81,900.0,0.0,1
-161.0,2066.5,-8,-4.8,1.36,58,900.0,0.0,-1
-169.0,1774.5,-2,-2.8,0.76,62,1200.0,0.0,-1
77.0,1557.5,17,14.0,7.2,123,900.0,0.0,1
-99.0,2299.5,-5,-4.8,0.76,120,900.0,0.0,-1
-485.0,2206.5,-10,-2.4,8.04,38,900.0,5.0,-1
151.0,2015.5,1,1.4,3.84,157,900.0,0.0,1
-63.0,1557.5,-11,-8.4,15.84,96,900.0,0.0,-1
483.0,2206.5,0,-0.1,0.09,39,900.0,5.0,1
83.0,1557.5,-9,-9.0,0.0,114,900.0,0.0,-1
-87.0,1557.5,3,1.7,5.41,118,900.0,0.0,0
-141.0,2015.5,-4,-3.6,0.24,66,900.0,0.0,-1
-107.0,1881.5,-1,-0.4,0.8400000000000001,42,900.0,7.0,-1
42.0,2377.0,1,3.0,5.8,134,900.0,0.0,1
214.0,1533.0,7,6.2,0.76,49,900.0,0.0,1
64.0,2063.0,-1,-0.5,0.25,74,900.0,0.0,-1
349.0,2271.5,-1,-0.7,0.8100000000000002,81,900.0,0.0,1
-256.0,2222.0,-5,-4.9,0.09,118,900.0,0.0,-1
-111.0,1968.5,0,-0.6,8.64,55,2700.0,45.0,0
270.0,1837.0,0,0.0,0.6,37,900.0,0.0,1
49.0,1794.5,2,2.0,0.0,102,900.0,0.0,-1
370.0,2169.0,4,2.4,6.24,35,900.0,0.0,1
-68.0,1905.0,-12,-10.6,3.6399999999999997,76,900.0,0.0,-1
469.0,2589.5,3,2.4,12.239999999999998,74,900.0,0.0,1
-117.0,1729.5,-18,-10.8,5.76,204,900.0,0.0,-1
-229.0,1769.5,9,9.0,0.0,135,900.0,0.0,1
-138.0,1163.0,-20,-19.7,0.21000000000000002,116,900.0,0.0,-1
2.0,1631.0,1,0.6,0.8400000000000001,69,900.0,0.0,1
-361.0,2271.5,-1,-1.0,0.0,145,900.0,0.0,0
85.0,1703.5,9,0.9,7.290000000000001,53,900.0,0.0,1
91.0,1549.5,7,4.3,0.8099999999999999,111,900.0,0.0,1
389.0,2271.5,-1,-1.0,0.0,114,900.0,0.0,-1
-467.0,2589.5,-5,-2.3,8.010000000000002,77,900.0,0.0,-1
-385.0,2271.5,0,2.7,0.8099999999999999,70,900.0,0.0,-1
51.0,1851.5,0,0.0,0.0,117,900.0,0.0,1
-85.0,1562.5,-7,-5.2,2.16,51,900.0,0.0,1
-39.0,1604.5,-3,-0.3,0.8100000000000002,68,900.0,0.0,-1
-220.0,1711.0,-3,-3.0,0.0,109,900.0,0.0,0
-346.0,1689.0,-4,-3.7,0.21000000000000002,94,900.0,0.0,-1
212.0,1711.0,12,5.7,27.810000000000002,39,900.0,0.0,1
-238.0,1711.0,2,0.6,0.43999999999999995,17,900.0,0.0,1
232.0,1711.0,13,7.4,13.440000000000001,155,900.0,0.0,1
-225.0,1710.5,-7,-6.8,0.96,70,900.0,0.0,-1
217.0,1710.5,7,6.3,0.21000000000000002,127,900.0,0.0,1
342.0,1689.0,10,9.6,7.24,83,900.0,0.0,1
-64.0,1684.0,2,2.0,0.0,86,900.0,0.0,1
-338.0,1689.0,-8,-6.1,2.69,58,900.0,0.0,-1
281.0,1795.5,2,1.7,0.8100000000000002,41,900.0,0.0,1
-275.0,1795.5,-3,-0.3,0.8100000000000002,24,900.0,0.0,-1
179.0,1764.5,0,0.1,0.09,56,900.0,0.0,1
-553.0,2186.5,-1,-1.0,0.0,68,900.0,0.0,-1
-187.0,1764.5,-2,0.7,8.41,120,900.0,0.0,0
551.0,2186.5,0,0.0,0.0,37,900.0,0.0,1
-136.0,2006.0,-3,-2.1,0.09,108,900.0,0.0,-1
113.0,1703.5,-11,-6.6,10.24,54,900.0,0.0,-1
-25.0,1651.5,-7,-3.5,11.25,76,900.0,0.0,-1
-17.0,2057.5,-11,-2.5,13.25,56,900.0,0.0,-1
151.0,2066.5,11,5.2,8.16,85,900.0,0.0,1
465.0,2589.5,6,-0.7,12.809999999999999,64,900.0,0.0,1
-141.0,2066.5,0,0.0,0.0,24,900.0,0.0,-1
131.0,2066.5,2,0.8,6.959999999999999,71,900.0,0.0,1
-68.0,1604.0,4,1.6,5.04,33,900.0,0.0,1
402.0,2155.0,18,13.2,17.36,85,900.0,0.0,1
-145.0,1988.5,-2,-2.0,0.0,94,900.0,0.0,-1
552.0,1971.0,12,5.8,21.76,32,1980.0,33.0,1
-481.0,1890.5,-11,-2.9,7.289999999999999,88,900.0,0.0,-1
34.0,1763.0,1,0.1,1.2900000000000003,44,900.0,0.0,1
139.0,1676.5,8,7.4,0.44000000000000006,77,900.0,0.0,1
41.0,1757.5,-2,-2.0,0.0,154,1200.0,10.0,-1
13.0,1889.5,5,5.9,2.0900000000000003,117,1200.0,0.0,1
-230.0,1756.0,1,0.9,0.49000000000000005,91,900.0,0.0,1
247.0,2220.5,5,5.0,0.0,83,900.0,0.0,1
31.0,1889.5,-1,0.0,7.2,106,1200.0,0.0,-1
181.0,1856.5,0,0.0,0.0,14,900.0,0.0,-1
110.0,2066.0,14,8.0,16.2,57,900.0,0.0,1
-98.0,2066.0,1,1.3,0.21000000000000002,100,900.0,0.0,-1
86.0,2066.0,0,-0.7,2.41,45,900.0,0.0,1
-18.0,1624.0,-10,-10.2,2.7600000000000002,50,900.0,0.0,-1
35.0,1741.5,3,2.7,2.0100000000000002,47,900.0,0.0,1
49.0,1889.5,-1,-0.5,0.25,76,1200.0,0.0,-1
198.0,1862.0,-1,-1.0,0.0,65,900.0,0.0,1
105.0,1673.5,17,4.8,26.559999999999995,73,900.0,0.0,1
35.0,1889.5,9,2.0,12.4,33,1200.0,0.0,1
-93.0,1673.5,-10,-10.0,0.0,126,900.0,0.0,-1
-82.0,1761.0,14,9.6,10.440000000000001,125,1200.0,5.0,1
53.0,1889.5,0,0.0,0.0,84,1200.0,0.0,-1
-77.0,1768.5,3,1.3,6.21,58,900.0,0.0,-1
-229.0,1851.5,0,0.1,0.09,106,900.0,0.0,0
144.0,1785.0,-2,-2.9,0.09,73,900.0,0.0,1
-66.0,1895.0,-9,-2.8,5.5600000000000005,84,900.0,7.0,-1
68.0,1714.0,-2,1.2,3.7600000000000007,69,900.0,10.0,1
-74.0,2066.0,0,0.1,0.09,86,900.0,0.0,-1
86.0,1761.0,-1,-1.0,0.0,55,1200.0,5.0,0
60.0,2066.0,8,7.6,8.84,63,900.0,0.0,1
-46.0,2066.0,-3,-2.2,8.559999999999999,50,900.0,0.0,-1
-168.0,1785.0,0,0.0,0.0,33,900.0,0.0,1
64.0,2066.0,-1,-0.9,0.09,114,900.0,0.0,-1
-84.0,2066.0,4,3.4,1.44,69,900.0,0.0,1
-368.0,1761.0,0,0.0,0.0,30,900.0,0.0,-1
-119.0,1868.5,3,2.7,0.8099999999999999,52,1200.0,5.0,-1
104.0,2066.0,-5,0.3,8.610000000000001,56,900.0,0.0,-1
219.0,1814.5,3,1.2,7.56,69,900.0,0.0,1
-92.0,2066.0,-5,-4.3,0.21000000000000002,72,900.0,0.0,-1
178.0,1670.0,9,9.0,0.0,141,900.0,0.0,1
210.0,1857.0,22,8.3,30.809999999999995,103,900.0,0.0,1
80.0,2066.0,8,5.5,6.45,35,900.0,0.0,1
-66.0,2066.0,-3,-3.0,2.0,80,900.0,0.0,-1
198.0,1638.0,9,4.5,4.25,59,1200.0,20.0,1
-226.0,1739.0,10,4.2,5.76,57,900.0,0.0,1
151.0,1707.5,9,7.0,4.0,89,900.0,0.0,1
-74.0,1732.0,0,-0.1,0.09,63,900.0,0.0,1
-32.0,1604.0,-20,-11.6,8.639999999999999,66,900.0,0.0,-1
-218.0,1857.0,5,2.7,5.41,44,900.0,0.0,0
-175.0,1707.5,22,11.3,16.61,95,900.0,0.0,1
-82.0,2297.0,-5,-3.7,2.41,166,900.0,0.0,-1
265.0,1830.5,3,1.9,2.29,53,900.0,0.0,1
7.0,1773.5,-4,-3.1,0.89,50,900.0,0.0,-1
304.0,1818.0,4,4.0,0.0,115,900.0,0.0,1
87.0,1819.5,7,7.5,2.25,99,1200.0,10.0,1
-25.0,1717.5,-9,-1.7,6.01,34,900.0,0.0,-1
167.0,1707.5,8,4.7,6.409999999999999,103,900.0,0.0,1
-104.0,1722.0,4,0.4,3.2399999999999998,47,900.0,10.0,1
304.0,1655.0,5,5.6,8.639999999999999,48,1200.0,5.0,1
-43.0,1810.5,12,11.5,0.45,86,1200.0,10.0,1
-8.0,2342.0,4,4.0,0.0,124,900.0,0.0,0
-300.0,1818.0,-5,-2.4,0.8400000000000001,48,900.0,0.0,-1
-157.0,1707.5,-18,-14.0,16.0,108,900.0,0.0,-1
296.0,1818.0,3,0.0,6.0,56,900.0,0.0,1
78.0,1737.0,8,1.1,12.090000000000002,70,1200.0,10.0,-1
56.0,1989.0,7,7.0,0.0,89,2700.0,45.0,1
-235.0,2217.5,-6,-3.9,4.49,128,900.0,0.0,-1
183.0,1695.5,1,1.0,0.0,112,1200.0,0.0,-1
-242.0,1477.0,9,0.8,7.56,27,900.0,0.0,1
-198.0,2359.0,-5,-4.3,2.81,86,600.0,10.0,-1
88.0,1570.0,-5,-2.6,1.44,67,900.0,0.0,1
-76.0,1570.0,-5,-5.4,0.24,70,900.0,0.0,-1
62.0,1570.0,10,9.2,5.76,101,900.0,0.0,1
-485.0,2578.5,-7,-4.4,7.840000000000001,91,900.0,0.0,-1
117.0,1550.5,-5,-0.3,3.41,50,900.0,0.0,-1
-48.0,1570.0,-18,-11.6,8.040000000000001,60,900.0,0.0,-1
66.0,1570.0,-5,-4.3,0.21000000000000002,118,900.0,0.0,-1
540.0,2187.0,1,2.4,8.639999999999999,39,900.0,0.0,1
-86.0,1570.0,11,9.7,1.01,89,900.0,0.0,1
74.0,1570.0,17,15.5,2.25,113,900.0,0.0,1
-538.0,2187.0,2,1.2,1.56,30,900.0,0.0,-1
152.0,1771.0,10,5.5,2.25,75,1200.0,0.0,1
-60.0,1570.0,-13,-7.5,17.85,142,900.0,0.0,-1
80.0,1570.0,-10,-6.1,8.290000000000001,88,900.0,0.0,-1
-68.0,1570.0,-7,-6.5,1.65,112,900.0,0.0,-1
-81.0,1893.5,4,0.4,2.04,61,900.0,7.0,1
158.0,1661.0,-1,-1.0,0.0,91,900.0,0.0,1
88.0,1570.0,-12,-10.5,1.65,138,900.0,0.0,-1
-172.0,1962.0,-2,-0.5,1.25,40,900.0,0.0,-1
-193.0,1770.5,-3,-1.6,6.039999999999999,48,900.0,0.0,-1
-255.0,1840.5,0,0.0,0.0,120,900.0,0.0,0
-76.0,1570.0,-18,-11.7,17.01,88,900.0,0.0,-1
-371.0,2148.5,-10,-6.8,1.36,64,900.0,0.0,-1
-79.0,1740.5,1,1.8,10.56,80,900.0,0.0,-1
12.0,1628.0,-10,-6.9,2.4899999999999998,60,900.0,0.0,-1
49.0,1884.5,10,9.3,0.21000000000000002,75,1200.0,0.0,1
-10.0,1731.0,-9,-0.6,8.64,56,900.0,0.0,-1
185.0,1770.5,2,1.1,0.69,53,900.0,0.0,1
1404.0,1754.0,1,0.6,0.24000000000000005,79,900.0,0.0,1
-197.0,1684.5,0,0.0,0.0,60,1200.0,0.0,-1
-6.0,1731.0,3,2.3,0.41,73,900.0,0.0,1
-233.0,1727.5,-11,-5.4,13.440000000000001,126,900.0,0.0,-1
-53.0,1667.5,-4,-5.1,1.09,38,900.0,0.0,-1
69.0,1884.5,-28,-22.4,13.440000000000001,106,1200.0,0.0,-1
-60.0,1716.0,3,2.9,1.6900000000000002,39,1200.0,0.0,1
36.0,1737.0,-4,-4.5,2.25,84,900.0,0.0,-1
-518.0,2204.0,0,-0.8,0.16,103,900.0,10.0,0
-37.0,1631.5,4,3.6,0.8400000000000001,53,900.0,0.0,1
-53.0,1816.5,-4,-2.0,3.0,92,1200.0,10.0,-1
-141.0,1543.5,1,1.0,0.0,108,900.0,0.0,0
144.0,1648.0,-13,-13.1,0.69,38,1800.0,0.0,-1
-54.0,1737.0,7,3.5,1.65,59,900.0,0.0,1
167.0,1542.5,-10,-10.1,0.69,56,900.0,0.0,-1
-282.0,1822.0,1,0.3,1.21,136,900.0,0.0,-1
-194.0,1541.0,10,7.1,6.890000000000001,87,900.0,0.0,1
516.0,2204.0,11,5.2,16.560000000000002,57,900.0,10.0,1
222.0,1539.0,-16,-8.8,5.76,110,900.0,0.0,-1
-213.0,1539.5,-2,-0.1,5.290000000000001,44,900.0,0.0,-1
40.0,1737.0,-1,-3.7,2.0100000000000002,59,900.0,0.0,1
70.0,2066.0,3,3.2,0.15999999999999998,53,900.0,0.0,0
-90.0,2066.0,4,2.0,3.0,67,900.0,0.0,1
204.0,1540.0,1,1.0,0.0,51,900.0,0.0,1
-150.0,1793.0,-11,-11.0,0.0,128,900.0,0.0,-1
-195.0,1540.5,-10,-1.5,9.05,42,900.0,0.0,-1
225.0,1537.5,-4,-0.2,12.959999999999999,74,900.0,0.0,-1
-58.0,1737.0,4,1.4,2.44,47,900.0,0.0,1
235.0,1669.5,19,19.5,0.25,71,900.0,2.0,1
19.0,1630.5,4,3.9,0.09,67,900.0,0.0,1
-216.0,1538.0,-1,-1.2,0.16,52,900.0,0.0,-1
-223.0,1534.5,-11,-4.6,10.24,97,900.0,0.0,-1
-514.0,2204.0,-4,-1.8,4.96,50,900.0,10.0,-1
-169.0,1596.5,-23,-20.5,6.25,68,1200.0,0.0,-1
485.0,2577.5,7,3.9,4.090000000000001,76,900.0,0.0,1
206.0,1539.0,2,1.5,0.25,63,900.0,0.0,1
65.0,1747.5,-1,2.4,5.639999999999999,69,900.0,0.0,1
57.0,1645.5,2,0.1,1.49,13,1200.0,0.0,1
-8.0,1762.0,0,-0.9,0.09,29,900.0,0.0,1
-238.0,1536.0,12,0.7,30.410000000000004,97,900.0,0.0,1
-15.0,1655.5,2,3.4,0.44000000000000006,52,900.0,0.0,-1
-51.0,1747.5,-4,-1.6,2.44,62,900.0,0.0,-1
230.0,1537.0,13,5.8,5.76,133,900.0,0.0,1
-18.0,1946.0,4,2.1,7.6899999999999995,75,900.0,10.0,1
215.0,1534.5,7,6.1,0.09,61,900.0,0.0,1
-86.0,1901.0,0,-0.1,0.09,35,900.0,0.0,1
-530.0,2195.0,-1,-1.3,1.4099999999999997,106,900.0,10.0,-1
-264.0,1533.0,8,7.9,0.09,75,900.0,0.0,1
161.0,1858.5,7,4.6,1.44,29,900.0,7.0,1
300.0,1529.0,4,0.7,2.8099999999999996,82,900.0,0.0,-1
-29.0,2340.5,4,1.1,3.69,83,900.0,0.0,1
-151.0,1858.5,-8,-4.2,13.36,60,900.0,7.0,-1
-293.0,1529.5,-2,-1.8,0.16,68,900.0,0.0,-1
286.0,1530.0,0,0.0,0.0,87,900.0,0.0,1
-77.0,1576.5,0,0.1,0.09,27,900.0,0.0,1
47.0,1752.5,0,0.0,0.0,95,900.0,0.0,1
-278.0,1531.0,-1,-2.2,0.96,52,900.0,0.0,-1
-65.0,1752.5,6,4.4,1.04,99,900.0,0.0,1
270.0,1532.0,16,8.8,5.76,113,900.0,0.0,1
63.0,1576.5,11,6.2,2.7600000000000002,105,900.0,0.0,1
-172.0,1666.0,0,-0.4,0.24000000000000005,74,900.0,0.0,-1
132.0,1789.0,10,9.2,5.76,159,900.0,0.0,1
-49.0,1576.5,-12,-10.9,2.49,36,900.0,0.0,-1
35.0,1576.5,2,2.0,0.0,73,900.0,0.0,1
63.0,1742.5,-3,-1.1,0.49000000000000005,114,900.0,0.0,-1
-3.0,1853.5,-2,-1.8,0.7600000000000001,74,900.0,0.0,-1
-492.0,2573.0,-4,-2.9,1.09,67,900.0,0.0,-1
-19.0,1576.5,0,-0.6,1.44,28,900.0,0.0,-1
3.0,1576.5,15,13.9,3.8899999999999997,61,900.0,0.0,1
-7.0,1963.5,-3,-1.8,0.56,77,900.0,0.0,1
-123.0,1773.5,4,1.3,0.8100000000000002,59,900.0,0.0,1
-113.0,1773.5,-2,-1.7,0.8100000000000002,46,900.0,0.0,-1
-19.0,1576.5,2,0.1,0.49000000000000005,113,900.0,0.0,1
75.0,1760.5,8,2.3,6.409999999999999,65,900.0,0.0,1
-123.0,1771.5,-2,0.5,2.05,38,900.0,0.0,-1
7.0,1963.5,0,0.5,0.25,106,900.0,0.0,0
5.0,1647.5,2,3.2,0.76,46,900.0,0.0,-1
111.0,1773.5,1,1.8,0.56,97,900.0,0.0,1
3.0,1576.5,23,23.0,0.0,115,900.0,0.0,1
61.0,1685.5,9,5.0,13.8,51,900.0,0.0,1
-47.0,1685.5,-2,-2.0,0.0,50,900.0,0.0,-1
-80.0,1831.0,-4,-2.4,0.44000000000000006,122,900.0,15.0,-1
13.0,1576.5,-14,-10.4,1.44,98,900.0,0.0,-1
-322.0,1589.0,-17,-16.5,2.25,88,900.0,0.0,-1
-143.0,1867.5,12,2.5,13.65,65,1200.0,5.0,1
-168.0,1928.0,0,0.1,0.09,35,2700.0,45.0,-1
141.0,1704.5,9,9.0,0.0,123,900.0,0.0,1
214.0,1539.0,10,6.0,16.0,83,900.0,0.0,1
3.0,1576.5,-7,-4.6,2.04,50,900.0,0.0,-1
65.0,1685.5,-5,-1.3,8.61,86,900.0,0.0,-1
-19.0,1576.5,6,3.5,8.25,35,900.0,0.0,1
27.0,1942.5,-3,-3.0,0.0,129,900.0,5.0,0
127.0,1881.5,0,0.3,0.8100000000000002,23,900.0,0.0,-1
37.0,1576.5,0,0.5,2.25,96,900.0,0.0,-1
76.0,1693.0,1,1.3,0.8100000000000002,51,900.0,0.0,1
-522.0,1683.0,-1,-0.6,0.24000000000000005,20,900.0,7.0,-1
-85.0,1685.5,8,2.0,4.4,127,900.0,0.0,1
-131.0,1704.5,1,-0.3,2.6100000000000003,98,900.0,0.0,-1
319.0,1693.5,12,7.5,2.25,61,900.0,0.0,1
-427.0,1638.5,-3,-3.8,0.15999999999999998,144,900.0,0.0,-1
-221.0,1718.5,-4,-2.1,8.29,70,900.0,0.0,-1
510.0,1688.0,17,10.8,21.36,73,900.0,7.0,1
-404.0,1869.0,-3,-3.0,0.0,100,2700.0,0.0,-1
-21.0,1576.5,-10,-6.9,1.49,46,900.0,0.0,-1
73.0,1685.5,6,6.1,8.29,55,900.0,0.0,1
217.0,1758.5,6,5.6,0.43999999999999995,59,900.0,0.0,1
39.0,1576.5,-4,-0.7,3.41,24,900.0,0.0,-1
-59.0,1685.5,-3,-3.5,2.25,80,900.0,0.0,-1
-25.0,1576.5,-4,-2.4,3.2399999999999998,68,900.0,0.0,-1
-98.0,1884.0,-1,0.3,1.21,86,900.0,0.0,-1
457.0,1733.5,4,3.8,11.159999999999998,30,900.0,0.0,1
-105.0,1713.5,-1,-1.3,0.8100000000000002,44,900.0,0.0,-1
43.0,1576.5,-1,-1.1,0.09,68,900.0,0.0,-1
496.0,1862.0,7,5.2,2.16,59,900.0,0.0,1
7.0,1651.5,-6,-3.0,2.4,50,900.0,0.0,-1
103.0,1677.5,3,2.1,0.09,49,900.0,0.0,1
-29.0,1576.5,-5,-2.6,8.04,50,900.0,0.0,-1
47.0,1576.5,-10,-1.5,8.25,16,900.0,0.0,-1
-65.0,1576.5,1,1.0,0.0,119,900.0,0.0,1
-100.0,1755.0,5,0.2,3.3600000000000003,31,900.0,0.0,1
-13.0,1635.5,-5,-4.8,0.36,98,900.0,0.0,-1
-276.0,1802.0,-7,-3.0,7.0,58,900.0,0.0,-1
61.0,1985.5,-1,-0.7,0.8100000000000002,124,2700.0,45.0,-1
54.0,1562.0,-2,-1.5,0.25,64,900.0,0.0,-1
-413.0,2260.5,3,1.8,0.36,169,900.0,0.0,0
2.0,1673.0,-2,-1.5,0.25,69,900.0,0.0,1
45.0,1946.5,-3,-1.7,0.41,70,900.0,0.0,-1
137.0,1593.5,7,5.5,2.05,103,900.0,0.0,1
411.0,2260.5,1,-0.1,1.09,25,900.0,0.0,1
88.0,1623.0,-4,-4.0,0.0,90,1200.0,0.0,-1
-47.0,1946.5,-1,-1.0,0.0,70,900.0,0.0,0
-391.0,1580.5,-5,-5.7,0.21000000000000002,35,300.0,60.0,-1
55.0,1696.5,15,8.6,27.640000000000004,55,900.0,0.0,1
65.0,1946.5,-5,-3.8,0.96,78,900.0,0.0,-1
124.0,1775.0,5,5.3,0.8099999999999999,90,900.0,0.0,-1
65.0,1897.5,12,12.5,0.25,71,900.0,0.0,1
-48.0,1899.0,-3,-0.9,1.8900000000000001,34,900.0,0.0,-1
73.0,1896.5,-7,-7.9,7.290000000000001,76,900.0,0.0,-1
26.0,2051.0,-1,-0.9,0.09,166,900.0,0.0,-1
-3.0,1635.5,2,-1.1,6.29,119,900.0,0.0,1
-38.0,1784.0,1,1.0,0.0,53,300.0,60.0,1
-55.0,1898.5,2,-1.4,7.840000000000001,60,900.0,0.0,-1
-7.0,2052.5,-8,-7.9,1.09,56,900.0,0.0,-1
36.0,1901.0,5,4.8,0.96,39,900.0,0.0,1
-13.0,2054.5,3,3.0,0.0,68,900.0,0.0,1
-155.0,1786.5,8,6.8,0.76,73,900.0,0.0,1
-4.0,1774.0,4,4.0,0.0,55,300.0,60.0,1
-13.0,1635.5,10,6.6,21.44,45,900.0,0.0,1
324.0,1882.0,1,1.0,0.0,23,900.0,0.0,1
-20.0,1835.0,-1,-1.0,0.0,87,900.0,0.0,1
-417.0,1832.5,-3,-2.4,0.24,62,900.0,0.0,-1
-23.0,1916.5,8,3.5,2.25,63,900.0,0.0,1
-15.0,1689.5,-5,-4.3,7.8100000000000005,48,900.0,0.0,-1
-53.0,2293.5,-5,-3.5,1.05,80,900.0,0.0,-1
33.0,1689.5,-3,-0.4,0.8400000000000001,76,900.0,0.0,-1
15.0,1721.5,-1,-3.1,7.290000000000001,37,900.0,0.0,1
-51.0,1546.5,-10,-2.8,20.160000000000004,42,900.0,0.0,-1
363.0,2136.5,13,12.9,0.09,119,900.0,0.0,1
32.0,1691.0,5,3.0,3.2,49,900.0,0.0,1
57.0,1666.5,-3,-2.1,0.09,120,1200.0,10.0,0
-96.0,1968.0,-7,-5.1,7.889999999999999,130,2700.0,45.0,-1
-200.0,1757.0,-11,-4.6,10.24,125,900.0,0.0,1
-140.0,1977.0,0,-1.2,0.9599999999999997,53,900.0,0.0,1
36.0,1681.0,-3,0.1,3.4900000000000007,48,900.0,0.0,-1
74.0,1994.0,3,2.3,7.409999999999999,51,900.0,0.0,1
-18.0,1639.0,-3,-3.1,0.09,49,900.0,0.0,-1
12.0,1687.0,6,3.8,6.36,25,900.0,0.0,1
-127.0,1640.5,1,1.0,1.6,38,900.0,0.0,-1
-94.0,1673.0,10,1.8,7.56,11,1200.0,10.0,1
63.0,1662.5,-3,-3.0,0.0,95,900.0,0.0,0
161.0,1497.5,6,4.9,0.49000000000000005,85,900.0,0.0,1
-621.0,2154.5,-3,-3.0,0.0,99,900.0,0.0,-1
31.0,1635.5,-2,-8.0,10.0,150,900.0,0.0,-1
33.0,1680.5,15,4.9,17.29,131,900.0,0.0,1
-4.0,1427.0,-14,-3.9,21.29,90,900.0,0.0,-1
-879.0,1671.5,-10,-1.4,8.44,38,900.0,0.0,-1
-573.0,1812.5,-1,0.1,2.4899999999999998,36,900.0,0.0,-1
879.0,1671.5,4,1.8,1.56,45,900.0,0.0,1
416.0,2256.0,-2,-2.4,2.4399999999999995,97,900.0,0.0,1
-210.0,1542.0,1,0.2,0.16000000000000003,118,900.0,0.0,-1
145.0,1850.5,5,5.0,5.4,43,900.0,0.0,1
-254.0,1793.0,0,0.0,0.0,52,900.0,0.0,-1
-225.0,1507.5,5,3.2,5.16,47,900.0,0.0,1
128.0,1163.0,3,2.1,0.09,37,900.0,0.0,1
109.0,1586.5,0,0.0,0.0,17,900.0,0.0,1
-196.0,1539.0,-14,-12.4,6.04,90,900.0,0.0,-1
211.0,1775.5,3,-1.1,10.290000000000001,65,900.0,0.0,1
61.0,1732.5,6,2.7,3.81,35,900.0,0.0,1
-64.0,1841.0,9,6.3,0.8099999999999999,87,900.0,0.0,1
211.0,2208.5,5,3.2,2.16,85,900.0,0.0,1
-50.0,1686.0,0,-0.1,0.09,27,900.0,0.0,1
-97.0,1598.5,-4,-4.3,0.21000000000000002,63,900.0,0.0,1
-414.0,2256.0,0,-0.2,2.76,98,900.0,0.0,-1
-212.0,1852.0,-12,-8.8,14.559999999999999,88,900.0,0.0,-1
412.0,2256.0,0,0.8,0.16,71,900.0,0.0,1
124.0,1869.0,5,2.2,5.5600000000000005,25,900.0,0.0,-1
481.0,2080.5,0,-1.7,11.61,185,900.0,0.0,0
23.0,1916.5,10,2.1,7.69,35,900.0,5.0,1
569.0,2184.5,0,0.0,0.0,133,900.0,0.0,0
-17.0,1680.5,-11,-10.8,0.36,96,900.0,0.0,-1
-567.0,2184.5,-1,-1.5,2.25,60,900.0,0.0,-1
595.0,2169.5,4,3.7,0.8099999999999999,65,900.0,0.0,1
-169.0,1895.5,1,1.9,0.09,112,900.0,15.0,-1
97.0,1715.5,0,-0.4,2.4399999999999995,53,900.0,0.0,1
-173.0,1189.5,-22,-21.5,0.25,96,900.0,0.0,-1
271.0,1819.5,1,1.0,7.2,80,900.0,0.0,1
-362.0,2138.0,-18,-13.7,19.21,148,900.0,0.0,-1
188.0,1775.0,3,0.6,1.44,41,900.0,0.0,1
108.0,1998.0,8,9.7,5.01,67,900.0,0.0,1
164.0,1850.0,7,-1.1,7.289999999999999,89,900.0,0.0,1
-99.0,1723.5,20,19.7,0.8099999999999999,125,900.0,0.0,1
-137.0,1897.5,8,0.0,11.0,63,900.0,0.0,1
159.0,1897.5,-1,-0.5,2.25,88,900.0,0.0,-1
-49.0,1604.5,-4,-3.3,0.21000000000000002,36,900.0,0.0,-1
-149.0,1897.5,0,0.0,0.0,108,900.0,0.0,-1
-235.0,1776.5,19,12.7,17.01,167,900.0,0.0,1
173.0,1897.5,-11,-8.2,5.36,102,900.0,0.0,-1
229.0,1776.5,14,6.7,6.01,81,900.0,0.0,1
-222.0,1777.0,-13,-4.8,14.559999999999999,94,900.0,0.0,-1
214.0,1777.0,8,7.9,0.09,117,900.0,0.0,1
-206.0,1777.0,-14,-7.1,19.09,108,900.0,0.0,-1
-16.0,1667.0,0,-0.3,0.8100000000000002,29,900.0,0.0,1
198.0,1777.0,14,6.7,6.01,81,900.0,0.0,1
-163.0,1897.5,-2,-1.8,0.16,66,900.0,0.0,-1
-190.0,1777.0,-3,-4.3,3.21,122,900.0,0.0,-1
182.0,1777.0,9,9.0,0.0,105,900.0,0.0,1
-190.0,1777.0,0,0.0,0.0,109,900.0,0.0,0
183.0,1672.5,8,4.3,3.6100000000000003,64,900.0,0.0,1
171.0,1897.5,0,0.0,0.0,109,900.0,0.0,0
182.0,1777.0,9,9.0,0.0,123,900.0,0.0,1
-879.0,1671.5,-4,-3.9,0.09,52,900.0,0.0,-1
-20.0,2337.0,1,0.8,0.16,79,900.0,0.0,-1
328.0,1607.0,6,1.3,2.6100000000000003,79,900.0,0.0,1
-161.0,1897.5,-15,-7.3,20.009999999999998,140,900.0,0.0,-1
122.0,1705.0,-4,-3.8,0.15999999999999998,77,900.0,0.0,1
22.0,2337.0,-1,-1.0,0.0,159,900.0,0.0,0
-132.0,1730.0,1,0.6,0.8400000000000001,35,900.0,0.0,1
217.0,1756.5,1,0.9,4.69,21,900.0,0.0,1
-73.0,1723.5,-1,-1.0,0.0,118,900.0,0.0,-1
-11.0,1699.5,0,0.0,0.0,38,900.0,0.0,-1
-5.0,1699.5,1,1.6,0.24,69,900.0,0.0,1
23.0,1699.5,-13,-7.4,13.440000000000001,156,900.0,0.0,-1
-33.0,1819.5,-4,-1.9,1.89,110,1200.0,10.0,-1
-533.0,1819.5,-2,3.7,4.21,36,900.0,2.0,-1
-41.0,1699.5,3,2.7,0.8099999999999999,83,900.0,0.0,1
207.0,1715.5,5,3.2,2.16,119,3600.0,30.0,1
59.0,1699.5,-5,-5.0,0.0,132,900.0,0.0,-1
-79.0,1699.5,11,5.8,8.959999999999999,107,900.0,0.0,1
65.0,1699.5,5,1.5,5.25,57,900.0,0.0,1
-69.0,1699.5,8,8.0,0.0,107,900.0,0.0,0
-134.0,1704.0,14,11.3,17.01,129,900.0,0.0,1
55.0,1699.5,7,-2.1,13.09,53,900.0,0.0,1
-41.0,1699.5,-5,2.8,7.56,64,900.0,0.0,-1
135.0,1625.5,4,1.1,4.6899999999999995,41,900.0,2.0,1
27.0,1699.5,2,2.0,0.0,79,900.0,0.0,1
-11.0,1699.5,-8,3.0,21.6,106,900.0,0.0,-1
-51.0,1819.5,2,0.4,0.44000000000000006,49,1200.0,10.0,1
258.0,1862.0,-8,-5.4,6.840000000000001,114,900.0,0.0,-1
-5.0,1699.5,4,2.3,0.8099999999999999,45,900.0,0.0,1
124.0,1704.0,5,4.2,0.76,85,900.0,0.0,1
-37.0,1819.5,-3,-3.0,0.0,190,1200.0,10.0,-1
215.0,1753.5,8,8.0,0.0,161,900.0,0.0,1
78.0,2066.0,3,1.3,1.81,67,900.0,0.0,1
-64.0,2066.0,-1,0.2,0.96,20,900.0,0.0,-1
-248.0,1570.0,-26,-22.0,16.0,142,900.0,0.0,-1
193.0,1546.5,5,4.4,1.44,51,900.0,0.0,1
-55.0,1819.5,3,3.0,0.0,87,1200.0,10.0,1
50.0,2066.0,2,1.3,2.8100000000000005,73,900.0,0.0,1
-36.0,2066.0,0,0.9,7.290000000000001,152,900.0,0.0,-1
57.0,1897.5,-1,-1.9,0.09,53,900.0,5.0,1
54.0,2066.0,-4,-1.8,3.3600000000000003,50,900.0,0.0,-1
539.0,1720.5,14,12.7,1.01,67,900.0,0.0,1
193.0,1743.5,11,11.0,0.0,127,900.0,0.0,1
-74.0,2066.0,6,0.1,4.890000000000001,131,900.0,0.0,1
-94.0,1641.0,-15,-15.0,0.0,64,900.0,0.0,-1
82.0,1641.0,21,20.1,7.290000000000001,87,900.0,0.0,1
-102.0,1641.0,9,8.9,0.09,163,900.0,0.0,1
-40.0,1834.0,-1,-1.0,0.0,100,900.0,0.0,-1
558.0,2046.0,15,10.5,22.25,63,900.0,0.0,1
-41.0,1819.5,-8,-0.9,7.489999999999999,72,1200.0,10.0,-1
-86.0,1763.0,3,-1.9,3.0900000000000007,83,900.0,0.0,1
124.0,1641.0,-12,-8.2,7.76,54,900.0,0.0,-1
-7.0,1590.5,1,1.0,2.0,38,900.0,0.0,-1
19.0,1575.5,19,19.0,0.0,153,900.0,2.0,1
62.0,1617.0,0,-0.1,0.09,119,900.0,0.0,0
94.0,2066.0,-6,0.0,9.8,36,900.0,0.0,-1
-116.0,2066.0,1,0.6,2.4399999999999995,61,900.0,0.0,1
138.0,2066.0,-4,0.6,4.24,86,900.0,0.0,-1
-78.0,2296.0,5,4.4,0.24,164,900.0,0.0,1
74.0,1763.0,0,0.5,0.85,43,900.0,0.0,1
-48.0,1617.0,-9,-9.0,0.0,158,900.0,0.0,-1
-227.0,1682.5,0,-0.3,0.8100000000000002,44,900.0,2.0,-1
-1.0,1667.5,1,-0.5,2.25,19,900.0,0.0,1
15.0,1702.5,-4,-1.3,0.8100000000000002,50,900.0,0.0,-1
66.0,1617.0,-2,-0.6,0.43999999999999995,82,900.0,0.0,-1
-33.0,1702.5,3,-0.4,7.839999999999999,27,900.0,0.0,1
51.0,1702.5,0,2.6,3.8400000000000007,78,900.0,0.0,-1
-71.0,1702.5,0,0.2,0.96,33,900.0,0.0,1
10.0,1680.0,3,-0.2,14.16,67,900.0,0.0,1
-52.0,1617.0,-20,-19.9,0.09,92,900.0,0.0,-1
54.0,1617.0,-3,-3.0,0.0,42,900.0,0.0,0
-40.0,1617.0,-16,-9.2,22.36,64,900.0,0.0,-1
29.0,1696.5,0,-0.9,0.09,65,900.0,0.0,1
-482.0,2577.0,-5,-4.9,0.09,103,900.0,0.0,-1
123.0,1600.5,7,7.0,0.0,127,900.0,0.0,1
-403.0,1597.5,-7,-1.8,3.1600000000000006,64,1200.0,5.0,-1
-47.0,1696.5,2,2.0,0.0,129,900.0,0.0,1
-111.0,1600.5,-23,-15.6,6.24,94,900.0,0.0,-1
-350.0,1693.0,13,6.2,19.96,63,900.0,0.0,1
133.0,1600.5,-14,-9.5,13.85,74,900.0,0.0,-1
-123.0,1600.5,-12,-12.0,0.0,144,900.0,0.0,-1
401.0,1597.5,7,3.2,5.76,91,1200.0,5.0,1
145.0,1600.5,-14,-6.5,6.45,126,900.0,0.0,-1
-151.0,1600.5,1,1.3,0.8100000000000002,94,900.0,0.0,0
141.0,1600.5,0,-0.8,0.76,99,900.0,0.0,1
-131.0,1600.5,-23,-18.9,7.49,66,900.0,0.0,-1
121.0,1600.5,5,3.9,1.09,111,900.0,0.0,1
-109.0,1600.5,-17,-13.5,5.25,118,900.0,0.0,-1
131.0,1600.5,-10,-10.0,0.0,100,900.0,0.0,-1
-94.0,2050.0,-1,-1.2,1.56,72,900.0,0.0,-1
-903.0,1683.5,-13,-12.9,0.09,94,900.0,0.0,-1
293.0,1806.5,-1,0.9,1.09,26,900.0,0.0,-1
82.0,1872.0,6,5.4,2.2399999999999998,59,1200.0,0.0,1
-99.0,1775.5,-3,-2.7,0.21000000000000002,86,900.0,0.0,-1
3.0,1687.5,-8,-4.8,5.16,76,900.0,0.0,-1
87.0,1775.5,13,13.0,0.0,193,900.0,0.0,1
21.0,1668.5,-4,-2.8,3.96,46,900.0,0.0,-1
-5.0,1668.5,-12,-5.8,18.56,116,900.0,0.0,-1
99.0,2296.5,-1,-1.0,0.0,133,900.0,0.0,-1
21.0,1668.5,-8,-7.3,1.61,68,900.0,0.0,-1
-5.0,1668.5,-9,-9.0,0.0,182,900.0,0.0,-1
-65.0,1620.5,0,0.0,2.4,58,900.0,0.0,-1
-11.0,1668.5,9,8.1,0.09,129,900.0,0.0,1
13.0,1687.5,3,2.4,0.24,48,900.0,0.0,-1
-5.0,1668.5,8,2.2,7.5600000000000005,99,900.0,0.0,1
21.0,1668.5,-6,-0.8,3.1600000000000006,26,900.0,0.0,-1
-39.0,1668.5,7,2.5,2.25,103,900.0,0.0,1
57.0,1668.5,-13,-4.0,21.6,100,900.0,0.0,-1
-31.0,1687.5,1,0.3,0.20999999999999996,37,900.0,0.0,1
-77.0,1668.5,10,6.5,18.45,93,900.0,0.0,1
63.0,1668.5,15,7.8,5.76,105,900.0,0.0,1
-107.0,1775.5,6,-0.4,7.24,73,900.0,0.0,1
-49.0,1668.5,-10,-2.8,5.76,154,900.0,0.0,-1
-93.0,1621.5,-9,-6.8,11.76,52,900.0,2.0,-1
85.0,1620.5,-8,-6.5,10.65,50,900.0,0.0,-1
49.0,1687.5,-10,-1.5,8.85,32,900.0,0.0,-1
35.0,1668.5,17,9.8,5.76,143,900.0,0.0,1
-37.0,1668.5,-1,-1.0,0.0,145,900.0,0.0,0
115.0,1621.5,-9,-8.4,0.24,73,900.0,2.0,-1
129.0,1775.5,0,-0.3,0.8100000000000002,74,900.0,0.0,-1
-147.0,1874.5,-1,-1.0,0.0,80,900.0,7.0,-1
-215.0,1689.5,-6,-2.3,8.41,50,1200.0,0.0,-1
278.0,1806.0,1,1.1,0.09,103,900.0,0.0,1
106.0,1738.0,5,4.0,4.0,75,1200.0,0.0,1
-359.0,1763.5,-9,-6.5,5.05,66,900.0,7.0,-1
-1.0,1628.5,-5,-5.0,0.0,148,900.0,0.0,-1
-155.0,1860.5,-3,-3.0,0.0,122,900.0,7.0,-1
-169.0,1577.5,7,7.0,0.0,45,900.0,0.0,1
-32.0,1641.0,4,3.3,0.21000000000000002,85,900.0,0.0,1
509.0,2211.5,22,9.6,54.04,111,900.0,5.0,1
-15.0,1628.5,10,7.0,10.8,44,900.0,0.0,1
-40.0,1684.0,-7,-2.5,2.25,70,900.0,0.0,-1
-391.0,1899.5,-6,-6.0,0.0,82,900.0,0.0,-1
-37.0,1511.5,6,6.6,6.24,57,900.0,0.0,1
-247.0,1880.5,0,0.1,0.09,73,900.0,0.0,0
21.0,1511.5,14,12.8,3.3600000000000003,159,900.0,0.0,1
-507.0,2211.5,-11,-5.1,15.690000000000001,88,900.0,5.0,-1
-94.0,1572.0,0,0.3,1.0100000000000002,32,900.0,0.0,1
116.0,1572.0,-4,-2.7,3.81,48,900.0,0.0,-1
-104.0,1572.0,-6,-4.3,3.81,76,900.0,0.0,-1
92.0,1572.0,3,1.9,1.29,65,900.0,0.0,1
505.0,2211.5,0,0.0,0.0,27,900.0,5.0,1
-503.0,2211.5,-5,0.3,6.21,68,900.0,5.0,-1
-4.0,1636.0,3,3.0,0.0,76,900.0,0.0,-1
-80.0,1572.0,-8,-7.8,0.15999999999999998,69,900.0,0.0,-1
-13.0,1649.5,3,-3.6,8.84,75,900.0,0.0,-1
66.0,1572.0,0,-3.9,2.29,67,900.0,0.0,1
183.0,1617.5,-4,-5.4,0.44000000000000006,49,900.0,0.0,1
89.0,1475.5,0,2.5,4.45,99,900.0,0.0,1
-52.0,1572.0,-4,-4.3,0.21000000000000002,94,900.0,0.0,-1
38.0,1572.0,11,6.9,5.49,47,900.0,0.0,1
35.0,1695.5,-15,-15.0,0.0,132,900.0,0.0,-1
2.0,1676.0,0,-0.3,2.6100000000000003,97,2700.0,0.0,1
-181.0,1734.5,2,2.4,0.24,67,900.0,0.0,1
-357.0,1554.5,-10,-2.5,7.05,74,1200.0,0.0,-1
-40.0,1572.0,0,1.2,0.36,118,900.0,0.0,0
-195.0,1532.5,1,0.2,0.16000000000000003,42,900.0,0.0,-1
112.0,1165.0,23,13.4,48.64,135,900.0,0.0,1
-41.0,1655.5,11,1.2,12.360000000000003,59,900.0,0.0,1
-19.0,1695.5,-6,-5.2,5.5600000000000005,70,900.0,0.0,-1
-139.0,1493.5,0,0.0,0.0,81,900.0,0.0,1
-344.0,1795.0,-9,-7.4,10.84,92,900.0,0.0,-1
1.0,1720.5,1,0.6,0.8400000000000001,63,900.0,0.0,1
107.0,1972.5,-4,-4.0,0.0,102,2700.0,45.0,-1
129.0,1493.5,15,5.3,16.21,25,900.0,0.0,1
152.0,1717.0,7,-1.1,31.690000000000005,93,1200.0,5.0,1
439.0,1441.5,7,3.8,3.7600000000000002,35,900.0,0.0,1
-437.0,1441.5,-11,-2.4,8.44,68,900.0,0.0,-1
19.0,1695.5,-10,-4.5,9.05,129,900.0,0.0,0
-29.0,1629.5,0,-0.7,0.21000000000000002,53,900.0,0.0,1
-148.0,1671.0,0,-0.9,7.290000000000001,42,900.0,0.0,-1
-201.0,1555.5,-13,-12.7,0.21000000000000002,164,900.0,0.0,-1
205.0,1638.5,12,9.2,4.36,81,900.0,0.0,1
-68.0,1534.0,10,9.9,0.09,99,900.0,0.0,1
-62.0,1682.0,-5,-5.0,0.0,82,900.0,0.0,-1
-165.0,1654.5,-5,-5.0,0.0,56,900.0,0.0,-1
-78.0,1626.0,7,6.4,0.24,43,900.0,0.0,1
-227.0,1660.5,-16,-10.3,22.41,30,1200.0,20.0,-1
211.0,1458.5,-13,-10.4,3.04,82,900.0,10.0,-1
80.0,1526.0,-1,-0.4,1.44,65,900.0,0.0,1
-269.0,1461.5,12,3.9,7.289999999999999,65,900.0,10.0,1
48.0,1682.0,6,5.3,0.21000000000000002,61,900.0,0.0,1
64.0,1626.0,12,6.1,15.290000000000001,53,900.0,0.0,1
484.0,1827.0,1,0.9,0.09,73,1800.0,0.0,1
-298.0,1781.0,-3,-0.8,8.760000000000002,70,900.0,0.0,-1
29.0,1654.5,5,5.3,0.8099999999999999,100,900.0,0.0,1
-66.0,1682.0,4,4.9,7.290000000000001,55,900.0,0.0,1
-60.0,1529.0,-6,-3.8,2.56,52,900.0,0.0,-1
92.0,1507.0,1,1.0,0.0,63,900.0,0.0,1
427.0,1715.5,1,0.4,0.8400000000000001,29,900.0,0.0,1
7.0,1653.5,-10,-7.3,0.8099999999999999,82,900.0,0.0,-1
-30.0,1701.0,0,0.1,0.09,124,900.0,0.0,0
-474.0,1707.0,-1,-0.8,0.9599999999999997,23,900.0,0.0,1
-793.0,1672.5,-8,-7.8,4.16,56,1500.0,0.0,-1
91.0,1674.5,5,-2.7,21.41,47,900.0,0.0,1
-198.0,1944.0,4,1.1,5.49,45,900.0,0.0,1
11.0,1718.5,-8,-0.9,7.889999999999999,40,900.0,0.0,-1
5.0,1489.5,8,2.6,3.8400000000000007,37,900.0,0.0,1
452.0,1883.0,3,2.4,0.24,71,900.0,0.0,1
482.0,2221.0,2,0.4,1.64,35,900.0,5.0,1
-24.0,1413.0,-2,-1.9,0.09,94,900.0,0.0,-1
-480.0,2221.0,0,-0.3,0.8100000000000002,32,900.0,5.0,-1
112.0,1799.0,-9,-0.9,7.290000000000001,52,900.0,0.0,-1
478.0,2221.0,3,4.2,7.56,53,900.0,5.0,1
3.0,2050.5,-4,-0.3,4.21,74,900.0,0.0,-1
-79.0,1490.5,6,-0.5,10.65,117,900.0,0.0,1
-476.0,2221.0,-4,-4.0,0.0,160,900.0,5.0,-1
394.0,2163.0,-5,-4.4,0.24,87,900.0,0.0,-1
-30.0,1635.0,7,6.5,6.25,29,900.0,0.0,1
537.0,1720.5,20,13.9,16.09,107,900.0,0.0,1
591.0,2063.5,15,14.5,2.25,87,900.0,0.0,1
474.0,2221.0,13,4.4,8.440000000000001,37,900.0,5.0,1
-472.0,2221.0,-1,-1.6,8.64,64,900.0,5.0,-1
14.0,1635.0,7,4.5,5.65,89,900.0,0.0,1
145.0,1888.5,-1,-0.6,0.24000000000000005,91,900.0,15.0,1
-181.0,1530.5,0,-0.2,3.56,121,900.0,0.0,1
470.0,2221.0,4,5.3,2.6100000000000003,69,900.0,5.0,1
903.0,1683.5,12,3.2,12.360000000000003,37,900.0,0.0,1
44.0,1739.0,-1,-1.0,0.0,23,900.0,0.0,1
-468.0,2221.0,-3,-2.3,1.21,46,900.0,5.0,-1
-903.0,1683.5,0,0.0,0.0,14,900.0,0.0,-1
-107.0,1717.5,-1,-1.3,0.21000000000000002,65,900.0,0.0,1
466.0,2221.0,10,8.5,5.25,65,900.0,5.0,1
2.0,1635.0,-12,-8.0,16.0,122,900.0,0.0,-1
-464.0,2221.0,-2,-2.0,0.0,134,900.0,5.0,-1
32.0,1731.0,-1,-1.3,0.8100000000000002,60,900.0,0.0,-1
196.0,1766.0,8,5.8,8.16,75,900.0,0.0,1
93.0,1973.5,4,3.5,0.25,115,2700.0,45.0,1
-372.0,1921.0,-4,-5.4,2.84,76,900.0,0.0,-1
368.0,1921.0,4,2.0,1.8,81,900.0,0.0,1
903.0,1683.5,11,6.7,19.61,97,900.0,0.0,1
-16.0,1731.0,-3,0.0,2.4,46,900.0,0.0,-1
-364.0,1921.0,-14,-13.2,0.76,68,900.0,0.0,-1
462.0,2221.0,5,1.5,5.25,19,900.0,5.0,1
-476.0,2221.0,0,0.0,0.0,70,900.0,5.0,0
360.0,1921.0,6,0.8,19.360000000000003,45,900.0,0.0,1
-100.0,1986.0,0,0.0,0.0,107,900.0,7.0,0
-388.0,1921.0,3,2.1,0.09,119,900.0,0.0,1
119.0,1787.5,-1,-0.6,2.24,55,900.0,0.0,1
474.0,2221.0,0,0.3,0.8100000000000002,33,900.0,5.0,1
-107.0,1787.5,-2,-1.7,0.21000000000000002,114,900.0,0.0,-1
77.0,1705.5,-3,0.0,1.8,22,1200.0,0.0,-1
119.0,1919.5,-1,-1.0,0.0,117,900.0,0.0,1
758.0,2727.0,5,-3.1,9.49,83,1020.0,2.0,1
-135.0,1888.5,-4,0.2,2.7600000000000002,114,900.0,15.0,-1
327.0,1605.5,7,7.9,1.89,53,900.0,0.0,1
-156.0,1192.0,-12,-3.2,8.760000000000002,42,900.0,0.0,-1
95.0,1787.5,-2,-1.0,1.2,53,900.0,0.0,1
159.0,1614.5,3,3.0,0.0,93,900.0,0.0,1
-186.0,1539.0,-4,-6.1,1.29,46,900.0,0.0,-1
32.0,1717.0,0,-0.1,0.09,50,900.0,0.0,1
342.0,1691.0,2,1.1,0.09,49,900.0,0.0,1
-757.0,2726.5,2,1.7,0.8100000000000002,82,900.0,1.0,-1
16.0,1685.0,4,0.2,2.36,39,900.0,0.0,1
-16.0,1640.0,-4,0.5,2.25,122,900.0,0.0,-1
-400.0,1660.0,0,0.9,7.290000000000001,19,900.0,0.0,-1
0.0,1685.0,-9,-1.2,6.959999999999999,24,900.0,0.0,-1
756.0,2726.0,1,1.6,2.04,85,900.0,1.0,1
216.0,2009.0,5,1.3,4.21,65,900.0,0.0,0
-262.0,1635.0,-13,-11.5,1.05,88,900.0,0.0,-1
-279.0,1846.5,0,0.0,0.0,20,900.0,0.0,-1
0.0,1640.0,-6,-6.0,0.0,153,900.0,0.0,1
281.0,1257.5,40,34.9,42.49,69,900.0,0.0,1
-125.0,2049.5,-6,-3.6,4.04,66,900.0,0.0,-1
-755.0,2725.5,-9,-4.2,2.7600000000000002,124,900.0,1.0,-1
-275.0,1257.5,-20,-20.0,0.0,120,900.0,0.0,-1
108.0,2052.0,4,4.1,8.89,45,900.0,0.0,1
399.0,2157.5,17,16.5,0.25,109,900.0,0.0,1
-35.0,1708.5,0,-1.9,1.09,68,900.0,0.0,-1
269.0,1257.5,28,27.5,0.25,69,900.0,0.0,1
-295.0,1257.5,-2,-0.9,1.29,27,900.0,0.0,1
124.0,1889.0,3,0.3,0.8100000000000002,71,60.0,515.0,1
-117.0,1972.5,-1,-4.3,3.21,65,2700.0,45.0,1
-147.0,1888.5,4,2.3,4.8100000000000005,55,900.0,15.0,1
-141.0,1976.5,-1,-0.3,0.20999999999999996,68,900.0,0.0,-1
-7.0,1635.5,1,0.4,0.8400000000000001,99,900.0,0.0,1
609.0,1415.5,13,9.7,2.61,53,900.0,0.0,1
-168.0,1720.0,-11,-9.3,3.6100000000000003,80,900.0,0.0,-1
-9.0,1635.5,11,4.1,22.490000000000002,59,900.0,0.0,1
-7.0,1635.5,12,5.4,8.040000000000001,43,900.0,0.0,1
1003.0,2286.5,0,0.0,0.0,20,900.0,5.0,1
-29.0,1679.5,1,1.0,0.0,63,900.0,0.0,1
458.0,2587.0,5,1.9,7.090000000000001,75,900.0,0.0,1
42.0,1778.0,-1,-0.5,0.85,35,900.0,0.0,-1
-22.0,1776.0,-22,-14.2,7.159999999999999,96,900.0,0.0,-1
136.0,1889.0,-3,-1.4,0.8400000000000001,27,900.0,15.0,1
-125.0,1889.5,-9,-0.9,7.290000000000001,32,900.0,15.0,-1
651.0,2032.5,2,0.1,3.09,25,900.0,0.0,1
1.0,1773.5,9,9.0,0.0,131,900.0,0.0,1
-122.0,2069.0,-3,-1.3,1.0099999999999998,34,900.0,0.0,-1
144.0,2069.0,-5,-0.3,3.81,44,900.0,0.0,-1
-134.0,2069.0,-17,-11.7,15.01,80,900.0,0.0,-1
124.0,2069.0,11,4.5,7.65,79,900.0,0.0,1
112.0,1890.0,-1,-2.3,1.81,103,900.0,15.0,1
75.0,1489.5,-3,-0.3,0.8100000000000002,14,600.0,12.0,1
294.0,1836.0,0,-0.3,0.20999999999999996,33,900.0,0.0,1
-233.0,1555.5,0,-1.2,4.359999999999999,75,600.0,12.0,1
28.0,1605.0,11,6.0,10.8,129,900.0,0.0,1
-257.0,2226.5,-11,-4.0,6.4,58,900.0,0.0,-1
25.0,1442.5,-11,-8.8,2.3600000000000003,70,600.0,12.0,-1
351.0,1690.5,-1,-1.0,0.0,132,900.0,0.0,0
173.0,1545.5,8,8.8,0.16,85,900.0,0.0,1
282.0,1855.0,-9,-5.4,17.64,66,900.0,0.0,-1
-54.0,1604.0,3,3.0,0.0,91,900.0,0.0,1
-276.0,1855.0,-12,-12.2,2.7600000000000002,78,900.0,0.0,-1
-112.0,2069.0,-9,-3.0,5.4,34,900.0,0.0,-1
43.0,1660.5,10,7.8,3.3600000000000003,71,900.0,0.0,1
-61.0,1660.5,10,3.9,8.889999999999999,83,900.0,0.0,1
35.0,1815.5,5,3.5,8.25,59,1200.0,10.0,1
-19.0,1815.5,-3,-3.6,1.04,48,1200.0,10.0,-1
-64.0,1940.0,1,1.1,0.49000000000000005,58,900.0,0.0,-1
-251.0,2226.5,-9,-2.9,5.089999999999999,96,900.0,0.0,-1
3.0,1815.5,8,1.2,5.76,57,1200.0,10.0,1
84.0,1940.0,-10,-5.5,9.45,70,900.0,0.0,-1
-197.0,1545.5,11,9.6,3.2399999999999998,73,900.0,0.0,1
13.0,1815.5,-7,-5.0,4.8,36,1200.0,10.0,-1
100.0,2069.0,7,1.4,6.24,61,900.0,0.0,1
-88.0,2069.0,-8,-5.6,13.440000000000001,140,900.0,0.0,-1
76.0,2069.0,3,0.8,2.16,85,900.0,0.0,1
-3.0,1815.5,-1,-1.1,0.09,33,1200.0,10.0,1
404.0,2149.0,-6,-4.2,8.760000000000002,59,900.0,0.0,1
-96.0,2069.0,4,3.3,2.0100000000000002,153,900.0,0.0,1
-13.0,2349.5,0,0.0,0.0,167,900.0,0.0,1
225.0,1745.5,14,6.8,5.76,101,900.0,0.0,1
-251.0,1745.5,2,1.5,1.05,61,900.0,0.0,1
107.0,1876.5,11,6.8,3.1599999999999997,101,900.0,7.0,1
-165.0,1533.5,-7,-7.0,0.0,68,900.0,0.0,-1
118.0,2069.0,-6,-4.1,1.49,124,900.0,0.0,-1
-106.0,2069.0,-11,-5.1,18.29,68,900.0,0.0,-1
94.0,2069.0,11,3.9,12.489999999999998,59,900.0,0.0,1
-116.0,2069.0,-1,-0.1,3.29,133,900.0,0.0,1
-111.0,1876.5,0,1.0,0.2,142,900.0,7.0,0
-70.0,1781.0,0,-0.3,0.20999999999999996,123,1200.0,10.0,0
217.0,1547.5,-11,-7.7,10.41,108,900.0,0.0,-1
99.0,1876.5,9,2.8,18.56,97,900.0,7.0,1
90.0,1781.0,-2,0.8,5.359999999999999,64,1200.0,10.0,-1
104.0,2069.0,27,17.5,20.65,37,900.0,0.0,1
-92.0,2069.0,-8,-6.5,5.25,62,900.0,0.0,-1
-87.0,1876.5,-7,-7.1,0.09,98,900.0,7.0,-1
-246.0,1756.0,3,2.2,0.36,77,900.0,0.0,1
111.0,1677.5,-2,-1.9,0.09,55,900.0,0.0,1
-99.0,1677.5,-13,-9.8,5.159999999999999,48,900.0,0.0,-1
131.0,1755.5,0,-1.3,2.01,45,1200.0,10.0,1
87.0,1677.5,8,8.0,0.2,71,900.0,0.0,1
80.0,2069.0,10,2.7,6.01,77,900.0,0.0,1
-68.0,2069.0,-1,-1.1,0.09,88,900.0,0.0,-1
164.0,1703.0,-12,-6.4,13.440000000000001,112,900.0,0.0,-1
-77.0,1662.5,4,2.8,8.760000000000002,73,900.0,0.0,1
216.0,1709.0,7,6.0,1.6,51,900.0,0.0,1
51.0,1846.5,11,8.9,1.89,63,900.0,0.0,1
-41.0,1628.5,-11,-11.1,5.89,76,900.0,0.0,-1
-75.0,1564.5,-5,-3.2,1.56,46,900.0,0.0,-1
-188.0,1703.0,-4,-4.0,0.0,163,900.0,0.0,1
-33.0,1625.5,-14,-9.2,14.16,88,900.0,0.0,-1
51.0,1625.5,-9,-6.5,6.25,122,900.0,0.0,-1
54.0,2069.0,4,3.3,0.21000000000000002,77,900.0,0.0,1
-257.0,1740.5,-7,-1.7,3.81,44,900.0,0.0,-1
66.0,1873.0,2,0.9,0.89,73,1200.0,0.0,1
-40.0,2069.0,-12,-4.5,17.85,54,900.0,0.0,-1
26.0,2069.0,5,5.3,2.41,51,900.0,0.0,1
-10.0,2069.0,-5,-3.9,0.6900000000000001,54,900.0,0.0,-1
-71.0,1625.5,15,5.7,11.010000000000002,85,900.0,0.0,1
64.0,1601.0,-14,-7.3,19.21,92,900.0,0.0,-1
283.0,1740.5,-7,-7.0,0.0,156,900.0,0.0,-1
185.0,1699.5,8,8.0,0.0,67,900.0,0.0,1
-164.0,1503.0,-4,-2.5,0.65,86,900.0,0.0,-1
76.0,1677.0,-1,-2.0,0.6,49,900.0,0.0,1
-62.0,1677.0,-17,-6.6,33.44,88,900.0,0.0,-1
48.0,1677.0,12,6.2,25.16,59,900.0,0.0,1
-29.0,1682.5,-5,-4.7,0.8099999999999999,78,900.0,0.0,-1
52.0,1873.0,9,6.6,13.440000000000001,147,1200.0,0.0,1
-191.0,1636.5,6,3.1,6.890000000000001,145,900.0,0.0,1
28.0,2069.0,-8,-2.3,14.61,46,900.0,0.0,-1
-12.0,2069.0,0,-0.3,5.21,172,900.0,0.0,-1
550.0,2182.0,1,1.4,2.4399999999999995,85,900.0,0.0,1
30.0,2069.0,0,0.6,0.24000000000000005,34,900.0,0.0,-1
-271.0,1249.5,-2,-1.4,0.44000000000000006,34,900.0,0.0,-1
183.0,1636.5,9,1.1,7.49,43,900.0,0.0,1
-5.0,1650.5,-6,-1.2,3.3600000000000003,54,900.0,0.0,-1
-125.0,1787.5,0,0.1,0.09,76,900.0,0.0,0
-106.0,1588.0,2,5.1,8.49,111,900.0,0.0,1
-548.0,2182.0,-3,-2.9,0.09,98,900.0,0.0,-1
113.0,1787.5,4,3.7,0.8099999999999999,23,900.0,0.0,1
161.0,1583.5,-14,-6.8,5.76,152,900.0,0.0,-1
-852.0,1658.0,-17,-9.1,9.69,42,900.0,0.0,-1
852.0,1658.0,10,6.6,7.040000000000001,87,900.0,0.0,1
-64.0,1512.0,5,5.5,2.25,99,900.0,0.0,1
-185.0,1583.5,16,8.8,5.76,105,900.0,0.0,1
21.0,1715.5,20,18.5,6.45,99,900.0,0.0,1
-236.0,2222.0,-10,-2.2,27.359999999999996,96,900.0,0.0,-1
84.0,1849.0,-8,-8.7,9.010000000000002,72,900.0,0.0,-1
472.0,2219.0,2,2.0,0.0,77,900.0,5.0,1
177.0,1583.5,5,1.2,2.7600000000000002,55,900.0,0.0,1
-59.0,1564.5,1,1.0,0.0,73,900.0,0.0,1
-14.0,2069.0,-6,-5.0,0.2,70,900.0,0.0,-1
-47.0,1616.5,1,2.0,0.6,42,1200.0,5.0,-1
-470.0,2219.0,-2,-2.9,1.89,46,900.0,5.0,-1
-72.0,1849.0,0,-0.2,0.96,34,900.0,0.0,-1
-39.0,1715.5,0,-0.1,0.09,77,900.0,0.0,1
468.0,2219.0,5,4.3,0.21000000000000002,89,900.0,5.0,1
45.0,1564.5,-4,-0.6,3.44,31,900.0,0.0,1
-201.0,1724.5,8,5.7,2.6100000000000003,65,1200.0,5.0,1
-31.0,1564.5,-2,-0.7,1.01,36,900.0,0.0,-1
108.0,2120.0,-1,-1.0,0.0,254,900.0,0.0,-1
27.0,2083.5,-2,0.0,0.6,14,900.0,0.0,1
41.0,1871.5,10,2.6,6.44,101,1200.0,0.0,1
-466.0,2219.0,-4,-4.1,13.09,56,900.0,5.0,-1
49.0,1694.5,-1,-0.8,0.16,83,900.0,0.0,1
49.0,1564.5,0,-0.8,0.16,52,900.0,0.0,-1
192.0,1725.0,18,15.8,1.56,49,1200.0,5.0,1
464.0,2219.0,5,5.2,0.36,71,900.0,5.0,1
-69.0,1694.5,3,0.6,1.44,27,900.0,0.0,1
-23.0,2068.5,10,5.1,20.490000000000002,85,900.0,0.0,1
55.0,1694.5,7,6.5,0.85,55,900.0,0.0,1
43.0,2069.5,-10,-1.9,7.890000000000001,70,900.0,0.0,-1
-63.0,2070.5,0,0.0,0.0,95,900.0,0.0,1
-462.0,2219.0,-5,-2.1,4.29,54,900.0,5.0,-1
85.0,2071.5,-8,-1.9,7.090000000000001,56,900.0,0.0,-1
-71.0,2070.5,-5,-4.2,0.36,94,900.0,0.0,-1
27.0,1871.5,10,3.6,4.640000000000001,101,1200.0,0.0,1
74.0,1583.0,16,15.6,0.43999999999999995,121,900.0,0.0,1
94.0,2072.0,-12,-1.8,15.559999999999999,70,900.0,0.0,-1
460.0,2219.0,3,0.8,10.559999999999999,33,900.0,5.0,1
-458.0,2219.0,-5,-2.4,1.64,48,900.0,5.0,-1
-23.0,1693.5,15,9.4,13.440000000000001,133,900.0,0.0,1
-196.0,1904.0,7,3.1,5.89,65,900.0,0.0,1
-139.0,1604.5,4,1.3,0.8100000000000002,39,900.0,0.0,1
70.0,1576.0,10,10.0,0.0,113,900.0,0.0,1
179.0,1746.5,10,3.9,18.089999999999996,65,900.0,0.0,1
15.0,1679.5,0,0.0,0.0,294,900.0,0.0,0
11.0,1871.5,-4,-1.8,3.7600000000000002,43,1200.0,0.0,1
134.0,1469.0,10,8.4,1.44,39,900.0,0.0,1
-33.0,1679.5,13,7.4,13.440000000000001,127,900.0,0.0,1
41.0,1693.5,2,1.3,0.41,118,900.0,0.0,-1
-80.0,2071.0,-11,-0.7,32.410000000000004,72,900.0,0.0,-1
17.0,1679.5,5,3.5,1.05,129,900.0,0.0,1
-124.0,1469.0,-12,-11.5,0.25,92,900.0,0.0,-1
64.0,2070.0,-5,-2.3,8.010000000000002,57,900.0,0.0,1
-88.0,2072.0,0,0.4,0.24000000000000005,75,900.0,0.0,1
-35.0,1679.5,8,3.5,2.25,117,900.0,0.0,1
-5.0,1871.5,4,3.4,0.8400000000000001,73,1200.0,0.0,1
19.0,1679.5,10,6.2,18.96,85,900.0,0.0,1
-37.0,1679.5,12,1.9,14.089999999999998,161,900.0,0.0,1
-6.0,1662.0,3,2.3,0.21000000000000002,69,900.0,0.0,1
-16.0,2348.0,5,4.9,0.09,73,900.0,0.0,0
21.0,1679.5,12,6.4,13.440000000000001,193,900.0,0.0,1
41.0,2108.5,-1,-2.0,2.0,36,900.0,0.0,-1
156.0,2103.0,0,0.0,0.0,123,900.0,0.0,0
-39.0,1679.5,10,2.5,6.45,97,900.0,0.0,1
-268.0,1652.0,9,8.0,7.2,151,900.0,0.0,1
-546.0,2066.0,-10,-9.6,9.239999999999998,58,900.0,0.0,-1
-21.0,1871.5,12,7.3,15.01,45,1200.0,0.0,1
-195.0,2110.5,4,4.2,0.15999999999999998,185,900.0,0.0,1
285.0,1259.5,25,23.4,8.04,45,900.0,0.0,1
-279.0,1259.5,-4,-3.1,2.4899999999999998,66,900.0,0.0,-1
-55.0,1916.5,-3,-5.5,2.05,86,1500.0,10.0,-1
538.0,1977.0,4,4.0,0.0,61,900.0,0.0,1
137.0,1591.5,2,1.7,0.21000000000000002,107,900.0,0.0,1
273.0,1259.5,25,23.4,8.04,45,900.0,0.0,1
-267.0,1259.5,-17,-15.5,0.65,54,900.0,0.0,-1
203.0,1765.5,6,5.2,3.16,91,900.0,0.0,1
-155.0,1865.5,-12,-6.7,4.41,62,900.0,0.0,-1
-195.0,1765.5,-6,-6.0,0.0,202,900.0,0.0,-1
144.0,2074.0,0,0.3,0.8100000000000002,24,900.0,0.0,-1
-12.0,1875.0,-2,-3.3,1.21,126,1200.0,0.0,-1
538.0,2178.0,16,6.7,18.410000000000004,133,900.0,0.0,1
-536.0,1977.0,-1,-0.1,1.2900000000000003,31,900.0,0.0,-1
-175.0,2077.5,4,4.0,0.0,59,900.0,0.0,1
-206.0,1775.0,-5,-1.8,3.3600000000000003,134,900.0,0.0,-1
163.0,2076.5,-6,-7.0,1.8,57,900.0,0.0,1
30.0,1529.0,-9,-3.3,5.61,70,900.0,0.0,-1
-10.0,1647.0,-9,-6.3,0.8099999999999999,68,900.0,0.0,-1
14.0,1529.0,16,11.1,3.0900000000000003,81,900.0,0.0,1
36.0,1763.0,10,5.9,4.09,57,900.0,0.0,1
-102.0,1752.0,14,10.6,15.24,87,900.0,0.0,1
-32.0,1529.0,9,0.4,8.44,33,900.0,0.0,1
4.0,1875.0,-14,-13.7,0.21000000000000002,120,1200.0,0.0,-1
-20.0,1763.0,-1,-1.0,0.0,80,600.0,10.0,-1
16.0,1529.0,5,5.0,0.0,117,900.0,0.0,1
-150.0,2075.0,-9,-0.4,8.44,50,900.0,0.0,-1
-292.0,1519.0,-12,-5.5,12.45,104,900.0,0.0,-1
136.0,2073.0,4,3.1,0.09,159,900.0,0.0,1
-34.0,1529.0,2,2.0,0.0,85,900.0,0.0,1
286.0,1519.0,5,2.3,0.8099999999999999,71,900.0,0.0,1
90.0,1752.0,0,-0.8,0.36,41,900.0,0.0,1
84.0,1821.0,11,1.6,11.84,39,600.0,10.0,1
-280.0,1519.0,-10,-1.2,8.760000000000002,52,900.0,0.0,-1
274.0,1519.0,3,-0.3,6.21,31,900.0,0.0,1
122.0,1185.0,14,13.0,0.4,102,900.0,0.0,0
122.0,1606.0,-12,-7.2,2.7600000000000002,82,900.0,0.0,-1
-12.0,1875.0,6,5.8,0.96,73,1200.0,0.0,1
-104.0,1609.0,-7,-1.6,3.6400000000000006,38,900.0,0.0,-1
-17.0,1859.5,-3,-3.4,2.04,73,900.0,0.0,1
-58.0,1681.0,4,-0.1,4.49,49,900.0,0.0,1
4.0,1875.0,-5,-5.0,0.0,82,1200.0,0.0,-1
-306.0,1584.0,-7,-2.8,3.96,48,900.0,0.0,-1
-77.0,1702.5,-1,-0.5,0.25,18,900.0,0.0,-1
67.0,1624.5,23,18.7,18.61,71,900.0,0.0,1
64.0,1507.0,3,2.5,2.25,70,900.0,0.0,1
65.0,1896.5,-3,-2.0,3.8,62,900.0,7.0,-1
200.0,1535.0,6,6.5,2.25,93,900.0,0.0,1
-50.0,1507.0,-6,-3.9,1.89,56,900.0,0.0,-1
-145.0,1790.5,-5,-4.9,0.09,74,900.0,0.0,-1
-51.0,1896.5,-5,-4.7,0.21000000000000002,86,900.0,7.0,-1
20.0,1654.0,0,1.1,1.89,45,900.0,0.0,-1
174.0,1584.0,3,3.5,0.25,116,2700.0,0.0,1
10.0,1647.0,-5,-5.3,0.8099999999999999,54,900.0,0.0,-1
-60.0,1414.0,-2,-1.4,1.04,21,900.0,0.0,1
-137.0,2057.5,10,4.4,13.440000000000001,99,900.0,0.0,1
37.0,1896.5,9,2.6,5.040000000000001,73,900.0,7.0,1
127.0,2057.5,0,0.0,1.2,47,900.0,0.0,1
-71.0,1714.5,1,1.0,0.0,105,900.0,0.0,1
-117.0,2057.5,0,-0.1,0.09,120,900.0,0.0,-1
-17.0,1877.5,4,3.7,0.21000000000000002,79,1200.0,0.0,1
105.0,2057.5,-1,-3.1,1.89,109,900.0,0.0,1
80.0,1414.0,-4,-1.4,2.4400000000000004,18,900.0,0.0,-1
-56.0,1687.0,-1,-0.6,0.8400000000000001,76,900.0,0.0,-1
-93.0,2057.5,-9,-0.9,7.290000000000001,30,900.0,0.0,-1
81.0,2057.5,0,0.3,0.8100000000000002,29,900.0,0.0,1
-85.0,2057.5,0,-0.1,0.09,93,900.0,0.0,0
73.0,2057.5,-1,-0.2,0.56,23,900.0,0.0,1
-77.0,2057.5,1,1.0,0.0,84,900.0,0.0,0
63.0,2057.5,5,0.2,3.3600000000000003,59,900.0,0.0,1
42.0,1687.0,5,5.0,0.0,103,900.0,0.0,1
-155.0,1832.5,-13,-8.4,9.84,62,900.0,0.0,-1
-83.0,2057.5,9,4.0,10.8,101,900.0,0.0,1
93.0,1994.5,-2,-1.3,0.61,84,2700.0,45.0,-1
71.0,2057.5,1,0.4,0.24000000000000005,35,900.0,0.0,1
-427.0,1437.5,-3,-2.0,0.2,72,900.0,0.0,-1
-91.0,2057.5,8,2.6,12.640000000000002,115,900.0,0.0,1
79.0,2057.5,3,2.9,1.29,51,900.0,0.0,1
222.0,1698.0,-9,-9.0,0.0,198,900.0,0.0,-1
-99.0,2057.5,3,2.4,0.44000000000000006,113,900.0,0.0,1
87.0,2057.5,2,1.6,7.24,53,900.0,0.0,1
163.0,1780.5,2,2.0,0.2,107,900.0,0.0,1
-52.0,1675.0,-11,-10.9,0.09,74,900.0,0.0,-1
536.0,2178.0,2,1.2,6.36,41,900.0,0.0,1
-107.0,2057.5,9,3.3,14.01,109,900.0,0.0,1
-69.0,1714.5,1,-0.2,2.1599999999999997,30,900.0,0.0,-1
-581.0,1618.5,-15,-12.8,4.76,48,900.0,7.0,-1
7.0,1978.5,-3,-2.1,0.29,93,900.0,0.0,1
95.0,2057.5,0,0.3,0.8100000000000002,23,900.0,0.0,1
-117.0,2057.5,1,1.0,2.0,123,900.0,0.0,1
-211.0,1548.5,-12,-11.7,0.8099999999999999,110,900.0,0.0,-1
232.0,1790.0,5,4.2,3.96,65,2700.0,0.0,1
105.0,2057.5,4,1.5,1.45,37,900.0,0.0,1
350.0,1828.0,1,0.5,0.25,83,900.0,0.0,1
-363.0,1862.5,0,0.4,2.24,84,1500.0,0.0,-1
231.0,1630.5,2,2.3,0.61,39,900.0,0.0,1
-93.0,2057.5,-9,-0.9,7.290000000000001,30,900.0,0.0,-1
136.0,1707.0,-5,-4.1,3.69,19,1260.0,21.0,-1
81.0,2057.5,1,-0.1,1.09,33,900.0,0.0,1
-101.0,2057.5,10,5.0,10.8,143,900.0,0.0,1
-19.0,1683.5,-1,-1.1,0.09,104,900.0,0.0,-1
-319.0,1732.5,7,2.6,3.2400000000000007,81,900.0,0.0,1
-550.0,2178.0,1,1.0,0.0,107,900.0,0.0,0
-225.0,1630.5,-4,-4.0,0.0,108,900.0,0.0,-1
89.0,2057.5,0,0.8,0.16,31,900.0,0.0,1
528.0,2074.0,15,15.7,5.21,65,900.0,0.0,1
-77.0,2057.5,-9,-0.9,7.290000000000001,30,900.0,0.0,-1
63.0,2057.5,2,-1.0,5.4,145,900.0,0.0,1
22.0,1654.0,2,0.6,0.6399999999999999,44,900.0,0.0,-1
-83.0,2057.5,10,1.9,7.289999999999999,91,900.0,0.0,1
-7.0,1978.5,0,0.3,0.8100000000000002,84,900.0,0.0,0
92.0,1691.0,8,3.3,19.410000000000004,47,900.0,0.0,1
71.0,2057.5,0,-0.5,0.25,73,900.0,0.0,1
3.0,1683.5,5,3.6,0.44000000000000006,73,900.0,0.0,1
35.0,1450.5,2,2.5,2.25,89,900.0,0.0,1
-91.0,2057.5,3,3.0,0.2,121,900.0,0.0,1
-19.0,1683.5,2,0.7,0.41,59,900.0,0.0,1
79.0,2057.5,1,0.7,0.21000000000000002,135,900.0,0.0,1
-88.0,1174.0,-22,-17.5,2.25,134,900.0,0.0,-1
109.0,1797.5,5,5.1,0.09,93,900.0,0.0,1
214.0,1679.0,19,17.5,6.45,75,900.0,5.0,1
92.0,1174.0,22,18.4,19.240000000000002,113,900.0,0.0,0
11.0,1988.5,2,0.6,1.8400000000000003,57,900.0,0.0,1
37.0,1683.5,-4,-0.2,3.96,94,900.0,0.0,-1
669.0,1708.5,10,9.7,0.8099999999999999,61,1500.0,0.0,1
-99.0,2057.5,6,2.8,8.959999999999999,71,900.0,0.0,1
87.0,2057.5,7,2.4,3.6399999999999997,45,900.0,0.0,1
208.0,1535.0,2,2.4,0.24,105,900.0,0.0,1
-107.0,2057.5,3,2.1,0.09,117,900.0,0.0,1
296.0,1566.0,-10,-9.7,0.8099999999999999,32,900.0,0.0,-1
95.0,2057.5,4,1.1,8.49,33,900.0,0.0,1
-84.0,1946.0,-2,-0.6,0.43999999999999995,54,900.0,0.0,-1
-99.0,1456.5,0,0.1,0.09,37,900.0,0.0,1
-83.0,2057.5,-4,0.5,2.25,62,900.0,0.0,-1
-55.0,1683.5,9,0.9,7.290000000000001,39,900.0,0.0,1
103.0,2057.5,-11,-0.9,15.89,62,900.0,0.0,-1
75.0,1699.5,8,4.3,3.6100000000000003,53,900.0,0.0,1
-125.0,2057.5,11,3.7,6.01,119,900.0,0.0,1
113.0,2057.5,9,1.2,7.56,29,900.0,0.0,1
-135.0,2057.5,9,3.4,13.439999999999998,119,900.0,0.0,1
-63.0,1692.5,-7,-6.1,1.89,44,900.0,0.0,-1
125.0,2057.5,1,0.2,2.7600000000000002,57,900.0,0.0,1
-61.0,1699.5,-6,-4.6,3.2399999999999998,60,900.0,0.0,-1
-115.0,2057.5,-4,-0.8,3.7600000000000007,54,900.0,0.0,-1
103.0,2057.5,0,0.3,0.20999999999999996,103,900.0,0.0,1
-6.0,1664.0,6,1.4,10.639999999999999,167,900.0,0.0,1
447.0,1667.5,15,17.9,7.6899999999999995,83,900.0,0.0,1
-125.0,2057.5,10,4.4,13.440000000000001,115,900.0,0.0,1
-463.0,2220.5,-1,-1.0,0.0,52,900.0,5.0,-1
115.0,2057.5,0,0.3,0.8100000000000002,23,900.0,0.0,1
-121.0,2057.5,0,0.0,0.0,113,900.0,0.0,0
461.0,2220.5,3,0.4,0.8400000000000001,75,900.0,5.0,1
127.0,2057.5,3,3.0,0.0,82,900.0,0.0,0
-43.0,1560.5,3,1.7,1.21,46,900.0,0.0,-1
-117.0,2057.5,1,1.0,0.0,134,900.0,0.0,-1
715.0,1888.5,8,6.7,38.010000000000005,29,1980.0,33.0,1
-445.0,1667.5,-5,-5.0,0.0,84,900.0,0.0,-1
105.0,2057.5,0,0.0,0.0,51,900.0,0.0,1
-213.0,1809.5,8,4.2,17.160000000000004,19,900.0,0.0,1
-93.0,2057.5,-1,-0.6,0.8400000000000001,102,900.0,0.0,-1
81.0,2057.5,1,0.5,0.85,33,900.0,0.0,1
-459.0,2220.5,-4,-2.9,0.6900000000000001,78,900.0,5.0,-1
-101.0,2057.5,4,2.7,0.61,93,900.0,0.0,1
114.0,1978.0,1,1.7,0.21000000000000002,99,2700.0,45.0,1
584.0,2538.0,-1,-0.6,0.64,43,900.0,1.0,1
89.0,2057.5,1,0.9,0.09,59,900.0,0.0,1
-77.0,2057.5,-6,-5.2,0.15999999999999998,110,900.0,0.0,-1
0.0,1653.0,-1,-1.0,0.0,39,900.0,0.0,1
-251.0,1573.5,-21,-18.6,12.24,84,900.0,0.0,-1
30.0,1938.0,1,1.3,2.6100000000000003,68,900.0,10.0,1
17.0,1710.5,0,0.0,0.0,48,900.0,0.0,-1
24.0,2044.0,-2,-2.0,0.0,136,900.0,0.0,-1
2.0,2347.0,6,4.7,0.61,100,900.0,0.0,1
-495.0,2201.5,-5,-4.0,0.2,90,900.0,10.0,-1
-11.0,1650.5,1,-7.1,7.290000000000001,115,900.0,0.0,1
-143.0,1979.5,-1,-1.1,0.09,84,900.0,0.0,-1
493.0,2201.5,17,12.5,20.85,119,900.0,10.0,1
155.0,1968.5,9,1.8,5.76,163,900.0,0.0,1
163.0,1534.5,14,11.6,13.440000000000001,79,900.0,0.0,1
-16.0,1675.0,0,0.4,2.24,124,1800.0,30.0,0
-375.0,1620.5,-10,-6.9,1.49,52,900.0,0.0,-1
316.0,1878.0,9,4.1,16.89,83,1500.0,0.0,1
-394.0,2147.0,-15,-12.5,6.25,98,900.0,0.0,-1
88.0,2296.0,-3,-5.4,1.44,29,900.0,0.0,1
-5.0,1650.5,-1,-0.9,0.09,99,900.0,0.0,1
-389.0,1848.5,-26,-25.0,2.4,60,900.0,0.0,-1
371.0,1620.5,18,10.9,22.09,45,900.0,0.0,1
-65.0,1679.5,-4,-2.7,3.81,110,900.0,0.0,-1
319.0,1879.5,29,29.0,0.0,73,900.0,0.0,1
21.0,1650.5,-12,-6.7,14.01,74,900.0,0.0,-1
-188.0,2350.0,-6,-4.5,2.05,66,900.0,5.0,-1
240.0,1251.0,14,9.9,16.89,77,900.0,0.0,1
51.0,1679.5,4,-0.5,11.25,38,900.0,0.0,1
154.0,1781.0,9,1.6,7.44,35,900.0,0.0,1
-23.0,1686.5,-5,-5.1,0.09,94,900.0,0.0,-1
-266.0,1251.0,3,2.7,0.8099999999999999,55,900.0,0.0,1
-234.0,1557.0,8,8.0,1.8,57,900.0,0.0,1
97.0,1736.5,-4,-4.8,0.15999999999999998,84,900.0,0.0,-1
-123.0,1791.5,2,3.0,2.4,56,900.0,0.0,-1
393.0,2145.5,11,3.4,25.839999999999996,47,900.0,0.0,1
-70.0,1729.0,-3,-0.9,1.09,68,900.0,0.0,-1
-495.0,1802.5,-4,-3.9,0.09,81,2700.0,45.0,1
57.0,1666.5,0,0.0,0.0,152,900.0,0.0,0
-472.0,2579.0,-3,-2.5,2.25,95,900.0,0.0,-1
-43.0,1666.5,-7,-5.3,8.010000000000002,58,900.0,0.0,-1
37.0,1678.5,1,0.5,2.25,49,900.0,0.0,1
-221.0,1458.5,-6,-2.3,1.81,46,300.0,15.0,-1
59.0,1651.5,7,2.3,4.41,59,900.0,0.0,1
-47.0,1659.5,9,5.7,14.01,85,900.0,0.0,1
-683.0,1754.5,-3,-1.7,1.01,58,900.0,0.0,-1
244.0,1781.0,-8,-4.8,19.96,52,900.0,0.0,-1
903.0,1891.5,10,7.4,3.04,43,900.0,0.0,1
-270.0,1781.0,1,0.0,0.6,39,900.0,0.0,1
264.0,1781.0,5,4.3,0.21000000000000002,91,900.0,0.0,1
-12.0,1695.0,2,2.5,0.25,101,900.0,0.0,1
270.0,1855.0,3,2.5,1.65,43,900.0,0.0,1
163.0,1727.5,0,0.0,0.0,86,900.0,0.0,0
-264.0,1855.0,-10,-6.4,1.44,132,900.0,0.0,-1
-261.0,1779.5,-8,-7.3,0.8099999999999999,70,900.0,0.0,-1
-171.0,2076.5,15,4.0,18.6,55,900.0,0.0,1
157.0,2074.5,8,2.1,13.09,69,900.0,0.0,1
209.0,1775.5,0,0.7,0.21000000000000002,58,900.0,0.0,-1
258.0,1855.0,9,4.3,17.61,89,900.0,0.0,1
-142.0,2072.0,0,0.6,0.24000000000000005,34,900.0,0.0,-1
178.0,2078.0,-4,-1.9,7.890000000000001,50,900.0,0.0,-1
-225.0,1555.5,-24,-21.5,13.05,110,900.0,0.0,-1
-532.0,2076.0,-14,-13.3,6.81,60,900.0,0.0,-1
-179.0,1195.5,-18,-17.4,0.24,43,900.0,0.0,1
-471.0,2578.5,-5,-1.2,7.360000000000001,71,900.0,0.0,-1
-164.0,2076.0,-9,-0.6,10.040000000000001,50,900.0,0.0,-1
-252.0,1855.0,-9,-8.9,1.09,70,900.0,0.0,-1
161.0,1582.5,3,2.2,0.76,95,900.0,0.0,1
246.0,1855.0,11,9.3,1.41,123,900.0,0.0,1
148.0,2073.0,6,-0.2,13.560000000000002,55,900.0,0.0,1
-107.0,2299.5,5,4.6,0.24,90,900.0,0.0,1
-240.0,1855.0,-13,-14.7,4.41,110,900.0,0.0,-1
-235.0,1759.5,-8,-8.0,0.0,190,900.0,0.0,-1
229.0,1759.5,9,7.6,0.44000000000000006,133,900.0,0.0,1
-221.0,1759.5,-4,-3.6,0.44000000000000006,60,900.0,0.0,-1
213.0,1759.5,8,7.7,0.21000000000000002,103,900.0,0.0,1
-205.0,1759.5,-8,-7.3,0.21000000000000002,76,900.0,0.0,-1
197.0,1759.5,14,6.8,5.76,89,900.0,0.0,1
-189.0,1759.5,-6,-6.9,7.290000000000001,124,900.0,0.0,-1
-58.0,1604.0,-3,0.1,1.49,146,900.0,0.0,0
458.0,2583.0,3,2.1,3.09,70,900.0,0.0,1
-256.0,2537.0,-12,-11.3,0.21000000000000002,140,900.0,0.0,-1
268.0,1806.0,4,1.3,0.8100000000000002,53,900.0,0.0,1
-262.0,1806.0,-7,-2.3,3.21,48,900.0,0.0,-1
181.0,1759.5,17,7.3,12.809999999999999,107,900.0,0.0,1
256.0,1806.0,4,4.1,0.09,73,900.0,0.0,1
-63.0,1691.5,4,4.2,0.15999999999999998,73,900.0,0.0,1
-25.0,1666.5,6,1.0,3.0,97,900.0,10.0,1
83.0,1691.5,-3,2.7,4.61,48,900.0,0.0,-1
-250.0,1806.0,0,0.0,0.0,74,900.0,0.0,-1
-6.0,1645.0,0,0.0,0.0,19,900.0,0.0,1
-10.0,1645.0,11,8.1,6.890000000000001,107,900.0,0.0,1
-6.0,1645.0,6,-0.8,5.359999999999999,127,900.0,0.0,1
-402.0,2152.0,-9,-3.7,15.810000000000002,82,900.0,0.0,-1
-87.0,1722.5,0,-0.1,0.09,142,900.0,0.0,0
-10.0,1645.0,5,5.0,0.0,189,900.0,0.0,1
329.0,1832.5,1,1.8,2.7600000000000002,59,900.0,0.0,1
143.0,1573.5,3,-0.8,5.76,47,900.0,0.0,1
-260.0,1562.0,-5,-3.2,2.16,103,900.0,0.0,1
63.0,1727.5,0,-1.0,2.0,55,900.0,0.0,1
-229.0,1690.5,-11,-7.8,12.959999999999999,100,900.0,0.0,-1
-133.0,2068.5,-4,-3.3,0.21000000000000002,106,900.0,0.0,-1
-119.0,1756.5,-3,-1.4,12.440000000000001,100,900.0,0.0,-1
33.0,1688.5,-4,-0.3,8.610000000000001,30,900.0,0.0,-1
-214.0,1543.0,-10,-3.2,19.96,70,900.0,0.0,-1
55.0,1610.5,19,15.6,6.840000000000001,115,900.0,0.0,1
-323.0,1746.5,-12,-9.4,4.4399999999999995,98,900.0,0.0,-1
204.0,1744.0,9,6.1,6.890000000000001,117,900.0,0.0,1
-229.0,1807.5,-15,-5.6,12.040000000000001,64,900.0,10.0,-1
-196.0,1744.0,-7,-6.3,0.21000000000000002,178,900.0,0.0,-1
-68.0,1672.0,4,2.5,6.45,127,900.0,0.0,1
28.0,1645.0,-17,-7.2,16.76,96,900.0,0.0,-1
188.0,1744.0,13,7.4,13.440000000000001,117,900.0,0.0,1
-212.0,1744.0,11,4.0,7.8,37,900.0,0.0,1
-21.0,2106.5,-5,-5.0,0.0,104,900.0,0.0,-1
470.0,1672.0,8,8.2,1.7599999999999998,107,900.0,0.0,1
9.0,1634.5,-5,-5.5,2.25,102,900.0,0.0,-1
-232.0,1825.0,-6,-3.4,5.840000000000001,42,900.0,0.0,-1
7.0,1634.5,-8,-8.0,0.0,136,900.0,0.0,-1
53.0,2113.5,-3,-3.0,0.6,64,900.0,0.0,-1
60.0,1746.0,3,2.8,0.36,109,900.0,0.0,1
9.0,1634.5,-2,-2.0,0.0,90,900.0,0.0,-1
-496.0,1753.0,-4,-2.1,0.49000000000000005,78,900.0,0.0,-1
7.0,1634.5,-13,-5.7,6.01,138,900.0,0.0,-1
492.0,1754.0,1,0.6,2.4399999999999995,65,900.0,0.0,1
-488.0,1755.0,-5,-0.5,7.65,36,900.0,0.0,-1
-25.0,1634.5,9,9.1,0.09,123,900.0,0.0,1
-248.0,1548.0,8,3.5,9.45,45,900.0,0.0,1
220.0,1793.0,11,7.3,6.609999999999999,46,900.0,10.0,1
-110.0,1744.0,-10,-1.9,7.289999999999999,30,1500.0,0.0,-1
102.0,1862.0,-11,-9.1,4.49,54,900.0,0.0,-1
-184.0,1526.0,-5,-5.1,0.09,78,600.0,12.0,-1
-74.0,1690.0,-16,-8.8,5.76,124,900.0,0.0,-1
122.0,2065.0,6,2.2,6.959999999999999,71,900.0,0.0,1
176.0,1526.0,9,0.9,7.290000000000001,53,600.0,12.0,1
-168.0,1526.0,-8,-8.6,2.2399999999999998,112,600.0,12.0,-1
80.0,1770.0,0,0.0,0.0,15,1200.0,10.0,1
-33.0,1712.5,-7,-5.8,8.959999999999999,118,900.0,10.0,-1
158.0,1526.0,7,9.4,6.840000000000001,89,600.0,12.0,1
-37.0,1878.5,6,5.8,0.15999999999999998,116,1200.0,0.0,1
61.0,1884.5,5,-0.7,4.41,53,900.0,7.0,-1
-100.0,2060.0,-2,-1.2,0.36,46,900.0,0.0,-1
-100.0,2294.0,3,3.1,0.09,88,900.0,0.0,0
145.0,2071.5,-12,-1.8,11.76,156,900.0,0.0,-1
75.0,1628.5,21,17.0,16.0,101,900.0,0.0,1
-234.0,1695.0,14,3.4,18.04,85,900.0,0.0,1
74.0,2201.0,5,3.9,2.4899999999999998,155,900.0,0.0,1
-21.0,1878.5,-20,-12.0,38.4,124,1200.0,0.0,-1
69.0,1677.5,-9,-3.5,4.45,58,900.0,0.0,-1
9.0,1771.5,6,2.8,7.76,65,900.0,0.0,1
105.0,1708.5,2,1.0,0.2,75,900.0,0.0,1
-143.0,2075.5,-10,-2.8,5.76,104,900.0,0.0,-1
159.0,2080.5,1,1.1,0.09,86,900.0,0.0,0
-30.0,1736.0,-18,-17.7,0.21000000000000002,100,900.0,0.0,-1
8.0,1601.0,4,4.2,1.56,84,1800.0,0.0,-1
16.0,1852.0,-1,-0.8,3.3600000000000003,63,1200.0,0.0,1
456.0,2582.0,4,2.7,1.41,72,900.0,0.0,1
769.0,1616.5,9,8.1,1.89,55,900.0,0.0,1
-96.0,1589.0,0,-1.6,0.8400000000000001,66,900.0,0.0,-1
14.0,1736.0,13,4.9,9.09,69,900.0,0.0,1
84.0,1589.0,11,10.8,0.16,135,900.0,0.0,1
-72.0,1589.0,-2,-2.0,0.0,88,900.0,0.0,-1
-26.0,1601.0,11,4.3,12.809999999999999,55,1800.0,0.0,1
1.0,1696.5,0,0.0,0.0,67,900.0,10.0,0
58.0,1589.0,10,3.3,6.609999999999999,81,900.0,0.0,1
-78.0,1589.0,7,6.7,0.8099999999999999,63,900.0,0.0,1
153.0,1355.5,-10,-4.3,7.209999999999999,50,1200.0,0.0,-1
64.0,1589.0,12,12.0,0.0,87,900.0,0.0,1
-66.0,1589.0,3,3.0,0.0,192,900.0,0.0,0
-50.0,1828.0,3,1.2,7.56,21,900.0,0.0,1
52.0,1589.0,3,2.1,0.09,71,900.0,0.0,1
-72.0,1589.0,4,-1.6,13.439999999999998,113,900.0,0.0,1
2.0,1736.0,-2,-1.0,0.2,34,900.0,0.0,-1
92.0,1589.0,0,0.0,0.0,66,900.0,0.0,-1
-112.0,1589.0,7,6.4,2.2399999999999998,63,900.0,0.0,1
-769.0,1616.5,-10,-1.5,8.85,30,900.0,0.0,-1
100.0,1589.0,12,9.9,1.89,63,900.0,0.0,1
-18.0,1736.0,14,14.0,2.6,55,900.0,0.0,1
-127.0,1708.5,0,-0.3,0.8100000000000002,45,900.0,0.0,1
453.0,2581.5,4,1.9,7.889999999999999,73,900.0,0.0,1
-88.0,1589.0,-19,-16.5,6.85,56,900.0,0.0,-1
76.0,1589.0,2,1.5,0.25,113,900.0,0.0,1
-96.0,1589.0,10,9.6,0.43999999999999995,101,900.0,0.0,1
84.0,1589.0,17,14.3,0.8099999999999999,131,900.0,0.0,1
-166.0,1716.0,-13,-13.0,1.8,56,900.0,0.0,-1
-13.0,1874.5,-10,-6.4,9.84,70,1200.0,0.0,-1
81.0,1636.5,0,-0.5,0.25,108,1200.0,0.0,-1
174.0,1716.0,-9,-9.0,0.0,181,900.0,0.0,0
-41.0,1661.5,0,-0.1,0.09,98,900.0,0.0,0
-262.0,2221.0,-9,-1.7,6.01,100,900.0,0.0,-1
35.0,1657.5,-15,-7.3,6.8100000000000005,106,900.0,0.0,-1
768.0,2025.0,2,2.0,0.0,71,900.0,0.0,1
60.0,1936.0,-7,-2.6,2.24,56,600.0,25.0,-1
-38.0,1671.0,-12,-7.2,11.360000000000001,152,900.0,0.0,-1
-107.0,1633.5,1,0.1,0.09,33,1200.0,0.0,1
-25.0,1662.5,-10,-1.9,7.289999999999999,82,900.0,0.0,-1
45.0,1661.5,-3,-2.1,0.09,58,900.0,0.0,-1
-47.0,1661.5,1,1.0,0.0,73,900.0,0.0,0
204.0,1585.0,-10,-7.8,3.3600000000000003,84,900.0,0.0,-1
-153.0,1721.5,0,-1.5,2.25,74,900.0,0.0,-1
-196.0,1585.0,-1,-0.5,5.65,68,900.0,0.0,-1
143.0,1721.5,-1,0.5,2.25,69,900.0,0.0,1
-364.0,2159.0,-2,-2.0,0.0,76,900.0,0.0,-1
188.0,1585.0,1,0.7,0.21000000000000002,17,900.0,0.0,1
-180.0,1585.0,-2,-1.9,4.29,56,900.0,0.0,-1
-18.0,1651.0,2,1.2,0.76,55,900.0,0.0,1
172.0,1585.0,-1,-1.3,0.8100000000000002,30,900.0,0.0,1
-162.0,1585.0,0,-0.5,1.05,24,900.0,0.0,-1
440.0,1720.0,20,10.7,15.41,55,1200.0,0.0,1
43.0,1686.5,13,10.6,13.440000000000001,113,900.0,0.0,0
299.0,1777.5,-10,-10.0,0.0,122,900.0,0.0,-1
-86.0,1676.0,3,1.6,0.44000000000000006,131,900.0,0.0,0
-38.0,1937.0,0,0.0,0.0,169,900.0,5.0,0
-324.0,1720.0,0,-0.1,0.09,13,1200.0,0.0,-1
127.0,1773.5,3,1.0,1.2,47,900.0,0.0,1
46.0,1749.0,6,6.0,0.0,97,900.0,0.0,1
64.0,1671.0,-2,-1.5,0.85,40,900.0,0.0,1
-293.0,1777.5,-1,-0.2,0.16000000000000003,21,900.0,0.0,-1
-53.0,1915.5,-1,-1.0,0.0,99,900.0,0.0,0
-11.0,1662.5,-6,-5.4,0.24,31,900.0,0.0,1
207.0,1816.5,-1,-0.7,0.8100000000000002,93,900.0,0.0,1
24.0,1937.0,5,4.6,0.24,47,900.0,5.0,1
-64.0,1749.0,5,3.7,11.610000000000001,71,900.0,0.0,1
-186.0,1712.0,19,18.2,5.76,105,900.0,0.0,1
119.0,1566.5,4,4.0,0.0,77,900.0,0.0,1
231.0,1744.5,6,5.2,3.16,91,900.0,0.0,1
-225.0,1744.5,10,10.1,2.89,72,900.0,0.0,-1
-1.0,1702.5,0,0.8,2.16,110,900.0,0.0,0
-263.0,1581.5,-11,-2.9,8.489999999999998,36,600.0,12.0,-1
-113.0,1987.5,-4,-2.9,6.6899999999999995,101,2700.0,45.0,-1
-57.0,1816.5,1,1.0,0.0,92,900.0,0.0,-1
-197.0,1803.5,-4,-3.2,2.76,42,900.0,0.0,-1
-246.0,1576.0,-10,-4.6,10.64,82,600.0,12.0,-1
558.0,2100.0,1,0.6,0.8400000000000001,31,5400.0,30.0,1
-73.0,1589.5,-1,-1.9,7.289999999999999,74,900.0,0.0,-1
-86.0,1624.0,11,7.5,5.25,57,900.0,0.0,1
3.0,1874.5,-4,-4.0,0.0,112,1200.0,0.0,-1
95.0,1507.5,3,3.0,0.0,95,900.0,0.0,1
451.0,2217.5,2,2.3,0.8099999999999999,51,900.0,0.0,1
-256.0,2221.0,-8,-4.6,1.44,58,900.0,0.0,-1
-449.0,2217.5,-10,-2.8,5.76,94,900.0,0.0,-1
377.0,1614.5,9,7.2,1.56,59,900.0,0.0,1
59.0,1589.5,16,10.1,6.29,113,900.0,0.0,1
451.0,1494.5,27,26.2,0.76,89,1800.0,60.0,1
36.0,1478.0,10,1.9,7.289999999999999,73,600.0,12.0,1
-43.0,1954.5,0,-0.1,0.09,50,900.0,5.0,-1
-158.0,1544.0,-9,-7.8,0.76,38,900.0,0.0,-1
-79.0,1589.5,14,6.9,25.889999999999997,143,900.0,0.0,1
88.0,1795.0,10,7.8,2.16,115,900.0,0.0,1
147.0,1543.5,8,7.6,2.2399999999999998,63,900.0,0.0,1
99.0,1589.5,-10,-2.8,5.76,112,900.0,0.0,-1
-447.0,2217.5,-3,-1.2,7.56,132,900.0,0.0,-1
-121.0,1589.5,9,8.1,1.09,65,900.0,0.0,1
109.0,1589.5,20,17.6,13.440000000000001,135,900.0,0.0,1
-115.0,1589.5,0,0.0,0.0,81,900.0,0.0,0
103.0,1589.5,7,5.0,6.0,79,900.0,0.0,1
-125.0,1589.5,7,5.0,6.0,37,900.0,0.0,1
115.0,1589.5,18,17.0,0.2,81,900.0,0.0,1
84.0,1901.0,-1,0.0,0.8,35,900.0,10.0,1
-3.0,1677.5,-16,-5.9,21.29,96,1200.0,0.0,-1
-213.0,1536.5,-8,-7.5,2.25,100,900.0,0.0,-1
12.0,1671.0,3,1.4,1.44,45,900.0,0.0,1
445.0,2217.5,3,0.7,2.01,57,900.0,0.0,1
-6.0,1666.0,-6,-1.5,7.65,34,900.0,0.0,-1
-201.0,1763.5,5,5.0,0.0,83,2700.0,0.0,1
-199.0,1746.5,-10,-10.0,0.0,194,900.0,0.0,-1
77.0,1622.5,16,10.3,17.41,91,900.0,0.0,1
82.0,1936.0,1,1.0,0.0,113,900.0,0.0,0
-91.0,1899.5,0,0.0,0.0,110,900.0,10.0,0
191.0,1746.5,14,6.7,6.01,81,900.0,0.0,1
-183.0,1746.5,-9,-8.9,0.09,120,900.0,0.0,-1
175.0,1746.5,7,6.0,0.6,145,900.0,0.0,1
357.0,1852.5,-1,-0.7,0.21000000000000002,95,1500.0,0.0,1
-1120.0,2228.0,-3,-3.3,0.21000000000000002,35,900.0,5.0,-1
-425.0,1621.5,0,0.0,0.0,15,900.0,0.0,-1
122.0,1769.0,1,1.0,0.0,90,900.0,0.0,1
40.0,1934.0,-9,-8.7,0.21000000000000002,170,900.0,5.0,-1
-165.0,1747.5,-18,-17.5,2.25,138,900.0,0.0,-1
70.0,1685.0,2,1.5,0.25,107,900.0,0.0,1
-176.0,1711.0,-8,-3.2,2.7600000000000002,44,900.0,0.0,-1
223.0,1544.5,25,22.6,12.24,129,900.0,0.0,1
57.0,1810.5,1,1.0,0.0,105,900.0,15.0,-1
168.0,1711.0,5,5.3,0.8099999999999999,36,900.0,0.0,1
-2.0,1986.0,-1,0.0,0.2,110,900.0,0.0,-1
542.0,1705.0,18,8.5,15.25,83,900.0,0.0,1
-58.0,1934.0,2,2.6,0.24,105,900.0,5.0,1
-29.0,1670.5,7,5.1,0.49000000000000005,93,900.0,0.0,1
-192.0,1711.0,18,16.2,7.5600000000000005,109,900.0,0.0,1
113.0,1997.5,-2,-1.7,0.8100000000000002,74,2700.0,45.0,-1
-296.0,1955.0,4,0.6,5.639999999999999,66,900.0,0.0,-1
397.0,2148.5,4,3.5,0.25,121,900.0,0.0,1
-14.0,1986.0,0,0.0,0.0,111,900.0,0.0,1
3.0,2048.5,1,1.0,0.2,91,900.0,0.0,1
357.0,1795.5,2,1.8,2.1600000000000006,59,900.0,0.0,1
60.0,1693.0,8,7.8,0.15999999999999998,59,900.0,0.0,1
-144.0,1769.0,10,6.6,1.44,99,900.0,0.0,1
-101.0,1863.5,-1,-0.2,0.36000000000000004,52,900.0,0.0,-1
190.0,2004.0,2,0.3,8.01,71,900.0,0.0,1
389.0,2243.5,1,1.0,0.0,95,900.0,0.0,1
380.0,1809.0,7,5.8,2.76,61,900.0,0.0,1
-351.0,1796.5,9,1.7,13.41,32,900.0,0.0,-1
6.0,1674.0,11,9.2,2.16,95,900.0,0.0,1
-385.0,2243.5,1,0.2,0.16000000000000003,68,900.0,0.0,-1
-473.0,1671.5,-24,-20.0,16.0,148,900.0,0.0,-1
-214.0,2004.0,5,4.7,5.61,141,900.0,0.0,1
-364.0,1479.0,-13,-9.3,2.61,30,1200.0,0.0,-1
-4.0,1844.0,0,0.0,0.0,52,900.0,0.0,-1
338.0,1489.0,1,-0.1,1.29,21,1200.0,0.0,1
347.0,1796.5,-2,0.2,6.760000000000001,89,900.0,0.0,1
-48.0,2378.0,-7,-4.3,17.009999999999998,61,900.0,0.0,-1
230.0,1795.0,9,6.9,12.690000000000001,47,900.0,7.0,1
-136.0,1824.0,-17,-12.4,25.44,118,900.0,0.0,-1
-262.0,1553.0,8,8.2,2.7600000000000002,103,900.0,0.0,1
-235.0,1721.5,-12,-8.4,6.840000000000001,72,900.0,0.0,-1
-16.0,1947.0,-2,2.3,7.01,66,900.0,5.0,-1
-20.0,1863.0,0,0.0,0.2,93,900.0,0.0,0
-14.0,1899.0,8,3.2,5.16,43,900.0,0.0,1
77.0,1650.5,-18,-4.9,28.29,52,1200.0,0.0,-1
188.0,1853.0,0,-0.9,3.09,72,900.0,15.0,-1
14.0,1986.0,0,0.7,1.21,107,900.0,0.0,0
177.0,1748.5,7,7.0,0.0,159,900.0,0.0,1
-24.0,1672.0,3,3.0,0.6,69,900.0,0.0,1
34.0,1947.0,-11,-6.4,12.64,108,900.0,5.0,-1
-201.0,1748.5,6,1.5,2.25,101,900.0,0.0,1
-180.0,1853.0,2,2.0,0.0,64,900.0,15.0,-1
193.0,1748.5,14,6.0,9.2,83,900.0,0.0,1
-201.0,1748.5,0,2.9,6.890000000000001,210,900.0,0.0,0
-32.0,1986.0,6,0.9,11.09,61,900.0,0.0,1
-146.0,1775.0,0,0.3,0.8100000000000002,32,900.0,0.0,-1
121.0,1988.5,2,2.0,0.0,79,2700.0,45.0,1
193.0,1748.5,12,6.5,3.85,87,900.0,0.0,1
-409.0,1704.5,-16,-3.1,19.69,62,900.0,7.0,-1
-185.0,1748.5,-12,-3.3,10.409999999999998,72,900.0,0.0,-1
-52.0,1947.0,9,4.2,11.360000000000001,85,900.0,10.0,1
-50.0,1660.0,2,2.0,0.0,98,900.0,0.0,0
388.0,2158.0,-1,-1.0,0.0,48,900.0,0.0,0
177.0,1748.5,6,5.3,0.21000000000000002,97,900.0,0.0,1
767.0,1615.5,6,3.7,3.81,33,900.0,0.0,1
16.0,1986.0,3,3.0,0.0,49,900.0,0.0,1
-201.0,1748.5,10,5.2,3.3600000000000003,43,900.0,0.0,1
193.0,1748.5,14,7.2,7.56,81,900.0,0.0,1
66.0,1713.0,4,2.1,1.09,86,900.0,0.0,-1
-217.0,1748.5,7,6.9,0.09,131,900.0,0.0,1
-34.0,1986.0,3,0.2,1.56,47,900.0,0.0,1
279.0,1494.5,3,1.1,1.6900000000000002,57,1200.0,0.0,1
-441.0,2129.5,-14,-5.3,9.209999999999997,84,900.0,0.0,-1
297.0,1944.5,7,4.5,4.05,85,900.0,0.0,1
100.0,1462.0,0,-0.2,0.96,30,1200.0,0.0,-1
-36.0,1660.0,-11,-5.1,11.89,84,900.0,0.0,-1
483.0,2135.5,-9,-5.6,16.240000000000002,67,900.0,0.0,-1
-63.0,1688.5,4,0.7,5.61,31,1200.0,0.0,1
189.0,1637.5,3,2.1,0.09,57,900.0,0.0,1
140.0,1891.0,-3,-3.0,0.0,108,900.0,15.0,-1
22.0,1660.0,1,2.9,1.6900000000000002,77,900.0,0.0,1
-165.0,1889.5,7,6.4,8.64,39,900.0,15.0,1
-73.0,1675.5,1,1.0,0.0,121,900.0,0.0,1
-68.0,2027.0,4,2.7,1.21,139,900.0,0.0,1
-376.0,1903.0,-6,-5.9,0.49000000000000005,50,900.0,0.0,-1
18.0,1661.0,-7,-1.0,14.2,68,900.0,0.0,-1
-767.0,1615.5,-11,-2.6,8.040000000000001,60,900.0,0.0,-1
15.0,1652.5,-3,-2.3,0.21000000000000002,80,900.0,0.0,-1
16.0,1696.0,6,3.0,7.2,52,900.0,0.0,1
-87.0,1519.5,-11,-8.2,0.96,66,900.0,0.0,-1
54.0,2027.0,0,0.0,0.0,107,900.0,0.0,1
710.0,1887.0,3,2.9,0.09,35,1980.0,33.0,1
-40.0,2027.0,0,-0.1,0.09,68,900.0,0.0,-1
220.0,1526.0,4,4.0,0.0,97,900.0,0.0,1
150.0,1591.0,5,4.1,0.09,79,900.0,0.0,1
-174.0,1591.0,6,6.5,0.25,87,900.0,0.0,1
372.0,1903.0,9,8.7,2.61,95,900.0,0.0,1
166.0,1591.0,19,11.2,6.959999999999999,63,900.0,0.0,1
-212.0,1526.0,-16,-13.5,6.25,88,900.0,0.0,-1
-156.0,1591.0,-6,-4.4,2.6399999999999997,60,900.0,0.0,-1
383.0,1613.5,11,10.2,7.5600000000000005,59,900.0,0.0,1
540.0,1693.0,1,0.9,0.09,27,900.0,0.0,1
-174.0,1714.0,-8,-5.3,0.8099999999999999,62,900.0,0.0,-1
590.0,2534.0,5,2.7,3.0100000000000002,61,900.0,1.0,1
-332.0,1795.0,-1,-0.5,2.25,46,900.0,0.0,-1
268.0,1544.0,4,3.2,1.3599999999999999,39,1980.0,33.0,1
30.0,1610.0,4,2.8,2.56,61,900.0,0.0,1
-32.0,1610.0,0,0.0,0.0,116,900.0,0.0,0
259.0,1761.5,4,2.9,1.29,83,900.0,0.0,1
-419.0,2241.5,3,3.0,0.0,123,900.0,0.0,1
16.0,1610.0,6,2.4,9.84,77,900.0,0.0,1
55.0,1650.5,-11,-8.1,6.890000000000001,94,900.0,0.0,-1
-34.0,1610.0,12,4.8,5.76,97,900.0,0.0,1
-277.0,1748.5,-7,-2.1,4.290000000000001,84,900.0,0.0,-1
-10.0,1436.0,-2,-1.3,1.01,30,600.0,12.0,-1
161.0,1800.5,5,4.5,0.25,47,900.0,0.0,1
299.0,1807.5,-1,0.5,1.05,134,900.0,0.0,-1
77.0,1396.5,1,-1.1,1.49,27,600.0,12.0,1
-87.0,1654.5,-10,-8.4,10.24,102,900.0,0.0,-1
-326.0,1792.0,-5,-2.1,3.69,66,900.0,0.0,-1
322.0,1792.0,0,0.4,0.8400000000000001,42,900.0,0.0,1
-266.0,1665.0,0,0.0,0.0,22,900.0,0.0,-1
138.0,1656.0,-1,-1.0,0.0,45,900.0,0.0,1
240.0,1674.0,-3,2.1,7.289999999999999,53,900.0,0.0,1
-94.0,1735.0,-2,-2.3,0.21000000000000002,53,900.0,0.0,1
-529.0,1823.5,-11,-7.5,5.25,86,900.0,0.0,-1
30.0,1747.0,6,3.3,0.8099999999999999,75,900.0,0.0,1
-217.0,1844.5,-3,-2.4,0.44000000000000006,100,900.0,0.0,-1
61.0,1648.5,-5,-3.6,0.64,111,900.0,0.0,0
210.0,1627.0,15,14.7,0.21000000000000002,117,900.0,0.0,1
-202.0,1627.0,-4,-3.1,0.09,38,900.0,0.0,-1
-47.0,1648.5,6,5.2,0.15999999999999998,60,900.0,0.0,-1
436.0,1724.0,5,3.5,3.45,65,900.0,0.0,1
65.0,1487.5,12,9.2,0.96,93,1200.0,0.0,1
177.0,1717.5,0,1.7,0.8099999999999999,63,1200.0,10.0,1
-235.0,1551.5,-11,-6.4,13.24,88,900.0,0.0,-1
-160.0,1867.0,0,0.0,0.0,18,900.0,0.0,-1
150.0,1867.0,9,0.6,8.64,35,900.0,0.0,1
-105.0,1669.5,-4,-2.5,1.25,65,900.0,0.0,1
-51.0,1487.5,-8,-4.4,6.44,50,1200.0,0.0,-1
93.0,1669.5,0,-0.2,1.3600000000000003,49,900.0,0.0,1
-115.0,1669.5,1,1.4,0.24,65,900.0,0.0,1
137.0,1669.5,-10,-5.5,2.25,92,900.0,0.0,-1
37.0,1487.5,2,1.0,1.4,21,1200.0,0.0,1
-434.0,1724.0,-6,-6.0,0.0,76,900.0,0.0,-1
-131.0,1635.5,9,4.5,2.25,79,900.0,0.0,1
155.0,1711.5,3,3.2,0.15999999999999998,55,900.0,0.0,1
169.0,1880.5,7,2.2,11.360000000000001,107,900.0,0.0,1
432.0,1724.0,0,-0.6,1.44,27,900.0,0.0,1
-48.0,1539.0,-7,-6.3,1.21,142,900.0,0.0,-1
-230.0,1835.0,1,1.0,0.0,100,900.0,0.0,-1
-90.0,1846.0,12,8.2,13.36,77,900.0,0.0,1
-145.0,1711.5,2,2.1,0.09,68,900.0,0.0,-1
34.0,1539.0,4,3.0,0.6,81,900.0,0.0,1
-52.0,1539.0,22,22.0,0.0,143,900.0,0.0,1
161.0,1805.5,3,0.3,0.8100000000000002,29,900.0,0.0,1
72.0,1539.0,-19,-19.0,0.0,110,900.0,0.0,-1
14.0,1654.0,0,-1.7,3.01,53,900.0,0.0,1
-92.0,1539.0,22,20.5,5.25,71,900.0,0.0,1
80.0,1539.0,1,0.0,4.0,55,900.0,0.0,1
-66.0,1539.0,-9,-6.3,4.01,60,900.0,0.0,-1
-32.0,1654.0,12,11.9,0.09,89,900.0,0.0,1
52.0,1539.0,4,0.1,4.29,31,900.0,0.0,1
-38.0,1539.0,3,3.1,0.09,60,900.0,0.0,-1
24.0,1539.0,-2,-2.4,2.2399999999999998,77,900.0,0.0,1
-21.0,1619.5,-8,-6.8,2.7600000000000002,76,900.0,0.0,-1
-8.0,1539.0,-11,-10.1,7.290000000000001,122,900.0,0.0,-1
-35.0,1698.5,0,-0.1,0.09,33,900.0,0.0,-1
19.0,1698.5,2,-0.4,1.44,25,900.0,0.0,1
26.0,1650.0,-5,-3.5,7.65,59,900.0,0.0,1
-290.0,1691.0,-7,-7.6,0.24,98,900.0,0.0,-1
-279.0,1822.5,-8,-8.0,0.0,80,900.0,0.0,-1
-251.0,1658.5,-1,-1.0,0.0,57,900.0,0.0,1
57.0,1636.5,-1,-1.0,0.0,82,900.0,0.0,0
-299.0,1788.5,-1,-2.7,3.0100000000000002,66,900.0,0.0,-1
-65.0,1623.5,0,0.0,0.0,92,900.0,0.0,-1
-172.0,1609.0,4,2.8,0.36,59,900.0,0.0,1
541.0,2179.5,0,0.1,0.09,65,900.0,0.0,1
85.0,1623.5,-10,-7.8,7.159999999999999,114,900.0,0.0,-1
164.0,1609.0,6,3.3,0.8099999999999999,85,900.0,0.0,1
232.0,1653.0,-1,-0.6,1.24,16,900.0,0.0,1
-15.0,1623.5,-6,-2.5,6.45,46,900.0,0.0,-1
-249.0,1758.5,1,1.0,0.0,58,900.0,0.0,-1
-571.0,2179.5,8,8.0,0.0,117,900.0,0.0,1
41.0,1864.5,-1,-1.0,0.0,128,1200.0,0.0,-1
-195.0,1682.5,-18,-12.8,5.96,60,900.0,0.0,-1
99.0,1671.5,14,8.4,13.440000000000001,109,900.0,0.0,1
13.0,1689.5,-3,-0.3,1.61,34,900.0,0.0,-1
-87.0,1671.5,-8,-7.3,0.21000000000000002,54,900.0,0.0,-1
152.0,1707.0,-12,-11.7,1.4100000000000001,91,900.0,0.0,0
143.0,1603.5,10,7.2,13.959999999999999,39,1200.0,0.0,1
59.0,1719.5,10,2.3,6.8100000000000005,111,900.0,0.0,1
334.0,1701.0,8,4.2,10.360000000000001,85,900.0,0.0,1
-19.0,1648.5,-2,-0.8,0.36,48,900.0,0.0,-1
767.0,1615.5,11,11.6,0.24,49,900.0,0.0,1
-11.0,1687.5,1,0.8,0.9599999999999997,38,900.0,0.0,1
3.0,1648.5,-5,-5.0,0.0,85,900.0,0.0,1
-53.0,1715.5,-3,-0.3,0.8100000000000002,30,900.0,0.0,-1
157.0,1722.5,2,1.0,0.6,51,1200.0,10.0,1
402.0,2278.0,-5,-0.5,2.25,234,900.0,0.0,-1
-13.0,1674.5,3,3.0,0.0,66,900.0,0.0,-1
-95.0,1745.5,14,12.5,6.45,121,900.0,0.0,1
-45.0,1606.5,6,6.0,0.0,72,900.0,0.0,0
13.0,1648.5,7,5.0,2.8,62,900.0,0.0,-1
293.0,1733.5,14,10.1,16.29,39,900.0,0.0,1
-401.0,1846.5,-1,-0.3,0.41,40,2700.0,45.0,-1
-85.0,1580.5,-14,-10.4,3.44,166,900.0,0.0,-1
-397.0,2278.5,-9,-1.8,5.76,164,900.0,0.0,-1
-25.0,1590.5,0,-0.1,0.09,19,1800.0,0.0,1
73.0,1580.5,15,7.3,8.81,121,900.0,0.0,1
47.0,1727.5,-2,-0.9,25.889999999999997,68,900.0,0.0,-1
-93.0,1580.5,13,5.7,6.01,129,900.0,0.0,1
66.0,1695.0,5,2.8,3.3600000000000003,69,1080.0,2.0,1
115.0,1580.5,0,2.1,0.69,70,900.0,0.0,-1
-103.0,1580.5,-7,-6.7,0.21000000000000002,100,900.0,0.0,-1
203.0,1747.5,6,5.5,0.25,67,900.0,0.0,1
-26.0,1950.0,1,0.5,0.25,113,900.0,0.0,0
91.0,1580.5,13,12.2,5.76,123,900.0,0.0,1
-79.0,1580.5,-13,-13.0,0.0,106,900.0,0.0,-1
-85.0,1626.5,-14,-4.3,13.209999999999999,78,1200.0,0.0,-1
67.0,1580.5,13,12.1,7.290000000000001,173,900.0,0.0,1
39.0,1724.5,-1,-0.2,2.7600000000000002,69,900.0,0.0,1
64.0,1862.0,-11,-11.0,0.0,102,1200.0,0.0,-1
-87.0,1580.5,8,5.9,7.289999999999999,51,900.0,0.0,1
-341.0,2304.5,-3,-2.7,2.0100000000000002,66,900.0,0.0,-1
34.0,1654.0,-5,-3.9,1.8900000000000001,50,900.0,0.0,-1
-201.0,1832.5,-1,-0.2,0.16000000000000003,33,900.0,0.0,-1
312.0,1805.0,3,2.3,7.8100000000000005,29,900.0,0.0,1
21.0,1605.5,4,3.6,0.44000000000000006,55,900.0,0.0,1
-46.0,1947.0,13,6.4,11.040000000000001,53,900.0,0.0,1
-279.0,1737.5,-4,-4.6,3.44,56,900.0,0.0,-1
41.0,1643.5,9,8.2,5.76,133,900.0,0.0,1
-36.0,1559.0,-12,-11.3,1.6099999999999999,72,900.0,0.0,-1
259.0,1837.5,-1,-0.3,3.4099999999999993,73,900.0,0.0,1
187.0,1695.5,8,8.0,0.0,95,900.0,0.0,1
-500.0,2224.0,-23,-13.1,27.689999999999998,124,900.0,5.0,-1
20.0,1559.0,15,9.2,24.96,63,900.0,0.0,1
-179.0,1695.5,-19,-17.7,1.41,38,900.0,0.0,-1
-259.0,1833.5,9,7.0,7.0,71,900.0,0.0,1
171.0,1695.5,25,17.3,45.21,47,900.0,0.0,1
27.0,1643.5,6,6.0,0.0,87,900.0,0.0,1
-100.0,1605.0,-11,-6.5,2.25,80,900.0,0.0,-1
57.0,1672.5,12,6.6,12.64,101,900.0,0.0,1
498.0,2224.0,-1,1.4,1.44,39,900.0,5.0,1
-11.0,1643.5,-11,-5.3,4.41,60,900.0,0.0,-1
176.0,1632.0,-3,-1.5,2.25,20,5400.0,0.0,-1
184.0,1649.0,2,2.0,0.0,62,900.0,0.0,-1
-257.0,1675.5,-13,-9.0,16.0,156,900.0,0.0,-1
-24.0,1652.0,7,3.0,14.6,42,900.0,0.0,1
-100.0,1741.0,-1,-1.0,0.0,75,900.0,0.0,1
-172.0,1750.0,-7,-2.9,4.090000000000001,98,900.0,0.0,-1
72.0,1891.0,4,1.7,15.809999999999999,84,900.0,5.0,1
-12.0,1642.0,4,3.4,0.44000000000000006,61,900.0,0.0,1
105.0,1605.5,8,3.9,2.69,49,900.0,0.0,1
-45.0,1586.5,-4,-2.1,1.49,74,900.0,0.0,-1
292.0,1702.0,7,5.1,1.69,73,900.0,0.0,1
30.0,1642.0,0,1.6,2.44,62,900.0,0.0,-1
-35.0,1567.5,-1,-0.7,0.21000000000000002,116,900.0,0.0,-1
-773.0,1821.5,-13,-4.2,8.760000000000002,74,600.0,12.0,-1
145.0,1603.5,12,3.4,8.44,59,900.0,0.0,1
-1.0,1886.5,5,1.9,1.8900000000000001,41,1200.0,0.0,1
-1277.0,1360.5,-14,-11.7,3.0100000000000002,42,900.0,0.0,-1
-134.0,1604.0,-8,-7.5,0.25,62,900.0,0.0,-1
-22.0,1646.0,-1,0.2,0.96,34,900.0,5.0,-1
-32.0,1642.0,-6,-6.0,0.0,53,900.0,0.0,0
206.0,1641.0,1,0.5,2.25,70,900.0,0.0,-1
-86.0,1758.0,27,26.2,5.76,135,900.0,0.0,1
535.0,1937.5,8,3.0,3.0,37,900.0,0.0,1
-46.0,1624.0,11,5.4,13.440000000000001,151,900.0,0.0,1
-261.0,1791.5,3,-0.1,1.8900000000000001,97,900.0,7.0,1
170.0,1747.0,-2,-4.4,12.24,77,900.0,0.0,1
-132.0,1601.0,0,0.1,0.09,148,900.0,0.0,0
-158.0,2043.0,4,4.0,0.0,135,900.0,5.0,1
769.0,1819.5,8,7.2,6.16,47,600.0,12.0,1
16.0,1642.0,11,6.6,6.04,71,900.0,0.0,1
44.0,1578.0,18,18.0,0.0,123,1800.0,0.0,1
252.0,1219.0,1,0.8,0.9599999999999997,36,900.0,0.0,-1
-152.0,1796.0,-2,-1.2,7.56,52,900.0,0.0,-1
-741.0,1870.5,-3,-3.1,0.69,64,1980.0,33.0,-1
318.0,1977.0,-5,-0.4,2.4399999999999995,78,900.0,0.0,-1
-29.0,1672.5,6,6.0,0.0,67,900.0,0.0,1
69.0,1931.5,0,0.0,0.0,137,900.0,5.0,0
46.0,1774.0,59,46.2,28.159999999999997,139,900.0,0.0,1
-314.0,1977.0,-9,-0.3,10.609999999999998,52,900.0,0.0,-1
165.0,1814.5,-22,-16.9,6.69,70,900.0,0.0,-1
-74.0,1661.0,18,11.1,15.89,44,900.0,0.0,1
-26.0,1987.0,-1,-1.0,0.0,100,900.0,0.0,-1
310.0,1977.0,9,5.5,1.65,89,900.0,0.0,1
162.0,1577.0,-9,-8.5,0.25,134,900.0,0.0,-1
550.0,2197.0,0,0.0,0.0,67,900.0,5.0,1
50.0,1854.0,7,6.0,1.2,69,1200.0,0.0,1
10.0,1987.0,3,1.0,1.8,39,900.0,0.0,1
-32.0,1774.0,-36,-28.0,38.4,138,900.0,0.0,-1
-795.0,1695.5,-5,-1.3,8.610000000000003,26,900.0,0.0,-1
34.0,1974.0,-3,-3.0,0.0,76,900.0,5.0,-1
-548.0,2197.0,-2,-2.0,0.0,87,900.0,5.0,-1
94.0,1994.0,11,11.8,0.16,139,2700.0,45.0,1
-152.0,1910.0,-4,-4.0,0.0,70,900.0,0.0,-1
-51.0,1959.5,-8,-3.4,15.039999999999997,68,900.0,5.0,-1
108.0,1730.0,-1,-1.9,1.89,43,900.0,0.0,1
-32.0,1673.0,0,0.7,0.21000000000000002,60,900.0,0.0,-1
546.0,2197.0,3,0.4,0.8400000000000001,57,900.0,5.0,1
23.0,1545.5,-14,-11.6,13.440000000000001,168,900.0,0.0,0
325.0,1795.5,0,1.4,1.8400000000000003,43,900.0,0.0,1
120.0,1499.0,12,11.2,0.16,75,900.0,0.0,1
-184.0,1772.0,-8,-2.9,3.09,90,900.0,0.0,-1
-321.0,1795.5,-1,-0.6,2.4399999999999995,69,900.0,0.0,-1
17.0,1657.5,-13,-7.4,13.440000000000001,72,900.0,0.0,-1
-41.0,1906.5,-9,-8.7,0.21000000000000002,94,1200.0,0.0,-1
44.0,1702.0,0,0.3,0.20999999999999996,11,900.0,0.0,-1
48.0,1683.0,-12,-5.3,19.41,68,900.0,0.0,-1
-43.0,1636.5,-1,-0.5,0.25,83,900.0,0.0,1
98.0,1797.0,0,0.0,0.0,54,900.0,0.0,-1
-333.0,1686.5,-3,-2.0,0.8,75,900.0,0.0,1
-47.0,1689.5,-9,-0.9,9.09,32,900.0,0.0,-1
33.0,1689.5,5,-0.1,4.29,49,900.0,0.0,1
-119.0,1601.5,-5,-0.5,2.25,256,900.0,0.0,-1
17.0,1679.5,-2,-1.9,6.890000000000001,38,900.0,0.0,-1
-51.0,1689.5,2,1.5,0.25,76,900.0,0.0,1
0.0,1680.0,-8,-7.7,1.41,54,900.0,0.0,-1
-22.0,1661.0,1,-0.2,0.96,43,2700.0,0.0,1
107.0,1601.5,9,2.4,5.039999999999999,133,900.0,0.0,1
15.0,1985.5,0,0.5,2.25,74,900.0,0.0,-1
4.0,1510.0,1,0.1,0.09,61,900.0,0.0,1
-95.0,1601.5,-5,-5.0,4.2,54,900.0,0.0,-1
-35.0,1940.5,1,1.0,0.0,93,900.0,5.0,0
83.0,1601.5,12,6.5,30.25,125,900.0,0.0,1
-20.0,1510.0,2,2.3,0.8099999999999999,47,900.0,0.0,1
26.0,1684.0,3,1.8,1.9600000000000002,63,900.0,0.0,1
-103.0,1601.5,10,9.9,0.09,141,900.0,0.0,1
317.0,1795.5,3,2.6,0.24,71,900.0,0.0,1
45.0,1582.5,0,0.3,0.8100000000000002,69,900.0,0.0,1
91.0,1601.5,7,2.5,2.25,99,900.0,0.0,1
-10.0,1684.0,-3,-0.3,0.8100000000000002,14,900.0,0.0,-1
-79.0,1601.5,-6,-6.0,0.0,122,900.0,0.0,-1
160.0,1530.0,19,16.3,4.01,77,900.0,0.0,1
14.0,1665.0,6,5.4,0.44000000000000006,77,900.0,0.0,1
83.0,1601.5,-2,-2.0,0.0,83,900.0,0.0,0
71.0,1952.5,-2,-2.1,9.49,20,900.0,0.0,-1
-103.0,1601.5,1,2.3,2.41,75,900.0,0.0,1
107.0,1601.5,-2,-2.0,0.0,85,900.0,0.0,0
-5.0,1990.5,-1,-1.9,0.6900000000000001,95,900.0,0.0,0
81.0,1927.5,-5,-5.6,1.64,62,900.0,5.0,-1
-111.0,1601.5,-10,-10.0,0.0,93,900.0,0.0,0
109.0,1792.5,12,3.4,8.44,63,300.0,15.0,1
333.0,1577.5,7,2.6,8.24,67,900.0,0.0,1
133.0,1601.5,-11,-4.5,19.85,124,900.0,0.0,-1
-123.0,1601.5,-10,-10.0,0.0,100,900.0,0.0,-1
162.0,1586.0,4,4.9,7.290000000000001,83,2700.0,0.0,1
-101.0,1927.5,-2,-2.0,0.0,111,900.0,5.0,1
36.0,1585.0,-6,-5.6,0.24,57,900.0,0.0,1
68.0,1634.0,-9,-7.5,7.05,108,900.0,0.0,-1
111.0,1601.5,2,1.3,0.21000000000000002,83,900.0,0.0,1
643.0,1771.5,10,10.0,0.0,123,900.0,0.0,1
-99.0,1601.5,-1,-0.9,7.090000000000001,178,900.0,0.0,-1
-66.0,1832.0,-2,-2.9,1.89,38,900.0,0.0,-1
96.0,1466.0,7,-1.6,8.44,47,900.0,0.0,1
87.0,1601.5,12,11.8,3.3600000000000003,107,900.0,0.0,1
-107.0,1601.5,4,3.9,0.09,61,900.0,0.0,1
129.0,1601.5,-5,-2.5,6.25,70,900.0,0.0,-1
138.0,1588.0,6,4.2,7.56,77,900.0,0.0,1
-119.0,1601.5,-5,-4.4,1.44,52,900.0,0.0,-1
-313.0,1795.5,0,0.0,0.0,16,900.0,0.0,-1
107.0,1601.5,5,6.2,2.16,135,900.0,0.0,1
52.0,1832.0,-3,-0.6,1.44,27,900.0,0.0,1
-113.0,1601.5,0,0.0,0.0,85,900.0,0.0,0
-368.0,1552.0,-8,-0.7,6.01,100,900.0,10.0,-1
101.0,1601.5,12,6.6,23.240000000000002,107,900.0,0.0,1
-281.0,1949.5,-4,0.5,2.25,70,900.0,0.0,-1
-123.0,1734.5,0,0.0,0.0,84,900.0,0.0,-1
-105.0,1601.5,-2,-2.0,0.0,158,900.0,0.0,0
292.0,1949.0,8,8.0,0.0,82,900.0,0.0,0
93.0,1601.5,9,6.4,15.84,103,900.0,0.0,1
-115.0,1601.5,8,8.0,0.0,107,900.0,0.0,1
-141.0,1782.5,-5,-2.6,2.64,76,900.0,0.0,-1
79.0,1789.5,6,6.0,0.0,135,900.0,0.0,1
-342.0,1623.0,-20,-20.1,10.09,70,900.0,0.0,-1
-144.0,1596.0,-1,-0.6,0.24000000000000005,90,900.0,0.0,-1
277.0,1798.5,0,-0.4,0.8400000000000001,26,900.0,0.0,-1
103.0,1601.5,10,8.1,0.49000000000000005,97,900.0,0.0,1
-366.0,1752.0,-2,0.1,11.09,52,900.0,0.0,-1
-91.0,1601.5,-12,-3.9,7.289999999999999,86,900.0,0.0,-1
123.0,1856.5,-2,-2.3,0.8099999999999999,48,900.0,0.0,-1
-148.0,1422.0,15,14.9,0.09,105,300.0,15.0,1
113.0,1601.5,-8,-8.0,0.0,136,900.0,0.0,-1
-101.0,1601.5,-3,-5.1,1.29,92,900.0,0.0,-1
116.0,1731.0,-4,-4.9,0.09,69,900.0,0.0,1
89.0,1601.5,-2,-1.2,1.5600000000000003,99,900.0,0.0,1
291.0,1946.5,8,7.7,0.21000000000000002,49,900.0,0.0,1
89.0,1566.5,-1,-2.3,5.21,123,900.0,0.0,0
11.0,1659.5,9,3.2,14.560000000000002,51,900.0,0.0,1
-65.0,1608.5,-1,-1.0,0.0,66,900.0,0.0,-1
38.0,1860.0,4,3.7,4.41,63,1200.0,0.0,1
-2.0,1796.0,10,-0.9,26.290000000000003,51,900.0,0.0,1
-29.0,1659.5,-3,-1.5,1.65,57,900.0,0.0,1
56.0,1487.0,16,13.0,12.0,171,900.0,0.0,1
78.0,1824.0,-6,-5.5,0.25,84,900.0,0.0,-1
47.0,1590.5,-2,-0.8,0.76,24,900.0,0.0,-1
89.0,1729.5,4,1.5,3.85,65,900.0,0.0,1
309.0,1795.5,2,2.0,0.0,49,900.0,0.0,1
13.0,1659.5,-1,-1.0,0.0,37,900.0,0.0,1
-71.0,1694.5,-12,-6.8,11.760000000000002,102,900.0,0.0,-1
48.0,1681.0,-5,-4.8,0.96,58,900.0,10.0,-1
-57.0,1720.5,0,-0.5,2.25,68,900.0,0.0,-1
-137.0,1914.5,-1,-2.2,2.16,148,900.0,0.0,-1
18.0,1709.0,9,0.4,10.44,89,900.0,0.0,1
105.0,1573.5,9,4.6,11.84,27,900.0,0.0,1
-245.0,1631.5,-1,-1.0,0.0,68,900.0,0.0,1
-337.0,1795.5,15,7.5,7.05,75,900.0,0.0,1
-72.0,1726.0,10,1.3,8.609999999999998,29,900.0,0.0,1
80.0,1642.0,-6,-1.9,2.09,72,900.0,0.0,-1
-119.0,1984.5,0,-3.5,5.65,111,2700.0,45.0,0
28.0,1711.0,6,1.3,3.81,59,900.0,0.0,1
127.0,1914.5,7,6.1,0.09,109,900.0,0.0,1
114.0,1751.0,-15,-11.0,16.0,142,1200.0,0.0,-1
-64.0,1824.0,-6,-4.2,4.16,58,900.0,0.0,-1
-131.0,1529.5,-4,2.3,17.009999999999998,72,900.0,0.0,-1
211.0,1618.5,13,3.7,12.21,57,900.0,0.0,1
-97.0,1735.5,1,1.2,1.3599999999999999,47,900.0,0.0,1
44.0,1716.0,9,0.5,8.85,27,900.0,0.0,1
-117.0,1914.5,-5,0.7,6.21,48,900.0,0.0,-1
-298.0,1837.0,7,3.4,4.04,73,900.0,0.0,1
-525.0,1975.5,-4,-3.3,0.21000000000000002,78,900.0,0.0,-1
-36.0,1488.0,-2,-1.2,0.16,78,900.0,0.0,-1
-48.0,1709.0,-2,-2.3,0.8099999999999999,95,900.0,0.0,1
-273.0,1952.5,-2,-0.7,1.01,46,900.0,0.0,-1
-187.0,1561.5,-15,-15.4,0.8400000000000001,66,900.0,0.0,-1
221.0,1741.5,2,2.1,1.49,45,900.0,0.0,1
886.0,1911.0,3,6.3,7.01,47,900.0,0.0,1
18.0,1489.0,4,1.7,1.4099999999999997,33,900.0,0.0,1
2.0,1656.0,-1,-1.0,0.0,144,900.0,0.0,0
1.0,1490.5,-5,-4.1,0.09,52,900.0,0.0,-1
336.0,1638.0,10,9.3,0.21000000000000002,143,900.0,0.0,1
-175.0,1785.5,-2,-1.9,0.09,104,900.0,0.0,-1
-472.0,2591.0,-2,-2.0,0.0,115,900.0,1.0,-1
-155.0,1574.5,-3,-1.7,2.8100000000000005,66,900.0,0.0,-1
890.0,1647.0,13,11.1,3.8899999999999997,29,1200.0,0.0,1
2.0,1646.0,0,0.0,0.0,40,900.0,0.0,1
-13.0,1653.5,0,0.0,0.0,65,900.0,0.0,1
-53.0,1744.5,3,1.7,2.6100000000000003,42,900.0,0.0,1
-888.0,1647.0,-22,-22.0,0.0,102,1200.0,0.0,-1
-1375.0,2100.5,0,0.0,0.0,11,900.0,5.0,-1
1375.0,2100.5,0,-0.7,0.41,16,900.0,5.0,1
14.0,1871.0,6,4.4,2.6399999999999997,57,900.0,0.0,1
-587.0,2532.5,1,0.7,0.41,52,900.0,1.0,-1
-332.0,1638.0,-7,-4.9,1.89,100,900.0,0.0,-1
176.0,1568.0,10,7.1,21.09,54,900.0,0.0,1
886.0,1647.0,14,9.7,4.41,31,1200.0,0.0,1
-33.0,2378.5,-12,-7.0,24.4,83,900.0,0.0,-1
-39.0,1874.5,6,5.6,2.44,77,900.0,0.0,1
-884.0,1647.0,-33,-28.6,7.24,60,1200.0,0.0,-1
17.0,1871.5,1,1.0,0.0,93,900.0,0.0,1
-9.0,1651.5,-1,-1.0,0.0,111,900.0,0.0,0
882.0,1647.0,1,0.1,0.09,11,1200.0,0.0,1
-880.0,1647.0,-1,-0.1,0.09,16,1200.0,0.0,-1
-413.0,2154.5,-12,-11.9,0.09,104,900.0,0.0,-1
878.0,1647.0,27,26.0,1.2,49,1200.0,0.0,1
-29.0,1501.5,-1,0.0,0.2,50,900.0,0.0,-1
6.0,1868.0,-6,-3.9,1.89,38,900.0,0.0,-1
-32.0,1864.0,0,0.0,0.6,45,900.0,0.0,1
-876.0,1647.0,-33,-32.4,0.44000000000000006,42,1200.0,0.0,-1
-7.0,1651.5,9,8.5,0.25,77,900.0,0.0,1
-238.0,1609.0,-4,-2.5,2.45,74,900.0,0.0,-1
61.0,1858.5,-5,-1.1,15.49,96,900.0,0.0,-1
874.0,1647.0,15,14.9,0.09,55,1200.0,0.0,1
-872.0,1647.0,-30,-29.9,0.09,56,1200.0,0.0,-1
146.0,1726.0,3,3.5,2.25,77,900.0,0.0,1
870.0,1647.0,19,19.0,0.0,73,1200.0,0.0,1
183.0,1777.5,9,0.5,10.05,69,900.0,0.0,1
-136.0,1547.0,1,1.0,0.0,109,900.0,0.0,1
199.0,1777.5,0,0.6,1.44,27,900.0,0.0,0
166.0,1566.0,1,0.5,0.25,59,900.0,0.0,1
187.0,1573.5,-14,-8.4,13.440000000000001,136,900.0,0.0,-1
-179.0,1573.5,-4,-4.1,0.09,98,900.0,0.0,-1
203.0,1573.5,-10,-8.9,0.29,76,900.0,0.0,-1
-229.0,1573.5,10,9.4,0.44000000000000006,95,900.0,0.0,1
87.0,1545.5,6,6.0,0.0,93,900.0,0.0,1
223.0,1573.5,2,-1.2,7.760000000000001,53,900.0,0.0,1
-215.0,1573.5,-5,-1.7,4.609999999999999,56,900.0,0.0,-1
17.0,1684.5,-16,-13.9,2.69,64,900.0,0.0,-1
207.0,1573.5,3,0.0,1.8,17,900.0,0.0,1
-199.0,1573.5,-5,-1.1,3.0900000000000003,58,900.0,0.0,-1
-868.0,1647.0,-17,-12.7,4.41,28,1200.0,0.0,-1
225.0,1573.5,0,-0.3,0.8100000000000002,20,900.0,0.0,-1
-217.0,1573.5,-4,-0.7,2.6100000000000003,32,900.0,0.0,-1
-342.0,1720.0,5,3.8,2.7600000000000002,57,900.0,0.0,1
209.0,1573.5,5,0.5,2.25,91,900.0,0.0,1
-20.0,1768.0,2,-0.6,0.8400000000000001,59,900.0,0.0,1
866.0,1647.0,22,20.3,6.01,79,1200.0,0.0,1
-235.0,1573.5,4,4.0,0.0,107,900.0,0.0,1
560.0,2080.0,8,7.9,0.09,79,900.0,0.0,1
229.0,1573.5,4,5.2,6.959999999999999,59,900.0,0.0,1
-221.0,1573.5,-6,-1.3,3.41,50,900.0,0.0,-1
213.0,1573.5,5,2.5,3.85,77,900.0,0.0,1
-410.0,2154.0,-7,-10.5,5.25,82,900.0,0.0,-1
-205.0,1573.5,-7,-4.5,1.65,38,900.0,0.0,-1
197.0,1573.5,3,0.8,9.36,39,900.0,0.0,1
-189.0,1573.5,-2,-2.3,0.8099999999999999,68,900.0,0.0,-1
-864.0,1647.0,-20,-20.0,0.0,70,1200.0,0.0,-1
181.0,1573.5,4,3.7,0.21000000000000002,59,900.0,0.0,1
-173.0,1573.5,-8,-1.3,5.41,28,900.0,0.0,-1
-30.0,1636.0,-7,-3.5,5.25,72,900.0,5.0,-1
165.0,1573.5,5,5.0,0.0,179,900.0,0.0,1
-122.0,1549.0,0,-1.4,8.639999999999999,46,900.0,0.0,-1
109.0,1548.5,-1,-0.5,0.85,31,900.0,0.0,1
862.0,1647.0,1,0.1,0.09,11,1200.0,0.0,1
-860.0,1647.0,-11,-8.0,5.4,64,1200.0,0.0,-1
-189.0,1573.5,0,-2.8,8.36,75,900.0,0.0,1
181.0,1573.5,4,1.3,2.6100000000000003,29,900.0,0.0,1
-173.0,1573.5,-1,-0.4,0.24000000000000005,52,900.0,0.0,-1
-62.0,1551.0,-6,-5.7,0.21000000000000002,77,900.0,0.0,-1
165.0,1573.5,-6,-5.6,6.640000000000001,37,900.0,0.0,1
-155.0,1573.5,3,3.9,7.289999999999999,44,900.0,0.0,-1
179.0,1573.5,-9,-9.0,0.0,168,900.0,0.0,-1
105.0,1985.5,5,5.3,0.8099999999999999,55,2700.0,45.0,1
435.0,1716.5,0,0.0,0.0,73,900.0,0.0,1
-171.0,1573.5,-3,-3.3,0.8099999999999999,80,900.0,0.0,-1
161.0,1573.5,1,0.0,0.6,37,900.0,0.0,1
2.0,1642.0,1,0.0,0.6,19,900.0,5.0,1
-151.0,1573.5,-4,-2.5,2.25,50,900.0,0.0,-1
141.0,1573.5,7,2.3,2.81,71,900.0,0.0,1
-131.0,1573.5,-5,2.0,5.6,86,900.0,0.0,-1
98.0,1527.0,32,27.9,4.29,71,900.0,0.0,1
121.0,1573.5,3,3.5,2.25,67,900.0,0.0,1
-127.0,1573.5,7,6.4,0.44000000000000006,105,900.0,0.0,0
-193.0,1558.5,6,7.8,2.16,91,900.0,0.0,1
117.0,1573.5,7,0.6,5.040000000000001,19,900.0,0.0,1
185.0,1558.5,3,2.6,0.8400000000000001,37,900.0,0.0,1
-86.0,1527.0,1,1.5,0.25,30,900.0,0.0,-1
-87.0,1884.5,-6,-5.4,2.2399999999999998,82,900.0,0.0,-1
86.0,1681.0,7,4.5,6.25,145,900.0,0.0,1
45.0,1664.5,-3,-2.2,14.76,58,900.0,0.0,-1
123.0,1877.5,1,1.5,2.05,38,900.0,0.0,-1
74.0,1527.0,6,8.6,5.24,51,900.0,0.0,1
-470.0,2122.0,-13,-10.6,13.440000000000001,110,900.0,0.0,-1
-175.0,1724.5,24,23.5,2.25,81,900.0,0.0,1
-112.0,1902.0,-7,-10.7,4.21,68,900.0,0.0,-1
17.0,1637.5,-10,-5.5,10.65,54,900.0,0.0,-1
374.0,1907.0,-1,-1.0,0.0,63,900.0,0.0,0
134.0,1902.0,-9,-6.9,7.6899999999999995,72,900.0,0.0,-1
-78.0,1658.0,1,0.9,0.09,81,900.0,0.0,1
12.0,2030.0,-3,-2.5,0.25,98,900.0,0.0,-1
-180.0,1568.0,11,8.0,10.2,99,900.0,0.0,1
-247.0,1961.5,-9,-7.1,0.89,44,900.0,0.0,-1
-75.0,1591.5,0,-1.3,10.609999999999998,57,900.0,0.0,1
241.0,1961.5,-3,-1.1,4.6899999999999995,55,900.0,0.0,1
36.0,1605.0,9,9.0,0.0,123,900.0,0.0,1
47.0,1862.5,-6,-5.5,0.25,38,900.0,0.0,-1
680.0,1754.0,9,0.8,9.36,37,900.0,0.0,1
114.0,1824.0,-1,-1.0,0.0,105,900.0,0.0,1
-448.0,2582.0,-12,-4.7,6.01,96,900.0,0.0,-1
-96.0,1516.0,2,1.5,0.25,81,900.0,0.0,1
407.0,2153.5,9,9.0,0.0,95,900.0,0.0,1
-364.0,1379.0,-1,0.3,0.61,31,900.0,0.0,-1
-140.0,1772.0,-3,-3.6,2.24,68,900.0,0.0,-1
203.0,1791.5,-1,-0.8,1.3600000000000003,38,900.0,0.0,-1
-269.0,2219.5,-13,-9.6,10.040000000000001,76,900.0,0.0,-1
-540.0,2083.0,-11,-10.9,0.09,86,900.0,0.0,-1
-272.0,1754.0,-3,-2.9,0.09,70,900.0,0.0,-1
171.0,1626.5,18,14.0,16.0,95,900.0,0.0,1
-272.0,1703.0,-10,-10.0,0.0,142,900.0,2.0,-1
-174.0,1764.0,1,0.8,0.7600000000000001,61,900.0,0.0,1
-377.0,2162.5,-5,-3.3,2.0100000000000002,94,900.0,0.0,-1
170.0,1801.0,4,4.0,0.0,113,900.0,0.0,1
222.0,1666.0,0,-0.1,0.09,67,900.0,2.0,-1
-152.0,1628.0,-3,-13.8,29.160000000000004,139,900.0,2.0,0
-160.0,1801.0,-1,-2.4,2.2399999999999998,100,900.0,0.0,-1
158.0,1628.0,3,3.9,0.09,140,900.0,2.0,0
221.0,1434.5,4,1.6,1.44,23,900.0,2.0,1
116.0,1754.0,1,0.3,0.20999999999999996,74,1200.0,10.0,-1
-180.0,1450.0,-8,-7.5,0.25,100,900.0,2.0,-1
150.0,1801.0,9,1.1,15.690000000000001,93,900.0,0.0,1
40.0,1631.0,3,3.0,5.0,57,900.0,0.0,1
-100.0,2295.0,-9,-2.8,12.36,64,900.0,0.0,-1
-42.0,1631.0,0,0.0,0.0,102,900.0,0.0,0
458.0,2575.0,4,1.8,1.36,86,900.0,0.0,1
39.0,1687.5,-8,-8.0,0.0,110,900.0,10.0,-1
50.0,1844.0,3,2.0,1.2,27,900.0,0.0,1
-127.0,1748.5,2,1.5,2.25,93,900.0,0.0,1
-232.0,1867.0,-9,-9.0,0.0,142,900.0,0.0,-1
89.0,1607.5,7,7.5,2.25,87,900.0,0.0,1
-109.0,1607.5,7,7.0,0.0,147,900.0,0.0,1
-280.0,1742.0,9,0.9,7.49,39,900.0,0.0,1
-54.0,1864.0,11,4.4,15.24,87,900.0,0.0,1
97.0,1607.5,10,10.0,0.0,99,900.0,0.0,1
-119.0,1607.5,9,8.1,1.29,57,900.0,0.0,1
107.0,1607.5,11,9.6,0.44000000000000006,95,900.0,0.0,1
-129.0,1607.5,9,8.3,0.21000000000000002,101,900.0,0.0,1
258.0,1867.0,-17,-16.2,0.76,80,900.0,0.0,-1
119.0,1607.5,5,7.7,5.01,131,900.0,0.0,1
-141.0,1607.5,8,5.9,1.29,51,900.0,0.0,1
131.0,1607.5,5,4.9,0.09,95,900.0,0.0,1
-153.0,1607.5,12,9.9,3.69,99,900.0,0.0,1
-252.0,1867.0,-12,-5.5,20.25,130,900.0,0.0,-1
767.0,1615.5,3,2.9,0.09,71,900.0,0.0,1
-548.0,2094.0,-5,-1.7,1.8099999999999998,40,900.0,15.0,-1
545.0,2093.5,6,1.4,2.4399999999999995,71,900.0,15.0,1
124.0,1618.0,0,0.3,0.8100000000000002,44,1200.0,0.0,-1
-90.0,1856.0,4,1.8,4.359999999999999,65,900.0,0.0,1
-767.0,1615.5,-6,-0.8,3.1600000000000006,34,900.0,0.0,-1
143.0,1607.5,10,7.8,4.16,77,900.0,0.0,1
36.0,1724.0,-2,-2.0,0.0,116,900.0,10.0,0
-334.0,1800.0,-2,-2.2,0.96,58,900.0,0.0,-1
78.0,1856.0,8,6.3,7.410000000000001,49,900.0,0.0,1
-133.0,1607.5,-19,-12.1,7.290000000000001,66,900.0,0.0,-1
37.0,1873.5,4,0.2,4.96,57,900.0,5.0,1
123.0,1607.5,10,9.4,5.040000000000001,121,900.0,0.0,1
330.0,1800.0,6,3.0,1.8,63,900.0,0.0,1
-113.0,1607.5,-12,-11.7,0.21000000000000002,132,900.0,0.0,-1
149.0,1913.5,6,4.8,2.76,59,900.0,0.0,1
101.0,1607.5,8,5.9,1.89,89,900.0,0.0,1
-89.0,1607.5,-17,-16.7,1.6099999999999999,120,900.0,0.0,-1
-345.0,1813.5,-3,-1.4,1.24,90,900.0,0.0,-1
109.0,1607.5,-6,-5.7,0.21000000000000002,70,900.0,0.0,-1
-216.0,1783.0,-1,-1.1,0.09,62,900.0,0.0,-1
-326.0,1800.0,-6,-3.7,3.0100000000000002,52,900.0,0.0,-1
212.0,1723.0,-1,-1.0,0.0,98,1200.0,10.0,-1
48.0,1864.0,-1,-3.9,8.690000000000001,80,1200.0,0.0,-1
-379.0,1747.5,-5,-0.1,3.0900000000000007,66,900.0,0.0,-1
46.0,1570.0,15,14.7,0.21000000000000002,109,900.0,2.0,1
531.0,2079.5,-1,1.0,1.8,63,900.0,0.0,1
-169.0,1848.5,-11,-10.2,3.1599999999999997,92,900.0,0.0,-1
42.0,1589.0,9,7.1,4.49,75,900.0,0.0,1
37.0,1701.5,10,0.8,12.959999999999999,49,900.0,0.0,1
187.0,1759.5,14,6.8,5.76,111,900.0,0.0,1
254.0,2215.0,19,10.5,22.25,87,900.0,0.0,1
-55.0,1701.5,4,3.9,0.09,77,900.0,0.0,1
160.0,1760.0,-3,-3.3,0.21000000000000002,82,1200.0,10.0,-1
7.0,1668.5,5,5.0,0.0,67,900.0,0.0,1
-179.0,1759.5,-10,-9.5,0.25,114,900.0,0.0,-1
122.0,1696.0,-1,-1.0,0.0,62,900.0,5.0,-1
171.0,1759.5,10,8.7,1.01,73,900.0,0.0,1
-60.0,1589.0,-2,-2.0,0.0,69,900.0,0.0,1
-161.0,1759.5,-12,-6.4,13.440000000000001,128,900.0,0.0,-1
-158.0,1813.0,-9,-3.7,4.41,54,900.0,0.0,-1
156.0,1747.0,-9,-9.0,0.0,148,900.0,0.0,-1
110.0,1719.0,-11,-2.9,7.289999999999999,70,900.0,0.0,-1
151.0,1759.5,14,8.4,13.440000000000001,105,900.0,0.0,1
85.0,2293.5,3,2.7,2.41,97,900.0,0.0,1
-141.0,1759.5,-8,-7.5,0.25,116,900.0,0.0,-1
131.0,1759.5,14,8.4,13.440000000000001,85,900.0,0.0,1
148.0,1813.0,0,-0.6,0.8400000000000001,43,900.0,0.0,1
-153.0,1759.5,10,3.3,7.209999999999999,129,900.0,0.0,1
70.0,1799.0,1,-0.4,1.04,23,1200.0,10.0,1
-98.0,1719.0,-4,-1.9,3.8899999999999997,78,900.0,0.0,-1
-38.0,1716.0,-5,0.7,4.41,36,900.0,0.0,-1
-122.0,1696.0,1,1.0,0.0,78,900.0,5.0,1
134.0,1708.0,-2,-0.8,0.36,56,900.0,0.0,-1
143.0,1759.5,8,8.0,0.0,123,900.0,0.0,1
-121.0,1544.5,-9,-9.3,0.21000000000000002,100,900.0,0.0,-1
-167.0,1759.5,8,7.1,7.290000000000001,97,900.0,0.0,1
-54.0,1757.0,4,-0.8,3.96,33,900.0,0.0,1
159.0,1765.5,-1,-1.6,2.2399999999999998,80,1200.0,10.0,-1
98.0,1614.0,5,5.7,1.61,43,900.0,0.0,1
157.0,1759.5,1,-1.0,1.8,61,900.0,0.0,1
11.0,1667.5,-4,-2.7,3.81,60,900.0,0.0,-1
-63.0,1707.5,9,0.9,7.290000000000001,55,900.0,0.0,1
-147.0,1759.5,-15,-9.3,4.21,70,900.0,0.0,-1
137.0,1759.5,10,4.4,13.440000000000001,99,900.0,0.0,1
5.0,1667.5,-3,0.0,9.4,96,900.0,0.0,-1
11.0,1667.5,-6,-6.1,1.89,43,900.0,0.0,-1
-47.0,2015.5,0,0.0,0.0,63,900.0,0.0,0
5.0,1667.5,-9,1.2,12.959999999999999,52,900.0,0.0,-1
65.0,1699.5,0,-1.2,0.9599999999999997,33,1200.0,0.0,1
-28.0,1866.0,0,0.0,0.0,58,900.0,0.0,-1
-21.0,1667.5,-1,0.9,1.6900000000000002,71,900.0,0.0,1
-18.0,1674.0,-6,-1.6,2.24,76,900.0,0.0,-1
-39.0,1869.5,2,0.3,1.6099999999999999,53,900.0,0.0,1
-40.0,1705.0,-8,-0.4,7.239999999999999,30,900.0,0.0,-1
1.0,1832.5,-18,-12.3,14.010000000000002,98,900.0,0.0,-1
26.0,1705.0,1,1.1,0.09,69,900.0,0.0,1
-167.0,1553.5,-7,-2.3,3.21,44,900.0,0.0,-1
49.0,1865.5,-6,-6.1,0.09,72,1200.0,0.0,-1
157.0,1553.5,1,1.6,2.24,63,900.0,0.0,1
47.0,1703.5,-13,-9.3,7.81,70,900.0,0.0,-1
38.0,1666.0,7,1.5,3.85,91,900.0,0.0,1
-408.0,2184.0,-8,-3.1,3.4900000000000007,72,900.0,5.0,-1
112.0,1734.0,13,6.2,32.160000000000004,45,900.0,0.0,1
-145.0,1763.5,-2,-2.0,0.0,64,900.0,0.0,-1
-33.0,1703.5,1,1.2,0.56,22,900.0,0.0,-1
241.0,1575.5,-14,-5.8,7.56,122,900.0,0.0,-1
-181.0,1553.5,5,4.2,0.36,63,900.0,0.0,1
518.0,1786.0,-1,-1.7,0.21000000000000002,115,2700.0,45.0,0
265.0,2048.5,-3,-3.3,0.41,158,3600.0,30.0,-1
-4.0,1681.0,-2,-2.0,0.0,65,900.0,0.0,-1
4.0,1675.0,7,7.0,0.0,105,900.0,0.0,1
173.0,1553.5,13,4.9,7.290000000000001,43,900.0,0.0,1
322.0,1800.0,2,0.2,7.56,53,900.0,0.0,1
393.0,1653.5,0,7.6,14.64,87,900.0,0.0,1
-1111.0,1277.5,-15,-12.5,4.65,48,900.0,0.0,-1
159.0,1751.5,3,2.3,0.21000000000000002,41,2700.0,0.0,1
18.0,1450.0,5,2.1,5.6899999999999995,114,900.0,0.0,1
-4.0,1559.0,7,6.6,0.43999999999999995,59,900.0,0.0,1
-318.0,1800.0,-2,-3.7,1.61,59,900.0,0.0,-1
-20.0,1675.0,5,0.1,3.4900000000000007,25,900.0,0.0,1
-205.0,1605.5,9,3.8,11.760000000000002,171,900.0,0.0,1
4.0,1675.0,1,0.3,0.20999999999999996,27,900.0,0.0,1
-37.0,1449.5,-1,-1.4,0.8400000000000001,13,900.0,0.0,1
197.0,1605.5,11,11.0,0.0,125,900.0,0.0,1
-20.0,1675.0,0,-1.2,0.36,53,900.0,0.0,1
-183.0,1735.5,-5,-3.2,2.16,82,900.0,0.0,-1
-574.0,2182.0,-2,-2.0,0.0,62,900.0,0.0,-1
222.0,2098.0,-4,-3.5,0.25,56,900.0,0.0,-1
-189.0,1605.5,-1,-0.2,5.76,118,900.0,0.0,-1
-12.0,1559.0,5,4.2,2.1599999999999997,71,900.0,0.0,1
4.0,1675.0,5,2.7,1.81,57,900.0,0.0,1
213.0,1605.5,0,-0.3,0.8100000000000002,18,900.0,0.0,-1
-205.0,1605.5,-5,-0.8,3.7600000000000002,46,900.0,0.0,-1
197.0,1605.5,11,3.3,66.61,59,900.0,0.0,1
-189.0,1605.5,-2,1.9,9.09,20,900.0,0.0,-1
181.0,1605.5,1,-0.5,2.85,45,900.0,0.0,1
-74.0,1500.0,-13,-13.0,0.0,128,1800.0,0.0,-1
-205.0,1605.5,10,3.0,19.4,105,900.0,0.0,1
231.0,1608.5,4,4.0,0.0,71,900.0,0.0,1
-22.0,1675.0,0,-0.5,0.25,55,900.0,0.0,1
197.0,1605.5,4,2.6,8.44,59,900.0,0.0,1
49.0,1858.5,1,0.3,0.20999999999999996,23,1200.0,0.0,1
572.0,2182.0,2,1.6,2.04,47,900.0,0.0,1
-189.0,1605.5,-4,-0.1,2.29,26,900.0,0.0,-1
75.0,1671.5,1,1.1,0.09,110,900.0,0.0,-1
181.0,1605.5,1,-0.5,3.45,57,900.0,0.0,1
-173.0,1605.5,-4,-3.5,0.25,86,900.0,0.0,-1
6.0,1675.0,8,0.0,7.4,61,900.0,0.0,1
30.0,1559.0,-7,-6.0,3.0,70,900.0,0.0,-1
-951.0,1374.5,-8,-6.6,2.04,54,900.0,0.0,-1
-85.0,1525.5,3,-0.2,1.3600000000000003,43,900.0,0.0,1
165.0,1605.5,2,0.7,1.81,97,900.0,0.0,1
-155.0,1605.5,-6,-4.5,0.65,72,900.0,0.0,-1
161.0,1605.5,3,2.1,0.09,119,900.0,0.0,0
100.0,1734.0,1,0.8,0.16,99,900.0,0.0,1
-151.0,1605.5,-14,-5.9,9.89,58,900.0,0.0,-1
-48.0,1559.0,8,6.7,4.01,107,900.0,0.0,1
141.0,1605.5,6,3.3,4.01,73,900.0,0.0,1
-45.0,1728.5,-1,-1.0,0.0,136,900.0,0.0,0
-165.0,1605.5,10,9.0,6.0,51,900.0,0.0,1
126.0,1535.0,-7,-5.5,5.25,28,900.0,0.0,-1
30.0,1070.0,5,-2.2,7.56,37,900.0,0.0,1
189.0,1605.5,-11,-7.5,7.05,116,900.0,0.0,-1
-285.0,1563.5,-5,-5.9,7.290000000000001,84,900.0,0.0,-1
-181.0,1605.5,-2,-1.4,0.8400000000000001,48,900.0,0.0,-1
0.0,1676.0,-3,-3.0,0.0,102,900.0,0.0,-1
173.0,1605.5,2,-0.9,11.69,67,900.0,0.0,1
-163.0,1605.5,-2,-2.0,0.0,152,900.0,0.0,-1
68.0,1559.0,-14,-6.8,5.76,160,900.0,0.0,-1
-23.0,1701.5,-6,-1.3,3.21,46,900.0,0.0,-1
153.0,1605.5,7,5.1,6.290000000000001,63,900.0,0.0,1
-143.0,1605.5,-1,0.2,0.96,36,900.0,0.0,-1
-366.0,1648.0,-11,-10.8,1.7599999999999998,68,900.0,0.0,-1
145.0,1499.5,7,3.2,3.96,69,1200.0,0.0,1
133.0,1605.5,13,8.4,2.44,129,900.0,0.0,1
-43.0,1821.5,-11,-2.6,8.040000000000001,106,900.0,0.0,-1
56.0,1732.0,-1,0.6,1.64,36,900.0,0.0,-1
322.0,1824.0,7,2.1,4.69,33,900.0,0.0,1
-123.0,1605.5,-9,-0.5,8.45,30,900.0,0.0,-1
145.0,1605.5,-6,-2.5,11.45,32,900.0,0.0,-1
-135.0,1605.5,-5,-2.9,7.6899999999999995,120,900.0,0.0,-1
-15.0,1675.5,2,2.9,7.289999999999999,75,900.0,0.0,1
3.0,1558.5,7,5.5,1.05,79,900.0,0.0,1
157.0,1605.5,-11,-9.4,0.43999999999999995,36,900.0,0.0,-1
-76.0,1716.0,-8,-3.0,11.2,38,900.0,0.0,-1
518.0,1725.0,14,11.6,13.440000000000001,107,900.0,0.0,1
-181.0,1605.5,12,10.3,1.6099999999999999,127,900.0,0.0,1
-120.0,1769.0,-2,-2.5,2.25,100,1200.0,0.0,-1
173.0,1605.5,11,4.8,5.5600000000000005,57,900.0,0.0,1
-165.0,1605.5,-8,-5.5,6.85,44,900.0,0.0,-1
155.0,1605.5,5,0.4,2.4399999999999995,43,900.0,0.0,1
-573.0,2538.5,-9,-4.6,11.040000000000001,58,900.0,1.0,-1
-1.0,1675.5,-2,0.1,2.0900000000000003,43,900.0,0.0,1
-145.0,1605.5,-7,-0.8,5.36,58,900.0,0.0,-1
135.0,1605.5,5,3.6,6.239999999999999,115,900.0,0.0,1
-24.0,1989.0,0,-0.6,1.44,53,900.0,0.0,1
-79.0,1547.5,-6,-1.5,18.45,33,900.0,0.0,-1
17.0,1675.5,-3,-0.3,2.6100000000000003,32,900.0,0.0,-1
63.0,1820.5,-4,-3.0,2.8,76,900.0,0.0,-1
26.0,1989.0,0,-0.1,0.09,57,900.0,0.0,0
-20.0,1649.0,-1,-1.2,0.16,66,1200.0,10.0,-1
-570.0,2182.0,0,0.0,0.0,72,900.0,0.0,-1
-241.0,1964.5,-7,-2.8,3.96,86,900.0,0.0,-1
-125.0,1605.5,-6,-2.9,3.4900000000000007,56,900.0,0.0,-1
115.0,1605.5,-2,-2.0,0.0,51,900.0,0.0,1
-103.0,1605.5,-3,0.1,1.8900000000000001,52,900.0,0.0,-1
91.0,1605.5,5,3.8,0.76,87,900.0,0.0,1
-28.0,1989.0,1,1.0,0.0,90,900.0,0.0,0
-79.0,1605.5,-1,-0.4,6.24,120,900.0,0.0,-1
156.0,1746.0,2,0.9,3.69,49,1200.0,10.0,1
67.0,1605.5,2,2.8,0.5599999999999999,81,900.0,0.0,1
568.0,2182.0,1,1.0,0.0,85,900.0,0.0,1
-24.0,1695.0,0,0.0,0.0,66,900.0,0.0,0
-87.0,1605.5,11,7.4,5.64,107,900.0,0.0,1
-3.0,1652.5,7,6.5,1.85,79,1200.0,10.0,1
-364.0,1877.0,-3,-3.0,0.0,61,2700.0,45.0,1
235.0,1964.5,5,5.0,0.0,75,900.0,0.0,1
-109.0,1526.5,-14,-14.0,0.0,158,900.0,0.0,-1
8.0,1695.0,2,1.0,1.6,17,900.0,0.0,1
75.0,1605.5,0,-0.1,0.09,71,900.0,0.0,1
-8.0,1679.0,-3,-2.0,1.0,24,900.0,0.0,-1
30.0,1989.0,0,0.0,0.0,95,900.0,0.0,0
-61.0,1605.5,-1,-1.0,0.0,54,900.0,0.0,-1
-77.0,1512.5,-1,-0.4,0.8400000000000001,26,900.0,0.0,-1
52.0,1707.0,-8,-4.9,8.29,64,900.0,0.0,-1
346.0,1649.0,6,4.0,8.8,45,900.0,0.0,1
213.0,1746.5,6,5.2,3.16,91,900.0,0.0,1
-205.0,1746.5,-11,-10.5,5.45,110,900.0,0.0,-1
-23.0,1849.5,-4,-2.5,2.25,25,900.0,0.0,1
41.0,1849.5,-6,-6.0,0.0,82,900.0,0.0,-1
283.0,1704.5,1,0.8,0.9599999999999997,51,900.0,0.0,1
240.0,1836.0,0,0.0,0.0,10,900.0,0.0,1
-32.0,1989.0,-1,-1.0,0.0,99,900.0,0.0,0
-534.0,1984.0,0,0.0,0.0,16,900.0,0.0,-1
-541.0,2194.5,-4,0.3,2.21,118,900.0,5.0,-1
532.0,1984.0,5,3.2,1.3599999999999999,79,900.0,0.0,1
18.0,1484.0,6,2.7,2.6100000000000003,37,900.0,0.0,1
248.0,2209.0,4,4.0,0.0,87,900.0,0.0,1
-2.0,1484.0,-2,-0.4,0.44000000000000006,112,900.0,0.0,-1
117.0,1892.5,3,3.0,0.0,61,900.0,0.0,1
75.0,1671.5,-8,-8.0,0.0,118,900.0,0.0,-1
339.0,1660.5,-8,-6.1,1.89,120,1800.0,3.0,-1
-79.0,1671.5,-1,-1.0,0.0,183,900.0,0.0,0
65.0,1671.5,16,5.9,21.29,123,900.0,0.0,1
-66.0,1830.0,-1,-0.7,1.4100000000000001,21,900.0,0.0,-1
-51.0,1671.5,-14,-8.4,13.440000000000001,124,900.0,0.0,-1
71.0,2291.5,4,2.7,1.21,109,900.0,0.0,1
-139.0,1892.5,-4,-4.0,0.0,67,900.0,0.0,1
37.0,1671.5,7,6.9,0.09,183,900.0,0.0,1
92.0,1953.0,4,2.0,4.2,45,900.0,0.0,1
51.0,1830.5,10,1.8,7.56,41,900.0,0.0,1
539.0,2194.5,3,0.0,1.2,93,900.0,5.0,1
-21.0,1671.5,-8,-8.3,0.8099999999999999,120,900.0,0.0,-1
39.0,1671.5,-14,-1.5,27.05,86,900.0,0.0,-1
335.0,1652.5,-4,-1.7,1.4099999999999997,13,900.0,0.0,1
-25.0,1671.5,-7,-6.2,2.1599999999999997,72,900.0,0.0,-1
-116.0,1728.0,0,-0.6,0.43999999999999995,31,900.0,0.0,1
-357.0,1665.5,-4,-0.3,3.21,28,900.0,0.0,-1
240.0,1716.0,0,0.0,0.0,112,900.0,0.0,0
353.0,1665.5,5,-0.7,11.010000000000002,59,900.0,0.0,1
148.0,1733.0,1,0.2,0.16000000000000003,36,900.0,0.0,-1
-141.0,1583.5,-5,-1.0,2.8,30,900.0,0.0,-1
-327.0,1654.5,-5,-0.1,3.4900000000000007,50,900.0,0.0,-1
-198.0,1741.0,12,12.0,0.0,83,900.0,0.0,1
-75.0,1952.5,3,6.1,2.69,105,900.0,5.0,1
-3.0,1685.5,1,-0.5,1.05,36,900.0,0.0,-1
-475.0,2565.5,-4,-3.4,0.64,101,900.0,0.0,-1
-64.0,1619.0,10,5.4,8.64,89,900.0,0.0,1
158.0,1752.0,11,5.7,14.61,45,900.0,0.0,1
84.0,1619.0,-8,-8.0,0.0,150,900.0,0.0,-1
-238.0,1840.0,-13,-6.8,5.5600000000000005,56,900.0,0.0,-1
366.0,1748.0,0,-0.5,2.25,67,900.0,0.0,1
34.0,1711.0,3,2.0,0.6,81,900.0,0.0,1
28.0,1688.0,-5,-3.1,0.49000000000000005,80,900.0,0.0,-1
-58.0,1697.0,-11,-9.8,0.76,114,900.0,0.0,-1
-209.0,1747.5,-9,-0.5,8.85,34,900.0,0.0,-1
-280.0,1704.0,12,5.5,14.65,171,900.0,0.0,1
95.0,1952.5,-13,-6.1,26.890000000000004,142,900.0,10.0,-1
78.0,1697.0,-16,-11.2,6.56,66,900.0,0.0,-1
232.0,1840.0,5,4.9,0.09,61,900.0,0.0,1
782.0,1454.0,5,3.8,2.16,49,900.0,0.0,1
-18.0,1711.0,-3,-3.5,2.25,50,900.0,0.0,-1
225.0,1607.5,2,2.5,2.25,111,900.0,0.0,1
-46.0,1688.0,3,2.8,1.7600000000000002,73,900.0,0.0,1
161.0,1495.5,0,-0.3,0.20999999999999996,10,900.0,0.0,1
-68.0,1455.0,-3,-2.6,2.04,46,900.0,0.0,-1
32.0,1688.0,7,0.1,5.890000000000001,53,900.0,0.0,1
-179.0,1758.5,21,8.2,28.160000000000004,119,900.0,0.0,0
-50.0,1688.0,5,4.1,0.09,65,900.0,0.0,1
62.0,1527.0,1,1.0,0.0,59,900.0,0.0,1
36.0,1688.0,1,0.0,4.0,63,900.0,0.0,1
-22.0,1688.0,-7,-3.6,7.44,36,900.0,0.0,-1
-1.0,1504.5,-1,0.5,10.85,60,900.0,0.0,-1
130.0,1769.0,12,6.4,13.440000000000001,119,900.0,0.0,1
-170.0,1779.0,2,1.8,1.3600000000000003,37,900.0,0.0,1
-111.0,1637.5,-11,-7.0,4.6,60,900.0,0.0,-1
283.0,1802.5,17,9.8,5.76,99,900.0,0.0,1
88.0,1965.0,9,5.1,31.29,112,900.0,0.0,-1
118.0,1512.0,-9,-6.0,4.0,104,900.0,0.0,-1
-36.0,1652.0,10,9.1,0.09,99,900.0,0.0,1
99.0,1637.5,7,6.2,2.1599999999999997,69,900.0,0.0,1
293.0,1234.5,25,23.4,8.04,45,900.0,0.0,1
-287.0,1234.5,-6,-5.1,7.290000000000001,68,900.0,0.0,-1
564.0,2181.0,1,1.1,0.09,60,900.0,0.0,1
-129.0,1764.5,-1,-1.0,0.0,90,900.0,0.0,-1
-151.0,1512.5,8,8.0,0.0,75,900.0,0.0,1
-258.0,1604.0,-6,-6.0,0.0,110,900.0,0.0,-1
-237.0,2206.5,-15,-4.9,14.09,152,900.0,0.0,-1
135.0,1512.5,0,-0.7,0.21000000000000002,47,900.0,0.0,1
-562.0,2181.0,-2,-2.0,0.0,98,900.0,0.0,-1
156.0,1709.0,0,0.0,0.0,127,900.0,0.0,0
-87.0,1637.5,-11,-9.7,4.01,38,900.0,0.0,-1
123.0,1889.5,0,0.0,5.4,33,900.0,0.0,1
11.0,1690.5,3,1.7,11.610000000000001,51,900.0,0.0,1
-25.0,1613.5,-4,-3.5,2.25,84,900.0,0.0,-1
-111.0,1889.5,-9,-6.9,1.89,50,900.0,0.0,-1
-29.0,1690.5,6,2.6,1.44,39,900.0,0.0,1
280.0,1961.0,-4,-3.1,1.89,82,900.0,0.0,-1
513.0,1687.5,2,0.6,6.639999999999999,21,900.0,0.0,1
15.0,1675.5,-2,-2.0,0.0,90,900.0,0.0,-1
9.0,1613.5,6,5.0,0.2,63,900.0,0.0,1
5.0,1694.5,-4,-3.9,2.09,51,900.0,0.0,1
36.0,1529.0,5,2.8,2.76,59,900.0,0.0,1
12.0,1645.0,9,4.5,2.25,147,900.0,0.0,1
268.0,1468.0,19,19.3,0.8099999999999999,56,900.0,0.0,1
10.0,1671.0,-4,-0.1,3.09,44,900.0,0.0,-1
7.0,1613.5,-13,-8.6,21.04,44,900.0,0.0,-1
16.0,1676.0,-4,-3.1,0.09,96,900.0,0.0,-1
-274.0,1961.0,-1,-0.5,2.25,56,900.0,0.0,-1
109.0,1757.5,3,2.5,0.25,61,1200.0,0.0,1
-112.0,1997.0,-1,-1.0,0.0,162,2700.0,45.0,-1
281.0,1234.5,25,23.4,8.04,45,900.0,0.0,1
-275.0,1234.5,-23,-22.2,5.76,138,900.0,0.0,-1
269.0,1234.5,24,23.7,0.21000000000000002,47,900.0,0.0,1
-263.0,1234.5,-21,-21.3,0.8099999999999999,76,900.0,0.0,-1
-48.0,1860.0,6,3.5,1.85,54,900.0,0.0,-1
632.0,1404.0,-3,-3.8,0.15999999999999998,190,900.0,0.0,-1
372.0,1660.0,0,0.0,0.0,47,900.0,0.0,1
-97.0,1757.5,-3,-2.9,0.09,74,1200.0,0.0,-1
50.0,1860.0,-3,-2.7,0.8099999999999999,73,900.0,0.0,0
386.0,1669.0,-1,-0.4,0.24000000000000005,37,900.0,0.0,1
-70.0,1860.0,7,4.6,8.040000000000001,40,900.0,0.0,1
-274.0,1791.0,-1,-0.9,0.09,92,900.0,0.0,-1
-466.0,1710.0,-20,-14.7,8.41,62,900.0,0.0,-1
-246.0,1736.0,-9,-9.0,0.0,98,900.0,0.0,-1
-83.0,1952.5,0,-0.8,0.16,104,900.0,5.0,-1
-217.0,1729.5,-9,-2.4,5.039999999999999,122,900.0,0.0,-1
56.0,1860.0,-2,-1.9,0.09,109,900.0,0.0,1
347.0,2149.5,12,6.8,6.960000000000001,83,900.0,0.0,1
-88.0,1756.0,2,2.0,0.0,124,900.0,10.0,-1
240.0,1736.0,1,-0.3,4.21,55,900.0,0.0,1
158.0,1754.0,6,5.2,3.16,91,900.0,0.0,1
-58.0,1963.0,10,1.8,7.56,49,900.0,0.0,1
174.0,1800.0,4,2.2,2.16,53,1200.0,0.0,1
103.0,1952.5,-4,-3.2,0.76,104,900.0,5.0,-1
58.0,1796.0,3,0.6,1.44,37,900.0,0.0,1
-233.0,1736.5,-10,-4.7,12.809999999999999,96,900.0,0.0,-1
369.0,2136.5,14,12.8,8.76,89,900.0,0.0,1
-83.0,1594.5,-12,-12.0,0.0,178,900.0,2.0,-1
45.0,1683.5,9,1.8,6.36,31,900.0,0.0,1
103.0,1594.5,-13,-10.6,5.84,102,900.0,2.0,-1
108.0,1756.0,7,4.5,2.05,64,1200.0,10.0,-1
-91.0,1594.5,0,0.2,0.16000000000000003,48,900.0,2.0,-1
-29.0,2334.5,1,1.0,0.0,160,900.0,0.0,0
372.0,1665.0,7,6.7,0.8099999999999999,69,900.0,0.0,1
79.0,1594.5,3,0.0,2.4,53,900.0,2.0,1
-100.0,1595.0,4,4.0,0.0,115,900.0,2.0,1
-132.0,1550.0,-13,-11.7,3.81,82,900.0,0.0,-1
-279.0,1745.5,-1,-1.0,1.6,31,900.0,0.0,-1
90.0,1994.0,2,1.7,0.8100000000000002,49,2700.0,45.0,1
-11.0,1796.5,-1,-2.7,11.61,64,1200.0,10.0,-1
340.0,2148.0,-2,-0.5,1.05,59,900.0,0.0,1
-30.0,1808.0,10,9.5,2.25,93,1200.0,10.0,1
-215.0,1579.5,9,6.1,6.890000000000001,105,900.0,0.0,1
316.0,1717.0,-8,-7.6,0.24,115,1200.0,20.0,1
207.0,1579.5,18,14.6,11.040000000000001,89,900.0,0.0,1
539.0,1828.5,7,5.4,9.24,49,1200.0,20.0,1
80.0,1823.0,-9,-9.2,0.96,78,1200.0,10.0,-1
-164.0,1546.0,8,7.2,1.56,85,900.0,0.0,1
-42.0,1811.0,1,1.0,0.0,66,1200.0,10.0,-1
-148.0,1604.0,-4,-2.8,2.16,74,900.0,0.0,-1
-119.0,1725.5,-6,-1.5,2.45,42,900.0,0.0,-1
-758.0,2219.0,-6,-1.0,3.0,22,900.0,0.0,-1
141.0,1725.5,-3,-2.0,2.8,39,1200.0,10.0,-1
11.0,1558.5,7,7.1,0.09,73,900.0,2.0,1
-164.0,1726.0,2,0.9,3.0900000000000007,55,900.0,0.0,1
402.0,1350.0,2,1.9,7.489999999999999,39,900.0,2.0,1
294.0,1701.0,14,14.0,0.0,143,900.0,2.0,1
276.0,1705.0,12,10.2,0.96,73,900.0,0.0,1
-270.0,1705.0,-12,-12.0,0.0,122,900.0,0.0,-1
-275.0,1710.5,-14,-6.8,5.76,112,900.0,0.0,-1
-222.0,1669.0,-18,-18.0,0.0,110,900.0,2.0,-1
248.0,1669.0,0,-0.4,0.8400000000000001,30,900.0,2.0,-1
-31.0,1905.5,-21,-15.3,14.010000000000002,84,1200.0,0.0,-1
246.0,1675.0,0,2.9,6.890000000000001,130,900.0,0.0,0
-128.0,1755.0,10,3.7,11.61,91,1200.0,10.0,1
212.0,2208.0,1,1.6,0.24,59,900.0,0.0,1
-237.0,1799.5,-10,-6.6,8.84,128,900.0,0.0,-1
196.0,1730.0,13,9.1,3.29,49,900.0,0.0,1
-180.0,1630.0,11,2.9,7.289999999999999,179,900.0,0.0,1
-247.0,1671.5,-11,-8.8,2.7600000000000002,56,900.0,2.0,-1
113.0,1766.5,-5,-1.8,11.76,56,900.0,0.0,-1
-130.0,1611.0,-10,-10.0,0.0,82,900.0,0.0,-1
249.0,1667.5,5,3.2,3.56,95,900.0,0.0,1
180.0,1598.0,-8,-3.0,10.4,38,900.0,0.0,-1
-358.0,2133.0,-10,-7.9,7.290000000000001,100,900.0,0.0,-1
118.0,1755.0,5,4.1,0.09,49,1200.0,10.0,1
409.0,1732.5,-2,0.1,7.290000000000001,46,900.0,0.0,-1
-135.0,1766.5,0,0.0,0.0,37,900.0,0.0,1
20.0,1706.0,8,3.5,9.45,65,900.0,0.0,1
-138.0,1602.0,-9,-5.9,5.49,98,900.0,0.0,-1
140.0,1621.0,5,1.9,10.690000000000001,73,900.0,0.0,1
-130.0,1621.0,3,2.6,0.24,58,900.0,0.0,-1
103.0,1613.5,12,12.0,0.0,133,900.0,0.0,1
-32.0,1841.0,4,4.2,0.15999999999999998,53,900.0,0.0,1
-48.0,1701.0,6,2.9,3.0900000000000003,85,900.0,0.0,1
-222.0,1677.0,-16,-15.2,5.76,118,900.0,0.0,-1
51.0,1666.5,6,4.8,1.7600000000000002,77,900.0,0.0,1
34.0,1701.0,7,7.0,0.0,95,900.0,0.0,1
248.0,1677.0,-3,-0.9,1.8900000000000001,16,900.0,0.0,-1
-274.0,1677.0,6,5.8,0.15999999999999998,89,900.0,0.0,1
114.0,1586.0,0,-0.4,0.24000000000000005,40,900.0,0.0,-1
-136.0,1586.0,11,8.3,17.01,29,900.0,0.0,1
158.0,1586.0,-8,-6.9,1.69,66,900.0,0.0,-1
-11.0,1678.5,4,3.2,0.15999999999999998,144,900.0,0.0,-1
144.0,1607.0,18,12.9,7.49,129,900.0,0.0,1
135.0,1620.5,12,12.0,0.0,139,900.0,2.0,1
-47.0,1518.5,11,11.0,0.0,97,900.0,0.0,1
-134.0,1607.0,-13,-12.3,0.21000000000000002,190,900.0,0.0,-1
124.0,1607.0,8,3.5,2.25,141,900.0,0.0,1
67.0,1518.5,-9,-7.5,9.45,78,900.0,0.0,-1
-146.0,1607.0,8,7.3,0.21000000000000002,151,900.0,0.0,1
-157.0,1620.5,3,0.0,1.8,33,900.0,2.0,1
164.0,1621.0,3,3.5,2.25,116,900.0,2.0,0
136.0,1607.0,14,5.8,7.56,97,900.0,0.0,1
-87.0,1518.5,1,-0.4,0.43999999999999995,63,900.0,0.0,1
-126.0,1607.0,2,2.7,0.21000000000000002,64,900.0,0.0,-1
116.0,1607.0,8,7.1,0.09,91,900.0,0.0,1
-138.0,1607.0,2,-2.8,2.7600000000000002,121,900.0,0.0,1
91.0,1518.5,-4,-3.1,0.09,126,900.0,0.0,0
128.0,1607.0,7,6.5,0.25,87,900.0,0.0,1
-118.0,1607.0,-12,-7.4,21.240000000000002,92,900.0,0.0,-1
-79.0,1645.5,1,-2.6,5.840000000000001,49,900.0,0.0,1
140.0,1607.0,-10,-8.9,1.29,62,900.0,0.0,-1
-16.0,1684.0,23,11.7,31.01,49,900.0,0.0,1
12.0,1694.0,-1,-0.3,0.20999999999999996,58,900.0,10.0,-1
384.0,1345.0,1,0.5,0.25,29,900.0,2.0,1
-130.0,1607.0,-2,-2.3,2.21,116,900.0,0.0,-1
120.0,1607.0,19,9.8,15.959999999999999,141,900.0,0.0,1
-79.0,1518.5,-2,-0.8,2.7600000000000002,34,900.0,0.0,-1
65.0,1518.5,7,2.1,9.690000000000001,21,900.0,0.0,1
43.0,1861.5,0,-0.6,0.24000000000000005,68,1200.0,0.0,1
-51.0,1518.5,-7,-2.9,2.69,66,900.0,0.0,-1
190.0,1620.0,1,1.0,0.0,56,900.0,2.0,-1
37.0,1518.5,4,-0.5,2.25,73,900.0,0.0,1
-182.0,1620.0,-21,-20.2,5.76,134,900.0,2.0,-1
-108.0,1607.0,-20,-12.0,12.8,144,900.0,0.0,-1
188.0,1742.0,0,1.4,8.639999999999999,79,900.0,0.0,1
-135.0,1567.5,-1,-1.0,0.0,62,900.0,5.0,-1
135.0,1567.5,1,1.0,0.0,65,900.0,5.0,1
165.0,1645.5,2,1.9,1.09,47,900.0,0.0,1
-62.0,1507.0,12,12.0,0.0,179,900.0,2.0,1
-135.0,1567.5,-2,-1.3,0.61,88,900.0,5.0,-1
96.0,1607.0,4,2.0,1.8,69,900.0,0.0,1
-84.0,1607.0,-11,-8.4,0.8400000000000001,80,900.0,0.0,-1
104.0,1607.0,-10,-7.1,3.69,86,900.0,0.0,-1
-92.0,1607.0,-13,-12.5,0.25,154,900.0,0.0,-1
-155.0,1645.5,-2,-1.3,1.0100000000000002,46,900.0,0.0,-1
-189.0,1582.5,6,4.2,1.56,71,900.0,0.0,1
80.0,1607.0,4,2.7,2.0100000000000002,37,900.0,0.0,1
-341.0,1874.5,-7,-5.5,5.25,56,2700.0,45.0,-1
-66.0,1607.0,-13,-10.0,1.2,104,900.0,0.0,-1
145.0,1645.5,1,0.7,0.8099999999999999,39,900.0,0.0,1
52.0,1607.0,3,2.9,0.49000000000000005,125,900.0,0.0,1
272.0,2275.0,-5,-1.3,4.610000000000001,45,900.0,0.0,1
-72.0,1607.0,5,1.0,4.0,75,900.0,0.0,1
92.0,1607.0,-13,-1.6,29.040000000000003,114,900.0,0.0,-1
30.0,1834.0,-18,-16.2,8.76,94,900.0,0.0,-1
-8.0,1688.0,-1,0.0,0.2,46,900.0,0.0,-1
-183.0,1756.5,6,1.0,5.0,103,900.0,0.0,1
20.0,1555.0,8,0.7,6.01,43,900.0,0.0,1
-16.0,1841.0,0,-0.5,0.85,70,900.0,0.0,-1
-3.0,1876.5,8,1.3,19.810000000000002,62,1200.0,0.0,1
71.0,1686.5,-1,-1.0,0.0,91,900.0,0.0,0
175.0,1756.5,9,7.0,6.6,81,900.0,0.0,1
-148.0,1760.0,-4,-4.8,0.15999999999999998,108,900.0,0.0,-1
214.0,1676.0,4,3.3,0.21000000000000002,69,900.0,0.0,1
-91.0,1686.5,14,5.8,7.56,35,900.0,0.0,1
-87.0,1717.5,-2,-2.7,8.010000000000002,88,900.0,0.0,-1
-173.0,1511.5,-9,-3.1,8.89,99,900.0,0.0,-1
287.0,1787.5,4,1.6,5.84,45,900.0,0.0,1
17.0,1657.5,1,1.0,0.0,69,900.0,0.0,1
162.0,1756.0,0,0.0,0.0,118,900.0,0.0,0
163.0,1511.5,9,8.7,0.21000000000000002,57,900.0,0.0,1
70.0,1644.0,-10,-8.8,11.16,44,900.0,0.0,-1
558.0,2180.0,0,-0.7,1.4099999999999997,43,900.0,0.0,1
73.0,1839.5,3,3.0,0.0,112,1200.0,0.0,0
195.0,1742.5,6,5.2,3.16,91,900.0,0.0,1
0.0,1601.0,3,0.2,0.96,11,900.0,0.0,1
381.0,1656.5,10,9.7,0.21000000000000002,151,900.0,0.0,1
-187.0,1742.5,-11,-10.1,0.09,60,900.0,0.0,-1
27.0,1670.5,-7,-2.5,2.25,102,900.0,0.0,-1
-972.0,2302.0,-5,-1.6,5.04,38,900.0,5.0,-1
-46.0,1655.0,7,0.9,5.489999999999999,59,900.0,0.0,1
-11.0,1670.5,-8,-0.7,6.01,56,900.0,0.0,-1
152.0,1756.0,3,2.1,0.09,143,900.0,0.0,1
-134.0,1577.0,-3,1.5,2.25,120,900.0,0.0,-1
29.0,1670.5,-8,-0.8,5.76,86,900.0,0.0,-1
42.0,2284.0,7,5.6,0.44000000000000006,87,900.0,0.0,1
253.0,1807.5,3,1.6,0.44000000000000006,75,900.0,7.0,1
59.0,1619.5,0,0.0,0.0,39,900.0,0.0,1
15.0,1647.5,8,0.4,8.639999999999999,83,900.0,0.0,1
21.0,1590.5,0,0.0,0.0,109,900.0,0.0,0
-873.0,2367.5,1,1.0,0.0,145,900.0,5.0,0
-93.0,1632.5,-2,-1.4,0.24,119,900.0,0.0,-1
-9.0,1682.5,8,7.5,0.25,173,900.0,0.0,1
-25.0,1660.5,7,6.6,0.24,144,900.0,0.0,-1
-46.0,1679.0,-3,-3.2,0.15999999999999998,90,900.0,0.0,-1
184.0,1740.0,6,5.2,3.16,91,900.0,0.0,1
-78.0,1955.0,3,1.5,2.25,39,900.0,0.0,1
25.0,1628.5,6,5.4,0.44000000000000006,79,900.0,0.0,1
-235.0,1793.5,-10,-5.0,15.8,68,900.0,0.0,-1
323.0,2141.5,4,2.9,1.29,91,900.0,0.0,1
191.0,1740.5,10,8.4,0.43999999999999995,117,900.0,0.0,1
-183.0,1740.5,-9,-5.0,16.0,178,900.0,0.0,-1
-12.0,1662.0,-3,0.8,2.16,68,900.0,0.0,-1
-163.0,1561.5,-10,-10.0,0.0,52,900.0,0.0,-1
468.0,1866.0,15,6.3,8.809999999999999,35,900.0,0.0,1
175.0,1740.5,7,6.9,0.09,107,900.0,0.0,1
169.0,1759.5,-1,0.9,2.49,74,900.0,0.0,-1
-103.0,1805.5,0,-0.4,0.8400000000000001,43,900.0,0.0,1
-199.0,1740.5,16,12.0,16.0,117,900.0,0.0,1
8.0,1845.0,9,1.4,6.639999999999999,53,900.0,0.0,1
25.0,1667.5,0,-0.9,0.09,131,900.0,0.0,0
191.0,1740.5,7,5.4,0.43999999999999995,103,900.0,0.0,1
-215.0,1740.5,-2,-1.8,0.96,67,900.0,0.0,1
-9.0,1667.5,-2,-1.9,0.09,92,900.0,0.0,-1
453.0,2231.5,7,3.6,12.239999999999998,51,900.0,5.0,1
-42.0,1945.0,2,2.4,2.4399999999999995,82,900.0,0.0,-1
498.0,2553.0,8,2.3,8.209999999999999,70,900.0,0.0,1
-147.0,1746.5,-9,-6.0,6.0,64,900.0,0.0,-1
0.0,1664.0,2,1.8,2.16,77,900.0,0.0,1
-451.0,2231.5,-2,-0.8,7.56,46,900.0,5.0,-1
152.0,1569.0,1,-0.2,0.96,31,1200.0,10.0,1
137.0,1746.5,3,2.5,0.25,77,900.0,0.0,1
-107.0,1946.5,-2,-2.0,0.0,104,900.0,5.0,-1
-111.0,1618.5,8,-0.1,7.290000000000001,83,900.0,0.0,1
111.0,1571.5,1,0.3,0.20999999999999996,77,900.0,0.0,1
90.0,1624.0,13,9.0,16.0,91,900.0,0.0,1
-29.0,1987.5,-2,-0.8,0.76,40,900.0,0.0,-1
13.0,1987.5,14,6.5,6.45,99,900.0,0.0,1
-28.0,1669.0,0,2.1,1.89,71,900.0,0.0,1
-724.0,1879.0,-9,-4.3,3.21,50,1980.0,33.0,-1
-159.0,1746.5,0,-1.3,2.41,95,900.0,0.0,1
-347.0,1771.5,-3,-3.5,0.25,51,900.0,0.0,1
87.0,1950.5,3,0.6,1.44,21,900.0,5.0,1
-75.0,1950.5,-2,-2.0,0.0,100,900.0,5.0,-1
-151.0,1843.5,0,0.0,0.0,12,900.0,15.0,-1
-31.0,1987.5,7,1.3,4.61,81,900.0,0.0,1
38.0,1673.0,-4,-4.0,0.0,80,900.0,0.0,-1
-47.0,1814.5,-2,-1.9,4.29,44,900.0,0.0,-1
-141.0,1567.5,13,8.0,10.8,99,900.0,0.0,1
4.0,1839.0,1,-0.7,7.410000000000001,89,900.0,0.0,1
33.0,1987.5,0,0.0,0.0,91,900.0,0.0,0
-56.0,1673.0,15,6.1,9.49,43,900.0,0.0,1
343.0,1664.5,-1,-1.1,0.09,119,900.0,0.0,1
-554.0,2179.0,-3,-3.0,0.0,82,900.0,0.0,-1
200.0,1581.0,-10,-2.8,5.76,144,900.0,0.0,-1
70.0,1686.0,8,1.7,6.209999999999999,31,900.0,5.0,1
173.0,1745.5,-1,0.0,7.2,87,900.0,0.0,1
635.0,1986.5,5,0.2,3.3600000000000003,39,900.0,0.0,1
-8.0,2000.0,-4,-2.1,0.49000000000000005,154,900.0,5.0,-1
191.0,1585.5,4,4.0,0.0,116,2700.0,0.0,-1
-208.0,1581.0,0,0.0,0.0,40,900.0,0.0,0
552.0,2179.0,-3,-2.3,1.21,33,900.0,0.0,1
-163.0,1745.5,-1,0.0,0.6,24,900.0,0.0,-1
-164.0,1552.0,-11,-10.9,0.09,102,900.0,0.0,-1
200.0,1581.0,-4,-4.0,0.2,94,900.0,0.0,1
97.0,1872.5,-1,-1.0,0.0,58,900.0,0.0,0
-87.0,1683.5,-9,-9.0,0.0,102,900.0,0.0,-1
-24.0,1624.0,-10,-1.7,9.010000000000002,50,900.0,0.0,-1
107.0,1683.5,0,-2.4,1.44,70,900.0,0.0,-1
45.0,1677.5,-6,-5.9,0.09,136,900.0,0.0,-1
-109.0,1963.5,-2,-2.0,0.0,118,900.0,0.0,-1
-496.0,2553.0,-5,1.3,11.61,59,900.0,0.0,-1
150.0,1550.0,20,17.1,2.29,67,900.0,0.0,1
-12.0,1631.0,19,11.8,5.76,105,900.0,0.0,0
79.0,1999.5,2,0.8,3.96,49,2700.0,45.0,1
482.0,2213.0,3,1.7,4.61,55,900.0,0.0,1
-480.0,2213.0,-4,-2.5,0.65,106,900.0,0.0,-1
66.0,1704.0,3,0.6,1.44,35,900.0,0.0,1
31.0,1995.5,0,0.0,0.0,189,900.0,0.0,1
-198.0,1578.0,-12,-6.8,18.16,44,900.0,0.0,-1
-136.0,1552.0,-10,-7.6,8.84,70,900.0,0.0,-1
185.0,1580.5,11,10.7,0.8099999999999999,69,900.0,0.0,1
-49.0,1962.5,-1,-1.1,0.29,48,1200.0,0.0,-1
244.0,1213.0,26,19.7,12.809999999999999,47,900.0,0.0,1
-49.0,1995.5,0,0.5,2.25,53,900.0,0.0,1
69.0,1995.5,-3,0.2,3.3600000000000003,66,900.0,0.0,-1
-25.0,1631.5,-4,0.5,6.45,58,900.0,0.0,-1
43.0,1631.5,-2,-1.8,3.3600000000000003,54,900.0,0.0,-1
288.0,1814.0,8,1.3,7.410000000000001,55,900.0,0.0,1
-29.0,1631.5,-3,-3.3,0.8099999999999999,56,900.0,0.0,-1
-45.0,1590.5,-12,-10.5,1.05,96,900.0,0.0,-1
31.0,1590.5,13,9.4,13.040000000000001,111,900.0,0.0,1
-255.0,1946.5,0,0.4,2.04,124,900.0,0.0,0
-49.0,1590.5,3,3.0,0.0,125,900.0,0.0,1
13.0,1631.5,4,3.6,12.240000000000002,57,900.0,0.0,1
35.0,1590.5,12,12.0,0.0,75,900.0,0.0,1
-19.0,1590.5,-1,0.0,7.2,42,900.0,0.0,-1
37.0,1590.5,-17,-11.4,13.440000000000001,148,900.0,0.0,-1
-20.0,1620.0,0,0.6,0.8400000000000001,56,900.0,0.0,-1
-23.0,1590.5,-12,-12.0,0.0,94,900.0,0.0,-1
41.0,1590.5,-11,-8.3,12.41,40,900.0,0.0,-1
38.0,1620.0,2,-3.2,11.96,112,900.0,0.0,-1
-27.0,1590.5,-15,-12.0,18.2,114,900.0,0.0,-1
11.0,1590.5,11,10.0,0.2,93,900.0,0.0,1
-554.0,1563.0,0,0.0,0.0,21,1200.0,15.0,-1
-11.0,1590.5,-7,-7.3,0.8099999999999999,81,900.0,0.0,0
29.0,1590.5,1,0.8,9.56,96,900.0,0.0,-1
-31.0,1590.5,0,0.9,7.290000000000001,140,900.0,0.0,0
49.0,1590.5,-8,-2.7,12.610000000000001,64,900.0,0.0,-1
147.0,1594.5,1,1.1,0.29,75,900.0,0.0,1
69.0,1544.5,-1,0.7,2.01,52,900.0,0.0,-1
67.0,1678.5,0,0.0,0.0,27,900.0,0.0,1
-55.0,1544.5,-9,-6.3,5.61,48,900.0,0.0,-1
-231.0,1834.5,8,5.2,0.96,127,900.0,0.0,0
-71.0,1712.5,-8,0.4,8.64,50,900.0,0.0,-1
-53.0,1678.5,-1,-0.1,0.09,42,900.0,0.0,-1
141.0,1592.5,8,7.6,1.44,65,900.0,0.0,1
39.0,1678.5,3,3.0,2.8,73,900.0,0.0,1
109.0,1540.5,9,0.1,19.890000000000004,57,900.0,0.0,1
-256.0,1617.0,-14,-11.0,1.2,50,900.0,0.0,-1
-131.0,1592.5,-8,-3.2,3.3600000000000003,76,900.0,0.0,-1
-628.0,1406.0,-32,-32.0,0.0,92,900.0,0.0,-1
560.0,2544.0,12,9.0,1.8,37,900.0,1.0,1
153.0,1592.5,-6,-5.4,0.44000000000000006,78,900.0,0.0,-1
-37.0,1668.5,-2,-1.2,0.16,41,900.0,0.0,1
21.0,1668.5,6,0.3,6.21,51,900.0,0.0,1
-87.0,1549.5,14,14.0,0.0,131,900.0,0.0,1
90.0,1705.0,-12,-10.6,3.04,72,900.0,0.0,-1
-50.0,1583.0,-7,-6.4,8.639999999999999,46,900.0,0.0,-1
-5.0,1668.5,-9,-0.3,9.809999999999999,30,900.0,0.0,-1
-11.0,1668.5,10,1.7,7.8100000000000005,45,900.0,0.0,1
72.0,1532.0,-3,-0.2,0.96,20,900.0,0.0,-1
26.0,1588.0,14,11.8,4.76,53,900.0,0.0,1
-96.0,1806.0,4,4.0,0.0,58,900.0,15.0,1
-51.0,1851.5,11,11.0,0.0,98,900.0,0.0,-1
341.0,2132.5,5,5.0,0.0,137,900.0,0.0,1
247.0,1727.5,6,5.2,3.16,91,900.0,0.0,1
-241.0,1727.5,-13,-7.4,13.440000000000001,118,900.0,0.0,-1
-80.0,1796.0,2,0.9,2.8900000000000006,93,900.0,0.0,1
25.0,1640.5,9,8.3,1.01,53,900.0,0.0,1
-123.0,1883.5,-2,-1.5,2.25,86,900.0,0.0,-1
-44.0,1640.0,8,7.3,0.21000000000000002,81,900.0,0.0,1
-197.0,1746.5,-10,-1.9,7.889999999999999,80,900.0,0.0,-1
192.0,1777.0,2,2.0,0.0,159,900.0,0.0,1
111.0,1883.5,4,-1.6,6.039999999999999,179,900.0,0.0,1
100.0,1504.0,6,6.0,0.0,79,900.0,0.0,1
-111.0,1790.5,-8,-8.0,0.0,115,900.0,0.0,1
-80.0,1504.0,-3,-3.0,0.0,96,900.0,0.0,-1
115.0,1504.5,-7,-2.4,16.240000000000002,74,900.0,0.0,-1
185.0,1188.5,22,15.5,15.85,47,900.0,0.0,1
303.0,1793.5,-3,-3.0,0.0,105,900.0,0.0,0
-408.0,1635.0,-10,-6.6,6.840000000000001,62,900.0,0.0,-1
227.0,1745.5,2,2.3,6.8100000000000005,84,900.0,0.0,-1
-299.0,1793.5,-5,-0.6,2.24,28,900.0,0.0,-1
406.0,1635.0,10,9.1,0.09,55,900.0,0.0,1
-64.0,2326.0,7,4.3,4.01,95,900.0,0.0,1
-593.0,1966.5,-1,-1.6,0.24,108,900.0,0.0,-1
327.0,1793.5,-8,-5.6,13.440000000000001,124,900.0,0.0,-1
-404.0,1635.0,-2,-0.6,3.6400000000000006,46,900.0,0.0,-1
402.0,1635.0,7,3.5,11.65,48,900.0,0.0,1
-213.0,1190.5,-2,-2.3,0.8099999999999999,49,900.0,0.0,1
-246.0,1733.0,-8,-7.9,0.09,82,900.0,0.0,-1
-15.0,1433.5,3,1.1,1.6900000000000002,41,900.0,0.0,1
310.0,2137.0,5,3.4,3.2400000000000007,49,900.0,0.0,1
-308.0,1454.0,-4,-1.8,1.56,32,1200.0,15.0,-1
542.0,1933.0,8,5.0,7.6,49,900.0,1.0,1
-75.0,1995.5,1,1.3,0.8100000000000002,54,2700.0,45.0,-1
542.0,1933.0,-15,-12.1,2.4899999999999998,50,900.0,1.0,-1
-251.0,1707.5,-4,-1.3,0.8100000000000002,34,900.0,0.0,-1
293.0,1728.5,-2,-2.0,0.0,153,1200.0,20.0,1
118.0,1550.0,6,4.8,2.3600000000000003,67,1800.0,0.0,1
-127.0,1548.5,0,1.7,11.61,134,1800.0,0.0,0
10.0,1732.0,-7,-5.9,0.49000000000000005,95,900.0,0.0,-1
-28.0,1732.0,12,8.4,13.040000000000001,153,900.0,0.0,1
-23.0,1556.5,-10,-10.0,0.0,192,900.0,2.0,-1
260.0,1712.0,18,15.6,18.84,85,900.0,0.0,1
-145.0,1584.5,4,2.6,6.640000000000001,60,900.0,0.0,-1
135.0,1584.5,1,1.3,0.21000000000000002,43,900.0,0.0,1
142.0,1605.0,-10,-9.5,0.25,118,900.0,2.0,-1
-125.0,1584.5,-25,-21.0,16.0,106,900.0,0.0,-1
207.0,1725.5,9,1.4,6.639999999999999,83,900.0,0.0,1
-148.0,1605.0,0,-15.3,44.010000000000005,163,900.0,2.0,0
75.0,1564.5,21,9.7,40.61,53,900.0,0.0,1
138.0,1605.0,9,9.0,0.0,159,900.0,2.0,1
147.0,1584.5,-16,-8.8,5.76,124,900.0,0.0,-1
-52.0,2325.0,-5,-1.7,10.41,109,900.0,0.0,-1
42.0,1564.0,3,3.0,0.0,115,900.0,2.0,1
-54.0,2281.0,4,3.4,2.24,88,900.0,0.0,1
-207.0,1618.5,-15,-9.0,6.0,54,900.0,0.0,-1
31.0,1465.5,5,0.2,11.559999999999999,71,900.0,0.0,1
199.0,1618.5,1,1.0,0.2,25,900.0,0.0,1
-191.0,1618.5,-3,-2.3,2.41,60,900.0,0.0,-1
181.0,1764.5,10,9.0,4.6,67,900.0,5.0,1
-14.0,1466.0,-1,-1.0,0.0,64,900.0,0.0,-1
215.0,1618.5,-3,4.7,6.8100000000000005,90,900.0,0.0,-1
491.0,2554.5,5,5.0,0.0,90,900.0,0.0,1
-33.0,1677.5,6,2.0,16.0,127,900.0,0.0,1
-381.0,2132.5,11,7.3,5.61,78,900.0,0.0,1
-121.0,1608.5,-9,-9.0,0.0,152,900.0,2.0,-1
-137.0,1584.5,-8,-3.8,3.96,76,900.0,0.0,-1
132.0,1477.0,9,5.0,16.0,113,900.0,2.0,1
17.0,1677.5,1,1.6,0.24,107,900.0,0.0,1
-34.0,1519.0,-10,-9.7,0.21000000000000002,124,900.0,2.0,-1
159.0,1584.5,-12,-9.0,16.2,60,900.0,0.0,-1
-186.0,1618.0,5,0.6,2.24,49,900.0,2.0,1
-283.0,1813.5,-1,-0.5,0.25,66,900.0,0.0,-1
-145.0,1763.5,-7,-5.3,1.01,74,900.0,0.0,-1
-149.0,1584.5,-9,-6.5,6.25,102,900.0,0.0,-1
38.0,1736.0,-6,-6.0,0.0,156,900.0,0.0,-1
-241.0,1705.5,-22,-19.1,16.689999999999998,110,900.0,0.0,-1
139.0,1584.5,16,7.9,7.290000000000001,57,900.0,0.0,1
-293.0,2104.5,-3,-1.7,2.01,60,900.0,0.0,-1
-24.0,1736.0,-5,-4.5,2.25,50,900.0,0.0,-1
235.0,1705.5,8,7.1,0.09,89,900.0,0.0,1
287.0,2104.5,11,1.9,10.29,61,900.0,0.0,1
-391.0,1722.5,-11,-16.5,11.05,56,900.0,2.0,-1
-52.0,1621.0,-10,-9.5,0.25,86,900.0,0.0,-1
-344.0,1639.0,9,7.2,2.3600000000000003,57,1200.0,20.0,1
162.0,1693.0,-2,-2.4,0.8400000000000001,15,1200.0,0.0,1
-162.0,1693.0,-10,-4.6,12.64,74,1200.0,0.0,-1
69.0,1851.5,2,2.7,0.21000000000000002,74,1200.0,0.0,-1
228.0,1713.0,-8,-6.7,1.01,48,1800.0,0.0,-1
755.0,1609.5,18,8.5,11.85,31,900.0,0.0,1
-755.0,1609.5,-1,-0.1,0.09,22,900.0,0.0,-1
316.0,1639.0,6,4.8,0.96,43,900.0,15.0,1
-220.0,1713.0,-9,-6.1,3.69,86,1800.0,0.0,-1
-164.0,1909.0,-2,-2.6,2.24,122,900.0,5.0,-1
154.0,1909.0,4,3.7,0.21000000000000002,97,900.0,5.0,1
-178.0,1909.0,8,8.1,0.09,67,900.0,5.0,1
-25.0,1598.5,4,2.3,7.010000000000001,133,900.0,0.0,1
60.0,1961.0,-2,-2.9,1.89,23,900.0,5.0,1
84.0,1524.0,0,0.0,0.0,14,900.0,0.0,1
-2.0,1602.0,0,-0.4,2.24,127,1800.0,0.0,0
385.0,1760.5,6,4.2,2.16,31,900.0,0.0,1
-75.0,1654.5,-11,-10.5,5.45,130,900.0,0.0,-1
227.0,1747.5,8,3.0,7.2,56,900.0,0.0,-1
-219.0,1747.5,-8,-5.5,4.45,48,900.0,0.0,-1
234.0,1737.0,6,5.2,3.16,91,900.0,0.0,1
-7.0,1676.5,2,1.7,0.21000000000000002,139,900.0,0.0,1
37.0,1610.5,0,1.2,0.36,42,900.0,0.0,-1
-234.0,1423.0,10,6.7,1.61,63,900.0,2.0,1
32.0,1615.0,2,0.1,7.49,51,900.0,0.0,1
304.0,1401.0,-9,-9.0,0.0,92,900.0,2.0,-1
-78.0,1737.0,5,1.3,5.61,70,900.0,0.0,-1
-16.0,1615.0,-6,-6.0,0.0,74,900.0,0.0,-1
25.0,1676.5,-1,0.3,1.0100000000000002,44,900.0,0.0,-1
-123.0,1611.5,-15,-15.0,0.0,110,900.0,0.0,-1
-47.0,1465.5,-6,-5.7,0.21000000000000002,104,600.0,12.0,-1
-77.0,1578.5,-1,-1.8,7.56,73,900.0,0.0,1
71.0,1649.5,0,0.0,0.0,72,1200.0,0.0,-1
32.0,1465.0,2,2.0,0.0,61,600.0,12.0,1
-51.0,1465.5,7,6.5,0.25,85,600.0,12.0,1
36.0,1465.0,10,1.9,7.289999999999999,59,600.0,12.0,1
-215.0,2211.5,-5,-2.9,4.49,140,900.0,0.0,-1
63.0,1578.5,1,1.5,0.25,50,900.0,0.0,1
-56.0,1466.0,-1,-1.3,0.8100000000000002,45,600.0,12.0,1
281.0,1596.5,5,3.0,2.8,60,1200.0,0.0,-1
-29.0,1685.5,3,0.6,1.44,47,900.0,0.0,1
39.0,1557.5,1,1.2,0.16,54,900.0,0.0,-1
-151.0,1761.5,-3,-0.5,3.05,72,900.0,0.0,-1
-140.0,1548.0,-21,-12.9,9.09,46,900.0,0.0,-1
542.0,2181.0,2,1.9,0.09,77,900.0,0.0,1
13.0,1887.5,-12,-12.5,2.25,128,1200.0,0.0,-1
-265.0,1591.5,-14,-6.3,7.410000000000001,74,1200.0,0.0,-1
-729.0,1751.5,-8,-2.0,6.0,46,1500.0,10.0,-1
-251.0,1948.5,-2,-2.0,0.0,58,1200.0,10.0,-1
-20.0,1636.0,-12,-7.3,25.21,42,900.0,0.0,-1
1134.0,2237.0,3,1.7,1.21,49,900.0,5.0,1
-22.0,1638.0,1,1.0,0.0,61,900.0,0.0,1
-540.0,2181.0,-5,-5.1,0.09,60,900.0,0.0,-1
-123.0,1619.5,-8,0.9,9.09,64,900.0,2.0,-1
-63.0,1651.5,-3,0.0,4.0,136,900.0,0.0,0
-154.0,1492.0,-1,-1.9,0.09,41,900.0,2.0,1
536.0,2182.0,3,2.4,0.8400000000000001,101,900.0,5.0,1
-74.0,1525.0,-1,-0.5,0.25,26,900.0,2.0,-1
246.0,1585.0,9,7.8,2.7600000000000002,65,1200.0,0.0,1
-37.0,1428.5,9,0.6,8.64,53,600.0,12.0,1
-78.0,1664.0,1,1.0,0.0,97,900.0,0.0,0
353.0,2140.5,2,0.0,1.6,53,900.0,0.0,1
-25.0,2023.5,0,0.0,0.6,44,900.0,0.0,-1
89.0,2282.5,-5,-5.0,0.0,129,900.0,0.0,-1
34.0,1890.0,-2,-2.3,0.8099999999999999,71,900.0,10.0,1
-54.0,1682.0,5,2.4,8.040000000000001,51,900.0,0.0,1
332.0,1615.0,11,8.5,6.25,93,600.0,12.0,1
150.0,1569.0,5,0.2,2.76,57,900.0,0.0,1
537.0,2180.5,0,0.1,0.09,57,900.0,0.0,1
-153.0,1559.5,4,2.1,0.49000000000000005,73,900.0,0.0,1
128.0,1750.0,-5,-4.4,0.24,47,2700.0,0.0,1
-34.0,1679.0,-5,-0.8,2.7600000000000002,40,900.0,0.0,-1
38.0,1636.0,-5,-2.6,4.4399999999999995,50,900.0,0.0,-1
245.0,1738.5,-15,-14.7,0.21000000000000002,94,900.0,0.0,-1
84.0,1649.0,-6,-0.7,3.81,30,900.0,0.0,-1
-239.0,1738.5,-8,-5.1,1.09,104,900.0,0.0,-1
72.0,1949.0,2,1.0,0.6,121,900.0,5.0,1
-535.0,2180.5,-4,-2.5,6.65,60,900.0,0.0,-1
1.0,1703.5,-7,-7.3,0.8099999999999999,76,900.0,0.0,-1
104.0,2090.0,-5,-5.0,0.0,104,900.0,0.0,-1
233.0,1738.5,13,6.5,6.85,115,900.0,0.0,1
-227.0,1738.5,-9,-9.0,0.0,320,900.0,0.0,-1
-95.0,1504.5,-6,-6.9,7.290000000000001,108,900.0,0.0,-1
-92.0,2090.0,-6,-0.9,5.6899999999999995,58,900.0,0.0,-1
-51.0,1570.5,-13,-8.5,2.25,50,1800.0,0.0,-1
-295.0,1234.5,-22,-20.5,2.25,68,900.0,0.0,-1
119.0,1542.5,16,11.0,10.8,167,900.0,0.0,1
134.0,1505.0,-14,-13.3,1.01,90,900.0,0.0,-1
461.0,2216.5,4,2.9,1.09,41,900.0,5.0,1
36.0,1570.0,10,7.1,3.69,149,1800.0,0.0,1
231.0,1704.5,19,11.7,6.01,101,900.0,0.0,1
83.0,1686.5,-16,-7.9,7.290000000000001,102,900.0,0.0,-1
136.0,1764.0,8,0.9,6.489999999999999,45,900.0,0.0,1
80.0,2090.0,5,4.3,0.21000000000000002,63,900.0,0.0,1
-459.0,2216.5,-16,-10.4,19.64,118,900.0,5.0,-1
-113.0,1504.5,-9,-8.2,0.76,82,900.0,0.0,-1
222.0,1740.0,6,5.2,3.16,91,900.0,0.0,1
-214.0,1740.0,-10,-10.0,0.0,110,900.0,0.0,-1
-79.0,1674.5,10,2.9,6.29,77,900.0,0.0,1
215.0,1938.5,1,1.5,0.25,77,900.0,0.0,1
457.0,2216.5,-7,-0.3,11.41,61,900.0,5.0,1
-7.0,1563.5,-2,-1.1,0.09,138,900.0,0.0,-1
-61.0,1699.5,-3,-2.3,1.01,76,900.0,0.0,-1
-64.0,2091.0,-12,-7.4,2.84,50,900.0,0.0,-1
-85.0,1561.5,4,4.0,0.0,92,900.0,0.0,0
261.0,1697.5,7,5.3,1.01,91,900.0,0.0,1
-455.0,2216.5,-3,-3.0,0.0,30,900.0,5.0,-1
215.0,1744.5,15,9.4,13.440000000000001,93,900.0,0.0,1
453.0,2216.5,21,12.9,8.290000000000001,73,900.0,5.0,1
237.0,1710.5,2,5.7,4.21,115,900.0,0.0,1
-245.0,1702.5,-5,-0.5,2.25,38,900.0,0.0,-1
47.0,2092.5,10,3.0,5.6,127,900.0,0.0,1
-9.0,1563.5,7,5.2,3.7600000000000002,71,900.0,0.0,1
-7.0,1563.5,-3,-2.9,0.09,67,900.0,0.0,1
7.0,1863.5,4,-0.3,2.21,51,900.0,0.0,1
-9.0,1563.5,19,8.9,21.29,77,900.0,0.0,1
140.0,1578.0,-7,-7.0,0.0,140,900.0,0.0,-1
-71.0,2090.5,1,0.8,1.9600000000000002,31,900.0,0.0,1
9.0,1563.5,0,1.0,0.2,86,900.0,0.0,0
-29.0,2011.5,-8,-2.2,4.16,88,2700.0,45.0,-1
34.0,1828.0,6,6.3,0.8099999999999999,80,900.0,0.0,-1
7.0,1563.5,-7,-2.9,8.290000000000001,62,900.0,0.0,-1
-55.0,1545.5,-12,-9.2,10.559999999999999,50,900.0,0.0,-1
160.0,1637.0,4,4.0,0.0,153,900.0,0.0,0
-50.0,1892.0,2,2.1,0.09,90,900.0,0.0,-1
-77.0,1559.5,-21,-14.9,25.09,76,900.0,0.0,-1
-69.0,1597.5,-9,-4.9,4.290000000000001,92,1200.0,10.0,-1
-205.0,1541.5,-2,-2.0,0.0,88,900.0,0.0,-1
-73.0,1995.5,-1,-1.0,0.0,146,900.0,0.0,0
-323.0,1793.5,-1,-0.4,0.8400000000000001,26,900.0,0.0,-1
175.0,1849.5,5,1.3,3.6100000000000003,41,900.0,15.0,1
197.0,1541.5,17,13.2,6.959999999999999,85,900.0,0.0,1
59.0,1995.5,2,1.0,0.6,133,900.0,0.0,1
100.0,1603.0,-5,0.0,6.8,98,1200.0,10.0,-1
-189.0,1730.5,-3,-3.4,0.24,84,900.0,0.0,-1
-222.0,1541.0,-2,-4.7,0.8099999999999999,69,900.0,0.0,1
-79.0,1995.5,2,1.4,0.24,57,900.0,0.0,1
-19.0,1865.5,2,2.0,0.0,91,900.0,0.0,1
-52.0,1652.0,1,-0.2,1.7599999999999998,65,900.0,0.0,1
-135.0,1609.5,10,0.4,12.239999999999998,57,1200.0,10.0,1
65.0,1995.5,2,2.2,0.36,61,900.0,0.0,1
-48.0,1583.0,9,6.3,17.009999999999998,35,900.0,0.0,1
-85.0,1995.5,3,2.0,2.8,58,900.0,0.0,1
-197.0,1620.5,-10,-3.3,8.209999999999999,58,900.0,0.0,-1
68.0,1583.0,-11,-8.5,14.65,60,900.0,0.0,-1
105.0,1995.5,0,0.0,0.0,86,900.0,0.0,-1
32.0,1964.0,5,4.9,0.09,61,1200.0,0.0,1
189.0,1620.5,1,1.0,0.0,105,900.0,0.0,1
24.0,1598.0,-7,1.1,7.289999999999999,62,900.0,0.0,-1
-127.0,1995.5,1,-0.5,1.05,29,900.0,0.0,1
-54.0,1640.0,-9,-8.1,0.09,162,900.0,0.0,-1
386.0,1737.0,14,14.1,0.09,92,900.0,0.0,1
-77.0,2282.5,-8,-2.4,8.639999999999999,84,900.0,0.0,-1
-176.0,1637.0,-9,-2.3,19.21,98,900.0,0.0,-1
136.0,1986.0,3,3.0,0.0,181,900.0,0.0,1
93.0,1601.5,0,-0.9,6.09,45,900.0,0.0,1
103.0,1513.5,-7,-6.8,0.76,56,900.0,0.0,-1
309.0,1707.5,-9,-0.9,7.290000000000001,66,900.0,0.0,-1
-158.0,1409.0,-2,-1.4,0.24,104,900.0,0.0,-1
-161.0,1622.5,-2,-2.1,0.09,57,900.0,0.0,1
-66.0,1691.0,3,4.0,2.0,125,900.0,0.0,1
-32.0,2336.0,2,2.0,0.0,257,900.0,0.0,0
77.0,1607.5,9,8.5,2.25,77,900.0,0.0,1
52.0,1691.0,2,1.9,0.09,57,900.0,0.0,1
226.0,1937.0,6,6.0,0.0,83,900.0,0.0,1
-13.0,1722.5,-3,-3.0,0.0,74,900.0,0.0,-1
-40.0,1515.0,-5,-0.6,3.4400000000000004,68,900.0,0.0,-1
77.0,1674.5,-12,-1.4,18.04,76,900.0,0.0,-1
-213.0,1939.5,-5,-5.9,7.290000000000001,86,900.0,0.0,-1
-50.0,1689.0,0,-0.4,0.8400000000000001,157,900.0,0.0,0
-493.0,2072.5,-23,-17.1,18.29,78,900.0,0.0,-1
523.0,1981.5,5,5.2,0.36,69,900.0,0.0,1
245.0,1409.5,18,17.2,0.76,69,900.0,0.0,1
36.0,1689.0,4,0.1,1.89,41,900.0,0.0,1
72.0,1992.0,0,0.0,0.0,86,2700.0,45.0,0
-22.0,1689.0,-7,1.0,17.4,84,900.0,0.0,-1
-13.0,1637.5,10,3.0,7.6,61,900.0,0.0,1
320.0,1694.0,10,6.1,3.29,123,900.0,0.0,1
40.0,1689.0,-3,-1.8,7.56,32,900.0,0.0,-1
12.0,2048.0,-7,-0.6,5.040000000000001,30,900.0,0.0,-1
-35.0,2045.5,0,0.0,0.0,81,900.0,0.0,1
159.0,1602.5,-7,-4.5,6.25,96,900.0,0.0,-1
14.0,2048.0,0,0.2,0.96,41,900.0,0.0,1
23.0,1864.5,1,1.0,0.0,87,900.0,0.0,0
64.0,1454.0,-1,-1.8,0.36,103,1500.0,0.0,1
-384.0,2249.0,-1,-1.0,0.0,60,900.0,0.0,-1
29.0,1647.5,13,4.0,10.8,79,900.0,0.0,1
58.0,1714.0,0,0.7,6.21,69,900.0,0.0,1
-51.0,1676.5,-5,-5.0,0.0,64,900.0,0.0,-1
380.0,2249.0,0,-0.1,0.09,43,900.0,0.0,1
37.0,1676.5,10,10.2,0.16,95,900.0,0.0,1
-13.0,1647.5,-10,-5.6,12.440000000000001,66,900.0,0.0,-1
-21.0,1676.5,-10,-3.3,17.009999999999998,56,900.0,0.0,-1
-376.0,2249.0,-1,-1.4,2.4399999999999995,62,900.0,0.0,-1
62.0,2281.0,6,2.5,5.25,155,900.0,0.0,1
39.0,1676.5,-11,-6.2,3.3600000000000003,36,900.0,0.0,-1
31.0,1647.5,-6,1.0,6.4,38,900.0,0.0,-1
372.0,2249.0,1,-0.7,3.2099999999999995,65,900.0,0.0,1
139.0,2011.5,0,-0.1,0.09,39,900.0,0.0,1
13.0,1642.5,3,0.3,0.8100000000000002,37,900.0,0.0,1
324.0,1647.0,23,19.9,15.09,81,900.0,0.0,1
-30.0,1707.0,-2,-3.1,7.890000000000001,62,900.0,0.0,-1
-320.0,1647.0,0,0.0,0.0,24,900.0,0.0,-1
165.0,1788.5,0,0.6,1.64,77,900.0,0.0,1
107.0,1747.5,6,5.7,0.21000000000000002,55,900.0,10.0,1
-54.0,1994.0,-6,-2.0,4.0,60,2700.0,45.0,-1
18.0,1640.0,0,4.1,4.090000000000001,140,900.0,0.0,0
-261.0,1837.5,20,9.4,18.04,77,900.0,0.0,1
182.0,1731.0,0,1.0,1.4,69,900.0,0.0,1
-17.0,1694.5,3,0.2,0.96,59,900.0,10.0,1
-391.0,2114.5,-8,-5.5,8.25,62,900.0,0.0,-1
-18.0,1640.0,3,1.5,0.45,109,900.0,0.0,0
324.0,1804.0,14,2.4,18.84,97,900.0,0.0,1
-231.0,1811.5,1,1.0,0.0,68,900.0,0.0,-1
407.0,2113.5,1,1.0,0.0,187,900.0,0.0,0
143.0,1556.5,-10,-8.3,2.81,78,900.0,0.0,-1
-69.0,1689.5,-12,-10.6,8.440000000000001,44,900.0,0.0,-1
55.0,1689.5,10,8.8,0.76,75,900.0,0.0,1
-26.0,1968.0,-1,0.7,0.8099999999999999,43,2700.0,45.0,1
-12.0,1698.0,0,-0.2,3.3600000000000003,39,900.0,0.0,1
-320.0,1804.0,-9,-7.3,9.41,64,900.0,0.0,-1
748.0,1606.0,8,3.6,19.44,37,900.0,0.0,1
316.0,1804.0,0,1.0,1.6,22,900.0,0.0,1
-99.0,1588.5,9,6.3,17.009999999999998,71,900.0,0.0,1
-168.0,1734.0,-2,-1.3,0.21000000000000002,66,900.0,0.0,-1
-308.0,1806.0,-5,-4.0,0.8,77,900.0,0.0,-1
-331.0,2149.5,-2,-1.7,0.21000000000000002,40,900.0,0.0,-1
304.0,1806.0,0,0.1,0.09,24,900.0,0.0,1
141.0,1562.5,17,17.0,0.0,115,900.0,0.0,1
506.0,1986.0,6,6.0,0.0,33,1980.0,33.0,1
69.0,2282.5,-3,-2.5,2.25,106,900.0,0.0,0
-163.0,1562.5,14,6.8,18.36,121,900.0,0.0,1
64.0,1604.0,0,-0.2,0.96,38,900.0,0.0,-1
37.0,2334.5,0,0.0,0.0,134,900.0,0.0,0
-5.0,1567.5,19,19.0,0.0,113,900.0,2.0,1
23.0,1567.5,1,1.0,0.0,42,900.0,2.0,-1
-184.0,1993.0,3,3.7,1.81,50,900.0,0.0,-1
56.0,1627.0,1,1.8,5.76,151,900.0,0.0,1
496.0,2067.0,19,21.0,13.0,73,900.0,0.0,1
-27.0,1574.5,5,5.0,0.0,213,900.0,2.0,1
-207.0,1715.5,1,1.0,0.0,90,3600.0,30.0,0
-21.0,1687.5,-11,-4.5,9.45,66,900.0,0.0,-1
113.0,1760.5,3,1.5,1.05,41,1200.0,0.0,1
-124.0,1588.0,-5,-2.3,0.8099999999999999,66,900.0,0.0,-1
146.0,1588.0,-9,-4.3,4.61,68,900.0,0.0,-1
-223.0,1702.5,-1,0.2,0.96,32,900.0,2.0,-1
-212.0,1709.0,-9,-8.5,0.25,176,900.0,0.0,-1
-136.0,1588.0,-5,-1.1,2.29,34,900.0,0.0,-1
90.0,1634.0,21,19.0,0.6,105,900.0,2.0,0
126.0,1588.0,13,7.6,29.240000000000002,69,900.0,0.0,1
-116.0,1588.0,-11,-9.9,3.4899999999999998,50,900.0,0.0,-1
104.0,1588.0,3,1.3,3.81,59,900.0,0.0,1
-92.0,1588.0,-6,-5.6,0.8400000000000001,100,900.0,0.0,-1
-86.0,1773.0,-3,0.7,1.61,128,900.0,0.0,0
112.0,1588.0,-10,-5.5,11.25,54,900.0,0.0,-1
-25.0,1689.5,4,-1.9,9.690000000000001,61,900.0,10.0,1
-134.0,1588.0,4,4.0,0.0,83,900.0,0.0,1
111.0,1582.5,15,9.1,6.6899999999999995,73,900.0,0.0,1
-54.0,1629.0,1,1.0,0.0,150,900.0,0.0,0
40.0,1629.0,13,2.7,14.610000000000003,25,900.0,0.0,1
-99.0,1582.5,-1,-0.3,0.20999999999999996,38,900.0,0.0,-1
121.0,1582.5,-12,-10.4,9.24,136,900.0,0.0,-1
-14.0,1830.0,-19,-17.2,7.5600000000000005,62,900.0,0.0,-1
97.0,1786.5,-9,-0.9,7.290000000000001,66,900.0,0.0,-1
74.0,1687.0,7,3.1,9.69,119,900.0,0.0,1
127.0,1747.5,8,4.3,8.61,69,1200.0,10.0,1
-143.0,1582.5,4,3.9,0.09,143,900.0,0.0,1
41.0,1825.5,-14,-9.5,2.25,54,900.0,0.0,-1
24.0,1854.0,5,3.3,8.61,69,900.0,0.0,1
-8.0,1854.0,-4,-0.6,2.2399999999999998,50,900.0,0.0,-1
269.0,1800.5,0,-0.6,2.24,161,900.0,0.0,0
133.0,1582.5,10,8.0,3.0,55,900.0,0.0,1
26.0,1854.0,-9,-8.4,0.24,80,900.0,0.0,-1
-139.0,1663.5,-9,-9.0,0.0,182,900.0,2.0,-1
-748.0,1606.0,-2,-0.9,0.89,36,900.0,0.0,-1
11.0,1880.5,5,5.0,0.0,111,1200.0,0.0,1
300.0,1806.0,9,4.1,3.4899999999999998,85,900.0,0.0,1
748.0,1606.0,14,8.2,22.759999999999998,35,900.0,0.0,1
206.0,1748.0,-5,-5.0,0.0,296,900.0,0.0,0
-5.0,1880.5,11,8.9,4.89,93,1200.0,0.0,1
-175.0,1747.5,-5,-2.6,1.44,22,900.0,0.0,-1
-748.0,1606.0,-13,-4.8,7.56,82,900.0,0.0,-1
114.0,1739.0,-2,0.7,0.8100000000000002,48,900.0,10.0,1
-198.0,1748.0,-11,-7.6,18.84,52,900.0,0.0,-1
190.0,1748.0,14,8.5,19.05,51,900.0,0.0,1
-5.0,1676.5,-20,-13.9,16.09,126,900.0,0.0,-1
-182.0,1748.0,2,2.5,0.25,94,900.0,0.0,-1
-71.0,1607.5,-6,-4.5,7.85,70,900.0,0.0,-1
91.0,1607.5,2,2.0,0.0,80,900.0,0.0,-1
-113.0,1607.5,13,6.5,9.45,71,900.0,0.0,1
101.0,1607.5,16,12.2,14.559999999999999,113,900.0,0.0,1
147.0,1735.5,12,5.7,11.610000000000001,47,900.0,0.0,1
-89.0,1607.5,-11,-1.3,16.21,82,900.0,0.0,-1
77.0,1607.5,18,12.4,13.440000000000001,131,900.0,0.0,1
-63.0,1607.5,-13,-12.7,0.8099999999999999,80,900.0,0.0,-1
83.0,1607.5,-13,-9.5,5.25,60,900.0,0.0,-1
11.0,1880.5,-14,-14.0,0.0,114,1200.0,0.0,-1
-71.0,1607.5,-10,-5.5,19.05,44,900.0,0.0,-1
-171.0,1763.5,-6,-6.0,0.0,92,900.0,0.0,-1
91.0,1607.5,-4,-4.0,0.0,130,900.0,0.0,-1
-95.0,1607.5,0,0.0,0.0,50,900.0,0.0,0
83.0,1607.5,9,2.8,5.5600000000000005,99,900.0,0.0,1
-234.0,1542.0,-9,-6.6,4.04,46,900.0,0.0,-1
86.0,1988.0,-4,-0.2,1.7599999999999998,70,2700.0,45.0,-1
-103.0,1607.5,4,3.7,0.8099999999999999,39,900.0,0.0,1
91.0,1607.5,12,11.9,0.09,73,900.0,0.0,1
-79.0,1607.5,-1,-0.4,0.8400000000000001,26,900.0,0.0,-1
99.0,1607.5,1,1.6,0.8400000000000001,90,900.0,0.0,-1
161.0,1763.5,9,9.0,0.0,63,900.0,0.0,1
29.0,1880.5,-8,-6.9,3.0900000000000003,104,1200.0,0.0,-1
37.0,1376.5,-2,-0.1,1.09,37,900.0,0.0,1
129.0,1663.5,0,-0.3,0.8100000000000002,29,900.0,2.0,1
-87.0,1607.5,-8,-3.1,3.0900000000000007,58,900.0,0.0,-1
-151.0,1763.5,-15,-10.2,2.7600000000000002,86,900.0,0.0,-1
-19.0,1661.5,10,1.9,7.289999999999999,69,900.0,0.0,1
-216.0,1561.0,-5,-2.3,5.01,48,600.0,12.0,-1
-490.0,2069.0,-11,-11.6,0.24,90,900.0,0.0,-1
175.0,1763.5,-17,-16.9,0.09,92,900.0,0.0,-1
166.0,1512.0,3,-0.8,17.360000000000003,36,900.0,2.0,1
-72.0,1955.0,-2,-2.0,0.0,52,900.0,5.0,-1
-270.0,1591.0,-4,-3.5,0.25,40,600.0,12.0,-1
-379.0,1771.5,-3,-2.6,2.4399999999999995,65,900.0,2.0,1
-75.0,1607.5,-6,-4.5,2.25,118,900.0,0.0,-1
95.0,1607.5,-8,-8.0,0.0,162,900.0,0.0,-1
-159.0,1505.5,0,0.0,0.0,112,900.0,2.0,0
18.0,1721.0,3,0.6,1.44,29,900.0,0.0,1
-290.0,1808.0,-8,-5.6,13.440000000000001,128,900.0,0.0,-1
-117.0,1607.5,11,5.4,13.440000000000001,87,900.0,0.0,1
105.0,1607.5,14,13.5,0.25,95,900.0,0.0,1
-167.0,1763.5,-16,-13.8,11.36,94,900.0,0.0,-1
143.0,1632.5,1,0.1,0.09,45,900.0,0.0,1
-45.0,1700.5,-3,-0.3,0.8100000000000002,54,900.0,0.0,-1
21.0,1677.5,7,6.5,2.25,83,900.0,0.0,1
157.0,1763.5,3,3.2,0.15999999999999998,73,900.0,0.0,1
284.0,1808.0,0,1.0,0.8,45,900.0,0.0,1
59.0,1646.5,7,6.5,0.25,73,1200.0,0.0,1
158.0,1756.0,-5,-4.1,7.290000000000001,56,900.0,0.0,-1
310.0,1823.0,7,-0.2,7.160000000000001,53,900.0,0.0,1
171.0,1749.5,6,5.2,3.16,91,900.0,0.0,1
-306.0,1823.0,-3,-0.4,0.8400000000000001,20,900.0,0.0,-1
-302.0,1698.0,-2,-1.5,0.25,39,900.0,0.0,1
-592.0,2138.0,-4,-3.6,3.6399999999999997,54,900.0,0.0,-1
-181.0,1763.5,-1,-1.1,0.09,85,900.0,0.0,1
252.0,1555.0,3,3.2,0.15999999999999998,79,1500.0,0.0,1
67.0,1865.5,-15,-7.1,15.690000000000001,122,900.0,0.0,-1
173.0,1763.5,10,1.9,7.289999999999999,81,900.0,0.0,1
86.0,1514.0,4,2.3,2.41,58,900.0,0.0,-1
65.0,1640.5,-9,-8.9,0.09,100,900.0,0.0,-1
41.0,1820.5,0,0.4,6.639999999999999,74,900.0,0.0,-1
513.0,2176.5,4,3.3,0.21000000000000002,73,900.0,5.0,1
-164.0,1764.0,-9,-8.9,0.09,70,900.0,0.0,-1
239.0,1578.5,6,3.9,4.49,83,600.0,12.0,1
-29.0,1678.5,9,5.3,3.81,75,900.0,0.0,1
47.0,1678.5,8,5.1,12.690000000000001,164,900.0,0.0,-1
-49.0,1678.5,-3,-2.1,0.09,184,900.0,0.0,0
494.0,1728.0,2,0.1,0.49000000000000005,23,900.0,0.0,1
279.0,1983.5,3,3.0,0.0,103,900.0,0.0,1
-479.0,1734.5,-17,-15.6,0.44000000000000006,60,900.0,0.0,-1
69.0,1678.5,-6,-1.1,11.890000000000002,136,900.0,0.0,-1
460.0,1742.0,14,14.3,0.21000000000000002,33,900.0,0.0,1
3.0,1710.5,-5,2.0,7.0,68,900.0,0.0,-1
-89.0,1678.5,2,1.8,1.3599999999999999,75,900.0,0.0,1
-61.0,1916.5,-2,-2.1,0.09,63,1200.0,0.0,1
725.0,1751.5,12,7.0,5.0,67,1500.0,10.0,1
-587.0,2138.5,-2,-2.0,0.0,100,900.0,0.0,-1
148.0,1571.0,-12,-5.9,18.09,90,900.0,0.0,-1
272.0,1984.0,2,1.3,0.21000000000000002,45,900.0,0.0,1
-202.0,2209.0,-5,-2.5,8.85,86,900.0,0.0,-1
245.0,1795.5,3,2.7,0.8099999999999999,165,900.0,0.0,1
104.0,1568.0,1,0.5,0.25,44,900.0,0.0,-1
-18.0,1673.0,0,0.9,2.09,144,900.0,0.0,0
-378.0,1470.0,2,1.4,0.44000000000000006,37,1200.0,15.0,1
206.0,1758.0,-12,-11.2,1.36,62,900.0,0.0,-1
48.0,2279.0,6,2.5,2.05,65,900.0,0.0,1
116.0,1649.0,5,4.0,4.0,82,900.0,0.0,1
582.0,1626.0,10,9.9,0.09,99,900.0,0.0,1
-39.0,1912.5,-4,-4.0,0.0,100,1200.0,0.0,-1
-136.0,1589.0,-5,-4.1,7.290000000000001,58,900.0,0.0,-1
123.0,1579.5,0,0.0,0.0,129,900.0,0.0,0
-232.0,1758.0,2,1.9,0.09,113,900.0,0.0,1
-219.0,1795.5,-10,-3.8,8.16,52,900.0,0.0,-1
57.0,1955.5,10,9.1,4.49,127,900.0,5.0,1
-274.0,1567.0,-5,-4.0,9.6,58,900.0,0.0,-1
-20.0,1668.0,0,0.0,0.0,152,900.0,0.0,-1
207.0,1766.5,6,5.2,3.16,91,900.0,0.0,1
347.0,2143.5,1,1.9,7.289999999999999,125,900.0,0.0,-1
106.0,1842.0,2,2.0,0.0,39,900.0,0.0,1
-111.0,1520.5,-10,-2.6,6.24,30,600.0,12.0,-1
160.0,1534.0,-12,-12.0,0.0,120,600.0,12.0,-1
-90.0,1840.0,-2,-0.5,0.45,14,900.0,0.0,-1
-359.0,1652.5,-26,-19.8,8.16,56,900.0,0.0,-1
-94.0,1605.0,6,3.3,17.009999999999998,73,900.0,0.0,1
-481.0,2558.5,-7,-3.2,12.56,85,900.0,0.0,-1
-213.0,1806.5,0,-0.2,0.16000000000000003,47,900.0,0.0,1
-305.0,1811.5,3,2.9,0.09,109,900.0,0.0,1
259.0,1546.5,4,3.5,1.05,58,900.0,0.0,-1
-139.0,1979.5,-3,-3.0,0.0,117,900.0,0.0,0
-253.0,1546.5,-22,-15.9,16.09,88,900.0,0.0,-1
-6.0,1681.0,5,0.9,4.090000000000001,73,2700.0,0.0,1
355.0,1652.5,20,15.7,8.41,71,900.0,0.0,1
15.0,1693.5,2,2.0,0.0,125,900.0,0.0,1
-512.0,2175.0,-6,-4.8,2.16,66,900.0,0.0,-1
247.0,1546.5,15,10.5,2.25,81,900.0,0.0,1
301.0,1811.5,3,4.9,1.69,139,900.0,0.0,1
47.0,1677.5,4,4.0,0.0,122,900.0,0.0,0
-33.0,1693.5,9,7.3,3.0100000000000002,53,900.0,0.0,1
-202.0,2213.0,-5,-2.8,2.7600000000000002,74,900.0,0.0,-1
-351.0,1652.5,-8,-8.0,0.0,104,900.0,0.0,-1
-241.0,1546.5,-9,-3.7,3.41,62,900.0,0.0,-1
17.0,1693.5,0,0.0,0.0,49,900.0,0.0,1
-249.0,1530.5,0,-1.9,1.6900000000000002,56,900.0,0.0,-1
510.0,2175.0,-3,-0.3,0.8100000000000002,54,900.0,0.0,1
36.0,1692.0,5,4.7,0.21000000000000002,149,900.0,0.0,1
-743.0,1600.5,-16,-5.8,12.959999999999999,44,900.0,0.0,-1
-1.0,1693.5,-1,-1.1,0.09,70,900.0,0.0,-1
-365.0,2129.5,-3,-2.7,0.8099999999999999,48,900.0,0.0,-1
-15.0,1693.5,3,-0.1,4.090000000000001,61,900.0,0.0,1
92.0,1753.0,9,1.7,6.01,47,900.0,0.0,1
33.0,1693.5,-1,-1.0,0.0,72,900.0,0.0,-1
-167.0,1564.5,-9,-8.5,0.25,86,900.0,0.0,-1
-171.0,1599.5,1,1.0,0.0,86,900.0,0.0,0
-363.0,2246.5,-2,-1.2,0.16,74,900.0,0.0,-1
0.0,1640.0,12,11.7,0.8099999999999999,71,900.0,0.0,1
72.0,1736.0,1,0.4,0.8400000000000001,33,900.0,0.0,-1
-40.0,1696.0,5,-1.8,7.56,65,900.0,0.0,1
-112.0,1784.0,5,4.2,0.15999999999999998,132,900.0,0.0,-1
359.0,2246.5,2,1.9,0.09,63,900.0,0.0,1
-198.0,1641.0,2,2.0,0.0,109,900.0,0.0,1
-61.0,1535.5,-7,-6.1,2.4899999999999998,79,900.0,0.0,1
-209.0,2027.5,2,2.0,0.0,67,900.0,0.0,1
-27.0,2332.5,-5,-2.6,5.24,139,900.0,0.0,-1
201.0,2027.5,2,1.7,0.21000000000000002,65,900.0,0.0,1
-115.0,1433.5,4,-0.6,21.240000000000002,45,1200.0,0.0,1
83.0,1887.5,-8,-8.0,0.0,114,1200.0,0.0,-1
-4.0,1694.0,4,4.3,1.61,104,900.0,0.0,-1
-227.0,2027.5,1,0.8,0.16,57,900.0,0.0,1
-11.0,1552.5,-11,-9.5,5.25,74,1200.0,0.0,-1
219.0,2027.5,0,-0.1,0.09,93,900.0,0.0,1
-266.0,1587.0,1,0.3,0.20999999999999996,29,1200.0,0.0,1
232.0,1609.0,-1,0.9,0.89,46,900.0,10.0,1
-211.0,2027.5,-1,-0.7,0.21000000000000002,88,900.0,0.0,-1
15.0,1885.5,2,1.5,0.85,49,1200.0,0.0,1
-131.0,1625.5,-1,-0.1,0.09,52,900.0,0.0,-1
-285.0,1948.5,-4,-3.9,0.09,68,900.0,0.0,-1
203.0,2027.5,1,0.7,0.8100000000000002,31,900.0,0.0,1
-199.0,2215.5,-5,-4.2,3.7600000000000002,84,900.0,0.0,-1
-195.0,2027.5,-3,-0.8,6.36,50,900.0,0.0,-1
-248.0,1844.0,-1,-1.0,0.0,112,900.0,0.0,-1
160.0,1763.0,12,11.6,0.43999999999999995,85,900.0,0.0,1
-38.0,1920.0,-1,1.1,10.89,93,900.0,0.0,1
545.0,1688.5,7,5.2,8.76,36,900.0,0.0,1
-102.0,1739.0,-13,-5.2,6.959999999999999,104,900.0,10.0,-1
22.0,1692.0,14,6.8,5.76,153,900.0,0.0,1
-150.0,1763.0,-1,-1.2,0.9599999999999997,46,900.0,0.0,-1
137.0,1835.5,2,2.0,0.0,103,900.0,15.0,1
174.0,1763.0,-2,-2.0,0.0,160,900.0,0.0,-1
-6.0,1692.0,-9,-9.0,0.0,172,900.0,0.0,-1
46.0,1670.0,7,5.4,2.6399999999999997,57,900.0,0.0,1
-127.0,1835.5,0,-1.4,0.8400000000000001,44,900.0,15.0,-1
-235.0,1788.5,0,0.0,0.2,96,900.0,0.0,0
-77.0,1894.5,-5,-1.2,3.96,74,900.0,0.0,-1
-4.0,1678.0,-6,-5.8,0.15999999999999998,100,900.0,10.0,-1
-54.0,1659.0,-4,-1.4,1.44,52,900.0,0.0,-1
31.0,2008.5,-1,-1.5,1.05,35,2700.0,45.0,1
-76.0,1744.0,9,6.6,13.440000000000001,103,900.0,15.0,1
40.0,1659.0,4,3.7,0.21000000000000002,85,900.0,0.0,1
97.0,1894.5,-5,-4.1,1.89,100,900.0,0.0,-1
-26.0,1659.0,-11,-1.7,11.610000000000001,88,900.0,0.0,-1
305.0,1635.5,14,14.9,8.49,61,900.0,0.0,1
-139.0,1765.5,-10,-4.9,7.890000000000001,102,900.0,0.0,-1
-832.0,1899.0,-6,-5.4,0.24,52,900.0,0.0,-1
567.0,2539.5,12,3.4,8.44,69,900.0,1.0,1
736.0,1600.0,25,16.2,8.76,47,900.0,0.0,1
-10.0,2011.0,-4,-4.4,0.24,34,2700.0,45.0,-1
239.0,1479.5,9,7.6,3.6399999999999997,73,1800.0,15.0,1
-736.0,1600.0,-12,-8.4,17.64,34,900.0,0.0,-1
184.0,1593.0,10,1.2,8.760000000000002,13,900.0,0.0,1
-9.0,1659.5,-4,-3.9,0.09,152,900.0,0.0,-1
57.0,1863.5,8,7.7,0.8099999999999999,147,900.0,0.0,1
28.0,1690.0,-3,-1.8,0.76,90,900.0,0.0,-1
-231.0,1479.5,-4,-4.5,2.45,48,1800.0,15.0,-1
-46.0,1690.0,4,0.7,16.41,143,900.0,0.0,1
133.0,1763.5,-5,-2.5,4.25,79,900.0,0.0,1
557.0,2052.5,-10,-9.1,1.09,42,900.0,0.0,-1
222.0,1480.0,1,0.0,0.6,17,1800.0,15.0,1
-236.0,1596.0,-10,-8.1,3.4899999999999998,81,900.0,0.0,-1
-190.0,1584.0,15,4.2,17.160000000000004,127,900.0,0.0,1
-7.0,1659.5,8,1.4,12.239999999999998,85,900.0,0.0,1
-9.0,1659.5,10,1.4,9.639999999999999,33,900.0,0.0,1
190.0,1731.0,2,1.4,2.6399999999999997,63,900.0,0.0,1
27.0,1659.5,2,2.1,0.09,38,900.0,0.0,-1
-45.0,1659.5,8,1.5,5.25,39,900.0,0.0,1
-155.0,1788.5,-4,-1.2,0.9599999999999997,62,900.0,0.0,-1
-332.0,1848.0,-7,-6.6,2.2399999999999998,104,2700.0,45.0,-1
188.0,1581.0,3,3.0,0.0,73,900.0,0.0,1
-145.0,1562.5,-6,-1.9,2.09,104,900.0,0.0,-1
215.0,1770.5,2,2.7,0.61,94,900.0,0.0,-1
-97.0,2070.5,4,4.0,0.0,142,900.0,0.0,-1
169.0,1562.5,-14,-8.4,13.440000000000001,130,900.0,0.0,-1
219.0,1660.5,18,8.4,14.64,93,900.0,0.0,1
46.0,1870.0,0,2.1,1.29,182,900.0,0.0,0
218.0,1848.0,4,4.0,0.0,169,900.0,0.0,1
-159.0,1562.5,-3,-3.8,0.15999999999999998,76,900.0,0.0,-1
-509.0,1836.5,-9,-5.9,1.89,70,1200.0,20.0,-1
-228.0,1848.0,0,0.4,0.24000000000000005,140,900.0,0.0,0
183.0,1562.5,-10,-7.7,10.610000000000001,74,900.0,0.0,-1
-1217.0,2190.5,-9,-0.9,8.49,44,1200.0,20.0,-1
-379.0,2138.5,-11,-6.5,20.25,78,900.0,0.0,-1
-174.0,1802.0,-2,-0.1,1.49,44,900.0,0.0,-1
-175.0,1562.5,-8,-7.0,0.6,60,900.0,0.0,-1
20.0,1752.0,-1,-1.1,0.09,85,900.0,0.0,1
-15.0,2013.5,7,4.1,3.69,113,2700.0,45.0,1
-552.0,2088.0,-2,-2.3,0.8099999999999999,40,900.0,15.0,-1
199.0,1766.5,6,5.2,3.16,91,900.0,0.0,1
-191.0,1766.5,-9,-9.0,0.0,196,900.0,0.0,-1
-34.0,1609.0,-10,-10.0,0.0,122,900.0,2.0,-1
-375.0,2138.5,-9,-1.8,8.96,76,900.0,0.0,-1
-137.0,1496.5,2,1.2,7.360000000000001,69,900.0,0.0,1
186.0,1498.0,-17,-15.0,5.8,100,900.0,0.0,-1
-74.0,1913.0,0,-0.1,0.09,43,900.0,0.0,0
-167.0,1497.5,-11,-9.8,0.96,80,900.0,0.0,-1
-170.0,1978.0,-6,1.2,5.76,170,900.0,0.0,-1
489.0,2080.5,17,15.5,5.25,89,900.0,0.0,1
370.0,2138.0,11,8.8,3.3600000000000003,93,900.0,0.0,1
-124.0,1895.0,-4,-4.0,0.0,108,900.0,0.0,-1
-84.0,1598.0,0,1.2,0.56,81,900.0,0.0,1
113.0,1894.5,1,0.9,0.09,97,900.0,0.0,1
549.0,2087.5,12,12.0,0.0,35,900.0,15.0,1
-485.0,2079.5,-7,-3.1,16.29,78,900.0,0.0,-1
117.0,1596.5,-1,-0.4,0.8400000000000001,14,900.0,0.0,-1
156.0,1570.0,20,16.0,16.0,109,900.0,0.0,1
-475.0,2560.5,-4,-4.1,0.09,69,900.0,0.0,-1
-171.0,1581.5,-15,-12.6,13.440000000000001,118,900.0,0.0,-1
-274.0,1811.0,1,0.2,0.36000000000000004,41,900.0,0.0,-1
-118.0,1544.0,4,4.9,1.29,57,900.0,2.0,1
-199.0,2219.5,-5,-2.8,8.559999999999999,164,900.0,0.0,-1
-177.0,1759.5,-13,-5.8,5.76,136,900.0,0.0,-1
-68.0,1853.0,-3,-0.9,1.8900000000000001,14,1200.0,10.0,-1
169.0,1759.5,13,7.4,13.440000000000001,109,900.0,0.0,1
-159.0,1759.5,-6,-5.3,0.21000000000000002,118,900.0,0.0,-1
149.0,1759.5,11,7.3,3.6100000000000003,73,900.0,0.0,1
-139.0,1759.5,-10,-9.9,0.09,134,900.0,0.0,-1
189.0,1567.5,-14,-9.0,20.8,104,900.0,0.0,-1
37.0,1896.5,-1,-1.0,0.0,122,900.0,0.0,-1
129.0,1759.5,3,2.5,0.25,95,900.0,0.0,1
-162.0,1862.0,-3,-3.6,8.64,82,900.0,0.0,-1
-119.0,1759.5,-12,-4.3,8.81,150,900.0,0.0,-1
107.0,1759.5,-1,-2.0,1.8,77,900.0,0.0,1
-95.0,1759.5,-9,-9.0,0.0,146,900.0,0.0,-1
83.0,1759.5,12,10.0,2.2,79,900.0,0.0,1
1115.0,1279.5,29,28.0,1.2,37,900.0,0.0,1
149.0,1863.5,3,0.8,1.3599999999999999,45,900.0,0.0,1
194.0,1617.0,16,16.0,0.0,145,900.0,0.0,1
-135.0,1865.5,-6,0.3,6.21,66,900.0,0.0,-1
-65.0,1842.5,-2,0.3,7.609999999999999,47,1200.0,10.0,1
51.0,1842.5,3,3.8,2.76,63,1200.0,10.0,1
121.0,1867.5,4,4.2,2.7600000000000002,85,900.0,0.0,1
-71.0,1842.5,-1,-0.5,1.05,41,1200.0,10.0,1
-15.0,1713.5,6,1.5,6.65,83,900.0,0.0,1
46.0,1690.0,-10,-3.4,10.040000000000001,56,900.0,0.0,-1
-105.0,1869.5,-7,-0.3,5.41,12,900.0,0.0,-1
88.0,1872.0,5,0.9,4.29,40,900.0,0.0,1
158.0,1875.0,5,4.8,5.76,80,900.0,0.0,-1
155.0,1795.5,8,3.4,3.84,51,1200.0,0.0,1
-145.0,1626.5,0,-0.4,0.24000000000000005,139,900.0,0.0,0
64.0,1757.0,24,23.7,0.8099999999999999,57,900.0,0.0,1
59.0,1857.5,0,0.1,0.09,34,900.0,0.0,-1
-145.0,1795.5,2,0.0,1.2,36,1200.0,0.0,-1
17.0,1723.5,-5,-3.5,3.25,68,900.0,0.0,-1
83.0,1571.5,4,1.3,8.010000000000002,72,900.0,2.0,-1
-58.0,1577.0,-10,-1.6,8.64,46,900.0,2.0,-1
31.0,1583.5,11,3.4,8.639999999999999,89,900.0,2.0,1
-43.0,1817.5,-3,-1.4,2.04,52,900.0,0.0,-1
84.0,1780.0,1,-0.4,0.43999999999999995,41,900.0,5.0,1
29.0,1817.5,1,1.6,2.2399999999999998,49,900.0,0.0,1
197.0,1625.5,7,6.4,0.44000000000000006,77,900.0,0.0,1
-366.0,2053.0,-4,-3.5,0.25,82,1980.0,33.0,-1
-47.0,1817.5,0,-1.2,1.56,17,900.0,0.0,1
-66.0,1722.0,-4,-2.8,3.96,46,1200.0,10.0,-1
-261.0,1660.5,-9,-7.8,0.36,114,900.0,0.0,-1
-85.0,1657.5,-25,-19.8,36.760000000000005,74,900.0,0.0,-1
-567.0,1376.5,-12,-3.2,9.360000000000003,16,900.0,0.0,-1
-656.0,1392.0,9,4.5,2.25,53,900.0,0.0,1
39.0,1540.5,-6,-2.4,12.239999999999998,42,900.0,0.0,-1
63.0,1637.5,-8,-7.5,0.25,56,900.0,0.0,-1
-25.0,1540.5,-11,-3.7,20.41,129,900.0,0.0,-1
-124.0,1740.0,6,6.0,0.0,87,1200.0,10.0,1
362.0,2136.0,13,11.4,8.04,87,900.0,0.0,1
9.0,1540.5,17,9.8,18.36,83,900.0,0.0,1
-470.0,2190.0,0,-0.2,0.96,26,900.0,0.0,-1
468.0,2190.0,14,8.7,8.81,139,900.0,0.0,1
-75.0,1508.5,20,15.8,4.36,71,900.0,0.0,1
-83.0,1637.5,10,8.2,3.3600000000000003,67,900.0,0.0,1
-39.0,1572.5,-22,-19.6,13.440000000000001,116,900.0,2.0,-1
1.0,1670.5,2,0.8,1.16,46,900.0,10.0,-1
-51.0,1698.5,3,-0.8,5.76,67,900.0,0.0,1
92.0,1648.0,17,14.3,0.8099999999999999,79,900.0,0.0,1
25.0,1572.5,12,6.6,12.64,123,900.0,2.0,1
502.0,2172.0,3,0.0,2.2,35,900.0,0.0,1
-42.0,1682.0,0,-0.3,0.8100000000000002,73,900.0,10.0,1
-22.0,1881.0,5,0.5,2.25,81,900.0,5.0,1
-174.0,1770.0,-9,-7.6,5.64,74,900.0,0.0,-1
-500.0,2172.0,-3,-2.7,0.8099999999999999,56,900.0,0.0,-1
-167.0,1811.5,-2,-0.2,7.56,120,900.0,0.0,-1
-52.0,1577.0,18,10.9,25.889999999999997,145,900.0,0.0,1
22.0,1679.0,2,2.0,0.0,85,900.0,10.0,1
166.0,1770.0,4,1.2,0.9599999999999997,47,900.0,0.0,1
18.0,1817.0,-2,-1.2,2.16,29,900.0,0.0,1
-156.0,1770.0,-12,-6.9,11.690000000000001,66,900.0,0.0,-1
165.0,1637.5,-3,-1.2,2.96,63,900.0,0.0,1
157.0,1811.5,1,0.9,0.09,43,900.0,0.0,1
41.0,1881.5,0,-0.1,0.09,86,1200.0,0.0,-1
-358.0,2136.0,-13,-9.5,5.25,84,900.0,0.0,-1
146.0,1770.0,9,7.3,0.61,91,900.0,0.0,1
-13.0,1556.5,15,9.3,14.010000000000002,85,900.0,0.0,1
133.0,1631.5,11,10.5,0.25,119,900.0,0.0,1
51.0,1789.5,0,0.0,0.0,17,900.0,0.0,1
-123.0,1631.5,-11,-9.3,0.61,146,900.0,0.0,-1
-11.0,1684.5,-8,-7.0,0.6,62,900.0,0.0,-1
113.0,1631.5,10,7.3,0.8099999999999999,79,900.0,0.0,1
-135.0,1631.5,1,1.0,0.0,65,900.0,0.0,1
-117.0,1626.5,-2,-0.8,0.76,88,900.0,0.0,-1
125.0,1631.5,24,18.4,13.440000000000001,135,900.0,0.0,1
-43.0,1955.5,-8,-5.0,10.8,60,900.0,5.0,-1
-210.0,1662.0,11,9.3,7.410000000000001,51,900.0,0.0,1
5.0,1673.5,-2,-1.1,7.289999999999999,75,900.0,10.0,-1
59.0,1881.5,0,0.0,0.0,102,1200.0,0.0,-1
201.0,1594.5,3,0.2,7.56,59,900.0,0.0,1
29.0,1955.5,4,4.5,2.25,69,900.0,5.0,1
83.0,1649.5,18,13.6,16.240000000000002,117,900.0,0.0,1
167.0,1802.5,0,0.2,0.16000000000000003,53,900.0,0.0,1
-45.0,1581.5,3,3.0,0.0,97,900.0,0.0,1
355.0,1738.5,9,0.4,26.639999999999997,57,900.0,0.0,1
-164.0,1754.0,0,0.5,2.25,79,900.0,0.0,1
0.0,1663.0,-2,0.9,6.49,116,900.0,0.0,-1
298.0,1215.0,42,34.9,25.889999999999997,85,900.0,0.0,1
88.0,1635.0,3,2.7,0.21000000000000002,45,900.0,2.0,1
-5.0,1673.5,1,0.9,0.09,107,900.0,10.0,0
-292.0,1215.0,-14,-8.3,38.010000000000005,86,900.0,0.0,-1
154.0,1754.0,7,7.0,0.0,61,900.0,0.0,1
-144.0,1754.0,-9,-6.3,0.8099999999999999,90,900.0,0.0,-1
-221.0,1722.5,-1,-4.6,5.64,84,900.0,0.0,-1
-292.0,1702.0,-15,-12.1,14.49,86,900.0,0.0,0
304.0,1702.0,-2,-2.0,0.0,205,900.0,0.0,0
-18.0,1869.0,-4,-3.4,2.24,94,900.0,0.0,-1
-260.0,1799.0,5,2.3,0.8099999999999999,95,900.0,0.0,1
57.0,1571.5,-23,-19.0,16.0,102,900.0,2.0,-1
-115.0,1503.5,-3,-3.1,0.09,69,900.0,0.0,1
-8.0,1814.0,-6,-5.1,0.09,68,900.0,0.0,-1
-219.0,2217.5,0,-0.6,0.8400000000000001,81,900.0,0.0,1
-21.0,1581.5,-1,-0.9,0.09,72,900.0,2.0,-1
-22.0,1595.0,10,5.2,2.7600000000000002,77,900.0,2.0,1
56.0,1748.0,-9,-8.2,5.5600000000000005,68,900.0,0.0,-1
208.0,1779.0,16,15.7,1.6099999999999999,75,900.0,0.0,1
53.0,1885.5,1,1.0,0.0,86,1200.0,0.0,0
-103.0,1752.5,-4,-4.2,1.7600000000000002,70,900.0,0.0,-1
20.0,1675.0,-6,-6.0,0.0,126,900.0,0.0,-1
2.0,1684.0,-9,-0.9,7.290000000000001,26,900.0,0.0,-1
70.0,1931.0,0,-0.3,0.8099999999999999,48,900.0,0.0,-1
73.0,1885.5,-10,-9.8,0.16,118,1200.0,0.0,-1
-94.0,1841.0,8,0.4,8.639999999999999,47,900.0,0.0,1
-47.0,1638.5,3,3.0,0.0,84,900.0,0.0,-1
306.0,1935.0,10,4.5,3.85,73,900.0,0.0,1
-38.0,1675.0,6,5.1,1.89,69,900.0,0.0,1
10.0,1820.0,4,1.2,3.7600000000000002,43,900.0,0.0,1
82.0,1841.0,9,6.7,4.21,63,900.0,0.0,1
50.0,1792.0,-10,-8.0,6.0,52,900.0,0.0,-1
642.0,2006.0,2,2.0,0.0,53,900.0,0.0,1
67.0,1638.5,-10,-10.0,0.0,138,900.0,0.0,-1
-202.0,1699.0,-2,-2.7,2.21,70,900.0,0.0,-1
-31.0,1988.5,-6,-5.0,0.6,72,900.0,0.0,-1
-30.0,1794.0,-2,-2.0,0.0,105,900.0,0.0,1
-183.0,1700.5,0,-0.3,0.8100000000000002,52,900.0,0.0,-1
33.0,1988.5,2,2.0,0.0,118,900.0,0.0,0
24.0,1675.0,-1,-1.6,1.8399999999999999,59,900.0,0.0,1
-646.0,1611.0,-1,-0.6,0.24000000000000005,65,900.0,7.0,-1
284.0,1548.0,9,0.4,10.44,61,900.0,0.0,1
14.0,1794.0,6,3.5,4.65,31,900.0,0.0,1
-42.0,1675.0,-1,-0.4,0.64,39,900.0,0.0,1
28.0,1675.0,0,-0.7,2.21,81,900.0,0.0,1
-32.0,1794.0,5,2.2,0.96,57,900.0,0.0,1
-42.0,1586.0,4,2.5,3.45,77,900.0,0.0,1
140.0,1534.0,6,2.1,10.29,59,600.0,12.0,1
-469.0,2562.5,-4,-3.1,6.090000000000001,117,900.0,0.0,-1
8.0,1649.0,0,0.0,0.0,27,900.0,0.0,1
-8.0,1649.0,2,1.9,2.8900000000000006,68,900.0,0.0,0
-261.0,2241.5,-10,-5.1,16.09,126,900.0,0.0,-1
-75.0,1540.5,-10,-7.0,3.0,44,900.0,2.0,-1
-40.0,1805.0,-4,-3.1,0.09,108,900.0,0.0,-1
-48.0,1576.0,-10,-2.1,7.290000000000001,36,900.0,0.0,-1
103.0,1606.5,0,0.0,0.0,146,900.0,0.0,-1
61.0,1540.5,0,0.0,0.0,87,900.0,2.0,1
72.0,1638.0,0,0.0,0.0,85,900.0,0.0,0
36.0,1575.0,-3,-3.0,0.0,40,900.0,0.0,1
58.0,1617.0,0,0.0,0.0,85,900.0,0.0,1
547.0,1981.5,10,6.7,17.81,39,900.0,0.0,1
-47.0,1540.5,-11,-4.4,28.639999999999997,41,900.0,2.0,-1
-144.0,1533.0,-15,-9.3,4.41,126,600.0,12.0,0
-20.0,1575.0,-7,-3.9,9.09,62,900.0,0.0,-1
-118.0,1603.0,1,1.1,0.09,57,900.0,0.0,1
20.0,1575.0,2,1.0,0.4,98,900.0,0.0,0
18.0,1720.0,1,0.2,5.5600000000000005,48,5400.0,0.0,-1
106.0,1603.0,5,4.2,2.76,65,900.0,0.0,1
124.0,1750.0,8,6.7,2.6100000000000003,75,900.0,0.0,1
-13.0,1816.5,5,2.8,8.16,94,900.0,0.0,1
537.0,2152.5,8,3.7,8.41,41,900.0,0.0,1
-94.0,1603.0,-8,-3.1,12.290000000000001,46,900.0,0.0,-1
-273.0,1744.5,1,-0.4,3.2399999999999998,48,900.0,0.0,-1
-211.0,1639.5,6,3.8,6.36,115,900.0,0.0,1
34.0,1720.0,-16,-11.2,8.36,48,5400.0,0.0,-1
183.0,1687.5,3,2.6,0.24,58,900.0,0.0,-1
93.0,1885.5,-3,1.7,3.21,72,1200.0,0.0,-1
-61.0,1667.5,5,3.7,1.21,85,900.0,0.0,1
172.0,1764.0,6,5.2,3.16,91,900.0,0.0,1
-497.0,2171.5,-4,-2.4,4.4399999999999995,56,900.0,0.0,-1
-173.0,2044.5,1,1.0,0.0,103,900.0,5.0,1
-70.0,1637.0,-1,0.6,6.24,86,900.0,0.0,-1
203.0,1639.5,11,2.1,9.49,31,900.0,0.0,1
47.0,1667.5,-1,-0.4,0.24000000000000005,15,900.0,0.0,1
-195.0,1639.5,-5,-5.0,0.6,44,900.0,0.0,-1
105.0,1520.5,-8,-3.8,2.1599999999999997,64,900.0,0.0,-1
71.0,1716.5,6,3.7,13.61,85,900.0,0.0,1
203.0,1639.5,7,7.3,0.21000000000000002,118,900.0,0.0,0
113.0,1885.5,-14,-9.9,16.89,120,1200.0,0.0,-1
163.0,2044.5,4,4.2,10.96,85,900.0,5.0,1
161.0,1602.5,10,6.2,13.559999999999999,79,900.0,0.0,1
90.0,1637.0,-15,-9.4,13.440000000000001,82,900.0,0.0,-1
-21.0,1470.5,12,10.5,0.65,101,900.0,0.0,1
284.0,1634.0,8,2.3,11.01,39,900.0,0.0,1
-110.0,1637.0,5,5.0,0.0,71,900.0,0.0,1
-40.0,1952.0,5,4.8,0.15999999999999998,79,900.0,15.0,1
-33.0,1667.5,-4,-1.5,3.45,78,900.0,0.0,-1
117.0,1782.5,-1,-0.7,0.8099999999999999,41,900.0,0.0,1
-58.0,1721.0,4,4.5,0.25,73,900.0,0.0,1
495.0,2171.5,-2,-1.2,0.16,135,900.0,0.0,1
653.0,1908.5,0,0.4,2.4399999999999995,33,1980.0,33.0,1
-113.0,1600.5,-7,-2.5,11.25,24,900.0,0.0,-1
23.0,1795.5,1,0.9,0.09,81,1200.0,30.0,1
17.0,1667.5,1,1.0,0.0,59,900.0,0.0,1
19.0,1663.5,7,5.7,0.61,79,900.0,0.0,1
96.0,1590.0,3,3.0,0.0,99,900.0,0.0,0
286.0,1215.0,28,20.3,34.410000000000004,49,900.0,0.0,1
-135.0,1859.5,20,19.2,5.76,135,900.0,0.0,1
-280.0,1215.0,-17,-16.7,0.8099999999999999,100,900.0,0.0,-1
133.0,1769.5,1,1.6,1.8399999999999999,57,900.0,0.0,1
-35.0,1667.5,0,-0.3,0.8100000000000002,73,900.0,0.0,1
-44.0,1737.0,0,0.0,0.0,93,900.0,0.0,1
68.0,1652.0,18,14.0,16.0,159,900.0,0.0,1
-54.0,1652.0,-14,-9.0,10.8,122,900.0,0.0,-1
-31.0,1829.5,1,-0.4,0.43999999999999995,67,900.0,0.0,1
19.0,1667.5,0,-0.7,0.21000000000000002,51,900.0,0.0,1
-194.0,1582.0,0,-0.3,0.8100000000000002,20,900.0,0.0,-1
-84.0,1590.0,-9,-0.9,7.290000000000001,62,900.0,0.0,-1
40.0,1652.0,10,6.6,11.84,71,900.0,0.0,1
-3.0,1667.5,-2,-1.6,2.44,46,900.0,0.0,-1
-243.0,1553.5,0,0.0,0.0,76,2700.0,0.0,-1
395.0,1625.5,9,8.7,0.8099999999999999,77,900.0,0.0,1
82.0,1552.0,5,-0.1,5.09,49,900.0,0.0,1
19.0,1667.5,-20,-9.4,14.84,62,900.0,0.0,-1
26.0,1952.0,-1,-0.1,1.49,57,900.0,5.0,1
179.0,1578.5,7,2.2,3.96,61,900.0,0.0,1
163.0,1634.5,13,5.8,5.76,117,900.0,0.0,1
-171.0,1578.5,-20,-12.7,17.21,44,900.0,0.0,-1
245.0,1801.5,0,0.3,0.8100000000000002,20,900.0,0.0,1
-3.0,1667.5,-8,-1.4,6.239999999999999,22,900.0,0.0,-1
-16.0,1775.0,-1,-0.7,0.8100000000000002,66,900.0,0.0,-1
19.0,1667.5,-6,-4.0,1.0,52,900.0,0.0,-1
195.0,1578.5,-9,-8.9,5.49,68,900.0,0.0,-1
106.0,1883.0,7,9.7,6.21,62,1200.0,0.0,1
-37.0,1667.5,9,6.3,0.8099999999999999,85,900.0,0.0,1
-263.0,1568.5,-2,-2.3,0.21000000000000002,92,900.0,0.0,-1
-48.0,1496.0,0,0.0,0.0,26,900.0,0.0,1
-62.0,1654.0,5,4.6,2.44,39,900.0,0.0,1
140.0,1626.0,-10,-8.6,2.44,78,900.0,0.0,-1
484.0,2028.0,-9,-3.8,8.559999999999999,54,900.0,0.0,-1
-162.0,1626.0,10,3.9,18.089999999999996,111,900.0,0.0,1
60.0,1763.0,0,0.0,0.2,68,900.0,0.0,-1
-42.0,1651.0,-11,-7.0,16.0,88,900.0,0.0,-1
-391.0,1625.5,-2,-2.1,0.09,16,900.0,0.0,-1
-275.0,1970.5,-2,-0.9,1.49,41,900.0,0.0,-1
152.0,1626.0,7,-1.1,7.289999999999999,103,900.0,0.0,1
387.0,1625.5,1,1.1,1.49,21,900.0,0.0,1
123.0,1619.5,6,3.1,6.890000000000001,135,900.0,0.0,1
11.0,1651.5,-13,-4.2,9.960000000000003,44,900.0,0.0,-1
34.0,1496.0,14,14.0,0.0,103,900.0,0.0,1
269.0,1970.5,9,2.3,10.209999999999999,31,900.0,0.0,1
-142.0,1626.0,-3,-2.7,0.8099999999999999,50,900.0,0.0,-1
72.0,1741.0,-6,-1.2,4.16,56,900.0,0.0,-1
-80.0,1763.0,1,4.2,11.559999999999999,57,900.0,0.0,1
132.0,1626.0,6,1.5,2.25,45,900.0,0.0,1
69.0,1981.5,-8,0.1,7.290000000000001,92,2700.0,45.0,-1
-70.0,1741.0,-5,-1.0,4.0,64,900.0,15.0,-1
-108.0,1880.0,9,5.8,5.16,99,900.0,0.0,1
-8.0,1573.0,2,-0.6,11.040000000000001,54,900.0,0.0,-1
145.0,1496.5,0,-0.1,0.09,45,900.0,0.0,1
116.0,1739.0,-2,-1.2,1.56,38,900.0,0.0,-1
-138.0,1739.0,0,-0.1,0.09,95,900.0,0.0,1
-121.0,1495.5,-5,-5.0,0.0,113,900.0,0.0,-1
68.0,1763.0,18,10.8,5.76,109,900.0,0.0,1
144.0,1739.0,0,0.0,0.0,73,900.0,0.0,0
258.0,1645.0,3,2.1,0.09,51,900.0,0.0,1
-134.0,1739.0,-13,-7.3,16.61,100,900.0,0.0,-1
736.0,1600.0,9,5.1,10.89,59,900.0,0.0,1
93.0,1494.5,14,11.0,3.0,49,900.0,0.0,1
130.0,1880.0,-12,-8.9,17.29,100,900.0,0.0,-1
-736.0,1600.0,-7,-9.4,1.44,88,900.0,0.0,-1
-252.0,1645.0,-3,-0.1,1.09,30,900.0,0.0,-1
26.0,1573.0,-22,-15.2,12.36,94,900.0,0.0,-1
-54.0,1763.0,-9,-8.0,0.2,74,900.0,0.0,-1
352.0,2241.0,0,-0.4,0.8400000000000001,31,900.0,0.0,1
-3.0,1777.5,1,-0.4,8.639999999999999,81,900.0,0.0,1
19.0,1520.5,4,4.2,10.760000000000002,82,900.0,0.0,-1
-152.0,1880.0,-5,-4.6,0.24,59,900.0,0.0,1
-348.0,2241.0,-2,-1.1,0.09,102,900.0,0.0,-1
-44.0,1573.0,16,16.0,0.0,85,900.0,0.0,1
24.0,1757.0,8,2.9,3.69,75,900.0,15.0,1
-185.0,2045.5,4,3.3,1.61,87,900.0,5.0,1
156.0,1739.0,-14,-8.4,13.440000000000001,134,900.0,0.0,-1
133.0,1995.5,0,-0.9,2.29,67,900.0,0.0,1
121.0,1595.5,5,2.3,0.8099999999999999,67,900.0,0.0,1
-79.0,1556.5,-11,-1.3,12.209999999999999,46,900.0,0.0,-1
43.0,1943.5,2,2.0,0.0,69,900.0,0.0,1
-43.0,1488.5,-3,-0.3,3.81,16,900.0,0.0,-1
29.0,1488.5,5,2.1,6.890000000000001,125,900.0,0.0,1
177.0,2045.5,6,4.2,7.56,79,900.0,5.0,1
28.0,1757.0,2,-0.7,0.8100000000000002,51,900.0,15.0,1
111.0,1412.5,5,3.8,0.76,105,900.0,0.0,1
507.0,2073.5,8,5.3,0.8099999999999999,107,900.0,0.0,1
-169.0,2045.5,-9,-9.0,0.0,164,900.0,5.0,-1
-110.0,1627.0,7,5.6,10.24,47,900.0,0.0,1
169.0,1736.5,0,-0.1,0.29000000000000004,132,900.0,0.0,0
-12.0,1757.0,-5,-5.7,0.21000000000000002,62,900.0,15.0,-1
171.0,1426.5,2,-0.5,7.45,58,1500.0,0.0,-1
468.0,2562.0,5,4.2,2.76,99,900.0,0.0,1
-159.0,1736.5,-11,-9.8,0.76,140,900.0,0.0,-1
-55.0,1670.5,-9,-9.0,0.0,124,900.0,0.0,-1
98.0,1627.0,5,4.7,0.21000000000000002,55,900.0,0.0,1
-532.0,2148.0,-9,-8.4,4.640000000000001,154,900.0,0.0,-1
-413.0,2163.5,1,0.4,1.04,36,900.0,0.0,-1
-149.0,1736.5,-10,-9.0,0.6,116,900.0,0.0,-1
-48.0,1626.0,-1,-0.1,2.09,88,900.0,0.0,-1
38.0,1670.0,0,0.1,0.09,85,900.0,0.0,1
-215.0,2216.5,-8,-2.4,13.439999999999998,98,900.0,0.0,-1
-77.0,2033.5,0,0.1,0.09,121,900.0,0.0,1
-104.0,1620.0,3,2.1,1.89,75,900.0,0.0,1
-181.0,1787.5,1,-0.2,2.16,40,900.0,0.0,-1
63.0,2033.5,2,1.4,0.24,65,900.0,0.0,1
92.0,1620.0,-9,-9.0,0.0,111,900.0,0.0,1
34.0,1626.0,3,3.0,0.0,47,900.0,0.0,1
371.0,1690.5,-1,-0.3,0.20999999999999996,35,900.0,0.0,1
350.0,2147.0,5,4.7,0.21000000000000002,57,900.0,0.0,1
-157.0,1752.5,13,13.2,0.16,99,900.0,0.0,1
-89.0,1918.5,0,0.0,0.0,112,900.0,5.0,0
-206.0,1612.0,-9,-1.5,7.05,68,900.0,0.0,-1
-18.0,1626.0,-1,0.0,7.2,36,900.0,0.0,-1
2.0,1626.0,2,1.2,0.16,45,900.0,0.0,1
-65.0,2033.5,0,0.0,0.0,102,900.0,0.0,0
77.0,1918.5,1,0.0,1.2,47,900.0,5.0,1
-149.0,1496.5,17,9.8,5.76,105,900.0,0.0,1
-143.0,1880.5,-10,-4.8,28.360000000000003,86,900.0,0.0,-1
147.0,1752.5,6,2.0,5.4,67,900.0,0.0,1
104.0,1567.0,9,0.6,8.64,39,900.0,0.0,1
37.0,1636.5,-8,-7.1,0.09,136,900.0,0.0,-1
85.0,2033.5,-10,-10.0,0.0,128,900.0,0.0,-1
213.0,1499.5,-5,-5.0,0.0,122,900.0,0.0,-1
166.0,1763.0,4,4.4,0.24,99,900.0,0.0,1
38.0,1505.0,-14,-5.0,12.0,56,900.0,0.0,-1
769.0,1537.5,2,0.8,0.76,17,900.0,0.0,1
-21.0,1636.5,-5,-4.6,2.2399999999999998,52,900.0,0.0,-1
-30.0,1673.0,3,3.0,0.0,39,1200.0,10.0,1
-191.0,1498.5,-9,-1.8,5.76,146,900.0,0.0,-1
-190.0,1763.0,1,-1.1,1.09,33,900.0,0.0,1
-73.0,2033.5,-1,-0.8,0.36,90,900.0,0.0,-1
-459.0,2039.5,-7,-6.7,0.21000000000000002,95,900.0,0.0,-1
-20.0,1592.0,2,2.0,0.0,94,900.0,0.0,-1
33.0,1672.5,-3,-2.5,1.65,60,1200.0,10.0,0
39.0,1636.5,-7,-6.7,0.21000000000000002,72,900.0,0.0,-1
184.0,1762.0,6,5.2,3.16,91,900.0,0.0,1
238.0,1830.0,7,2.0,3.0,79,900.0,0.0,1
-176.0,1762.0,-9,-9.0,0.0,146,900.0,0.0,-1
59.0,1638.5,-4,-4.0,0.0,84,900.0,0.0,-1
293.0,1959.5,8,5.3,6.01,98,900.0,0.0,1
-13.0,1615.5,12,7.9,4.290000000000001,77,900.0,0.0,1
106.0,1625.0,-10,-7.7,5.61,54,900.0,0.0,-1
-44.0,1639.0,-11,-2.6,8.64,54,900.0,0.0,-1
-4.0,1615.0,6,2.5,5.25,55,900.0,0.0,1
28.0,1695.0,11,7.3,10.610000000000001,59,900.0,0.0,1
-46.0,1695.0,12,6.1,5.6899999999999995,87,900.0,0.0,1
22.0,1614.0,-8,-0.1,7.090000000000001,66,900.0,0.0,-1
-25.0,1686.5,0,1.1,7.090000000000001,124,1200.0,10.0,-1
761.0,1595.5,4,3.7,0.8099999999999999,33,900.0,0.0,0
-49.0,1965.5,-2,-0.1,1.6900000000000002,35,900.0,7.0,-1
-287.0,1959.5,-6,-5.5,0.25,52,900.0,0.0,-1
-761.0,1595.5,-16,-13.6,12.24,102,900.0,0.0,-1
38.0,1635.0,2,1.4,2.2399999999999998,78,900.0,0.0,-1
-25.0,1652.5,-7,-3.1,11.09,78,900.0,0.0,-1
43.0,1652.5,-10,-4.4,13.440000000000001,142,900.0,0.0,-1
24.0,1829.0,-5,-2.6,1.44,129,900.0,0.0,-1
281.0,1959.5,9,2.4,14.039999999999997,27,900.0,0.0,1
761.0,1595.5,4,2.6,3.04,43,900.0,0.0,1
-165.0,1791.5,-1,-1.0,0.0,82,900.0,0.0,-1
-24.0,1635.0,-12,-3.2,8.760000000000002,80,900.0,0.0,-1
-761.0,1595.5,-6,-1.2,3.3600000000000003,50,900.0,0.0,-1
82.0,1827.0,1,0.7,0.41,63,900.0,0.0,1
26.0,1635.0,0,-0.4,0.24000000000000005,126,900.0,0.0,0
-190.0,1583.0,1,1.0,0.0,123,900.0,0.0,0
163.0,1779.5,-4,-4.0,0.0,107,900.0,0.0,-1
409.0,2116.5,7,4.9,1.89,111,900.0,0.0,1
-552.0,2546.0,-5,-4.4,0.44000000000000006,70,900.0,1.0,-1
33.0,1508.5,0,0.4,0.43999999999999995,42,900.0,0.0,-1
23.0,1636.5,1,1.2,2.76,93,900.0,0.0,1
-133.0,1606.5,-10,-7.3,0.8099999999999999,70,900.0,0.0,-1
-173.0,1566.5,2,0.5,1.25,42,900.0,0.0,1
-39.0,1857.5,0,0.0,0.0,91,900.0,0.0,1
197.0,1566.5,2,-1.0,1.2,151,900.0,0.0,-1
-6.0,1637.0,-2,-0.1,0.49000000000000005,20,900.0,0.0,-1
-191.0,1578.5,-21,-18.9,11.89,110,900.0,0.0,-1
-96.0,1579.0,-2,-1.9,0.49000000000000005,44,900.0,0.0,-1
761.0,1595.5,8,8.0,0.2,71,900.0,0.0,1
1.0,1475.5,-2,-0.5,2.85,30,900.0,0.0,-1
-761.0,1595.5,-13,-5.2,7.56,48,900.0,0.0,-1
-311.0,1632.5,-13,-12.4,0.44000000000000006,100,900.0,0.0,-1
-174.0,1789.0,-1,-0.2,2.7600000000000002,78,900.0,0.0,-1
-146.0,1739.0,2,0.1,1.09,24,900.0,0.0,-1
120.0,1580.0,-2,-1.9,2.09,66,900.0,0.0,-1
124.0,1623.0,-13,-6.0,19.4,110,900.0,0.0,-1
761.0,1595.5,7,1.9,9.69,37,900.0,0.0,1
-146.0,1623.0,11,4.1,21.69,47,900.0,0.0,1
-277.0,1807.5,-4,-4.0,0.0,222,900.0,0.0,-1
136.0,1623.0,5,3.1,1.6900000000000002,33,900.0,0.0,1
30.0,2022.0,-6,-5.1,0.09,114,2700.0,45.0,-1
-212.0,1767.0,13,8.0,3.0,65,900.0,0.0,1
-158.0,1623.0,7,5.3,1.41,41,900.0,0.0,1
271.0,1807.5,1,1.0,0.6,97,900.0,0.0,1
-217.0,1589.5,-10,-10.0,0.0,158,900.0,0.0,-1
178.0,1568.0,7,4.6,6.840000000000001,39,900.0,0.0,1
168.0,1569.0,22,18.8,28.160000000000004,89,900.0,0.0,1
-265.0,1807.5,0,0.6,6.24,33,900.0,0.0,-1
-769.0,1537.5,1,0.3,0.61,13,900.0,0.0,-1
769.0,1537.5,4,0.9,1.2900000000000003,51,900.0,0.0,1
-290.0,1828.0,-7,-4.1,1.69,86,900.0,0.0,-1
230.0,1838.0,-4,-3.0,2.4,80,900.0,0.0,-1
65.0,1709.5,-6,-5.9,0.09,66,900.0,0.0,-1
-17.0,1876.5,-2,-1.1,0.29,99,900.0,0.0,1
370.0,2134.0,12,10.5,4.85,101,900.0,0.0,1
97.0,1796.5,3,3.0,0.0,73,1200.0,0.0,1
46.0,1672.0,0,0.0,0.0,73,900.0,0.0,1
-192.0,1569.0,12,6.3,14.01,169,900.0,0.0,1
404.0,2116.0,12,7.0,12.0,85,900.0,0.0,1
414.0,1892.0,0,-1.2,7.56,23,900.0,0.0,1
504.0,2065.0,15,15.0,0.0,79,900.0,0.0,1
35.0,1876.5,-1,-0.6,2.04,74,900.0,0.0,-1
90.0,1594.0,11,6.7,2.21,73,900.0,0.0,1
-68.0,1671.0,0,-0.1,0.09,37,900.0,0.0,1
111.0,1518.5,-13,-10.6,13.440000000000001,168,900.0,2.0,-1
-53.0,1876.5,-3,-2.6,0.24,65,900.0,0.0,1
-169.0,1592.5,5,5.0,0.0,95,900.0,0.0,1
171.0,1736.5,-3,-3.8,0.15999999999999998,138,1200.0,10.0,-1
81.0,1875.5,7,4.9,0.69,107,900.0,0.0,1
706.0,1881.0,0,0.0,0.0,15,1980.0,33.0,1
301.0,2117.5,8,8.3,0.8099999999999999,37,900.0,0.0,1
-69.0,1875.5,-12,-12.2,0.96,60,900.0,0.0,-1
-86.0,1898.0,1,0.5,0.85,21,900.0,5.0,1
-4.0,1708.0,-2,-2.0,0.0,102,900.0,0.0,-1
65.0,1653.5,-8,-7.7,0.21000000000000002,70,900.0,0.0,-1
31.0,2331.5,1,1.0,0.0,115,900.0,0.0,0
-191.0,1704.5,8,7.0,0.6,85,900.0,0.0,1
183.0,1704.5,22,18.0,16.0,141,900.0,0.0,1
-162.0,1736.0,0,0.0,0.0,14,1200.0,10.0,-1
20.0,1708.0,-2,-0.9,1.09,46,900.0,0.0,-1
-4.0,1708.0,-4,-4.0,0.0,62,900.0,0.0,-1
-175.0,1704.5,-8,-7.1,7.290000000000001,62,900.0,0.0,-1
190.0,1734.0,-5,-3.2,6.76,58,1200.0,10.0,-1
136.0,1923.0,1,1.0,0.0,71,900.0,0.0,1
340.0,2144.0,5,4.1,7.290000000000001,71,900.0,0.0,1
328.0,1689.0,10,1.2,9.96,49,900.0,0.0,1
-21.0,1571.5,16,7.6,8.44,67,900.0,2.0,1
77.0,1661.5,14,13.2,7.5600000000000005,141,900.0,0.0,1
-499.0,2063.5,-15,-14.5,0.25,68,900.0,0.0,-1
-206.0,2206.0,-8,-5.7,8.41,90,900.0,0.0,-1
26.0,1724.0,-4,-1.0,1.2,18,900.0,0.0,-1
503.0,1850.5,9,1.5,7.65,29,900.0,0.0,1
-128.0,1772.0,-5,-1.8,5.160000000000001,76,900.0,0.0,-1
-101.0,1643.5,-6,-7.8,2.16,68,900.0,0.0,-1
667.0,1933.5,10,5.1,11.690000000000001,45,900.0,0.0,1
148.0,1607.0,-2,-1.4,2.24,43,900.0,0.0,1
-159.0,1666.5,-18,-12.4,13.440000000000001,90,900.0,2.0,-1
183.0,1666.5,-9,-4.5,2.25,70,900.0,2.0,-1
-758.0,1594.0,0,-0.8,0.56,52,900.0,0.0,-1
-175.0,1666.5,-1,-0.9,0.09,38,900.0,2.0,-1
167.0,1666.5,19,12.6,7.040000000000001,115,900.0,2.0,1
-296.0,2117.0,-2,-1.7,0.8100000000000002,96,900.0,0.0,-1
-256.0,1563.0,-14,-5.8,13.76,100,900.0,0.0,-1
-356.0,2129.0,-15,-11.7,16.009999999999998,120,900.0,0.0,-1
200.0,1777.0,8,8.0,0.0,91,900.0,0.0,1
250.0,1563.0,16,16.8,0.16,77,900.0,0.0,1
290.0,2117.0,3,1.7,2.4099999999999997,76,900.0,0.0,1
-192.0,1777.0,-8,-5.0,14.4,54,900.0,0.0,-1
184.0,1777.0,0,0.8,0.16,163,900.0,0.0,1
184.0,1777.0,7,4.9,9.69,71,900.0,0.0,1
-176.0,1777.0,2,2.0,0.0,90,900.0,0.0,-1
1366.0,1405.0,16,14.1,5.29,37,900.0,0.0,1
-28.0,1627.0,5,3.9,1.89,75,900.0,0.0,1
-423.0,1643.5,-2,-3.3,1.01,31,900.0,5.0,1
57.0,1900.5,6,4.0,7.0,115,1200.0,0.0,1
-1366.0,1405.0,-14,-13.2,0.96,28,900.0,0.0,-1
-229.0,1674.5,-8,-7.8,0.15999999999999998,72,900.0,0.0,-1
-50.0,1673.0,4,3.9,0.09,89,900.0,0.0,1
-241.0,1561.5,-12,-11.5,0.25,78,900.0,0.0,-1
98.0,1668.0,9,0.9,7.290000000000001,69,900.0,0.0,1
221.0,1674.5,2,2.5,0.25,59,900.0,0.0,1
274.0,1215.0,25,23.4,8.04,45,900.0,0.0,1
-268.0,1215.0,-32,-30.5,2.45,68,900.0,0.0,-1
-86.0,1668.0,1,1.1,0.09,36,900.0,0.0,-1
-114.0,1626.0,-18,-18.0,0.0,124,900.0,0.0,-1
102.0,1626.0,1,0.5,2.25,51,900.0,0.0,1
-90.0,1626.0,-15,-13.0,7.0,76,900.0,0.0,-1
406.0,1665.0,1,0.3,0.20999999999999996,117,600.0,12.0,1
24.0,1708.0,-1,-1.0,0.0,74,900.0,0.0,-1
-298.0,1702.0,5,5.9,7.290000000000001,48,900.0,0.0,-1
94.0,1626.0,-6,-6.0,0.0,155,900.0,0.0,0
75.0,1652.5,-9,-8.2,0.16,76,900.0,0.0,-1
2.0,1948.0,16,8.3,6.8100000000000005,69,900.0,5.0,1
-120.0,1747.0,-6,-5.7,0.21000000000000002,52,900.0,0.0,-1
-16.0,1599.0,-9,-7.8,2.7600000000000002,66,900.0,2.0,-1
-23.0,2008.5,1,0.8,0.16,86,900.0,0.0,-1
-18.0,1948.0,2,2.9,7.289999999999999,71,900.0,5.0,1
149.0,1771.5,11,4.3,25.810000000000002,99,900.0,0.0,1
202.0,1690.0,8,2.6,4.640000000000001,27,900.0,2.0,1
351.0,1581.5,1,-3.5,2.25,57,900.0,0.0,1
-404.0,1665.0,-9,-3.8,10.16,138,600.0,12.0,-1
39.0,1787.5,2,0.8,0.76,109,900.0,10.0,1
25.0,2008.5,0,0.9,12.290000000000001,46,900.0,0.0,0
36.0,1948.0,-6,-5.6,0.43999999999999995,144,900.0,5.0,-1
-8.0,1870.0,-4,-0.4,5.64,58,900.0,0.0,-1
1.0,2003.5,-1,-1.0,0.0,92,900.0,0.0,-1
115.0,1751.5,5,5.0,0.0,63,900.0,0.0,1
-123.0,1606.5,-8,-4.3,5.61,40,900.0,0.0,-1
-84.0,1655.0,8,6.0,10.8,129,900.0,0.0,1
79.0,2003.5,9,8.1,0.09,117,900.0,5.0,0
197.0,1565.5,1,1.0,0.0,63,900.0,0.0,1
-137.0,1751.5,20,19.1,1.8900000000000001,137,900.0,0.0,1
160.0,1377.0,5,2.9,4.09,37,1200.0,0.0,1
-434.0,1567.0,-14,-4.3,15.209999999999999,30,900.0,0.0,-1
-194.0,1782.0,3,3.0,0.0,82,900.0,0.0,1
-196.0,1371.0,4,-0.5,2.25,89,1200.0,0.0,1
31.0,1689.5,-1,1.5,8.25,64,900.0,0.0,-1
-97.0,1643.5,-9,-9.0,0.0,146,900.0,2.0,-1
207.0,1771.5,6,5.2,3.16,91,900.0,0.0,1
5.0,1679.5,-3,1.4,4.84,58,900.0,0.0,-1
-50.0,1673.0,-1,-0.9,0.09,32,900.0,0.0,-1
-30.0,1629.0,-1,-0.1,0.09,42,900.0,0.0,-1
-251.0,1466.5,-11,-9.2,4.56,64,900.0,2.0,-1
224.0,1776.0,-9,-8.7,0.21000000000000002,78,900.0,0.0,-1
161.0,1698.5,28,22.8,36.760000000000005,79,900.0,0.0,1
194.0,1719.0,-1,0.9,1.09,45,900.0,0.0,1
-71.0,1655.5,-8,-1.0,5.6,86,900.0,0.0,-1
-20.0,1677.0,6,4.7,4.01,91,2700.0,0.0,1
-483.0,2171.5,-5,-4.1,3.8899999999999997,58,900.0,0.0,-1
72.0,1510.0,2,2.2,0.36,69,900.0,0.0,1
-147.0,1700.5,-8,-6.8,0.76,98,900.0,0.0,-1
46.0,1634.0,5,3.0,5.2,64,900.0,0.0,-1
-218.0,1587.0,-7,-2.9,8.49,40,900.0,0.0,-1
-32.0,1634.0,-6,-0.8,6.5600000000000005,50,900.0,0.0,-1
-133.0,1739.5,-16,-8.6,8.84,62,900.0,0.0,-1
207.0,1585.5,3,1.8,0.36,27,900.0,0.0,1
123.0,1739.5,4,3.7,0.8099999999999999,123,900.0,0.0,1
16.0,1634.0,7,-1.7,8.809999999999999,65,900.0,0.0,1
481.0,2171.5,1,0.1,0.49000000000000005,43,900.0,0.0,1
-204.0,1804.0,-9,-0.9,7.290000000000001,38,900.0,0.0,-1
-113.0,1739.5,-10,-4.4,13.440000000000001,118,900.0,0.0,-1
135.0,1739.5,-20,-14.4,13.440000000000001,114,900.0,0.0,-1
-16.0,2004.0,2,1.5,0.85,115,900.0,0.0,1
55.0,1645.5,-9,-6.8,2.16,76,900.0,0.0,-1
-110.0,1603.0,-1,-0.7,0.21000000000000002,67,900.0,0.0,1
224.0,1556.0,9,9.5,0.25,55,900.0,0.0,1
90.0,1661.0,-12,-7.5,2.25,58,900.0,0.0,-1
46.0,1892.0,-4,-4.1,0.09,70,900.0,0.0,-1
-216.0,1556.0,-21,-15.6,24.84,36,900.0,0.0,-1
-75.0,1659.5,-3,-0.6,1.44,24,900.0,0.0,-1
208.0,1556.0,20,11.3,41.61,61,900.0,0.0,1
58.0,1658.0,2,2.0,0.0,85,900.0,0.0,1
-146.0,1696.0,-15,-13.5,1.45,126,900.0,0.0,-1
-133.0,1761.5,12,12.0,0.0,178,900.0,0.0,0
-10.0,1533.0,-2,-3.8,3.3600000000000003,98,900.0,0.0,-1
-200.0,1556.0,-8,-8.8,0.16,146,900.0,0.0,-1
16.0,2004.0,4,4.0,0.0,90,900.0,0.0,0
-7.0,1811.5,5,3.2,2.16,55,900.0,0.0,1
89.0,1894.5,1,1.1,0.09,30,1200.0,0.0,-1
294.0,1698.0,6,6.7,2.21,47,900.0,0.0,1
-8.0,1670.0,-1,-0.5,0.25,106,900.0,0.0,-1
191.0,1627.5,6,4.5,3.45,37,900.0,0.0,1
-138.0,1625.0,-5,-4.1,2.0900000000000003,98,900.0,0.0,-1
136.0,2065.0,-1,-1.0,0.0,128,900.0,0.0,0
-34.0,2004.0,1,1.0,0.0,109,900.0,0.0,1
25.0,1556.5,-3,-2.9,0.09,74,900.0,0.0,-1
123.0,1761.5,5,4.7,0.21000000000000002,99,900.0,0.0,1
-71.0,1597.5,-3,-8.2,8.76,134,900.0,0.0,-1
136.0,1696.0,1,0.2,2.9600000000000004,83,900.0,0.0,1
14.0,1823.0,-2,-0.2,3.3600000000000003,39,900.0,0.0,1
-192.0,1567.0,-12,-10.8,7.76,76,2700.0,0.0,-1
-43.0,1556.5,0,-0.1,0.09,65,900.0,0.0,1
-180.0,1722.0,-12,-12.1,0.09,72,900.0,0.0,-1
31.0,2284.5,5,4.1,0.09,127,900.0,0.0,1
17.0,1670.5,0,-0.7,0.21000000000000002,61,1200.0,0.0,1
-46.0,1785.0,0,0.1,0.09,130,900.0,15.0,0
122.0,1698.0,20,12.8,5.76,99,900.0,0.0,1
106.0,1597.0,6,5.7,0.21000000000000002,115,900.0,0.0,1
97.0,1711.5,0,0.0,0.0,46,900.0,0.0,-1
155.0,1997.5,-2,-0.5,1.05,43,900.0,0.0,1
53.0,2003.5,-1,-0.7,0.8100000000000002,92,900.0,0.0,-1
-29.0,1497.5,-2,-1.7,6.21,38,900.0,0.0,-1
94.0,1597.0,8,6.3,3.81,63,900.0,0.0,1
108.0,1543.0,-1,0.7,0.61,96,900.0,0.0,1
-82.0,1597.0,-13,-3.4,12.239999999999998,46,900.0,0.0,-1
76.0,1979.0,-3,-3.6,0.24,74,2700.0,45.0,-1
-50.0,1503.0,0,-0.1,0.09,19,900.0,0.0,-1
-144.0,1698.0,13,7.4,13.440000000000001,209,900.0,0.0,1
128.0,1743.0,5,0.9,7.489999999999999,57,900.0,0.0,1
45.0,1676.5,-2,0.5,0.85,82,900.0,0.0,-1
244.0,1763.0,6,5.2,3.16,91,900.0,0.0,1
-238.0,1763.0,-2,-2.0,0.0,120,900.0,0.0,-1
-58.0,1682.0,1,0.1,0.09,41,900.0,0.0,1
205.0,1781.5,-1,-4.7,5.61,88,900.0,0.0,-1
164.0,1798.0,3,1.8,5.36,99,900.0,0.0,1
267.0,1836.5,0,0.6,0.24000000000000005,79,900.0,0.0,1
86.0,1677.0,-6,-1.9,4.29,78,900.0,0.0,-1
46.0,1640.0,7,7.0,0.0,86,900.0,0.0,-1
154.0,1912.0,-2,-1.9,0.09,104,900.0,0.0,-1
190.0,1726.0,3,2.2,0.15999999999999998,70,1200.0,0.0,-1
-257.0,1613.5,-7,-4.0,1.8,36,900.0,0.0,-1
209.0,1570.5,-3,-0.2,0.96,76,900.0,0.0,-1
186.0,1582.0,2,1.5,0.25,55,900.0,0.0,1
-33.0,2323.5,-3,-3.0,0.0,173,900.0,0.0,-1
122.0,1674.0,4,3.7,2.41,129,900.0,0.0,1
-78.0,1573.0,-8,-7.3,0.21000000000000002,60,900.0,0.0,1
158.0,1550.0,12,10.9,9.09,95,900.0,0.0,1
144.0,1912.0,-3,-3.0,0.0,71,900.0,0.0,1
62.0,1574.0,12,11.5,0.25,69,900.0,0.0,1
48.0,1941.0,10,1.6,8.040000000000001,67,900.0,0.0,1
-295.0,1620.5,-15,-13.4,2.6399999999999997,56,900.0,0.0,-1
-86.0,1572.0,5,-2.6,8.639999999999999,81,900.0,0.0,1
30.0,1653.0,3,3.0,0.0,91,900.0,0.0,1
109.0,2017.5,0,-0.3,2.21,153,900.0,0.0,0
-26.0,1683.0,-1,-2.0,2.0,63,1200.0,10.0,1
-274.0,1948.0,0,0.0,0.0,86,900.0,0.0,-1
-146.0,1551.0,-3,-2.6,1.44,70,900.0,0.0,-1
-97.0,2017.5,-3,-3.1,9.889999999999999,130,900.0,0.0,-1
-32.0,1652.0,-1,-0.4,0.8400000000000001,26,900.0,0.0,-1
44.0,1649.0,-6,-6.3,0.8099999999999999,62,900.0,0.0,-1
61.0,1691.5,0,0.6,0.24000000000000005,58,1200.0,10.0,-1
-179.0,1572.5,-2,-2.6,2.24,68,900.0,0.0,-1
24.0,2288.0,2,2.4,0.24,97,900.0,0.0,1
-18.0,1947.0,4,1.6,4.04,64,900.0,15.0,-1
85.0,2017.5,0,0.4,0.24000000000000005,67,900.0,0.0,1
96.0,1537.0,0,-0.6,2.24,57,900.0,0.0,1
36.0,1947.0,-9,-8.9,0.09,146,900.0,15.0,-1
-310.0,1818.0,0,0.4,2.4399999999999995,40,900.0,0.0,-1
-78.0,1691.0,3,0.3,2.6100000000000003,43,900.0,0.0,1
-100.0,1537.0,0,-0.3,0.20999999999999996,103,900.0,0.0,0
134.0,1735.0,3,1.8,2.7600000000000002,101,900.0,0.0,1
-150.0,2053.0,-6,-6.0,0.0,98,900.0,0.0,-1
136.0,1560.0,6,4.0,10.2,82,900.0,0.0,1
224.0,2240.0,-5,1.1,15.089999999999998,68,900.0,0.0,-1
-387.0,1906.5,0,-2.4,9.639999999999999,58,900.0,0.0,-1
-108.0,1592.0,-3,-2.1,0.09,88,900.0,0.0,-1
16.0,1627.0,-4,-1.6,5.840000000000001,56,900.0,0.0,-1
355.0,2120.5,13,13.0,0.0,113,900.0,0.0,1
47.0,2070.5,4,2.3,2.0100000000000002,60,900.0,0.0,-1
174.0,2053.0,-8,-3.6,3.4400000000000004,38,900.0,0.0,-1
-124.0,1735.0,13,9.7,16.41,94,900.0,0.0,-1
46.0,2031.0,-2,-2.0,0.0,58,2700.0,45.0,-1
1.0,1627.5,0,0.3,0.8100000000000002,26,900.0,0.0,-1
17.0,1626.5,-4,0.0,2.6,42,900.0,0.0,-1
-29.0,1964.5,14,3.2,20.160000000000004,69,900.0,0.0,1
-20.0,1633.0,5,1.2,1.7599999999999998,57,900.0,0.0,1
-273.0,1763.5,-7,-6.9,0.09,104,900.0,0.0,-1
-82.0,1816.0,-2,-4.5,2.85,60,900.0,0.0,-1
-64.0,1836.0,-21,-18.6,13.440000000000001,146,900.0,0.0,-1
-66.0,1619.0,2,-2.0,4.2,81,900.0,0.0,1
86.0,1677.0,10,6.8,1.36,55,900.0,0.0,1
51.0,1619.5,9,8.9,0.09,99,900.0,0.0,1
-218.0,1602.0,-6,-6.8,0.15999999999999998,86,900.0,0.0,-1
136.0,1561.0,5,0.3,4.41,55,900.0,0.0,1
-351.0,2120.5,-19,-12.6,48.64,170,900.0,0.0,-1
-55.0,1858.5,-7,-1.7,5.01,38,900.0,0.0,1
263.0,1215.5,25,23.4,8.04,45,900.0,0.0,1
-257.0,1215.5,-5,-4.5,0.25,84,900.0,0.0,-1
-44.0,1616.0,-7,-5.4,7.040000000000001,85,900.0,0.0,-1
29.0,1514.5,8,3.5,2.25,111,900.0,0.0,1
62.0,1616.0,-1,-0.7,0.8100000000000002,36,900.0,0.0,-1
-48.0,1616.0,-3,-2.9,0.09,50,900.0,0.0,-1
34.0,1616.0,7,0.0,6.4,41,900.0,0.0,1
21.0,1635.5,-1,-1.0,0.0,64,900.0,0.0,-1
-40.0,1705.0,3,0.6,1.44,27,900.0,0.0,1
-5.0,1635.5,-1,-0.1,0.09,56,900.0,0.0,-1
247.0,1755.5,6,5.2,3.16,91,900.0,0.0,1
-11.0,1635.5,2,0.9,0.6900000000000001,57,900.0,0.0,1
-162.0,1974.0,-1,-0.3,1.0100000000000002,70,900.0,0.0,-1
-188.0,2198.0,-6,-5.5,0.25,66,900.0,0.0,-1
-237.0,1773.5,-1,-1.4,7.4399999999999995,75,900.0,0.0,1
306.0,1814.0,-15,-15.0,0.0,124,900.0,0.0,-1
82.0,1924.0,-4,-4.1,0.09,54,900.0,0.0,-1
254.0,1762.0,6,5.2,3.16,91,900.0,0.0,1
-248.0,1762.0,-10,-5.8,14.959999999999999,60,900.0,0.0,-1
84.0,1976.0,-2,-1.9,0.09,86,2700.0,45.0,-1
72.0,1857.0,1,1.5,2.25,104,900.0,0.0,-1
502.0,2544.0,4,3.2,0.15999999999999998,98,900.0,0.0,1
167.0,1732.5,-16,-15.5,2.25,86,900.0,0.0,-1
64.0,1798.0,-12,-12.0,0.0,172,900.0,0.0,-1
242.0,1762.0,6,5.2,3.16,91,900.0,0.0,1
-268.0,1762.0,-1,0.3,1.21,55,900.0,0.0,1
-184.0,1532.0,-14,-6.4,6.640000000000001,70,900.0,0.0,-1
176.0,1532.0,8,7.8,3.3600000000000003,83,900.0,0.0,1
-168.0,1532.0,-9,-5.8,14.560000000000002,36,900.0,0.0,-1
-314.0,1808.0,-4,-1.3,0.8100000000000002,30,900.0,0.0,-1
76.0,1697.0,-2,-1.5,2.25,82,900.0,0.0,-1
-171.0,1740.5,-9,-9.1,0.09,68,900.0,0.0,-1
166.0,1739.0,16,16.0,0.0,99,900.0,0.0,1
500.0,2544.0,14,7.7,17.009999999999998,73,900.0,0.0,1
-49.0,1703.5,-5,-5.0,0.0,68,900.0,0.0,-1
-36.0,2285.0,7,1.9,7.289999999999999,100,900.0,0.0,1
152.0,1974.0,1,1.0,0.0,87,900.0,0.0,1
163.0,1564.5,14,14.1,0.09,111,900.0,0.0,1
35.0,2327.5,-2,-2.0,0.0,113,900.0,0.0,1
-153.0,1564.5,-12,-14.1,13.89,60,900.0,0.0,-1
73.0,2352.5,-1,-1.0,0.0,120,900.0,0.0,1
175.0,1753.5,-5,-4.0,1.2,40,720.0,10.0,-1
-204.0,2210.0,-10,-4.8,4.16,58,900.0,0.0,-1
143.0,1564.5,0,0.0,0.0,85,900.0,0.0,1
-111.0,1554.5,-10,-10.0,0.0,82,900.0,0.0,-1
-127.0,1567.5,-12,-7.5,7.05,48,900.0,0.0,-1
117.0,1567.5,5,4.0,1.8,93,900.0,0.0,1
101.0,1784.5,1,0.6,0.8400000000000001,25,900.0,0.0,1
74.0,1583.0,-18,-10.3,8.21,104,900.0,0.0,-1
62.0,1508.0,9,6.7,6.409999999999999,105,900.0,0.0,1
-106.0,1567.0,-14,-13.5,2.25,44,900.0,0.0,-1
-480.0,2553.0,-4,-2.4,1.04,79,900.0,0.0,-1
128.0,1567.0,-6,-6.0,0.0,94,900.0,0.0,-1
270.0,1758.0,6,5.2,3.16,91,900.0,0.0,1
-61.0,1744.5,6,5.0,1.6,109,900.0,0.0,1
-118.0,1567.0,-8,-8.6,2.04,48,900.0,0.0,-1
-237.0,1713.5,-18,-13.2,5.76,48,900.0,2.0,-1
140.0,1567.0,-7,-4.9,1.29,46,900.0,0.0,-1
-117.0,1901.5,-2,-1.0,2.2,44,900.0,0.0,-1
179.0,1738.5,7,2.0,3.0,61,1200.0,10.0,1
139.0,1901.5,-3,2.0,3.0,92,900.0,0.0,-1
-162.0,1567.0,-14,-13.3,0.41,65,900.0,0.0,1
186.0,1567.0,-6,-6.0,0.0,148,900.0,0.0,-1
-95.0,1676.5,-2,-1.9,0.09,140,900.0,0.0,-1
588.0,2117.0,2,-3.8,4.5600000000000005,71,900.0,0.0,1
28.0,1484.0,5,1.0,16.0,107,600.0,12.0,1
-74.0,1622.0,13,4.9,7.290000000000001,101,900.0,2.0,1
-178.0,1567.0,-22,-14.8,5.76,108,900.0,0.0,-1
15.0,1823.5,-14,-10.2,2.7600000000000002,40,900.0,0.0,-1
78.0,1622.0,23,21.8,3.3600000000000003,113,900.0,2.0,0
-98.0,1622.0,6,4.1,7.49,69,900.0,2.0,1
102.0,1622.0,23,23.0,0.0,151,900.0,2.0,0
-124.0,1622.0,4,2.3,1.01,85,900.0,2.0,1
112.0,1622.0,9,9.0,0.0,113,900.0,2.0,1
395.0,2113.5,2,2.0,4.8,61,900.0,0.0,1
-267.0,1590.5,2,8.2,9.959999999999999,137,600.0,12.0,1
-480.0,2552.0,-5,-1.2,10.56,81,900.0,0.0,-1
201.0,1573.5,9,8.1,1.89,47,1200.0,0.0,1
-13.0,2032.5,-5,-5.8,14.559999999999999,62,2700.0,45.0,-1
499.0,2061.5,17,12.7,10.809999999999999,67,900.0,0.0,1
764.0,1597.0,16,6.9,10.29,67,900.0,0.0,1
-68.0,1771.0,-18,-15.5,9.45,98,900.0,0.0,-1
64.0,2350.0,4,2.0,7.2,90,900.0,0.0,1
-764.0,1597.0,-5,-2.4,6.840000000000001,40,900.0,0.0,-1
4.0,1710.0,6,2.3,14.41,105,900.0,0.0,1
96.0,1798.0,-1,-0.1,0.09,18,900.0,0.0,-1
42.0,1485.0,12,4.8,5.76,89,600.0,12.0,1
-165.0,1687.5,-2,-0.7,1.61,56,900.0,0.0,-1
-84.0,1798.0,-3,-2.0,0.2,46,900.0,0.0,-1
340.0,2146.0,6,2.4,10.44,53,900.0,0.0,1
-76.0,1712.0,0,0.9,0.09,16,900.0,0.0,-1
87.0,1662.5,0,0.0,1.8,16,900.0,0.0,-1
17.0,1657.5,0,0.8,0.16,93,1800.0,0.0,1
7.0,1459.5,3,1.2,5.160000000000001,53,60.0,21.0,1
764.0,1597.0,12,10.2,3.96,91,900.0,0.0,1
-779.0,2014.5,-2,-2.8,2.76,61,900.0,0.0,-1
9.0,1459.5,-5,-4.0,2.4,58,60.0,21.0,-1
7.0,1459.5,0,-0.8,0.16,72,60.0,21.0,-1
-25.0,1459.5,1,-0.4,0.43999999999999995,21,60.0,21.0,1
-186.0,1569.0,1,1.0,0.0,104,900.0,0.0,-1
-109.0,1609.5,5,0.1,3.4900000000000007,25,900.0,0.0,1
94.0,1608.0,7,6.1,1.89,97,900.0,0.0,1
-79.0,1606.5,-1,-0.5,0.25,54,900.0,0.0,-1
-65.0,1962.5,10,0.3,16.009999999999998,85,1200.0,0.0,1
62.0,1605.0,6,5.9,0.09,115,900.0,0.0,1
-141.0,1731.5,-6,-5.5,0.25,54,900.0,0.0,-1
-324.0,1801.0,1,1.0,0.0,56,900.0,5.0,-1
318.0,1802.0,1,0.4,0.24000000000000005,61,900.0,5.0,1
-312.0,1803.0,0,-0.4,2.4399999999999995,50,900.0,5.0,-1
-133.0,1802.5,-16,-8.6,30.24,134,900.0,0.0,-1
306.0,1804.0,0,-0.9,0.09,53,900.0,5.0,1
378.0,2125.0,23,19.0,16.0,99,900.0,0.0,1
140.0,1695.0,4,4.0,0.0,133,900.0,0.0,1
331.0,1806.5,-1,-1.0,0.0,109,900.0,0.0,0
57.0,1688.5,-6,-3.9,2.4899999999999998,80,900.0,0.0,-1
226.0,1777.0,1,0.0,0.2,17,900.0,0.0,1
-218.0,1777.0,-7,-7.0,0.0,104,900.0,0.0,-1
-46.0,1648.0,3,-2.1,5.090000000000001,55,900.0,0.0,1
33.0,2290.5,9,4.5,2.25,141,900.0,0.0,1
391.0,1910.5,9,6.6,2.6399999999999997,33,900.0,0.0,1
210.0,1777.0,8,7.3,0.21000000000000002,91,900.0,0.0,1
53.0,1607.5,6,6.0,0.0,75,900.0,0.0,1
194.0,1561.0,-5,-3.7,0.41,122,900.0,0.0,-1
-387.0,1910.5,-3,-1.5,2.25,62,900.0,0.0,-1
-39.0,1607.5,-10,-9.9,5.090000000000001,74,900.0,0.0,-1
-92.0,1671.0,-12,-9.7,6.410000000000001,144,900.0,0.0,-1
21.0,1676.5,-2,0.7,0.8100000000000002,36,900.0,0.0,-1
112.0,1671.0,-7,-6.4,5.04,72,900.0,0.0,-1
-100.0,1671.0,-11,-10.5,0.25,162,900.0,0.0,-1
25.0,1607.5,10,1.7,13.010000000000002,63,900.0,0.0,1
122.0,1671.0,-7,-3.7,14.61,78,900.0,0.0,-1
-186.0,1561.0,-5,-0.8,2.7600000000000002,32,900.0,0.0,-1
383.0,1910.5,11,1.7,10.21,19,900.0,0.0,1
-110.0,1671.0,-11,-8.7,8.41,92,900.0,0.0,-1
132.0,1671.0,0,-0.9,7.290000000000001,200,900.0,0.0,-1
-43.0,1607.5,3,0.2,0.96,11,900.0,0.0,1
29.0,1607.5,-2,0.1,1.29,27,900.0,0.0,1
-122.0,1671.0,-18,-10.9,19.09,92,900.0,0.0,-1
-47.0,1607.5,0,0.1,0.09,23,900.0,0.0,1
144.0,1671.0,-1,-0.8,2.16,186,900.0,0.0,-1
65.0,1607.5,-3,0.0,1.8,34,900.0,0.0,-1
-139.0,1649.5,-8,-7.7,0.8099999999999999,120,900.0,0.0,-1
-1043.0,1243.5,-8,-6.4,7.44,30,900.0,0.0,-1
-134.0,1671.0,-6,-6.4,0.8400000000000001,132,900.0,0.0,-1
-46.0,1498.0,1,0.3,0.20999999999999996,40,900.0,0.0,-1
7.0,1659.5,10,10.0,0.0,145,900.0,0.0,1
48.0,1498.0,10,5.2,15.360000000000003,122,900.0,0.0,0
197.0,2204.5,8,4.4,8.639999999999999,73,900.0,0.0,1
-236.0,1777.0,0,-0.3,0.20999999999999996,83,900.0,0.0,1
-67.0,1679.5,-2,-1.5,2.25,84,900.0,0.0,-1
632.0,1404.0,-1,-4.0,2.4,61,900.0,0.0,1
-13.0,2288.5,-11,-7.2,9.16,68,900.0,0.0,-1
-34.0,1498.0,-4,-0.3,9.010000000000002,58,900.0,0.0,-1
-79.0,1574.5,12,2.7,13.410000000000002,91,900.0,0.0,1
-55.0,1783.5,5,3.7,5.61,69,900.0,0.0,1
230.0,1777.0,8,7.9,0.09,105,900.0,0.0,1
-147.0,1742.5,-4,-2.2,4.96,34,900.0,0.0,1
54.0,1481.0,0,1.2,0.9599999999999997,26,1200.0,0.0,1
-40.0,1481.0,-8,-9.5,4.05,74,1200.0,0.0,-1
-224.0,1777.0,-4,-1.9,0.89,112,900.0,0.0,-1
183.0,1533.5,-2,-2.9,4.29,50,900.0,0.0,-1
-419.0,1790.5,-5,-4.9,0.09,102,900.0,0.0,-1
64.0,1602.0,-9,-9.0,0.0,144,900.0,0.0,-1
-137.0,1742.5,-5,-4.6,1.64,70,900.0,0.0,-1
415.0,1789.5,8,8.1,1.89,78,900.0,0.0,1
185.0,1557.5,9,2.4,5.039999999999999,127,900.0,0.0,1
-210.0,1663.0,-3,-2.9,0.89,65,900.0,0.0,1
-222.0,1564.0,9,1.0,7.2,61,900.0,0.0,1
26.0,1485.0,7,2.7,6.01,34,900.0,0.0,-1
-10.0,1485.0,0,3.0,1.8,34,900.0,0.0,-1
202.0,1663.0,13,9.3,4.41,95,900.0,0.0,1
-27.0,1669.5,-1,-1.1,0.09,37,900.0,0.0,1
-7.0,1484.5,0,-0.3,0.8100000000000002,35,900.0,0.0,1
249.0,1761.5,6,5.2,3.16,91,900.0,0.0,1
-194.0,1663.0,-3,-3.9,12.49,64,900.0,0.0,-1
250.0,1216.0,25,23.4,8.04,45,900.0,0.0,1
-109.0,1595.5,2,2.5,0.25,74,900.0,0.0,-1
-244.0,1216.0,-30,-14.1,47.489999999999995,62,900.0,0.0,-1
-69.0,1541.5,-9,-1.2,7.56,38,900.0,0.0,-1
-166.0,1752.0,9,1.7,6.01,39,900.0,0.0,1
-287.0,1684.5,-11,-2.3,10.609999999999998,68,900.0,0.0,-1
-483.0,1728.5,-6,-6.0,0.0,36,900.0,0.0,-1
-87.0,1718.5,-3,-3.0,0.0,90,900.0,0.0,-1
299.0,1684.5,-2,-2.0,0.0,74,900.0,0.0,0
481.0,1728.5,15,12.3,0.8099999999999999,91,900.0,0.0,1
-4.0,1640.0,-4,-3.9,0.09,94,900.0,0.0,-1
91.0,1601.5,-10,-6.0,16.0,86,900.0,0.0,-1
-125.0,2063.5,4,2.5,1.65,72,900.0,0.0,-1
158.0,1591.0,2,1.9,0.49000000000000005,39,900.0,0.0,1
-113.0,1601.5,2,-2.4,2.24,85,900.0,0.0,1
101.0,1601.5,14,14.0,0.0,135,900.0,0.0,1
-89.0,1601.5,-6,-5.7,0.21000000000000002,94,900.0,0.0,-1
-9.0,1678.5,0,-0.1,0.09,35,900.0,0.0,1
77.0,1601.5,7,7.0,0.0,143,900.0,0.0,1
-63.0,1601.5,-12,-7.7,19.21,122,900.0,0.0,-1
174.0,1720.0,7,6.1,1.89,101,900.0,0.0,1
-479.0,1728.5,-9,-8.5,0.25,58,900.0,0.0,-1
65.0,1601.5,0,3.7,1.61,192,900.0,0.0,0
-573.0,1945.5,-3,-2.4,0.64,59,1980.0,33.0,-1
25.0,1673.5,-2,-2.0,0.0,32,900.0,0.0,-1
-69.0,1601.5,2,2.1,0.09,134,900.0,0.0,0
-59.0,1555.5,21,17.4,13.040000000000001,105,900.0,0.0,1
8.0,1722.0,12,6.8,11.760000000000002,121,900.0,0.0,1
89.0,1601.5,-10,-4.1,15.09,118,900.0,0.0,-1
-77.0,1601.5,-14,-10.0,16.0,110,900.0,0.0,-1
68.0,1526.0,8,7.0,0.2,85,900.0,2.0,1
63.0,1601.5,17,4.5,24.65,55,900.0,0.0,1
-92.0,1713.0,0,-0.8,2.1599999999999997,80,900.0,0.0,-1
-83.0,1601.5,15,5.6,11.040000000000001,45,900.0,0.0,1
45.0,1555.5,5,2.3,0.8099999999999999,61,900.0,0.0,1
71.0,1601.5,6,6.0,0.0,139,900.0,0.0,1
-182.0,1720.0,25,23.1,2.69,95,900.0,0.0,0
-91.0,1601.5,12,6.2,20.16,71,900.0,0.0,1
262.0,1768.0,5,-1.4,10.440000000000001,64,900.0,0.0,-1
113.0,1601.5,-11,-9.8,2.7600000000000002,54,900.0,0.0,-1
-101.0,1601.5,0,0.4,0.8400000000000001,46,900.0,0.0,-1
89.0,1601.5,13,12.8,3.3600000000000003,95,900.0,0.0,1
-26.0,1722.0,0,-0.4,1.44,35,900.0,0.0,1
1101.0,2253.5,18,12.6,12.64,113,900.0,5.0,1
-77.0,1601.5,-12,-4.0,11.0,66,900.0,0.0,-1
-182.0,1433.0,-6,-2.1,5.49,31,1800.0,0.0,-1
63.0,1601.5,6,4.0,6.4,143,900.0,0.0,1
115.0,1735.5,5,2.4,6.639999999999999,37,900.0,2.0,1
117.0,1771.5,4,2.6,2.04,46,900.0,0.0,1
-256.0,1768.0,-8,-6.9,2.29,74,900.0,0.0,-1
-83.0,1601.5,2,2.0,0.0,67,900.0,0.0,1
-10.0,1696.0,-17,-8.4,8.440000000000001,90,900.0,0.0,-1
71.0,1601.5,13,8.0,17.8,117,900.0,0.0,1
-108.0,1516.0,8,4.8,16.96,29,900.0,2.0,1
-91.0,1601.5,4,3.7,0.8099999999999999,43,900.0,0.0,1
174.0,1720.0,12,7.6,2.2399999999999998,61,900.0,0.0,1
79.0,1601.5,15,15.0,10.2,83,900.0,0.0,1
381.0,1841.5,-3,-3.0,7.2,100,900.0,0.0,-1
88.0,1520.0,4,4.4,0.8400000000000001,61,900.0,2.0,1
-65.0,1601.5,-11,-8.9,12.290000000000001,134,900.0,0.0,-1
173.0,1503.5,-4,-3.7,0.21000000000000002,62,900.0,0.0,-1
85.0,1601.5,2,2.8,2.76,48,900.0,0.0,-1
-73.0,1601.5,2,1.4,0.24,60,900.0,0.0,-1
59.0,1601.5,21,21.0,2.0,101,900.0,0.0,1
-79.0,1601.5,9,0.9,7.290000000000001,67,900.0,0.0,1
-6.0,1708.0,-2,-2.0,0.0,133,900.0,0.0,1
28.0,1696.0,-5,-5.0,0.0,184,900.0,0.0,-1
-198.0,1720.0,15,8.4,30.24,55,900.0,0.0,1
67.0,1601.5,9,2.3,10.41,73,900.0,0.0,1
436.0,2191.0,5,1.1,4.6899999999999995,89,900.0,0.0,1
61.0,1661.5,2,1.2,0.16,74,900.0,0.0,-1
-53.0,1601.5,-17,-11.4,13.440000000000001,216,900.0,0.0,-1
-374.0,1841.0,-3,-1.7,1.8099999999999998,21,900.0,0.0,-1
365.0,1840.5,2,2.0,0.0,85,900.0,0.0,1
518.0,2139.0,5,3.8,2.76,63,900.0,0.0,1
-152.0,1744.0,-6,-6.0,0.2,60,2700.0,0.0,-1
-360.0,1424.0,13,13.0,0.0,141,900.0,0.0,1
-7.0,1487.5,2,2.5,0.45,95,900.0,10.0,1
73.0,1601.5,2,0.6,3.84,62,900.0,0.0,-1
190.0,1720.0,5,4.1,0.09,73,900.0,0.0,1
-93.0,1601.5,8,5.4,7.44,51,900.0,0.0,1
115.0,1601.5,-13,-7.4,13.440000000000001,110,900.0,0.0,-1
-103.0,1601.5,-8,-4.5,5.25,76,900.0,0.0,-1
91.0,1601.5,1,1.2,0.36,113,900.0,0.0,1
-79.0,1601.5,-6,-2.5,5.25,90,900.0,0.0,-1
-434.0,2191.0,-2,-2.0,0.0,108,900.0,0.0,-1
65.0,1601.5,20,9.3,21.21,97,900.0,0.0,1
122.0,1748.0,8,5.9,1.29,53,900.0,0.0,1
-7.0,2026.5,0,-0.8,2.7600000000000002,67,900.0,0.0,0
-51.0,1601.5,-1,-1.6,6.24,88,900.0,0.0,-1
202.0,1815.0,19,16.4,12.64,91,900.0,0.0,1
538.0,2552.0,6,4.8,0.76,101,900.0,1.0,1
75.0,1870.5,2,2.6,9.84,50,1200.0,0.0,1
8.0,2026.0,3,3.0,0.0,84,900.0,0.0,0
-123.0,1599.5,-1,-2.1,1.89,120,900.0,0.0,-1
140.0,1548.0,1,1.0,0.0,105,900.0,0.0,0
176.0,1668.0,13,7.5,21.25,102,900.0,0.0,1
275.0,1763.5,7,7.0,0.0,118,900.0,0.0,0
242.0,1816.0,0,0.2,0.16000000000000003,39,900.0,7.0,1
111.0,1599.5,4,3.1,0.09,71,900.0,0.0,1
-106.0,1584.0,6,6.0,0.0,133,900.0,0.0,1
27.0,2034.5,-5,-0.5,2.25,64,900.0,0.0,-1
-200.0,1668.0,-3,-1.1,7.290000000000001,45,900.0,0.0,1
51.0,1670.5,-10,-5.7,15.01,28,900.0,0.0,-1
79.0,1607.5,-10,-9.0,0.6,42,900.0,0.0,-1
-99.0,1607.5,9,3.4,13.439999999999998,99,900.0,0.0,1
-71.0,1670.5,4,5.4,7.040000000000001,59,900.0,0.0,1
-16.0,1528.0,0,0.0,0.0,50,900.0,0.0,-1
7.0,2025.5,-7,-3.0,4.0,80,900.0,0.0,-1
121.0,1607.5,0,0.1,0.09,70,900.0,0.0,-1
-143.0,1607.5,11,6.5,2.25,127,900.0,0.0,1
57.0,1670.5,-1,-0.2,0.76,19,900.0,0.0,1
-71.0,1706.5,-7,-6.9,0.09,26,900.0,2.0,-1
-43.0,1670.5,-4,1.9,12.489999999999998,38,900.0,0.0,-1
133.0,1607.5,9,4.5,2.25,157,900.0,0.0,1
61.0,1670.5,-9,-1.3,6.8100000000000005,54,900.0,0.0,-1
-4.0,1632.0,2,2.6,7.44,137,900.0,0.0,1
68.0,1512.0,0,2.3,4.01,34,900.0,0.0,-1
-123.0,1607.5,-1,-1.0,0.0,44,900.0,0.0,-1
-54.0,1512.0,-11,-2.6,8.64,30,900.0,0.0,-1
113.0,1607.5,2,3.9,2.89,73,900.0,0.0,1
12.0,2289.0,1,1.0,0.0,126,900.0,0.0,0
-47.0,1670.5,-7,-2.8,2.76,50,900.0,0.0,-1
56.0,1512.0,0,-0.9,0.09,145,900.0,0.0,0
-107.0,1990.5,-1,-1.8,0.16,90,900.0,0.0,-1
67.0,1670.5,0,-2.4,2.2399999999999998,48,900.0,0.0,-1
91.0,1613.5,11,3.2,6.959999999999999,75,900.0,0.0,1
-87.0,1670.5,11,6.7,12.21,33,900.0,0.0,1
-190.0,1818.0,4,1.8,6.959999999999999,99,900.0,0.0,1
294.0,1824.0,-3,-2.3,0.21000000000000002,22,900.0,2.0,1
75.0,1670.5,0,-0.3,0.8100000000000002,23,900.0,0.0,1
-61.0,1670.5,-3,-0.7,1.4099999999999997,44,900.0,0.0,-1
47.0,1670.5,2,-0.4,1.44,27,900.0,0.0,1
853.0,1955.5,16,8.7,16.81,65,900.0,0.0,1
-204.0,1574.0,-3,-2.8,0.15999999999999998,43,900.0,0.0,1
469.0,2172.5,3,1.6,2.64,75,900.0,0.0,1
196.0,1574.0,-1,-1.4,1.24,25,900.0,0.0,1
-204.0,1574.0,-3,-3.1,0.09,49,900.0,0.0,0
41.0,1722.5,1,0.1,0.09,23,900.0,0.0,1
196.0,1574.0,8,2.8,3.96,45,900.0,0.0,1
33.0,1532.5,-5,1.6,14.039999999999997,110,900.0,0.0,-1
-204.0,1574.0,0,0.0,0.0,22,900.0,0.0,0
196.0,1574.0,3,2.0,0.2,31,900.0,0.0,1
-103.0,1780.5,-1,-0.7,0.21000000000000002,138,900.0,0.0,-1
-188.0,1574.0,-6,-0.8,3.1600000000000006,18,900.0,0.0,-1
-101.0,1758.5,-5,-4.6,0.24,60,900.0,0.0,-1
204.0,1578.0,-15,-8.5,14.65,74,900.0,0.0,-1
-19.0,1696.5,-11,-10.4,0.44000000000000006,54,1200.0,0.0,-1
-84.0,1509.0,0,0.0,0.0,83,900.0,0.0,0
-196.0,1578.0,-7,-3.0,3.8,40,900.0,0.0,-1
188.0,1578.0,3,-1.0,4.0,53,900.0,0.0,1
-87.0,1679.5,-1,-1.2,1.7599999999999998,54,900.0,0.0,-1
175.0,1837.5,-1,-1.0,0.0,115,900.0,15.0,-1
-180.0,1578.0,-8,-1.3,5.61,20,900.0,0.0,-1
57.0,2001.5,5,4.8,0.15999999999999998,88,900.0,0.0,0
-181.0,1629.5,8,-0.2,7.56,39,900.0,0.0,1
4.0,2289.0,-6,-1.6,2.4400000000000004,134,900.0,0.0,-1
161.0,1624.5,3,3.0,0.0,73,900.0,0.0,1
91.0,1417.5,-8,-8.0,0.0,76,1200.0,0.0,-1
-109.0,1764.5,5,1.5,3.45,57,900.0,0.0,1
143.0,1763.5,14,11.5,6.25,70,900.0,0.0,1
-111.0,1605.5,-1,-0.7,0.21000000000000002,50,900.0,0.0,-1
-59.0,2001.5,-5,-5.0,0.0,52,900.0,0.0,0
-136.0,1561.0,-6,-0.7,6.21,52,900.0,0.0,-1
310.0,1691.0,-8,-8.0,0.0,138,900.0,0.0,-1
-90.0,1703.0,1,0.5,2.25,133,900.0,0.0,1
-134.0,1779.0,8,2.6,10.44,85,900.0,0.0,1
126.0,1561.0,0,-0.1,0.09,33,900.0,0.0,1
94.0,1703.0,0,-2.9,6.890000000000001,237,900.0,0.0,0
137.0,2029.5,-5,0.7,4.41,28,900.0,0.0,-1
130.0,1590.0,-1,-1.3,0.8100000000000002,39,900.0,0.0,1
-367.0,2101.5,-7,-6.2,2.1599999999999997,100,900.0,0.0,-1
-116.0,1703.0,8,-0.2,7.56,81,900.0,0.0,1
131.0,1764.5,-19,-15.0,16.0,92,900.0,0.0,-1
38.0,1657.0,-5,-0.8,11.76,60,900.0,0.0,-1
-167.0,1880.5,-1,-2.9,3.09,52,900.0,0.0,-1
-14.0,1637.0,6,5.9,0.09,89,900.0,0.0,1
178.0,1805.0,3,0.3,0.8100000000000002,55,900.0,0.0,1
-570.0,2005.0,-8,-3.9,10.89,95,900.0,0.0,-1
-2.0,1637.0,2,0.4,2.6399999999999997,51,900.0,0.0,1
157.0,1880.5,2,2.1,0.09,100,900.0,0.0,1
-18.0,1637.0,2,0.1,7.890000000000001,61,900.0,0.0,1
61.0,1661.5,7,6.2,0.76,89,900.0,0.0,1
48.0,1494.0,-1,-1.5,2.25,71,1200.0,0.0,1
-223.0,1723.5,-2,-2.0,0.0,283,900.0,0.0,0
274.0,1785.0,6,5.2,3.16,91,900.0,0.0,1
-10.0,1533.0,0,0.1,0.09,37,900.0,0.0,1
84.0,2092.0,4,2.8,0.36,67,900.0,0.0,1
59.0,1564.5,11,8.3,9.81,31,900.0,0.0,1
-62.0,1565.0,-1,-1.0,0.0,127,900.0,0.0,0
-72.0,2092.0,0,0.0,0.0,72,900.0,0.0,-1
86.0,1567.0,-17,-13.0,16.0,92,900.0,0.0,-1
58.0,2092.0,-1,-1.1,0.09,65,900.0,0.0,1
-22.0,1630.0,-6,-6.7,2.6100000000000003,74,900.0,0.0,-1
46.0,2315.0,3,3.9,7.289999999999999,124,900.0,0.0,1
-90.0,1996.0,-1,-1.6,0.8400000000000001,63,900.0,0.0,1
-44.0,2092.0,-2,-2.0,0.0,70,900.0,0.0,-1
-83.0,1984.5,-13,-9.5,5.25,80,2700.0,45.0,-1
17.0,1715.5,-3,-2.1,0.09,64,900.0,0.0,-1
-421.0,1494.5,0,0.6,2.24,46,1200.0,15.0,-1
62.0,2092.0,-4,-0.8,7.160000000000001,46,900.0,0.0,-1
-71.0,1682.5,-9,-3.6,12.640000000000002,100,900.0,0.0,-1
-222.0,1822.0,-7,-1.2,4.16,108,900.0,7.0,-1
-382.0,1913.0,-2,-2.4,0.24,76,900.0,0.0,-1
94.0,1996.0,0,0.0,0.0,74,900.0,0.0,0
2.0,1637.0,4,3.3,0.21000000000000002,123,900.0,0.0,1
239.0,1585.5,0,-0.3,0.8100000000000002,49,900.0,0.0,1
57.0,1682.5,8,8.0,0.0,115,900.0,0.0,1
378.0,1913.0,5,3.2,4.5600000000000005,60,900.0,0.0,1
-129.0,1561.5,-1,-0.9,0.09,82,900.0,0.0,-1
-239.0,1585.5,-3,-0.3,0.8100000000000002,30,900.0,0.0,-1
-18.0,1637.0,9,1.6,8.24,37,900.0,0.0,1
-43.0,1682.5,-15,-6.4,9.24,46,900.0,0.0,-1
-120.0,1596.0,1,1.3,0.8100000000000002,34,900.0,0.0,-1
41.0,1634.5,-1,-1.0,0.0,116,900.0,0.0,-1
-248.0,1719.0,-3,-3.0,0.0,97,900.0,0.0,-1
160.0,1741.0,9,8.5,0.25,143,900.0,0.0,1
119.0,1561.5,10,5.5,2.25,79,900.0,0.0,1
95.0,1681.5,10,3.1,5.49,105,900.0,0.0,1
269.0,1630.5,-8,-3.0,4.8,64,900.0,0.0,1
159.0,1887.5,3,3.0,0.0,62,900.0,0.0,-1
-150.0,1741.0,-13,-7.1,7.890000000000001,68,900.0,0.0,-1
18.0,2052.0,-1,-1.0,0.0,100,900.0,0.0,0
140.0,1741.0,4,3.2,3.16,59,900.0,0.0,1
-205.0,1614.5,0,0.1,1.8900000000000001,55,900.0,0.0,1
-27.0,1634.5,-6,-5.9,0.09,110,900.0,0.0,-1
330.0,1676.0,11,9.5,2.25,75,900.0,0.0,1
-164.0,1742.0,1,0.9,0.09,51,900.0,0.0,1
-107.0,1561.5,-4,1.8,7.360000000000001,38,900.0,0.0,-1
197.0,1614.5,9,2.8,4.96,101,900.0,0.0,1
-183.0,1887.5,14,5.9,25.29,47,900.0,0.0,1
154.0,1742.0,8,7.6,4.24,77,900.0,0.0,1
-223.0,1666.5,6,6.0,0.0,51,900.0,0.0,1
-143.0,1741.5,-9,-9.0,0.0,150,900.0,0.0,-1
-18.0,2052.0,0,0.1,0.6900000000000001,60,900.0,0.0,0
111.0,1561.5,-2,-2.0,0.0,124,900.0,0.0,0
29.0,1634.5,1,1.0,0.0,110,900.0,0.0,0
318.0,1949.0,0,0.0,0.0,74,900.0,0.0,0
132.0,1741.0,11,7.2,15.760000000000002,45,900.0,0.0,1
70.0,1746.0,0,0.0,0.0,99,900.0,0.0,0
-214.0,1611.0,4,0.3,1.61,103,900.0,0.0,1
126.0,1615.0,5,5.0,0.0,109,900.0,0.0,0
-346.0,1949.0,5,5.0,0.0,95,900.0,0.0,1
-90.0,1746.0,2,-0.3,7.010000000000001,95,900.0,0.0,1
252.0,1665.0,-17,-7.7,11.010000000000002,156,900.0,0.0,-1
522.0,1840.0,0,0.0,0.0,63,900.0,0.0,0
-94.0,1564.0,-16,-15.1,1.29,82,900.0,0.0,-1
514.0,2034.0,9,4.5,2.25,63,900.0,0.0,1
44.0,1691.0,-13,-6.5,19.65,72,900.0,0.0,-1
-246.0,1665.0,-12,-10.8,0.36,98,900.0,0.0,-1
78.0,1746.0,-1,-1.3,0.8100000000000002,37,900.0,0.0,1
199.0,2019.5,-3,-3.3,0.8099999999999999,69,900.0,0.0,1
211.0,1605.5,-1,-1.0,0.0,132,900.0,0.0,0
64.0,1746.0,3,0.3,0.8100000000000002,25,900.0,0.0,1
17.0,2290.5,-3,-3.0,0.0,99,900.0,0.0,-1
240.0,1665.0,11,11.0,0.0,123,900.0,0.0,1
104.0,1836.0,2,2.0,0.0,54,900.0,0.0,1
-116.0,1564.0,13,9.6,13.040000000000001,195,900.0,0.0,1
-427.0,1499.5,-1,0.3,6.8100000000000005,22,1200.0,15.0,-1
-266.0,1665.0,8,7.7,0.21000000000000002,109,900.0,0.0,1
-21.0,1726.5,7,2.6,6.040000000000001,83,900.0,0.0,1
16.0,1824.0,0,0.0,0.0,79,1200.0,10.0,1
57.0,1748.5,8,0.8,6.36,55,900.0,0.0,1
180.0,1528.0,-5,0.7,4.41,34,900.0,0.0,1
153.0,1587.5,19,19.0,0.0,105,900.0,0.0,1
162.0,1802.0,4,1.3,0.8100000000000002,37,900.0,0.0,1
50.0,1809.0,11,3.8,5.76,95,900.0,0.0,1
-209.0,1555.5,-1,-1.0,0.0,112,900.0,0.0,-1
-167.0,1567.5,-11,-9.6,0.44000000000000006,68,900.0,0.0,-1
104.0,1756.0,-8,-6.7,4.01,128,900.0,0.0,-1
13.0,1881.5,-2,-1.6,0.8400000000000001,54,900.0,0.0,-1
-154.0,1733.0,-10,-7.1,3.69,88,900.0,0.0,-1
200.0,1530.0,-14,-8.4,13.440000000000001,130,900.0,0.0,-1
143.0,1732.5,9,9.1,4.090000000000001,49,900.0,0.0,1
-131.0,1731.5,-16,-11.6,6.44,44,900.0,0.0,-1
119.0,1730.5,1,1.0,0.0,111,900.0,0.0,1
-117.0,1720.5,-10,-2.3,7.210000000000001,68,900.0,0.0,-1
-105.0,1729.5,-6,-6.5,2.25,126,900.0,0.0,-1
-126.0,1756.0,8,7.3,0.41,73,900.0,0.0,1
91.0,1728.5,8,4.8,15.960000000000003,45,900.0,0.0,1
-117.0,1730.5,1,0.7,0.8100000000000002,55,900.0,0.0,1
59.0,1854.5,1,0.3,2.01,56,900.0,0.0,-1
-262.0,1645.0,-25,-22.5,14.65,94,900.0,0.0,-1
116.0,1756.0,0,0.1,1.09,21,900.0,0.0,1
163.0,1621.5,-6,-6.0,0.0,96,900.0,0.0,-1
-104.0,1756.0,-5,-2.5,6.25,116,900.0,0.0,-1
352.0,2121.0,13,3.2,15.760000000000002,65,900.0,0.0,1
-76.0,1840.0,-5,-2.0,1.8,52,900.0,0.0,-1
-150.0,1848.0,1,1.0,0.0,64,900.0,0.0,0
92.0,1756.0,9,8.1,0.09,81,900.0,0.0,1
123.0,1530.5,15,9.8,4.16,77,600.0,12.0,1
-1.0,2289.5,3,1.1,0.49000000000000005,43,900.0,0.0,1
-53.0,1817.5,4,3.8,3.16,41,900.0,0.0,1
28.0,2031.0,-8,-4.8,1.36,112,2700.0,45.0,-1
11.0,1875.5,-6,-0.7,4.41,28,900.0,0.0,-1
-114.0,1756.0,1,0.1,0.09,23,900.0,0.0,1
102.0,1756.0,2,0.2,2.16,41,900.0,0.0,1
37.0,1818.5,4,2.3,2.0100000000000002,61,900.0,0.0,1
157.0,1786.5,2,1.8,0.9599999999999997,57,900.0,0.0,1
-3.0,1478.5,-18,-10.5,16.05,36,600.0,12.0,-1
-90.0,1756.0,-7,-6.0,3.0,84,900.0,0.0,-1
-21.0,1495.5,-10,-1.5,8.85,40,600.0,12.0,-1
81.0,2335.5,5,2.0,2.6,70,900.0,0.0,1
119.0,1772.5,3,-0.9,2.69,67,900.0,0.0,1
78.0,1756.0,8,3.8,6.959999999999999,87,900.0,0.0,1
-184.0,1801.0,3,2.7,0.21000000000000002,71,900.0,0.0,1
164.0,2208.0,6,3.6,2.64,91,900.0,0.0,1
86.0,1874.0,14,-1.2,25.759999999999998,85,900.0,0.0,1
114.0,1568.0,22,18.5,5.25,81,900.0,0.0,1
192.0,1977.0,-2,-1.7,0.21000000000000002,58,900.0,0.0,-1
465.0,1996.5,8,4.9,4.29,39,1980.0,33.0,1
347.0,1721.5,-10,-4.1,15.09,62,900.0,0.0,-1
-154.0,2208.0,-6,-2.7,6.81,76,900.0,0.0,-1
657.0,1423.5,29,24.7,25.21,71,900.0,0.0,1
57.0,1981.5,9,9.0,0.0,143,2700.0,45.0,1
361.0,1746.5,6,5.4,7.44,57,900.0,2.0,1
-641.0,1416.5,-30,-29.2,0.76,82,900.0,0.0,-1
623.0,1408.5,18,15.0,13.0,69,900.0,0.0,1
-357.0,1746.5,1,0.0,3.6,56,900.0,2.0,-1
-230.0,1777.0,0,0.0,0.0,132,900.0,0.0,-1
-321.0,2130.5,-2,-2.0,0.0,261,900.0,0.0,0
-764.0,1597.0,-2,-3.2,6.959999999999999,44,900.0,0.0,-1
-457.0,2061.5,-4,-4.2,0.36,48,900.0,0.0,-1
-43.0,1659.5,16,8.3,8.81,125,900.0,0.0,1
-16.0,1697.0,-8,-1.2,5.359999999999999,158,900.0,0.0,-1
-392.0,1427.0,-3,-3.0,0.0,51,900.0,0.0,-1
293.0,1772.5,8,7.5,0.25,97,900.0,0.0,1
47.0,1703.5,-8,-6.2,3.1599999999999997,42,900.0,0.0,-1
-33.0,1703.5,-15,-9.4,13.440000000000001,84,900.0,0.0,-1
-287.0,1772.5,-6,-5.7,0.21000000000000002,104,900.0,0.0,-1
127.0,1777.5,1,0.3,0.20999999999999996,99,900.0,0.0,1
200.0,1707.0,2,2.3,1.21,48,900.0,0.0,-1
51.0,1703.5,-10,-6.6,3.6399999999999997,50,900.0,0.0,-1
-37.0,1703.5,-10,-9.9,0.29,82,900.0,0.0,-1
-226.0,1707.0,9,5.0,16.0,111,900.0,0.0,1
55.0,1703.5,-1,-1.0,0.0,42,900.0,0.0,-1
165.0,1805.5,9,4.4,18.240000000000002,111,900.0,0.0,1
455.0,2061.5,24,17.2,57.160000000000004,83,900.0,0.0,1
-90.0,1533.0,12,9.6,13.440000000000001,139,900.0,2.0,1
-954.0,1199.0,-13,-9.4,3.2399999999999998,42,900.0,0.0,-1
501.0,2540.5,14,7.5,10.65,88,900.0,0.0,1
78.0,1533.0,-3,-3.0,0.0,92,900.0,2.0,1
-189.0,1805.5,14,14.0,0.0,99,900.0,0.0,1
-64.0,1533.0,-2,-1.2,0.16,25,900.0,2.0,-1
141.0,1553.5,14,12.5,5.25,61,900.0,0.0,1
50.0,1533.0,1,-1.7,0.8100000000000002,129,900.0,2.0,1
-163.0,1553.5,7,5.3,2.0100000000000002,55,900.0,0.0,1
234.0,1714.0,12,12.2,0.16,85,900.0,0.0,1
-36.0,1533.0,-1,-0.7,0.8100000000000002,32,900.0,2.0,-1
20.0,1533.0,1,1.3,0.8100000000000002,19,900.0,2.0,1
67.0,1636.5,25,21.0,16.0,95,900.0,0.0,1
19.0,1687.5,13,8.5,2.25,137,900.0,0.0,1
-280.0,1400.0,-10,-10.6,1.44,46,900.0,2.0,-1
81.0,1493.5,10,7.2,8.360000000000001,109,900.0,2.0,1
85.0,1759.5,0,-0.9,7.290000000000001,97,900.0,0.0,1
-143.0,1594.5,13,7.1,15.690000000000001,117,900.0,2.0,1
-51.0,1694.5,7,0.1,5.69,77,900.0,0.0,1
-161.0,1689.5,-17,-17.6,0.24,70,900.0,30.0,-1
133.0,1594.5,14,14.0,0.0,149,900.0,2.0,1
-15.0,1884.5,-1,2.7,3.81,68,900.0,0.0,-1
764.0,1597.0,16,10.8,5.16,57,900.0,0.0,1
177.0,1620.5,9,10.8,2.16,109,900.0,2.0,1
-143.0,1591.5,1,0.8,0.16,128,900.0,0.0,-1
200.0,1723.0,-1,0.2,0.96,32,900.0,0.0,-1
150.0,1689.0,1,-0.5,7.65,33,900.0,30.0,1
-10.0,1630.0,-6,-4.8,1.56,70,900.0,5.0,-1
-37.0,1873.5,-3,0.7,1.61,48,900.0,5.0,-1
499.0,2540.5,5,4.4,0.24,68,900.0,0.0,1
-337.0,2119.5,1,1.3,0.8100000000000002,40,900.0,0.0,-1
10.0,1630.0,1,1.0,0.0,108,900.0,5.0,0
83.0,1661.5,23,23.0,0.0,151,900.0,0.0,1
-120.0,1712.0,2,4.9,12.690000000000001,111,900.0,0.0,1
333.0,2119.5,3,1.7,9.209999999999997,67,900.0,0.0,1
-1.0,1884.5,5,5.0,0.0,71,900.0,0.0,1
108.0,1712.0,14,8.4,13.440000000000001,119,900.0,0.0,1
-96.0,1712.0,-10,-9.5,0.25,174,900.0,0.0,-1
-329.0,2119.5,-3,-2.1,1.89,48,900.0,0.0,-1
118.0,1712.0,-9,-6.6,1.44,80,900.0,0.0,-1
-106.0,1712.0,-9,-7.4,0.43999999999999995,122,900.0,0.0,-1
94.0,1712.0,12,6.4,13.440000000000001,161,900.0,0.0,1
-128.0,1714.0,-4,-4.0,0.0,97,300.0,60.0,1
-103.0,1661.5,11,6.9,4.090000000000001,131,900.0,0.0,1
-82.0,1712.0,-11,-10.1,0.09,126,900.0,0.0,-1
86.0,1712.0,-1,-1.0,0.0,169,900.0,0.0,0
-74.0,1712.0,-10,-9.9,0.49000000000000005,152,900.0,0.0,-1
60.0,1712.0,13,8.8,20.16,91,900.0,0.0,1
-46.0,1712.0,-11,-8.3,6.21,120,900.0,0.0,-1
64.0,1712.0,-3,-1.5,1.45,40,900.0,0.0,-1
-50.0,1712.0,-17,-9.8,5.76,104,900.0,0.0,-1
379.0,2146.5,0,0.0,0.0,19,900.0,0.0,1
15.0,1642.5,0,0.1,0.09,108,900.0,5.0,-1
-764.0,1597.0,-12,-11.7,0.21000000000000002,72,900.0,0.0,-1
47.0,1853.5,0,0.1,7.69,45,900.0,0.0,1
-108.0,1664.0,-9,-8.2,0.76,72,900.0,0.0,-1
-482.0,1394.0,-4,-3.1,7.49,28,900.0,5.0,-1
209.0,1711.5,5,1.0,4.0,81,900.0,0.0,1
96.0,1664.0,15,13.8,0.36,91,900.0,0.0,1
-120.0,1585.0,-3,-2.3,0.21000000000000002,36,900.0,2.0,-1
-84.0,1664.0,-7,-7.1,0.09,104,900.0,0.0,-1
-323.0,2120.5,-3,-1.7,4.21,69,900.0,0.0,-1
142.0,1585.0,-3,-3.0,0.0,116,900.0,2.0,-1
-132.0,1585.0,-12,-11.6,1.44,142,900.0,2.0,-1
319.0,2120.5,1,1.0,0.0,36,900.0,0.0,1
-161.0,1791.5,-2,-1.0,0.6,106,900.0,0.0,-1
138.0,1585.0,33,31.4,7.039999999999999,163,900.0,2.0,0
-315.0,2120.5,-4,-5.0,0.8,74,900.0,0.0,-1
150.0,2211.0,7,4.9,1.89,81,900.0,0.0,1
-122.0,1672.0,8,3.6,4.840000000000001,55,900.0,0.0,1
311.0,2120.5,1,0.2,0.16000000000000003,18,900.0,0.0,1
-307.0,2120.5,-1,-1.3,0.8100000000000002,47,900.0,0.0,-1
-48.0,1680.0,-5,-4.1,0.09,58,900.0,0.0,-1
138.0,1772.0,-16,-15.2,5.76,120,900.0,0.0,-1
68.0,1680.0,-12,-11.6,13.64,86,900.0,0.0,-1
9.0,1657.5,-6,-1.5,9.45,15,900.0,0.0,-1
-56.0,1837.0,7,7.3,4.41,108,900.0,0.0,-1
-54.0,1680.0,-5,-2.5,4.05,56,900.0,0.0,-1
74.0,1680.0,-10,-7.7,1.41,50,900.0,0.0,-1
-66.0,1801.0,-3,-3.0,0.0,82,900.0,0.0,-1
-60.0,1680.0,-9,-1.5,7.05,42,900.0,0.0,-1
53.0,2062.5,-4,-1.3,0.8100000000000002,72,900.0,0.0,-1
46.0,1680.0,4,-0.5,2.25,83,900.0,0.0,1
239.0,1219.5,25,23.4,8.04,45,900.0,0.0,1
-233.0,1219.5,-12,-12.0,0.0,76,900.0,0.0,-1
313.0,2115.5,1,0.4,0.43999999999999995,43,900.0,0.0,1
152.0,1784.0,6,4.6,8.64,69,900.0,0.0,1
227.0,1219.5,19,18.7,4.41,57,900.0,0.0,1
-309.0,2115.5,-2,-2.1,0.09,47,900.0,0.0,-1
130.0,1555.0,13,7.0,21.4,51,600.0,12.0,1
-162.0,1748.0,-2,-1.4,0.8400000000000001,128,900.0,0.0,-1
182.0,1613.0,1,0.2,0.16000000000000003,66,900.0,0.0,1
-502.0,2538.0,-5,4.0,21.6,53,900.0,0.0,-1
-212.0,1600.0,-3,0.9,2.09,72,600.0,12.0,-1
31.0,1710.5,-4,-1.3,0.8100000000000002,70,900.0,0.0,-1
-48.0,1463.0,-5,-3.8,1.7600000000000002,80,600.0,12.0,-1
334.0,1691.0,-2,-2.3,0.8099999999999999,49,900.0,0.0,1
42.0,1715.0,-2,-2.0,0.0,65,900.0,0.0,1
-198.0,1728.0,-11,-7.0,4.0,97,900.0,0.0,-1
-15.0,1694.5,9,1.3,8.81,151,900.0,0.0,1
24.0,1653.0,-4,-1.9,1.29,102,900.0,0.0,-1
8.0,1707.0,-6,-5.5,0.25,88,900.0,0.0,-1
190.0,1728.0,-1,-1.0,0.0,135,900.0,0.0,1
-107.0,1567.5,23,22.2,5.76,103,900.0,0.0,1
232.0,1575.0,2,2.0,0.0,167,900.0,0.0,1
33.0,1694.5,-3,-1.8,7.56,58,900.0,0.0,-1
-225.0,1575.5,-9,-7.6,2.44,88,900.0,0.0,-1
-355.0,1956.5,-1,-0.7,0.21000000000000002,86,900.0,0.0,-1
188.0,1596.0,-6,-6.5,2.25,52,900.0,0.0,-1
287.0,1769.5,11,8.8,6.36,107,900.0,0.0,1
208.0,1893.0,-1,-1.0,0.0,135,900.0,0.0,1
-182.0,1728.0,2,1.2,0.16,18,900.0,0.0,-1
-63.0,1672.5,-1,-1.0,0.0,146,900.0,0.0,-1
-281.0,1769.5,-3,-2.9,0.09,80,900.0,0.0,-1
192.0,1879.0,7,2.4,9.44,75,900.0,0.0,1
275.0,1769.5,1,1.2,0.16,71,900.0,0.0,1
-500.0,2538.0,-4,-3.4,0.24,51,900.0,0.0,-1
-199.0,1892.5,-5,-5.0,0.2,88,900.0,0.0,-1
19.0,1619.5,-14,-14.0,0.0,114,900.0,0.0,-1
294.0,1860.0,2,2.0,0.0,83,2700.0,45.0,1
-149.0,1751.5,4,4.0,0.0,129,900.0,0.0,1
485.0,2026.5,6,5.9,0.09,63,900.0,0.0,1
76.0,2332.0,1,1.0,0.0,129,900.0,0.0,1
-59.0,1689.5,-3,-1.2,7.56,40,900.0,0.0,-1
139.0,1751.5,11,4.7,13.809999999999999,97,900.0,0.0,1
-129.0,1751.5,-11,-3.8,5.76,128,900.0,0.0,-1
151.0,1751.5,-8,-5.7,8.61,132,900.0,0.0,-1
-483.0,2026.5,-8,-7.0,2.0,46,900.0,0.0,-1
35.0,2018.5,4,4.0,0.0,125,900.0,0.0,1
-345.0,1959.5,-1,-1.6,0.24,84,900.0,0.0,-1
-279.0,1486.5,-5,-4.2,0.76,32,900.0,0.0,-1
-85.0,1534.5,3,0.3,0.8100000000000002,37,1200.0,0.0,1
-691.0,1861.5,-14,-8.0,6.4,152,900.0,2.0,-1
-64.0,1665.0,-9,-9.0,0.0,72,900.0,0.0,-1
84.0,1665.0,-9,-4.9,12.290000000000001,110,900.0,0.0,-1
6.0,1511.0,-9,-9.5,15.05,125,900.0,2.0,-1
341.0,1959.5,6,6.0,0.0,63,900.0,0.0,1
66.0,1663.0,9,7.2,6.960000000000001,73,900.0,0.0,1
714.0,1849.0,6,5.2,2.76,39,900.0,0.0,1
-18.0,2019.0,-2,-2.0,0.0,120,900.0,0.0,-1
108.0,1756.0,-3,-5.6,5.84,81,900.0,0.0,1
30.0,1713.0,-2,-1.1,0.09,122,900.0,0.0,-1
205.0,2028.5,-10,-3.9,16.089999999999996,90,900.0,0.0,-1
120.0,1565.0,4,-5.8,21.360000000000003,75,900.0,0.0,1
7.0,1636.5,-4,-6.0,7.4,74,900.0,0.0,-1
-589.0,1998.5,1,-1.3,1.4099999999999997,52,900.0,0.0,-1
-93.0,1557.5,-5,-1.3,1.61,72,900.0,0.0,-1
-20.0,1700.0,0,-0.5,0.25,45,900.0,0.0,1
-16.0,1641.0,-6,-6.0,1.2,88,900.0,0.0,-1
766.0,2719.0,6,2.1,7.289999999999999,53,960.0,0.0,1
86.0,2060.0,0,0.9,0.09,222,900.0,0.0,0
34.0,1641.0,-4,-4.0,0.0,46,900.0,0.0,-1
-88.0,1760.0,-1,-0.1,7.290000000000001,50,900.0,0.0,-1
225.0,1739.5,-3,-2.4,0.44000000000000006,88,900.0,0.0,-1
-106.0,2060.0,4,1.6,1.8400000000000003,105,900.0,0.0,1
-12.0,1943.0,-5,-2.3,0.8099999999999999,74,900.0,15.0,-1
-18.0,1641.0,4,1.4,3.04,26,900.0,0.0,-1
-56.0,1731.0,0,0.0,0.0,67,900.0,15.0,1
94.0,2060.0,0,0.0,0.0,119,900.0,0.0,1
2.0,1641.0,16,11.0,3.0,65,900.0,0.0,1
237.0,1785.5,6,5.2,3.16,91,900.0,0.0,1
-82.0,2060.0,0,-0.8,0.16,112,900.0,0.0,-1
-231.0,1785.5,-7,-4.9,4.49,154,900.0,0.0,-1
24.0,1709.0,12,4.0,7.2,61,900.0,0.0,1
-18.0,1641.0,3,0.1,6.489999999999999,37,900.0,0.0,1
36.0,1641.0,-1,-1.4,0.24,134,900.0,0.0,-1
102.0,2060.0,-5,-4.2,0.76,100,900.0,0.0,-1
-765.0,2718.5,-2,-1.3,0.21000000000000002,62,960.0,2.0,-1
-166.0,1583.0,0,0.5,2.25,120,900.0,0.0,-1
-3.0,1706.5,-3,-2.6,4.24,78,900.0,0.0,-1
-124.0,2060.0,3,2.3,0.21000000000000002,121,900.0,0.0,1
163.0,1791.5,-9,-8.5,0.25,104,900.0,0.0,-1
-54.0,1641.0,-3,-3.0,0.0,117,900.0,0.0,1
24.0,1555.0,7,4.6,13.440000000000001,133,900.0,0.0,1
114.0,2060.0,1,1.0,0.0,137,900.0,0.0,1
-210.0,1759.0,7,2.2,3.56,63,900.0,0.0,1
-120.0,2060.0,0,0.5,0.25,82,900.0,0.0,0
108.0,2060.0,-1,0.0,0.4,85,900.0,0.0,1
202.0,1759.0,9,6.4,2.44,105,900.0,0.0,1
-7.0,1763.5,6,4.5,2.25,123,900.0,15.0,1
-26.0,1520.0,-1,-1.1,0.09,84,900.0,0.0,-1
-194.0,1759.0,-5,-5.0,0.0,100,900.0,0.0,-1
-130.0,2060.0,1,1.1,0.09,105,900.0,0.0,1
3.0,1485.5,-7,-6.5,2.25,60,600.0,12.0,-1
120.0,2060.0,1,1.0,0.0,69,900.0,0.0,1
186.0,1759.0,6,6.0,0.0,121,900.0,0.0,1
58.0,1829.0,9,2.8,10.16,79,900.0,0.0,1
-178.0,1759.0,-15,-7.8,5.76,154,900.0,0.0,-1
-108.0,2060.0,1,0.9,0.09,96,900.0,0.0,-1
196.0,1570.0,-6,-4.5,5.25,114,2700.0,0.0,-1
-89.0,1993.5,6,2.4,14.040000000000001,51,900.0,0.0,1
34.0,1933.0,1,1.0,0.0,100,900.0,5.0,0
55.0,1633.5,2,1.1,0.09,69,900.0,0.0,1
96.0,2060.0,3,0.3,0.8100000000000002,21,900.0,0.0,1
-84.0,2060.0,-2,-2.1,0.09,114,900.0,0.0,-1
170.0,1759.0,-2,-2.3,2.6100000000000003,59,900.0,0.0,1
-60.0,1767.0,-5,-5.0,0.0,140,900.0,0.0,-1
88.0,2060.0,1,1.0,0.0,213,900.0,0.0,0
-160.0,1759.0,-6,-6.0,0.0,116,900.0,0.0,-1
-89.0,1557.5,-5,-0.8,2.7600000000000002,86,900.0,0.0,-1
7.0,1804.5,-12,-3.2,14.560000000000002,80,900.0,5.0,-1
53.0,1898.5,-1,-1.0,0.0,68,1200.0,0.0,0
-108.0,2060.0,5,1.7,10.41,65,900.0,0.0,1
15.0,1660.5,-4,-3.0,7.2,48,900.0,0.0,-1
96.0,2060.0,-1,-1.2,0.36,93,900.0,0.0,1
150.0,1759.0,9,9.0,0.0,127,900.0,0.0,1
-138.0,1784.0,-5,-1.2,5.76,47,900.0,0.0,-1
-319.0,2131.5,-12,-5.3,19.21,80,900.0,0.0,-1
-174.0,1759.0,11,2.3,8.809999999999999,61,900.0,0.0,1
-262.0,1702.0,2,2.0,0.0,94,900.0,0.0,-1
164.0,1974.0,9,6.8,2.56,85,1200.0,0.0,1
-100.0,2060.0,0,0.0,0.0,171,900.0,0.0,0
198.0,1759.0,-7,-4.8,11.360000000000001,90,900.0,0.0,-1
764.0,2718.0,4,3.9,0.09,89,1380.0,1.0,1
-190.0,1759.0,-10,-3.2,20.36,48,900.0,0.0,-1
122.0,2060.0,-4,-4.0,0.0,122,900.0,0.0,-1
3.0,1514.5,0,-0.5,2.25,127,900.0,0.0,0
-7.0,1638.5,-14,-6.8,5.76,124,900.0,0.0,-1
-144.0,2060.0,4,-0.4,2.4400000000000004,61,900.0,0.0,1
112.0,1862.0,0,0.0,0.0,162,900.0,0.0,0
214.0,1759.0,-4,0.4,2.24,42,900.0,0.0,-1
-240.0,1759.0,6,1.8,6.959999999999999,75,900.0,0.0,1
134.0,2060.0,0,0.5,10.25,41,900.0,0.0,1
-94.0,1766.0,0,1.6,3.6399999999999997,70,900.0,0.0,-1
-124.0,2060.0,-10,-2.0,7.2,96,900.0,0.0,-1
234.0,1759.0,11,5.4,13.440000000000001,111,900.0,0.0,1
18.0,1512.0,-2,-2.8,0.15999999999999998,54,900.0,0.0,-1
-125.0,2005.5,-3,-1.6,8.04,86,900.0,0.0,-1
112.0,2060.0,7,2.5,2.25,59,900.0,0.0,1
-228.0,1759.0,-13,-7.1,16.490000000000002,86,900.0,0.0,-1
232.0,1739.0,3,2.9,0.09,98,900.0,0.0,-1
-100.0,2060.0,-4,-3.4,0.24,92,900.0,0.0,-1
79.0,1760.5,3,0.3,0.8100000000000002,21,900.0,0.0,1
88.0,2060.0,2,2.0,0.0,139,900.0,0.0,1
11.0,1689.5,-11,-10.2,5.36,74,1200.0,0.0,-1
308.0,1677.0,1,-0.9,0.49000000000000005,63,900.0,0.0,1
-108.0,2060.0,5,2.4,6.839999999999999,131,900.0,0.0,1
551.0,2544.5,14,5.9,12.290000000000001,73,900.0,1.0,1
115.0,2005.5,1,1.0,0.0,131,900.0,0.0,1
130.0,2060.0,-4,-3.2,2.7600000000000002,74,900.0,0.0,-1
-120.0,2060.0,0,-0.1,0.09,128,900.0,0.0,-1
-90.0,1675.0,-9,-7.8,0.76,80,900.0,0.0,-1
-476.0,2052.0,-15,-8.7,23.810000000000002,102,900.0,0.0,-1
126.0,2060.0,-3,-2.6,0.24,114,900.0,0.0,0
689.0,2474.5,15,6.6,8.639999999999999,85,900.0,1.0,1
-187.0,1942.5,1,1.0,0.0,93,900.0,0.0,0
-201.0,1615.5,-4,-3.2,0.36,74,900.0,0.0,-1
-116.0,2060.0,0,0.0,0.0,140,900.0,0.0,-1
104.0,2060.0,3,0.3,0.8100000000000002,51,900.0,0.0,1
51.0,1699.5,-1,1.7,0.8100000000000002,190,900.0,2.0,-1
137.0,1588.5,8,6.9,0.89,57,900.0,0.0,1
-108.0,2060.0,0,-0.1,0.09,125,900.0,0.0,0
-40.0,1679.0,5,2.9,7.6899999999999995,95,900.0,0.0,1
96.0,2060.0,2,0.1,7.890000000000001,39,900.0,0.0,1
-78.0,1568.0,-3,-2.7,0.8099999999999999,76,900.0,0.0,-1
-11.0,1659.5,-3,-1.5,1.05,36,900.0,0.0,1
44.0,1712.0,-4,-1.3,2.21,104,900.0,0.0,-1
-12.0,1531.0,4,0.3,1.61,51,900.0,0.0,1
118.0,1686.0,5,5.2,0.96,56,900.0,2.0,-1
-4.0,1531.0,4,3.9,0.09,79,900.0,0.0,1
4.0,1531.0,0,0.2,0.16000000000000003,108,900.0,0.0,0
-98.0,1692.0,3,1.2,2.96,59,900.0,0.0,1
540.0,1998.0,4,3.9,0.09,67,900.0,0.0,1
53.0,1891.5,-1,-0.7,0.21000000000000002,110,1200.0,0.0,1
-21.0,1624.5,4,1.6,1.44,76,900.0,0.0,-1
-763.0,2717.5,-6,-3.2,8.559999999999999,52,900.0,2.0,-1
397.0,1929.5,0,0.0,0.0,13,900.0,0.0,1
-393.0,1929.5,-3,-2.3,0.21000000000000002,52,900.0,0.0,-1
5.0,1624.5,4,3.2,0.15999999999999998,89,900.0,0.0,1
-28.0,1700.0,-4,-2.7,7.01,74,900.0,0.0,-1
-23.0,1624.5,-1,0.3,0.61,101,900.0,0.0,1
762.0,2717.0,4,1.8,2.16,81,900.0,2.0,1
-27.0,2050.5,1,1.0,0.0,116,900.0,0.0,0
7.0,1702.5,1,-0.3,1.0100000000000002,19,900.0,0.0,1
41.0,1624.5,-2,2.0,6.0,82,900.0,0.0,-1
-208.0,1198.0,7,7.0,0.0,49,900.0,0.0,1
-186.0,1610.0,4,4.0,0.0,91,900.0,0.0,1
-302.0,2114.0,-2,-2.0,1.2,38,900.0,0.0,-1
29.0,2050.5,1,0.5,0.25,104,900.0,0.0,0
270.0,2508.0,12,12.1,14.49,125,900.0,0.0,1
764.0,1597.0,18,8.1,27.090000000000003,55,900.0,0.0,1
-26.0,1625.0,-2,-2.1,0.09,162,900.0,0.0,-1
-761.0,2716.5,-1,1.2,6.36,64,1380.0,10.0,-1
-764.0,1597.0,-7,-2.7,3.81,30,900.0,0.0,-1
-244.0,1838.0,-1,-1.3,0.21000000000000002,69,900.0,0.0,-1
75.0,1560.5,15,7.2,7.56,53,900.0,0.0,1
-220.0,1759.0,-2,-2.0,0.0,90,900.0,0.0,-1
212.0,1759.0,9,4.3,18.61,141,900.0,0.0,1
-240.0,1630.0,8,0.7,7.209999999999999,55,900.0,0.0,1
9.0,1625.5,3,2.7,0.8099999999999999,107,900.0,0.0,1
13.0,1631.5,-10,-7.3,17.009999999999998,36,900.0,0.0,-1
-28.0,1625.0,0,-0.3,0.8100000000000002,23,900.0,0.0,1
286.0,1959.0,2,1.6,0.8400000000000001,47,900.0,0.0,1
-12.0,1627.0,11,2.9,7.289999999999999,67,900.0,0.0,1
70.0,2032.0,-3,-1.7,1.4100000000000001,54,2700.0,45.0,-1
-368.0,2104.0,-13,-13.7,0.21000000000000002,112,900.0,0.0,-1
-4.0,1627.0,1,0.7,0.8099999999999999,49,900.0,0.0,1
20.0,1627.0,-9,-1.2,7.56,28,900.0,0.0,-1
64.0,1559.0,4,0.5,4.05,35,900.0,0.0,1
-38.0,1627.0,10,1.6,8.64,37,900.0,0.0,1
-223.0,2031.5,-4,-2.6,2.04,59,900.0,0.0,1
5.0,1516.5,-7,-4.6,1.44,97,900.0,0.0,1
-85.0,1673.5,1,1.1,0.09,87,900.0,0.0,1
472.0,2051.0,3,0.9,1.8900000000000001,45,900.0,0.0,1
-146.0,1576.0,9,4.7,13.01,89,900.0,0.0,1
-47.0,2050.5,-1,-0.7,0.8100000000000002,45,900.0,0.0,1
24.0,1627.0,5,3.1,2.29,127,900.0,0.0,1
33.0,2050.5,0,0.2,0.96,57,900.0,0.0,1
28.0,1489.0,-1,-0.3,0.8099999999999999,61,900.0,0.0,1
109.0,1592.5,3,3.0,0.0,135,900.0,0.0,1
136.0,1576.0,13,11.5,1.05,73,900.0,0.0,1
-97.0,1592.5,-11,-5.4,13.440000000000001,116,900.0,0.0,-1
85.0,1592.5,1,0.5,1.85,67,900.0,0.0,1
-105.0,1592.5,9,8.0,0.6,153,900.0,0.0,1
-17.0,2050.5,-2,-2.0,0.0,102,900.0,0.0,-1
127.0,1592.5,-11,-10.9,0.09,114,900.0,0.0,-1
-126.0,1576.0,-8,-7.0,2.0,92,900.0,0.0,-1
116.0,1576.0,9,2.4,5.039999999999999,111,900.0,0.0,1
-128.0,1587.0,-7,-2.5,2.25,68,900.0,0.0,-1
-11.0,1844.5,-7,-4.7,2.41,74,900.0,0.0,-1
8.0,1827.0,16,15.7,0.8099999999999999,67,900.0,0.0,1
764.0,1597.0,3,2.5,0.25,63,900.0,0.0,1
35.0,2311.5,2,2.9,0.09,208,900.0,0.0,1
-179.0,1850.5,0,0.0,0.0,79,900.0,0.0,1
29.0,1975.5,22,19.9,7.890000000000001,89,2700.0,45.0,1
-137.0,1773.5,4,3.4,0.44000000000000006,65,900.0,0.0,1
-129.0,1572.5,1,1.0,0.0,64,900.0,0.0,0
-764.0,1597.0,-14,-8.3,6.610000000000001,62,900.0,0.0,-1
-270.0,1789.0,-11,-5.0,4.4,110,900.0,0.0,-1
-11.0,1755.5,0,-1.2,1.7599999999999998,135,900.0,0.0,0
328.0,2461.0,4,4.9,7.290000000000001,100,900.0,0.0,1
169.0,1777.5,1,0.6,0.24000000000000005,32,900.0,0.0,-1
-166.0,1574.0,-4,0.1,2.09,70,600.0,12.0,-1
-170.0,1581.0,10,9.1,1.09,131,900.0,0.0,1
-229.0,1783.5,0,1.2,1.56,104,900.0,0.0,-1
197.0,1582.5,-15,-7.7,19.009999999999998,110,900.0,0.0,-1
-189.0,1582.5,-10,-8.5,2.25,60,900.0,0.0,-1
181.0,1582.5,3,-1.8,3.96,47,900.0,0.0,1
42.0,1685.0,-3,-3.5,2.25,92,900.0,0.0,-1
-99.0,2003.5,0,-0.1,2.6900000000000004,46,900.0,0.0,-1
349.0,1798.5,9,8.9,0.09,89,900.0,0.0,1
103.0,2003.5,1,-0.9,1.6900000000000002,164,900.0,0.0,0
-31.0,1819.5,-15,-6.2,21.96,120,900.0,0.0,-1
166.0,1578.0,11,7.2,1.7600000000000002,69,600.0,12.0,1
332.0,2129.0,19,10.9,9.09,119,900.0,0.0,1
6.0,1759.0,12,5.3,6.609999999999999,47,900.0,0.0,1
-282.0,1845.0,8,7.4,7.040000000000001,103,900.0,0.0,1
276.0,1845.0,17,16.2,5.76,155,900.0,0.0,1
-7.0,1827.5,14,14.0,0.0,177,900.0,0.0,1
88.0,1743.0,2,1.5,2.25,35,900.0,0.0,1
491.0,2541.5,4,2.7,1.41,106,900.0,0.0,1
-270.0,1845.0,-2,-2.0,0.0,66,900.0,0.0,-1
-44.0,1979.0,-10,-6.2,14.559999999999999,130,900.0,5.0,-1
-144.0,1569.0,9,9.0,0.0,89,900.0,2.0,1
264.0,1845.0,1,0.7,0.21000000000000002,101,900.0,0.0,1
-34.0,1817.0,-1,-0.7,0.8100000000000002,36,1200.0,5.0,-1
-36.0,1817.0,0,-1.3,1.81,99,1200.0,5.0,0
85.0,1738.5,-1,-1.0,0.0,47,900.0,0.0,1
31.0,1630.5,-8,-5.8,2.56,80,900.0,0.0,-1
-22.0,1817.0,-12,-7.5,2.25,130,1200.0,5.0,-1
764.0,1597.0,6,5.7,0.21000000000000002,37,900.0,0.0,1
-764.0,1597.0,-15,-12.4,2.04,74,900.0,0.0,-1
489.0,2541.5,3,3.0,0.0,100,900.0,0.0,1
10.0,1977.0,1,-1.1,1.09,39,2700.0,45.0,1
764.0,1597.0,-2,2.6,8.04,53,900.0,0.0,1
-43.0,1768.5,-5,-1.7,3.8099999999999996,61,900.0,0.0,1
-165.0,1593.5,13,7.4,13.440000000000001,113,900.0,0.0,1
-1380.0,1412.0,-17,-16.4,0.8400000000000001,50,900.0,0.0,-1
330.0,1664.0,7,2.4,2.4399999999999995,61,900.0,2.0,1
-358.0,1664.0,1,1.0,3.4,77,900.0,2.0,1
-28.0,1768.0,-9,-9.0,0.0,152,900.0,0.0,-1
-373.0,2108.5,-12,-9.9,4.49,84,900.0,0.0,-1
189.0,1593.5,-10,-10.0,0.0,156,900.0,0.0,-1
-489.0,2540.5,-3,-2.7,2.6100000000000003,81,900.0,0.0,-1
-181.0,1593.5,0,-0.4,0.24000000000000005,62,900.0,0.0,-1
173.0,1593.5,6,2.1,2.6900000000000004,81,900.0,0.0,1
-35.0,1807.5,-16,-15.2,5.76,124,900.0,0.0,-1
75.0,1778.5,-8,-5.4,0.8400000000000001,84,1200.0,5.0,-1
-181.0,1593.5,0,0.9,0.09,128,900.0,0.0,0
-216.0,1719.0,0,0.3,0.8100000000000002,90,900.0,0.0,-1
174.0,1576.0,6,0.9,3.29,61,900.0,2.0,1
173.0,1593.5,3,2.2,0.15999999999999998,27,900.0,0.0,1
-165.0,1593.5,0,0.0,0.0,54,900.0,0.0,-1
155.0,1593.5,3,-1.5,4.05,61,900.0,0.0,1
-161.0,1593.5,-1,-1.0,0.0,52,900.0,0.0,0
151.0,1593.5,1,1.0,0.0,143,900.0,0.0,1
-141.0,1593.5,-3,-2.4,0.44000000000000006,90,900.0,0.0,-1
266.0,1593.0,0,0.1,0.09,24,1200.0,0.0,-1
-260.0,1593.0,-10,-9.4,3.2399999999999998,58,1200.0,0.0,-1
-681.0,1986.5,-3,-3.0,0.0,58,900.0,0.0,-1
-408.0,2107.0,8,4.2,9.760000000000002,98,900.0,0.0,1
254.0,1593.0,8,2.4,13.439999999999998,109,1200.0,0.0,1
-92.0,1700.0,3,1.8,0.36,57,900.0,0.0,1
521.0,2065.5,8,5.0,16.2,37,900.0,0.0,1
-18.0,1506.0,-13,-13.0,0.0,114,900.0,2.0,-1
113.0,1700.5,0,-0.3,0.8100000000000002,24,900.0,0.0,-1
679.0,1985.5,9,7.3,2.0100000000000002,41,900.0,0.0,1
-115.0,1690.5,5,5.0,0.0,117,900.0,0.0,1
-176.0,1738.0,-13,-7.1,22.69,44,900.0,0.0,-1
103.0,1690.5,10,9.2,1.3599999999999999,163,900.0,0.0,1
-91.0,1690.5,-16,-8.1,7.090000000000001,132,900.0,0.0,-1
-764.0,1597.0,3,2.6,0.24,92,900.0,0.0,-1
79.0,1690.5,12,4.6,23.64,81,900.0,0.0,1
-67.0,1690.5,-13,-11.9,2.49,54,900.0,0.0,-1
53.0,1690.5,9,8.3,0.21000000000000002,167,900.0,0.0,1
20.0,1713.0,0,2.7,0.8099999999999999,136,900.0,0.0,-1
-73.0,1690.5,2,0.8,2.7600000000000002,83,900.0,0.0,1
59.0,1690.5,12,4.8,5.76,209,900.0,0.0,1
-6.0,1829.0,-4,-4.0,0.0,92,900.0,0.0,-1
-79.0,1690.5,8,6.4,2.6399999999999997,119,900.0,0.0,1
26.0,1828.0,-4,-2.2,2.16,38,900.0,0.0,-1
764.0,1597.0,15,4.0,18.6,61,900.0,0.0,1
-39.0,1713.5,7,4.9,7.890000000000001,85,900.0,0.0,1
23.0,1712.5,-2,-0.5,1.05,21,900.0,0.0,1
-43.0,1713.5,8,4.8,5.96,105,900.0,0.0,1
167.0,1738.5,13,7.5,5.05,69,900.0,0.0,1
-764.0,1597.0,-11,-10.3,0.21000000000000002,58,900.0,0.0,-1
129.0,1535.5,2,0.9,0.89,41,1200.0,0.0,1
-9.0,1711.5,7,4.0,2.6,38,900.0,0.0,-1
-10.0,1710.0,9,9.0,0.0,135,900.0,0.0,1
764.0,1597.0,4,1.5,3.05,41,900.0,0.0,1
-30.0,1493.0,-4,-2.6,0.44000000000000006,36,1200.0,0.0,-1
14.0,1493.0,6,5.2,2.76,61,1200.0,0.0,1
4.0,1908.0,6,4.9,2.29,107,1200.0,0.0,1
187.0,1501.5,4,2.8,0.36,41,900.0,0.0,1
191.0,1705.5,8,7.0,0.6,67,900.0,0.0,1
84.0,1545.0,6,5.7,0.21000000000000002,71,900.0,2.0,1
245.0,1780.5,5,5.0,0.0,167,900.0,0.0,1
52.0,1672.0,4,2.0,6.0,41,900.0,0.0,1
-36.0,1673.0,-2,-1.1,0.09,46,900.0,0.0,-1
-39.0,1811.5,3,2.9,0.09,67,900.0,0.0,1
174.0,1575.0,-2,-2.8,0.15999999999999998,112,900.0,0.0,-1
-301.0,2112.5,-4,-0.3,2.41,18,900.0,0.0,-1
18.0,1674.0,1,0.7,0.21000000000000002,85,900.0,0.0,1
-233.0,1213.5,-31,-31.0,0.0,112,900.0,0.0,-1
227.0,1213.5,32,29.6,13.440000000000001,49,900.0,0.0,1
-764.0,1597.0,-20,-11.6,8.04,78,900.0,0.0,-1
155.0,2023.5,1,1.0,0.0,76,900.0,5.0,-1
-147.0,1561.5,-3,-3.0,0.0,52,900.0,5.0,-1
1.0,1675.5,-4,-2.6,1.64,54,900.0,0.0,-1
-17.0,1715.5,1,0.1,0.09,39,900.0,0.0,1
-92.0,1694.0,12,7.2,4.76,83,900.0,0.0,1
764.0,1597.0,1,0.4,0.8400000000000001,15,900.0,0.0,1
-231.0,1605.5,8,7.6,10.440000000000001,66,900.0,2.0,1
-764.0,1597.0,-8,-0.1,8.290000000000001,40,900.0,0.0,-1
127.0,1571.5,5,2.8,2.76,49,900.0,5.0,1
19.0,1673.5,-7,-6.2,10.96,42,900.0,0.0,-1
-20.0,1673.0,0,0.0,0.0,72,900.0,0.0,0
-12.0,1490.0,2,3.2,1.16,47,1800.0,0.0,1
235.0,1782.5,9,8.5,0.25,61,900.0,0.0,1
-38.0,1649.0,3,0.6,1.44,23,900.0,0.0,1
-149.0,1929.5,-10,-2.1,7.290000000000001,44,900.0,5.0,-1
-151.0,1787.5,-2,-1.5,2.25,134,900.0,0.0,-1
-229.0,1782.5,-3,-2.5,2.25,76,900.0,0.0,-1
297.0,2112.5,8,3.9,7.090000000000001,67,900.0,0.0,1
0.0,1691.0,4,3.5,0.25,51,900.0,0.0,1
80.0,1694.0,10,6.4,10.440000000000001,53,900.0,0.0,1
-68.0,1694.0,-6,-2.5,5.25,128,900.0,0.0,-1
88.0,1694.0,-9,-1.8,5.76,120,900.0,0.0,-1
-291.0,2112.5,-5,-1.9,1.8900000000000001,40,900.0,0.0,-1
-76.0,1694.0,-11,-5.5,16.25,48,900.0,0.0,-1
80.0,1694.0,1,1.0,0.0,122,900.0,0.0,0
-219.0,1213.5,-22,-17.5,18.45,78,900.0,0.0,-1
-68.0,1694.0,-14,-9.7,7.81,56,900.0,0.0,-1
88.0,1694.0,-3,-2.9,0.09,82,900.0,0.0,-1
-76.0,1694.0,-10,-9.7,0.21000000000000002,156,900.0,0.0,-1
62.0,1694.0,1,0.6,0.8400000000000001,57,900.0,0.0,1
-48.0,1694.0,-11,-5.8,14.360000000000003,156,900.0,0.0,-1
50.0,1694.0,-1,-1.0,0.0,130,900.0,0.0,0
-36.0,1694.0,-9,-8.3,0.21000000000000002,128,900.0,0.0,-1
-213.0,1770.5,19,15.0,16.0,133,900.0,0.0,1
-115.0,1605.5,-3,-1.5,5.25,74,900.0,0.0,-1
205.0,1770.5,13,6.6,4.640000000000001,113,900.0,0.0,1
8.0,1603.0,1,0.4,0.24000000000000005,58,900.0,0.0,1
-197.0,1770.5,-14,-7.8,5.5600000000000005,60,900.0,0.0,-1
189.0,1770.5,9,7.8,0.76,103,900.0,0.0,1
-181.0,1770.5,-13,-6.3,19.21,110,900.0,0.0,-1
331.0,1659.5,3,2.8,0.36,39,900.0,0.0,1
173.0,1770.5,10,6.4,1.44,173,900.0,0.0,1
-181.0,1770.5,0,0.0,0.0,102,900.0,0.0,0
-26.0,1695.0,2,2.0,0.0,73,900.0,0.0,1
173.0,1770.5,10,9.0,5.2,99,900.0,0.0,1
-124.0,1543.0,0,-0.9,1.09,57,900.0,0.0,1
-165.0,1770.5,-10,-7.1,6.890000000000001,146,900.0,0.0,-1
129.0,1765.5,6,4.6,0.44000000000000006,95,900.0,0.0,1
155.0,1770.5,7,5.5,1.45,101,900.0,0.0,1
-145.0,1770.5,-12,-6.4,13.440000000000001,82,900.0,0.0,-1
112.0,1543.0,1,0.5,6.45,43,900.0,0.0,1
44.0,1695.0,5,1.4,5.04,40,900.0,0.0,-1
-172.0,1753.0,-7,-6.1,0.09,76,900.0,0.0,-1
405.0,1693.5,9,9.0,0.0,161,900.0,2.0,1
-100.0,1543.0,-2,-1.1,7.289999999999999,45,900.0,0.0,-1
-372.0,1642.0,-5,-1.6,1.44,50,900.0,0.0,-1
-159.0,1613.5,-15,-10.6,3.2399999999999998,62,900.0,0.0,-1
29.0,1678.5,-7,-5.5,9.45,54,900.0,0.0,-1
162.0,1753.0,4,1.3,0.8100000000000002,35,900.0,0.0,1
149.0,1613.5,24,17.2,19.96,83,900.0,0.0,1
-30.0,1806.0,-12,-14.8,1.9600000000000002,73,900.0,0.0,-1
-167.0,1565.5,-1,-1.0,0.0,77,900.0,0.0,1
-173.0,1613.5,16,7.6,32.839999999999996,71,900.0,0.0,1
163.0,1613.5,0,0.0,0.0,63,900.0,0.0,1
-186.0,1753.0,4,2.5,7.65,26,900.0,0.0,1
-187.0,1613.5,14,9.1,2.89,59,900.0,0.0,1
-87.0,1870.5,2,-1.6,5.24,74,900.0,7.0,-1
230.0,1778.0,8,6.2,8.16,101,900.0,0.0,1
91.0,1606.5,-12,-8.8,1.3599999999999999,84,900.0,0.0,-1
12.0,1666.0,0,-0.1,0.09,55,900.0,0.0,-1
70.0,1869.0,12,2.4,18.439999999999998,65,1200.0,0.0,1
-43.0,1519.5,4,2.9,1.09,42,900.0,2.0,-1
-49.0,1450.5,-12,-3.9,7.289999999999999,42,900.0,0.0,-1
-328.0,1727.0,-10,-9.6,2.44,62,900.0,0.0,-1
75.0,1870.5,3,1.4,1.04,39,900.0,7.0,1
179.0,1613.5,6,5.5,0.25,129,900.0,0.0,1
-171.0,1613.5,-3,-2.9,0.09,108,900.0,0.0,-1
119.0,1611.5,-3,-3.1,9.89,68,900.0,0.0,-1
161.0,1613.5,9,1.0,7.2,93,900.0,0.0,1
19.0,1473.5,0,0.6,0.43999999999999995,66,900.0,0.0,-1
-151.0,1613.5,-10,-5.0,3.0,74,900.0,0.0,-1
141.0,1613.5,12,4.8,5.76,133,900.0,0.0,1
-163.0,1613.5,14,5.0,33.4,63,900.0,0.0,1
187.0,1613.5,-10,-9.1,0.09,214,900.0,0.0,-1
-107.0,1611.5,-16,-7.6,8.639999999999999,52,900.0,0.0,-1
-41.0,1491.5,-6,-5.1,1.89,88,900.0,0.0,-1
241.0,1681.5,6,2.8,4.36,43,900.0,0.0,1
-179.0,1613.5,-19,-14.5,2.25,68,900.0,0.0,-1
446.0,1909.0,2,2.1,0.09,74,900.0,0.0,0
171.0,1613.5,12,4.1,7.090000000000001,123,900.0,0.0,1
-161.0,1613.5,-11,-10.1,0.09,118,900.0,0.0,-1
-326.0,1726.0,-6,-3.0,1.2,84,900.0,0.0,-1
151.0,1613.5,19,11.6,11.84,85,900.0,0.0,1
-141.0,1613.5,-18,-12.9,3.29,64,900.0,0.0,-1
-42.0,1635.0,-17,-14.6,13.440000000000001,182,900.0,0.0,-1
163.0,1613.5,-14,-6.8,5.76,214,900.0,0.0,-1
-162.0,1582.0,8,6.1,0.49000000000000005,129,900.0,0.0,1
-187.0,1613.5,-1,-0.6,0.24000000000000005,75,900.0,0.0,1
179.0,1613.5,3,3.0,0.0,143,900.0,0.0,1
-361.0,1918.5,-5,-4.9,3.29,54,900.0,0.0,-1
-171.0,1613.5,-7,-7.0,0.0,144,900.0,0.0,-1
20.0,1714.0,4,4.0,0.0,132,900.0,0.0,0
615.0,1412.5,1,1.4,1.8400000000000003,41,900.0,0.0,1
161.0,1613.5,4,3.9,0.09,215,900.0,0.0,1
434.0,1897.0,-9,-0.1,9.49,42,900.0,0.0,-1
-227.0,1680.5,2,1.1,1.29,18,900.0,0.0,-1
318.0,1728.0,13,6.0,28.8,85,900.0,0.0,1
92.0,1852.0,15,7.3,8.81,115,1200.0,0.0,1
-185.0,1613.5,12,5.4,18.84,91,900.0,0.0,1
209.0,1613.5,7,8.0,2.0,90,900.0,0.0,-1
-201.0,1613.5,-2,-2.3,0.8099999999999999,70,900.0,0.0,-1
193.0,1613.5,5,5.1,0.09,97,900.0,0.0,1
-185.0,1613.5,-6,-1.5,2.25,102,900.0,0.0,-1
209.0,1613.5,-14,-6.4,10.64,78,900.0,0.0,-1
-201.0,1613.5,-1,-0.4,1.44,38,900.0,0.0,-1
-244.0,1214.0,-6,-4.9,1.09,39,900.0,0.0,1
193.0,1613.5,14,9.2,17.36,115,900.0,0.0,1
-25.0,1668.5,1,1.0,0.6,37,900.0,0.0,1
-185.0,1613.5,-5,0.1,3.29,54,900.0,0.0,-1
177.0,1613.5,11,7.3,8.61,65,900.0,0.0,1
-169.0,1613.5,-6,-1.5,2.45,36,900.0,0.0,-1
-38.0,1890.0,-1,-1.0,0.0,94,900.0,7.0,0
159.0,1613.5,9,5.3,10.01,57,900.0,0.0,1
10.0,1643.0,6,2.3,9.010000000000002,61,900.0,0.0,1
-149.0,1613.5,-9,-5.0,9.0,102,900.0,0.0,-1
173.0,1613.5,-14,-6.3,28.01,162,900.0,0.0,-1
238.0,1214.0,15,13.6,3.6399999999999997,63,900.0,0.0,1
-165.0,1613.5,-10,-10.0,5.6,148,900.0,0.0,-1
-28.0,1643.0,1,-0.6,1.44,19,900.0,0.0,1
395.0,1932.5,2,1.2,0.16,47,900.0,0.0,1
94.0,1772.0,10,3.1,8.09,69,900.0,0.0,1
9.0,1680.5,-1,-0.7,0.21000000000000002,69,2700.0,0.0,1
189.0,1613.5,-3,3.3,5.8100000000000005,62,900.0,0.0,-1
-363.0,1793.5,-8,-8.3,0.21000000000000002,56,900.0,0.0,-1
285.0,2112.5,0,-0.8,2.7600000000000002,55,900.0,0.0,1
-181.0,1613.5,-18,-14.5,7.05,172,900.0,0.0,-1
173.0,1613.5,16,11.5,3.45,59,900.0,0.0,1
-197.0,1613.5,8,5.8,1.3599999999999999,121,900.0,0.0,1
205.0,1613.5,0,1.4,2.4399999999999995,206,900.0,0.0,0
-279.0,2112.5,0,-1.1,2.4899999999999998,74,900.0,0.0,-1
-197.0,1613.5,-3,-6.1,3.29,62,900.0,0.0,-1
159.0,1818.5,-2,-0.8,0.36,82,900.0,0.0,-1
189.0,1613.5,10,7.0,10.0,113,900.0,0.0,1
-181.0,1613.5,-15,-4.9,14.09,100,900.0,0.0,-1
173.0,1613.5,16,15.4,0.44000000000000006,91,900.0,0.0,1
-82.0,1772.0,-6,-2.9,1.49,68,900.0,0.0,-1
-468.0,2172.0,-3,-1.8,2.16,30,900.0,5.0,-1
466.0,2172.0,8,2.8,3.16,51,900.0,5.0,1
22.0,2124.0,2,0.9,1.29,118,900.0,0.0,1
184.0,1514.0,4,3.9,0.09,89,900.0,0.0,1
-61.0,2281.5,0,2.9,6.890000000000001,182,900.0,0.0,0
122.0,1695.0,0,-0.1,0.09,17,900.0,0.0,1
-110.0,1695.0,-2,-1.8,0.16,82,900.0,0.0,-1
-26.0,1680.0,-11,-4.1,11.49,62,900.0,0.0,-1
85.0,1838.5,-12,-11.2,7.5600000000000005,50,900.0,0.0,-1
-247.0,1549.5,-11,-7.7,1.41,52,2700.0,0.0,-1
-231.0,1799.5,1,0.5,4.05,42,900.0,0.0,-1
198.0,1888.0,-11,-6.5,14.25,140,900.0,5.0,-1
185.0,1716.5,5,4.2,0.15999999999999998,39,900.0,0.0,1
98.0,1695.0,5,0.6,7.640000000000001,47,900.0,0.0,1
-173.0,1669.5,-1,3.9,8.690000000000001,71,900.0,0.0,1
-108.0,1715.0,-13,-7.2,5.96,82,900.0,0.0,-1
406.0,2108.0,16,7.7,17.610000000000003,127,900.0,0.0,1
-174.0,1561.0,1,2.1,7.890000000000001,43,1200.0,0.0,1
84.0,1519.0,-3,-0.5,1.65,57,900.0,0.0,1
63.0,1730.5,6,1.0,5.0,63,900.0,0.0,1
495.0,1979.5,3,5.1,1.69,76,1980.0,33.0,1
57.0,1736.5,-3,-2.5,0.25,98,900.0,0.0,-1
-28.0,1663.0,-5,-2.0,7.2,112,900.0,0.0,-1
-89.0,1758.5,-2,-1.0,2.0,50,900.0,0.0,-1
286.0,1646.0,5,4.4,0.8400000000000001,49,900.0,0.0,1
-391.0,1932.5,-9,-6.3,0.8099999999999999,60,900.0,0.0,-1
177.0,1567.5,2,2.0,0.0,51,900.0,0.0,0
371.0,1799.5,11,8.0,1.8,45,900.0,0.0,1
-162.0,1565.0,-7,-3.9,8.29,62,900.0,0.0,-1
-43.0,1736.5,-6,-0.6,11.64,22,900.0,0.0,-1
319.0,1511.5,14,13.3,1.8099999999999998,69,2700.0,0.0,1
203.0,1573.5,-3,-2.1,1.89,33,900.0,0.0,-1
387.0,1932.5,1,1.3,2.21,93,900.0,0.0,1
-91.0,1649.5,4,4.0,0.0,75,1200.0,0.0,1
-176.0,1893.0,-2,-1.6,2.24,82,900.0,0.0,-1
-331.0,2540.5,-8,-12.0,9.4,84,900.0,0.0,-1
-44.0,1944.0,-2,-1.5,0.25,80,900.0,0.0,-1
-290.0,1966.0,-6,-5.2,6.36,62,900.0,0.0,-1
166.0,1894.0,1,-0.5,2.25,77,900.0,0.0,1
-391.0,2508.5,-11,-4.4,11.64,71,900.0,0.0,-1
0.0,1720.0,5,-0.2,3.1600000000000006,51,1200.0,0.0,1
121.0,1435.5,16,12.9,1.49,83,900.0,0.0,1
138.0,1729.0,14,4.0,15.2,29,900.0,0.0,1
387.0,2508.5,8,0.8,12.960000000000003,58,900.0,0.0,1
-61.0,1697.5,-1,-0.5,1.45,42,900.0,0.0,-1
-383.0,2508.5,-16,-8.6,13.84,101,900.0,0.0,-1
62.0,1811.0,-15,-14.1,0.09,62,900.0,0.0,-1
-66.0,2095.0,-2,-1.7,0.8100000000000002,84,900.0,0.0,-1
-100.0,1440.0,1,0.4,0.24000000000000005,24,900.0,0.0,-1
321.0,2537.5,14,13.7,0.21000000000000002,127,900.0,0.0,1
52.0,2095.0,2,1.7,0.21000000000000002,133,900.0,0.0,1
364.0,1674.0,-2,-1.7,0.21000000000000002,38,900.0,0.0,-1
-47.0,1967.5,1,-0.1,1.09,113,2700.0,45.0,1
-62.0,1818.0,0,0.0,1.2,42,900.0,0.0,-1
196.0,1864.0,6,6.0,0.0,145,900.0,0.0,1
365.0,2513.5,5,0.9,2.09,69,900.0,0.0,1
533.0,2057.5,5,5.1,0.09,80,900.0,0.0,0
-351.0,1671.5,-6,-5.7,0.8099999999999999,44,900.0,0.0,-1
-72.0,2095.0,3,3.0,0.0,131,900.0,0.0,1
144.0,1770.0,10,9.3,0.21000000000000002,135,900.0,0.0,1
-315.0,2536.5,-27,-21.4,13.440000000000001,172,900.0,0.0,-1
-483.0,1544.5,-2,-2.0,0.0,72,1200.0,15.0,-1
-220.0,1864.0,0,1.7,0.8099999999999999,73,900.0,0.0,1
150.0,1576.0,6,3.3,7.409999999999999,51,900.0,0.0,1
-434.0,1759.0,-13,-7.5,5.65,66,900.0,0.0,-1
-294.0,1904.0,-12,-3.7,8.810000000000002,130,900.0,0.0,-1
-385.0,2152.5,13,4.3,9.809999999999999,63,900.0,0.0,1
92.0,2095.0,-5,-4.4,0.24,73,900.0,0.0,-1
214.0,1568.0,-6,-4.2,7.56,112,900.0,0.0,-1
-903.0,2242.5,-3,-3.3,4.41,54,900.0,0.0,-1
381.0,2152.5,-4,-0.6,5.44,47,900.0,0.0,1
-80.0,2095.0,-1,-1.1,1.29,44,900.0,0.0,-1
311.0,2536.5,21,19.9,2.29,101,900.0,0.0,1
258.0,1214.0,25,23.4,8.04,45,900.0,0.0,1
-252.0,1214.0,-25,-18.4,29.04,68,900.0,0.0,-1
285.0,1902.5,1,0.7,0.21000000000000002,111,900.0,0.0,1
246.0,1214.0,25,23.4,8.04,45,900.0,0.0,1
-267.0,1608.5,-3,-4.5,2.25,120,900.0,0.0,-1
-116.0,1992.0,-7,-2.0,3.0,32,900.0,0.0,-1
345.0,2517.5,3,2.4,0.24,97,900.0,0.0,1
97.0,1596.5,8,5.3,0.8099999999999999,71,900.0,0.0,1
261.0,1608.5,5,1.7,1.4099999999999997,55,900.0,0.0,1
-305.0,2535.5,-13,-9.5,5.25,90,900.0,0.0,-1
2.0,1485.0,-9,-1.2,8.76,36,900.0,0.0,-1
40.0,1686.0,-8,-2.7,8.81,120,900.0,0.0,-1
301.0,2535.5,14,10.6,1.44,99,900.0,0.0,1
-6.0,1473.0,-6,-1.7,3.01,60,900.0,0.0,-1
-295.0,2535.5,-13,-10.6,13.440000000000001,110,900.0,0.0,-1
-121.0,1555.5,-5,-2.1,6.890000000000001,144,900.0,0.0,-1
566.0,2535.0,1,1.9,1.29,91,900.0,1.0,1
-388.0,1666.0,-2,-1.1,7.289999999999999,73,900.0,0.0,-1
-178.0,1453.0,-1,-0.2,0.16000000000000003,30,1800.0,15.0,-1
140.0,1562.0,-3,-3.0,0.0,252,900.0,0.0,0
-36.0,1621.0,-4,-1.8,2.7600000000000002,84,900.0,0.0,-1
140.0,1440.0,7,7.1,0.09,69,1800.0,15.0,1
27.0,1624.5,4,1.0,12.0,61,900.0,0.0,1
-175.0,1768.5,-3,1.5,2.25,66,900.0,0.0,-1
19.0,1621.5,9,8.6,0.8400000000000001,61,900.0,0.0,1
-1.0,1622.5,-9,-0.9,7.49,46,900.0,0.0,-1
20.0,1621.0,-2,0.6,2.04,26,900.0,0.0,-1
764.0,1597.0,16,14.4,2.6399999999999997,77,900.0,0.0,1
-142.0,1900.0,5,5.0,0.0,118,900.0,0.0,-1
192.0,1891.0,12,8.6,6.24,57,4500.0,0.0,1
4.0,1621.0,4,2.6,3.6399999999999997,89,900.0,0.0,1
195.0,2489.5,14,14.0,0.2,85,900.0,0.0,1
-764.0,1597.0,-3,-3.5,2.25,122,900.0,0.0,-1
167.0,1768.5,6,2.6,8.64,67,900.0,0.0,1
-66.0,1634.0,1,3.3,4.41,67,900.0,0.0,1
451.0,2178.5,5,5.3,0.8099999999999999,57,900.0,0.0,1
82.0,1685.0,16,10.7,37.41,71,900.0,0.0,1
-193.0,2445.5,-9,-3.0,7.2,74,900.0,0.0,-1
-102.0,1685.0,-1,-1.8,2.7600000000000002,43,900.0,0.0,1
-449.0,2178.5,-5,-4.5,0.25,70,900.0,0.0,-1
-288.0,1648.0,-12,-13.6,3.2399999999999998,64,900.0,0.0,-1
-656.0,2064.0,-3,-0.1,1.8900000000000001,18,900.0,0.0,-1
-128.0,1789.0,0,0.0,0.0,47,900.0,0.0,1
330.0,2516.0,11,7.5,44.05,93,900.0,0.0,1
123.0,1583.5,-9,-6.6,2.6399999999999997,76,900.0,0.0,-1
-47.0,1822.5,-1,-1.1,0.09,76,900.0,0.0,-1
149.0,1618.5,4,3.9,0.09,127,900.0,0.0,1
148.0,1900.0,7,7.0,0.0,79,900.0,0.0,0
-145.0,1583.5,3,1.8,0.76,45,900.0,0.0,1
-3.0,1699.5,5,4.1,0.09,111,900.0,0.0,1
644.0,1398.0,-16,-7.8,7.959999999999999,76,900.0,0.0,-1
-138.0,1900.0,-4,-3.0,3.0,76,900.0,0.0,-1
135.0,1583.5,0,-0.4,0.8400000000000001,21,900.0,0.0,1
-218.0,1189.0,-27,-26.7,0.21000000000000002,74,900.0,0.0,-1
160.0,1900.0,-4,-4.0,0.0,104,900.0,0.0,-1
764.0,1597.0,9,2.6,5.040000000000001,65,900.0,0.0,1
-290.0,1651.0,-8,0.1,7.290000000000001,42,900.0,0.0,-1
119.0,1731.5,-3,-3.0,0.0,171,900.0,0.0,1
-604.0,1808.0,-4,-2.0,4.2,88,900.0,0.0,-1
-62.0,1887.0,2,1.2,0.16,68,900.0,0.0,-1
27.0,1664.5,3,1.6,4.640000000000001,47,900.0,0.0,1
-293.0,1960.5,-11,-8.1,3.69,34,900.0,0.0,-1
-104.0,1814.0,5,2.3,0.8099999999999999,97,900.0,0.0,1
-45.0,2421.5,-15,-14.2,5.76,178,900.0,0.0,-1
-321.0,1461.5,1,1.0,0.0,32,1200.0,15.0,-1
281.0,1647.5,7,5.4,2.6399999999999997,87,900.0,0.0,1
46.0,1816.0,13,8.1,31.690000000000005,109,900.0,0.0,1
-41.0,2279.5,-21,-12.0,43.2,58,900.0,0.0,-1
-553.0,1996.5,3,3.0,0.0,89,900.0,0.0,1
-388.0,2030.0,-15,-10.4,21.64,45,1980.0,33.0,-1
-169.0,1699.5,-15,-14.5,0.25,108,900.0,0.0,-1
-695.0,2051.5,-1,-1.1,7.090000000000001,51,900.0,0.0,-1
159.0,1699.5,16,7.7,7.810000000000002,65,900.0,0.0,1
44.0,1527.0,16,15.6,1.44,147,900.0,2.0,1
45.0,1786.5,2,0.9,0.89,51,900.0,0.0,1
69.0,1660.5,8,8.5,2.25,77,900.0,0.0,1
81.0,1708.5,-2,-2.0,0.0,78,900.0,0.0,-1
-159.0,1702.5,-3,-3.0,0.0,127,900.0,0.0,0
-31.0,1786.5,-3,-0.2,1.3599999999999999,22,900.0,0.0,-1
49.0,1786.5,-7,-4.3,1.01,70,900.0,0.0,-1
-69.0,1786.5,-1,-1.0,0.0,49,900.0,0.0,1
-122.0,1629.0,-12,-5.3,10.809999999999999,56,900.0,0.0,-1
149.0,1702.5,12,11.4,0.24,69,900.0,0.0,1
-2.0,1830.0,-14,-11.5,6.25,58,1200.0,5.0,-1
202.0,1882.0,13,12.3,1.81,73,4500.0,0.0,1
-167.0,1755.5,-4,-4.4,0.8400000000000001,75,900.0,0.0,-1
7.0,1667.5,-5,-5.3,7.410000000000001,76,900.0,0.0,-1
-192.0,1421.0,-2,-0.5,4.25,93,900.0,2.0,1
5.0,1830.5,-7,-5.3,2.0100000000000002,52,1200.0,10.0,-1
184.0,1421.0,16,8.2,27.360000000000003,41,900.0,2.0,1
383.0,2146.5,-4,-4.0,0.0,119,900.0,0.0,-1
182.0,1592.0,-4,-2.0,6.0,106,900.0,2.0,-1
-21.0,1830.5,2,1.1,0.09,77,1200.0,10.0,1
-56.0,1812.0,10,0.6,10.840000000000002,39,900.0,0.0,1
-204.0,2232.0,-15,-6.2,16.360000000000003,76,900.0,0.0,-1
5.0,1830.5,-1,-1.2,2.16,63,1200.0,10.0,1
47.0,1809.5,-1,-0.2,0.7600000000000001,35,900.0,0.0,1
194.0,1882.0,21,20.9,0.09,63,4500.0,0.0,1
80.0,1787.0,-3,-2.5,0.85,27,1200.0,10.0,1
375.0,2144.5,2,2.7,2.81,93,900.0,0.0,1
391.0,2025.5,-1,-1.2,2.1599999999999997,34,1980.0,33.0,1
8.0,1694.0,-6,-5.3,0.21000000000000002,118,900.0,0.0,-1
8.0,1694.0,-2,-1.7,0.8100000000000002,74,900.0,0.0,-1
-385.0,2156.5,0,-0.1,0.09,10,900.0,0.0,-1
381.0,2156.5,2,1.3,0.21000000000000002,59,900.0,0.0,1
210.0,1581.0,23,18.5,22.25,157,900.0,0.0,1
-38.0,1815.0,-2,-2.8,0.15999999999999998,74,900.0,0.0,-1
-202.0,1581.0,-23,-22.2,5.76,86,900.0,0.0,-1
194.0,1581.0,16,16.0,0.0,59,900.0,0.0,1
-218.0,1581.0,12,3.8,18.96,51,900.0,0.0,1
210.0,1581.0,13,13.1,0.29,91,900.0,0.0,1
77.0,1756.5,4,2.6,7.4399999999999995,50,900.0,0.0,-1
-371.0,2144.5,-9,-9.0,0.0,162,900.0,0.0,-1
-80.0,1876.0,-10,-1.5,22.25,112,900.0,0.0,-1
-259.0,1846.5,-2,-2.0,0.0,120,900.0,0.0,-1
-122.0,1770.0,-10,-9.1,0.09,178,900.0,0.0,-1
196.0,1580.0,-7,-1.9,3.69,48,900.0,0.0,-1
-272.0,1219.0,-13,-7.6,21.240000000000002,62,1200.0,0.0,-1
303.0,2119.5,-2,0.7,6.21,40,900.0,0.0,1
257.0,1214.5,17,12.5,20.25,43,1200.0,0.0,1
-285.0,1223.5,-12,-9.9,3.0900000000000003,148,1200.0,0.0,0
-361.0,1796.5,-7,-7.0,0.0,46,900.0,0.0,-1
-299.0,2119.5,-11,-2.6,8.24,50,900.0,0.0,-1
-105.0,1720.5,7,7.0,0.0,111,900.0,0.0,1
186.0,1882.0,13,13.0,0.0,147,4500.0,0.0,1
293.0,2119.5,4,1.3,0.8100000000000002,35,900.0,0.0,1
95.0,1635.5,12,4.8,5.76,139,1200.0,0.0,1
-287.0,2119.5,-7,-2.1,4.69,38,900.0,0.0,-1
281.0,2119.5,3,0.0,1.8,27,900.0,0.0,1
-275.0,2119.5,-2,-2.0,0.6,34,900.0,0.0,-1
-95.0,1635.5,-8,-7.7,0.21000000000000002,98,1200.0,0.0,-1
761.0,1595.5,11,9.8,4.5600000000000005,57,900.0,0.0,1
87.0,1864.5,-10,-10.0,0.0,136,1200.0,0.0,-1
312.0,1772.0,6,3.6,2.44,43,900.0,0.0,1
-49.0,1688.5,-4,-1.3,0.8100000000000002,86,900.0,0.0,-1
151.0,1804.5,3,3.0,5.4,55,900.0,0.0,1
-79.0,1850.5,11,3.8,5.76,107,900.0,0.0,1
-34.0,1624.0,8,-0.1,7.290000000000001,87,900.0,0.0,1
65.0,1850.5,5,5.0,0.0,83,900.0,0.0,1
52.0,1624.0,1,0.8,0.16,82,900.0,0.0,-1
220.0,1811.0,1,0.6,0.24000000000000005,53,900.0,7.0,-1
-38.0,1624.0,-11,-6.3,18.61,82,900.0,0.0,-1
56.0,1624.0,-5,-1.0,2.0,52,900.0,0.0,-1
-42.0,1624.0,-1,-1.0,0.0,106,900.0,0.0,-1
-287.0,1641.5,-9,-9.0,0.0,110,600.0,12.0,-1
60.0,1624.0,-6,-1.0,8.8,72,900.0,0.0,-1
-46.0,1624.0,-12,-4.8,5.76,90,900.0,0.0,-1
64.0,1624.0,-3,-2.7,0.21000000000000002,88,900.0,0.0,-1
68.0,1757.0,0,0.0,0.0,72,900.0,0.0,0
35.0,1596.5,-23,-20.6,13.440000000000001,126,900.0,0.0,-1
-58.0,1388.0,6,6.0,0.0,86,1800.0,15.0,1
101.0,1538.5,-12,-12.0,0.0,110,600.0,12.0,-1
-15.0,1656.5,-1,-1.0,0.0,75,900.0,0.0,0
-79.0,1685.5,2,1.1,0.09,39,900.0,0.0,1
-54.0,1757.0,-9,-2.0,7.2,26,900.0,0.0,-1
65.0,1685.5,0,-0.9,1.8900000000000001,33,900.0,0.0,1
89.0,1534.5,2,-0.3,3.01,63,1200.0,0.0,1
-51.0,1685.5,-3,1.8,3.3600000000000003,58,900.0,0.0,-1
46.0,1894.0,0,-0.4,0.8400000000000001,36,1200.0,0.0,-1
37.0,1685.5,9,0.8,7.56,27,900.0,0.0,1
74.0,1757.0,-3,0.6,8.64,52,900.0,0.0,-1
-7.0,1942.5,0,0.0,0.0,122,900.0,10.0,0
-187.0,1801.5,-2,-4.7,0.8099999999999999,61,900.0,0.0,1
-114.0,1537.0,2,0.8,2.16,39,1200.0,0.0,1
7.0,1716.5,4,3.1,0.09,61,900.0,0.0,1
-103.0,1646.5,-6,-5.6,0.44000000000000006,90,900.0,0.0,-1
-54.0,1628.0,9,9.1,7.289999999999999,59,900.0,0.0,1
170.0,1806.0,6,-1.1,5.89,71,900.0,0.0,1
91.0,1646.5,11,1.4,14.24,53,900.0,0.0,1
-113.0,1646.5,3,1.8,0.36,21,900.0,0.0,1
135.0,1646.5,-10,-7.7,9.209999999999999,48,900.0,0.0,-1
151.0,1517.5,0,-0.5,0.25,38,900.0,0.0,-1
-157.0,1646.5,9,6.0,1.2,49,900.0,0.0,1
73.0,1681.5,-2,-0.7,0.41,76,900.0,0.0,-1
100.0,1536.0,-4,-3.1,1.89,55,900.0,0.0,1
687.0,2473.5,7,5.3,0.61,73,900.0,1.0,1
108.0,2042.0,3,0.0,1.2,57,900.0,0.0,1
181.0,1646.5,-12,-7.0,18.6,50,900.0,0.0,-1
64.0,1894.0,-5,-5.0,0.0,60,1200.0,0.0,-1
108.0,1616.0,8,8.3,0.8099999999999999,71,900.0,0.0,1
-46.0,1576.0,6,6.0,0.0,115,900.0,0.0,1
-638.0,1401.0,-15,-4.3,16.609999999999996,94,900.0,0.0,-1
0.0,1729.0,0,0.0,0.0,26,900.0,0.0,-1
-171.0,1575.5,1,0.1,0.29000000000000004,50,900.0,0.0,-1
-59.0,1681.5,-16,-16.0,0.0,120,900.0,0.0,-1
17.0,1728.5,-5,-1.2,3.96,46,900.0,0.0,-1
447.0,2178.5,2,-1.3,9.809999999999999,39,900.0,0.0,1
-46.0,1516.0,4,4.7,0.21000000000000002,94,900.0,0.0,-1
-355.0,2167.5,-3,-2.1,0.09,66,900.0,0.0,-1
-458.0,2613.0,17,14.0,24.8,151,900.0,0.0,1
-567.0,1772.5,-10,-6.5,7.65,46,600.0,12.0,-1
558.0,2537.0,5,2.0,8.2,65,900.0,1.0,1
91.0,1517.5,-8,-7.0,3.0,102,900.0,0.0,-1
9.0,1942.5,-6,2.9,14.49,112,900.0,15.0,-1
-39.0,1659.5,-18,-12.4,13.440000000000001,188,900.0,0.0,-1
565.0,1772.5,6,7.2,0.5599999999999999,63,600.0,12.0,1
1.0,1555.5,4,4.9,0.09,116,900.0,0.0,-1
-36.0,1712.0,-1,-1.0,0.0,58,900.0,0.0,-1
351.0,2167.5,4,3.4,2.24,85,900.0,0.0,1
-105.0,1730.5,4,-4.1,7.290000000000001,43,900.0,0.0,-1
7.0,1942.5,-1,-1.0,0.0,90,900.0,15.0,-1
-445.0,2178.5,-5,-0.6,3.8400000000000007,112,900.0,0.0,-1
48.0,1524.0,11,3.8,7.159999999999999,41,900.0,0.0,1
36.0,1481.0,-10,-8.7,7.81,34,600.0,12.0,-1
-34.0,1524.0,-13,-4.4,10.440000000000001,82,900.0,0.0,-1
37.0,1704.5,1,0.7,0.21000000000000002,123,900.0,0.0,1
52.0,1524.0,-6,-5.6,2.2399999999999998,76,900.0,0.0,-1
164.0,1592.0,7,4.0,2.4,63,900.0,0.0,1
-54.0,1524.0,4,4.0,0.0,147,900.0,0.0,0
56.0,1693.0,-8,-2.2,4.16,144,900.0,0.0,-1
20.0,1778.0,-1,-1.0,0.0,87,900.0,0.0,1
-121.0,1618.5,6,7.1,2.4899999999999998,90,900.0,0.0,1
-76.0,1693.0,-1,-1.7,0.21000000000000002,107,900.0,0.0,1
-58.0,1703.0,0,-0.1,0.09,53,900.0,0.0,1
56.0,1524.0,1,1.0,0.0,149,900.0,0.0,0
80.0,1693.0,-3,-2.9,0.89,137,900.0,0.0,0
107.0,2036.5,10,2.8,5.76,115,900.0,0.0,1
-68.0,1693.0,-9,-8.2,0.76,104,900.0,0.0,-1
54.0,1693.0,2,2.7,6.01,141,900.0,0.0,1
143.0,1785.5,3,3.0,0.0,127,900.0,0.0,1
-6.0,1705.0,-6,-4.6,6.640000000000001,84,900.0,0.0,-1
-40.0,1693.0,-8,-3.5,2.25,94,900.0,0.0,-1
182.0,1647.0,-3,-1.5,3.65,54,900.0,0.0,1
42.0,1693.0,-1,-1.0,0.0,172,900.0,0.0,0
-28.0,1693.0,-13,-6.9,18.09,108,900.0,0.0,-1
12.0,1693.0,10,6.9,15.09,173,900.0,0.0,1
123.0,1624.5,6,1.5,2.25,61,900.0,0.0,1
-30.0,1693.0,6,5.1,0.09,151,900.0,0.0,1
27.0,2086.5,7,2.4,6.639999999999999,31,900.0,0.0,1
179.0,1585.5,11,8.1,2.8899999999999997,85,900.0,0.0,1
103.0,1613.5,5,2.1,1.09,79,2700.0,0.0,1
-133.0,1785.5,-19,-16.5,6.25,154,900.0,0.0,-1
-108.0,1623.0,-3,-3.0,0.0,108,900.0,0.0,-1
-156.0,1595.0,-22,-18.0,16.0,136,900.0,0.0,-1
-27.0,1516.5,-8,-7.6,0.43999999999999995,64,900.0,0.0,-1
423.0,1917.5,6,1.5,2.25,65,900.0,0.0,1
-25.0,1942.5,2,1.5,2.25,89,900.0,15.0,1
71.0,1518.5,9,3.5,8.05,41,900.0,0.0,1
155.0,1785.5,0,-0.2,5.16,72,900.0,0.0,-1
103.0,1741.5,-15,-14.7,0.21000000000000002,96,900.0,0.0,-1
-57.0,1702.5,-5,-2.3,0.8099999999999999,50,900.0,0.0,-1
-145.0,1785.5,9,5.1,3.8899999999999997,94,900.0,0.0,-1
68.0,1609.0,7,4.2,0.96,95,900.0,0.0,1
27.0,1942.5,0,0.0,0.0,76,900.0,15.0,0
301.0,1830.5,3,2.2,2.76,43,900.0,0.0,1
43.0,1702.5,3,-1.1,4.29,55,900.0,0.0,1
-34.0,1491.0,18,9.6,8.04,73,600.0,12.0,1
-349.0,1602.5,-8,0.4,8.64,46,900.0,5.0,-1
-179.0,1787.5,0,1.2,0.9599999999999997,80,900.0,0.0,-1
93.0,1525.5,-20,-20.0,0.0,114,900.0,0.0,-1
-29.0,1702.5,-4,0.8,3.3600000000000003,56,900.0,0.0,-1
174.0,1884.0,17,14.2,7.959999999999999,89,4500.0,0.0,1
-51.0,1656.5,2,2.0,0.0,69,900.0,0.0,1
47.0,1702.5,-4,-4.0,0.0,92,900.0,0.0,-1
37.0,1656.5,10,10.0,0.0,117,900.0,0.0,1
334.0,1807.0,19,19.0,0.0,105,900.0,0.0,1
-246.0,1790.0,0,0.0,0.0,66,900.0,0.0,-1
-115.0,1525.5,5,3.2,5.5600000000000005,83,900.0,0.0,1
5.0,1484.5,7,3.4,6.840000000000001,45,1200.0,0.0,1
-65.0,1702.5,10,5.2,3.3600000000000003,51,900.0,0.0,1
-361.0,1798.5,-7,-5.6,1.44,60,900.0,0.0,-1
103.0,1525.5,-2,-1.9,1.29,61,900.0,0.0,1
-1.0,1905.5,-2,-1.4,1.64,49,900.0,0.0,1
-91.0,1525.5,-12,-2.6,12.440000000000001,58,900.0,0.0,-1
51.0,1702.5,3,1.2,2.16,21,900.0,0.0,1
172.0,1784.0,1,0.7,1.8099999999999998,26,900.0,0.0,-1
-48.0,1760.0,-2,-1.0,2.0,67,900.0,0.0,-1
237.0,1800.5,-18,-11.6,23.44,71,1200.0,0.0,-1
-37.0,1702.5,-9,-0.2,8.760000000000002,52,900.0,0.0,-1
-213.0,1557.5,10,6.9,10.690000000000001,61,900.0,0.0,1
-330.0,1738.0,-17,-14.3,17.01,120,900.0,0.0,-1
152.0,1748.0,8,-0.2,7.959999999999999,35,1200.0,5.0,1
-69.0,1615.5,-5,-4.4,3.84,66,900.0,0.0,-1
21.0,1702.5,-1,-1.1,0.09,53,900.0,0.0,1
93.0,1765.5,10,7.9,7.6899999999999995,161,900.0,0.0,1
-386.0,1675.0,-4,0.4,6.040000000000001,84,900.0,0.0,-1
-41.0,1647.5,-11,-1.9,16.689999999999998,64,900.0,0.0,-1
-5.0,1702.5,-2,-0.8,0.9599999999999997,56,900.0,0.0,-1
-23.0,1484.5,-2,-1.2,0.16,38,1200.0,0.0,1
-108.0,1641.0,0,0.1,0.09,60,900.0,0.0,-1
59.0,1647.5,0,0.0,0.0,30,900.0,0.0,-1
23.0,1702.5,-6,-5.7,0.8099999999999999,84,900.0,0.0,-1
-334.0,2512.0,-5,-2.9,1.89,170,900.0,0.0,-1
361.0,1536.5,7,6.7,6.8100000000000005,83,1200.0,10.0,1
205.0,1557.5,11,9.7,1.01,73,900.0,0.0,1
-45.0,1647.5,-5,-2.3,4.01,72,900.0,0.0,-1
382.0,1675.0,6,0.3,6.21,73,900.0,0.0,1
493.0,1576.5,19,11.7,6.410000000000001,95,1200.0,5.0,1
130.0,1641.0,-3,-2.2,0.76,58,900.0,0.0,-1
225.0,1787.5,5,1.2,2.7600000000000002,45,900.0,0.0,1
76.0,1638.0,1,0.6,0.8400000000000001,51,1200.0,0.0,1
31.0,1647.5,9,4.5,2.25,73,900.0,0.0,1
-82.0,1738.0,-7,-2.3,3.21,48,900.0,0.0,-1
225.0,1865.5,6,5.9,0.09,95,900.0,0.0,1
-351.0,1535.5,-16,-12.3,3.6100000000000003,73,1200.0,10.0,-1
-81.0,1765.5,-4,-3.8,0.15999999999999998,100,900.0,0.0,-1
97.0,1540.5,3,3.0,0.0,67,900.0,0.0,1
-299.0,1999.5,2,1.4,0.44000000000000006,153,900.0,0.0,1
58.0,1733.0,-1,-0.1,1.8900000000000001,29,900.0,0.0,1
-320.0,1738.0,0,-0.5,2.25,60,900.0,0.0,-1
-32.0,1727.0,-2,0.2,0.7600000000000001,38,900.0,0.0,-1
-17.0,1675.5,10,1.9,7.289999999999999,61,900.0,0.0,1
-49.0,1647.5,10,6.3,19.41,43,900.0,0.0,1
2.0,1720.0,8,0.4,9.84,35,900.0,0.0,1
69.0,1647.5,0,0.3,0.8100000000000002,28,900.0,0.0,-1
-36.0,1483.0,0,0.0,0.0,55,900.0,0.0,1
-289.0,2531.5,-24,-21.6,13.440000000000001,140,900.0,0.0,-1
-52.0,2017.0,-3,-3.0,0.0,137,900.0,0.0,0
-8.0,1792.0,-2,-2.0,0.0,97,900.0,0.0,1
227.0,1796.5,-3,-2.1,2.4899999999999998,50,900.0,0.0,-1
293.0,1727.5,14,3.9,21.29,175,900.0,0.0,1
69.0,1765.5,26,18.8,5.76,125,900.0,0.0,1
-200.0,1469.0,-22,-19.6,5.840000000000001,84,900.0,0.0,-1
293.0,1999.5,9,7.6,0.44000000000000006,83,900.0,0.0,1
-89.0,1619.5,-8,-7.4,1.44,46,900.0,0.0,-1
60.0,1612.0,-5,-3.0,6.0,23,900.0,0.0,1
-26.0,1602.0,-17,-6.5,26.05,56,900.0,0.0,-1
-759.0,1594.5,-11,-7.9,15.09,48,900.0,0.0,-1
-287.0,1999.5,-15,-5.6,16.84,68,900.0,0.0,-1
-15.0,1589.5,12,11.1,1.89,39,900.0,0.0,1
34.0,1589.0,-9,-9.0,0.0,114,900.0,0.0,-1
-43.0,1529.5,-1,0.6,1.44,32,900.0,0.0,-1
283.0,2531.5,11,10.7,0.8099999999999999,107,900.0,0.0,1
1.0,1722.5,12,11.2,0.76,167,900.0,0.0,1
72.0,2017.0,-3,-2.2,0.15999999999999998,86,900.0,0.0,-1
-38.0,1650.0,8,6.5,5.25,41,900.0,0.0,1
-4.0,1514.0,14,5.4,10.440000000000001,33,900.0,0.0,1
-155.0,1733.5,0,-0.3,0.8100000000000002,63,900.0,0.0,1
-21.0,1814.5,2,2.5,2.25,88,900.0,0.0,-1
281.0,1999.5,8,7.1,7.290000000000001,73,900.0,0.0,1
-116.0,1619.0,-1,-1.3,1.4100000000000001,42,900.0,0.0,-1
-58.0,2017.0,4,3.2,0.15999999999999998,92,900.0,0.0,-1
-52.0,1589.0,1,0.6,0.8400000000000001,17,900.0,0.0,1
98.0,1528.0,5,4.3,0.21000000000000002,79,1200.0,0.0,1
-289.0,1762.5,-3,-3.0,0.0,156,900.0,0.0,-1
324.0,2509.0,5,3.5,1.65,73,900.0,0.0,1
75.0,1606.5,4,3.5,4.45,67,900.0,0.0,1
-275.0,1999.5,-6,-1.3,3.21,52,900.0,0.0,-1
-63.0,1517.5,-5,-5.0,0.0,124,1200.0,0.0,-1
303.0,1999.5,-4,-3.4,1.44,74,900.0,0.0,-1
15.0,1722.5,-6,-6.0,0.0,74,900.0,0.0,-1
75.0,2014.5,1,0.1,0.09,87,2700.0,45.0,1
-275.0,2530.5,-15,-12.6,13.440000000000001,120,900.0,0.0,-1
305.0,1819.5,8,3.5,6.45,45,900.0,0.0,1
50.0,1487.0,-9,-2.0,9.6,64,900.0,0.0,-1
14.0,1824.0,-1,-0.7,0.21000000000000002,126,1200.0,5.0,-1
-299.0,1999.5,-9,-0.9,7.290000000000001,58,900.0,0.0,-1
-295.0,1829.5,-2,-1.7,0.21000000000000002,60,900.0,0.0,-1
-128.0,1459.0,8,2.4,4.4399999999999995,39,900.0,0.0,1
-40.0,1650.0,-9,-9.0,0.0,262,900.0,0.0,0
293.0,1999.5,13,10.3,0.8099999999999999,87,900.0,0.0,1
269.0,2530.5,17,14.3,17.61,129,900.0,0.0,1
-80.0,1493.0,3,3.0,0.0,55,900.0,0.0,1
220.0,1745.0,2,-1.3,3.81,47,900.0,5.0,1
-184.0,1811.0,-5,-3.5,2.25,70,900.0,0.0,-1
-386.0,1934.0,-5,-4.9,0.09,74,900.0,0.0,-1
-157.0,1782.5,0,-2.0,1.8,40,900.0,0.0,-1
323.0,1829.5,0,0.3,0.20999999999999996,58,900.0,0.0,-1
26.0,1650.0,5,3.7,2.41,61,900.0,0.0,1
-263.0,2530.5,-8,-7.2,0.36,138,900.0,0.0,-1
382.0,1934.0,8,6.0,4.6,55,900.0,0.0,1
-171.0,1585.5,-6,-0.8,3.1600000000000006,76,900.0,0.0,-1
36.0,1878.0,8,7.7,0.21000000000000002,111,900.0,0.0,1
48.0,1632.0,11,6.3,18.61,75,900.0,0.0,1
37.0,1693.5,0,-0.3,0.20999999999999996,73,900.0,0.0,1
257.0,2530.5,13,13.0,5.6,115,900.0,0.0,1
-757.0,1593.5,-8,0.3,11.81,70,900.0,0.0,-1
-17.0,1860.5,-2,-2.7,6.01,81,900.0,0.0,1
-166.0,1716.0,-3,-3.0,0.0,206,900.0,0.0,0
757.0,1593.5,18,10.8,5.76,67,900.0,0.0,1
-251.0,2530.5,-14,-13.9,0.09,112,900.0,0.0,-1
-757.0,1593.5,-2,-1.4,6.839999999999999,16,900.0,0.0,-1
-9.0,1512.5,3,3.8,2.1599999999999997,65,900.0,0.0,1
-29.0,1634.5,-5,-1.3,14.209999999999999,42,900.0,0.0,-1
-1.0,1663.5,8,3.0,3.0,99,900.0,0.0,1
154.0,1715.0,3,1.4,1.44,57,900.0,0.0,1
321.0,2501.5,5,4.5,0.25,127,900.0,0.0,0
19.0,1694.5,10,2.2,6.959999999999999,39,900.0,0.0,1
-340.0,1680.0,-2,-2.0,0.0,66,900.0,0.0,-1
-160.0,1715.0,-4,-4.0,0.0,245,900.0,0.0,0
264.0,2123.0,1,0.3,0.20999999999999996,57,900.0,0.0,1
-38.0,1694.0,8,3.5,2.25,53,900.0,0.0,1
-258.0,2123.0,-1,-1.0,0.0,44,900.0,0.0,-1
336.0,1680.0,2,1.3,0.21000000000000002,51,900.0,0.0,1
-251.0,2533.5,-23,-19.1,22.889999999999997,138,900.0,0.0,-1
252.0,2123.0,0,0.0,0.0,24,900.0,0.0,1
210.0,1191.0,24,21.6,2.6399999999999997,45,900.0,0.0,1
-45.0,1482.5,1,0.0,1.2,45,900.0,0.0,-1
4.0,1757.0,4,5.2,3.96,65,900.0,15.0,1
31.0,1482.5,-9,-3.4,8.04,103,900.0,0.0,1
245.0,2533.5,13,13.0,0.0,125,900.0,0.0,1
200.0,1773.0,0,1.0,10.2,81,900.0,0.0,0
62.0,1627.0,2,2.3,0.8099999999999999,52,900.0,0.0,-1
-43.0,1685.5,11,1.2,13.560000000000002,67,900.0,0.0,1
61.0,1685.5,-1,2.5,3.25,66,900.0,0.0,-1
-36.0,1633.0,-6,-5.2,4.96,98,900.0,0.0,-1
-169.0,1582.5,6,5.9,0.09,141,900.0,0.0,1
161.0,1905.5,1,1.0,0.0,103,900.0,0.0,1
-151.0,1905.5,-5,-4.6,0.43999999999999995,112,900.0,0.0,-1
-76.0,1711.0,-9,-9.0,0.0,168,900.0,0.0,-1
-4.0,1805.0,9,5.5,5.25,53,900.0,0.0,1
157.0,1905.5,0,0.0,0.0,117,900.0,0.0,0
-110.0,1606.0,9,8.1,2.69,129,900.0,0.0,1
11.0,1502.5,-19,-16.5,6.85,60,900.0,0.0,-1
158.0,1888.0,1,1.1,0.09,69,900.0,0.0,1
-62.0,1489.0,10,1.7,9.41,17,600.0,15.0,1
146.0,1595.0,21,15.4,13.440000000000001,141,900.0,0.0,1
-181.0,1905.5,9,6.6,13.440000000000001,139,900.0,0.0,1
-167.0,1751.5,-10,-1.9,7.289999999999999,62,900.0,0.0,-1
75.0,1696.5,-6,-1.5,2.85,44,900.0,0.0,-1
-93.0,1550.5,1,1.0,0.0,112,900.0,0.0,-1
-665.0,1702.5,-14,-11.9,1.89,68,900.0,0.0,-1
173.0,1905.5,3,3.0,0.0,101,900.0,0.0,1
82.0,1760.0,-2,-1.2,0.16,101,900.0,0.0,1
132.0,1575.0,1,1.0,0.0,43,900.0,0.0,1
-164.0,1905.0,-10,-8.5,5.25,124,900.0,0.0,-1
-118.0,1573.0,-4,-4.0,0.0,80,900.0,0.0,-1
149.0,1577.5,-4,-0.8,16.560000000000002,52,900.0,0.0,-1
315.0,1868.5,15,6.6,8.04,87,900.0,0.0,1
-70.0,1760.0,-13,-9.0,16.0,104,900.0,0.0,-1
-2.0,1826.0,-9,-4.3,11.21,140,900.0,0.0,-1
-53.0,1485.5,6,4.8,1.9600000000000002,88,900.0,0.0,1
154.0,1905.0,6,5.5,0.25,75,900.0,0.0,1
-269.0,1829.5,-3,-2.1,1.29,102,900.0,0.0,-1
-144.0,1905.0,-3,-2.5,0.25,76,900.0,0.0,-1
-14.0,1826.0,2,1.7,0.8100000000000002,77,900.0,0.0,1
-622.0,2100.0,-2,-2.6,0.24,92,900.0,0.0,-1
-129.0,1741.5,17,16.9,0.09,117,900.0,0.0,1
622.0,2100.0,3,2.9,0.09,65,900.0,0.0,1
-258.0,1885.0,-10,-1.4,10.44,58,900.0,0.0,-1
279.0,1821.5,9,1.8,5.76,101,900.0,0.0,1
-332.0,1957.0,-3,-4.6,1.8399999999999999,48,900.0,0.0,-1
-142.0,1588.0,-7,-0.6,5.040000000000001,30,900.0,0.0,-1
178.0,1884.0,4,3.3,0.21000000000000002,97,900.0,0.0,1
170.0,2072.0,-7,-6.4,0.8400000000000001,50,900.0,0.0,-1
641.0,1691.5,4,3.8,1.16,43,900.0,0.0,1
-236.0,2052.0,8,3.8,6.959999999999999,91,900.0,0.0,1
-237.0,1752.5,11,10.7,0.21000000000000002,83,900.0,0.0,1
231.0,1752.5,13,7.4,13.440000000000001,127,900.0,0.0,1
129.0,1591.5,12,11.9,0.09,117,900.0,0.0,1
-225.0,1752.5,-13,-10.2,3.3600000000000003,86,900.0,0.0,-1
217.0,1752.5,10,6.4,1.44,101,900.0,0.0,1
-243.0,1752.5,6,5.5,2.25,87,900.0,0.0,1
237.0,1752.5,9,7.9,3.69,95,900.0,0.0,1
-231.0,1752.5,-7,-7.0,0.0,146,900.0,0.0,-1
56.0,1814.0,-13,-6.8,12.959999999999999,36,900.0,0.0,-1
225.0,1752.5,10,9.3,0.21000000000000002,127,900.0,0.0,1
-217.0,1752.5,-14,-6.8,5.76,136,900.0,0.0,-1
209.0,1752.5,14,6.8,5.76,91,900.0,0.0,1
-201.0,1752.5,-9,-5.1,15.290000000000001,132,900.0,0.0,-1
193.0,1752.5,9,7.4,0.43999999999999995,89,900.0,0.0,1
-185.0,1752.5,-14,-6.7,21.41,110,900.0,0.0,-1
177.0,1752.5,9,9.0,0.0,127,900.0,0.0,1
-223.0,1783.5,-9,-1.2,7.56,26,900.0,0.0,-1
-169.0,1752.5,3,2.9,0.09,102,900.0,0.0,-1
-151.0,1591.5,-6,-6.9,0.09,75,900.0,0.0,1
171.0,1745.5,-15,-6.7,29.21,46,900.0,0.0,-1
159.0,1752.5,8,8.0,0.0,105,900.0,0.0,1
-177.0,1753.5,0,0.0,0.0,26,900.0,0.0,-1
-183.0,1752.5,8,2.4,4.039999999999999,89,900.0,0.0,1
175.0,1752.5,8,6.9,0.89,113,900.0,0.0,1
-167.0,1752.5,-4,-4.0,0.0,136,900.0,0.0,-1
157.0,1752.5,-2,-2.0,0.0,55,900.0,0.0,1
145.0,1728.5,-2,0.1,2.49,28,900.0,0.0,-1
-132.0,1727.0,-9,-8.1,2.49,50,900.0,0.0,-1
-137.0,1574.5,-2,-1.5,0.25,90,900.0,2.0,-1
-1689.0,1566.5,-16,-16.6,0.24,34,900.0,0.0,-1
161.0,1730.5,0,0.0,0.0,68,900.0,0.0,-1
-28.0,1695.0,-8,-7.2,0.36,96,900.0,0.0,-1
195.0,1891.5,-1,-0.9,0.49000000000000005,82,4500.0,0.0,-1
47.0,1827.5,-8,-6.8,0.76,38,900.0,0.0,-1
12.0,1695.0,12,8.6,1.44,71,900.0,0.0,1
-102.0,1565.0,-11,-9.7,5.8100000000000005,64,600.0,12.0,-1
90.0,1565.0,7,6.2,2.76,55,600.0,12.0,1
-178.0,1758.0,-3,-1.6,0.8400000000000001,90,900.0,0.0,-1
161.0,1591.5,11,7.1,15.290000000000001,119,900.0,2.0,1
-110.0,1565.0,5,7.3,6.01,40,600.0,12.0,1
-152.0,1591.0,-5,-5.0,0.0,74,600.0,12.0,-1
-164.0,1589.0,0,-21.6,149.04000000000002,159,900.0,2.0,0
186.0,1750.0,-12,-1.8,12.959999999999999,28,1200.0,5.0,-1
146.0,1593.0,4,3.8,2.7600000000000002,53,600.0,12.0,1
-79.0,1797.5,1,-2.0,6.0,42,1200.0,5.0,-1
942.0,1978.0,21,21.0,0.0,91,900.0,2.0,1
65.0,1797.5,4,2.5,1.45,49,1200.0,5.0,1
4.0,1695.0,-12,-4.8,5.76,72,900.0,0.0,-1
-20.0,1695.0,9,8.3,0.21000000000000002,107,900.0,0.0,1
19.0,1766.5,-1,-1.0,0.0,104,900.0,0.0,-1
402.0,1644.0,-13,-5.7,6.01,112,1200.0,5.0,-1
207.0,1715.5,5,4.2,1.16,119,3600.0,30.0,1
